Querying MP for spacegroup 221 (perovskite) materials...
Found 3274 materials
3231 have task IDs in map
Downloading CHGCARs...
  1/3231: mp-1184545
  2/3231: mp-1625
  3/3231: mp-998903
unable to access bucket: 'materialsproject-parsed' key: 'chgcars/mp-1430465.json.gz' version: None error: An error occurred (NoSuchKey) when calling the GetObject operation: The specified key does not exist.
  4/3231: mp-546973
  5/3231: mp-998414
unable to access bucket: 'materialsproject-parsed' key: 'chgcars/mp-1423159.json.gz' version: None error: An error occurred (NoSuchKey) when calling the GetObject operation: The specified key does not exist.
  6/3231: mp-1206121
  7/3231: mp-1206127
unable to access bucket: 'materialsproject-parsed' key: 'chgcars/mp-1421881.json.gz' version: None error: An error occurred (NoSuchKey) when calling the GetObject operation: The specified key does not exist.
  8/3231: mp-971704
  9/3231: mp-21845
  10/3231: mp-1540
  11/3231: mp-867199
unable to access bucket: 'materialsproject-parsed' key: 'chgcars/mp-1445810.json.gz' version: None error: An error occurred (NoSuchKey) when calling the GetObject operation: The specified key does not exist.
  12/3231: mp-1017632
unable to access bucket: 'materialsproject-parsed' key: 'chgcars/mp-1411255.json.gz' version: None error: An error occurred (NoSuchKey) when calling the GetObject operation: The specified key does not exist.
  13/3231: mp-1548
  14/3231: mp-1183999
unable to access bucket: 'materialsproject-parsed' key: 'chgcars/mp-1394533.json.gz' version: None error: An error occurred (NoSuchKey) when calling the GetObject operation: The specified key does not exist.
  15/3231: mp-973060
  16/3231: mp-1187314
unable to access bucket: 'materialsproject-parsed' key: 'chgcars/mp-1390549.json.gz' version: None error: An error occurred (NoSuchKey) when calling the GetObject operation: The specified key does not exist.
  17/3231: mp-973892
  18/3231: mp-580234
unable to access bucket: 'materialsproject-parsed' key: 'chgcars/mp-1438105.json.gz' version: None error: An error occurred (NoSuchKey) when calling the GetObject operation: The specified key does not exist.
  19/3231: mp-558843
  20/3231: mp-12065
  21/3231: mp-1002210
unable to access bucket: 'materialsproject-parsed' key: 'chgcars/mp-1435953.json.gz' version: None error: An error occurred (NoSuchKey) when calling the GetObject operation: The specified key does not exist.
  22/3231: mp-12086
  23/3231: mp-1076732
  24/3231: mp-2222
  25/3231: mp-1183695
  26/3231: mp-12725
unable to access bucket: 'materialsproject-parsed' key: 'chgcars/mp-1438196.json.gz' version: None error: An error occurred (NoSuchKey) when calling the GetObject operation: The specified key does not exist.
  27/3231: mp-627439
unable to access bucket: 'materialsproject-parsed' key: 'chgcars/mp-1475962.json.gz' version: None error: An error occurred (NoSuchKey) when calling the GetObject operation: The specified key does not exist.
  28/3231: mp-1183905
unable to access bucket: 'materialsproject-parsed' key: 'chgcars/mp-1445184.json.gz' version: None error: An error occurred (NoSuchKey) when calling the GetObject operation: The specified key does not exist.
  29/3231: mp-20971
  30/3231: mp-1001844
  31/3231: mp-1186534
  32/3231: mp-8338
  33/3231: mp-866820
unable to access bucket: 'materialsproject-parsed' key: 'chgcars/mp-1401692.json.gz' version: None error: An error occurred (NoSuchKey) when calling the GetObject operation: The specified key does not exist.
  34/3231: mp-975288
  35/3231: mp-998981
  36/3231: mp-1186199
  37/3231: mp-975373
  38/3231: mp-19800
  39/3231: mp-1016821
  40/3231: mp-1096856
  41/3231: mp-4170
  42/3231: mp-1016854
  43/3231: mp-1187909
unable to access bucket: 'materialsproject-parsed' key: 'chgcars/mp-1416628.json.gz' version: None error: An error occurred (NoSuchKey) when calling the GetObject operation: The specified key does not exist.
  44/3231: mp-22496
  45/3231: mp-1184610
  46/3231: mp-570860
unable to access bucket: 'materialsproject-parsed' key: 'chgcars/mp-1441753.json.gz' version: None error: An error occurred (NoSuchKey) when calling the GetObject operation: The specified key does not exist.
  47/3231: mp-975596
unable to access bucket: 'materialsproject-parsed' key: 'chgcars/mp-1389920.json.gz' version: None error: An error occurred (NoSuchKey) when calling the GetObject operation: The specified key does not exist.
  48/3231: mp-1214436
  49/3231: mp-3710
  50/3231: mp-1187224
unable to access bucket: 'materialsproject-parsed' key: 'chgcars/mp-1385854.json.gz' version: None error: An error occurred (NoSuchKey) when calling the GetObject operation: The specified key does not exist.
  51/3231: mp-867195
unable to access bucket: 'materialsproject-parsed' key: 'chgcars/mp-1504712.json.gz' version: None error: An error occurred (NoSuchKey) when calling the GetObject operation: The specified key does not exist.
  52/3231: mp-1187366
  53/3231: mp-971694
  54/3231: mp-1185991
  55/3231: mp-1017467
  56/3231: mp-1017577
  57/3231: mp-580287
unable to access bucket: 'materialsproject-parsed' key: 'chgcars/mp-1438200.json.gz' version: None error: An error occurred (NoSuchKey) when calling the GetObject operation: The specified key does not exist.
  58/3231: mp-984554
  59/3231: mp-1183974
  60/3231: mp-10646
  61/3231: mp-1184871
unable to access bucket: 'materialsproject-parsed' key: 'chgcars/mp-1398538.json.gz' version: None error: An error occurred (NoSuchKey) when calling the GetObject operation: The specified key does not exist.
  62/3231: mp-19919
  63/3231: mp-977058
unable to access bucket: 'materialsproject-parsed' key: 'chgcars/mp-1417090.json.gz' version: None error: An error occurred (NoSuchKey) when calling the GetObject operation: The specified key does not exist.
  64/3231: mp-1184230
  65/3231: mp-1094786
unable to access bucket: 'materialsproject-parsed' key: 'chgcars/mp-1401344.json.gz' version: None error: An error occurred (NoSuchKey) when calling the GetObject operation: The specified key does not exist.
  66/3231: mp-975051
unable to access bucket: 'materialsproject-parsed' key: 'chgcars/mp-1390221.json.gz' version: None error: An error occurred (NoSuchKey) when calling the GetObject operation: The specified key does not exist.
  67/3231: mp-1018639
unable to access bucket: 'materialsproject-parsed' key: 'chgcars/mp-1414861.json.gz' version: None error: An error occurred (NoSuchKey) when calling the GetObject operation: The specified key does not exist.
  68/3231: mp-2205
  69/3231: mp-1001571
  70/3231: mp-1100775
unable to access bucket: 'materialsproject-parsed' key: 'chgcars/mp-1387860.json.gz' version: None error: An error occurred (NoSuchKey) when calling the GetObject operation: The specified key does not exist.
  71/3231: mp-979423
unable to access bucket: 'materialsproject-parsed' key: 'chgcars/mp-1420936.json.gz' version: None error: An error occurred (NoSuchKey) when calling the GetObject operation: The specified key does not exist.
  72/3231: mp-1187137
unable to access bucket: 'materialsproject-parsed' key: 'chgcars/mp-1446051.json.gz' version: None error: An error occurred (NoSuchKey) when calling the GetObject operation: The specified key does not exist.
  73/3231: mp-981367
unable to access bucket: 'materialsproject-parsed' key: 'chgcars/mp-1398152.json.gz' version: None error: An error occurred (NoSuchKey) when calling the GetObject operation: The specified key does not exist.
  74/3231: mp-20180
  75/3231: mp-11488
unable to access bucket: 'materialsproject-parsed' key: 'chgcars/mp-1439834.json.gz' version: None error: An error occurred (NoSuchKey) when calling the GetObject operation: The specified key does not exist.
  76/3231: mp-11487
unable to access bucket: 'materialsproject-parsed' key: 'chgcars/mp-1441446.json.gz' version: None error: An error occurred (NoSuchKey) when calling the GetObject operation: The specified key does not exist.
  77/3231: mp-1185561
  78/3231: mp-11256
unable to access bucket: 'materialsproject-parsed' key: 'chgcars/mp-1439171.json.gz' version: None error: An error occurred (NoSuchKey) when calling the GetObject operation: The specified key does not exist.
  79/3231: mp-170
  80/3231: mp-30373
  81/3231: mp-556891
  82/3231: mp-1069166
  83/3231: mp-1207074
unable to access bucket: 'materialsproject-parsed' key: 'chgcars/mp-1404058.json.gz' version: None error: An error occurred (NoSuchKey) when calling the GetObject operation: The specified key does not exist.
  84/3231: mp-190
unable to access bucket: 'materialsproject-parsed' key: 'chgcars/mp-1413084.json.gz' version: None error: An error occurred (NoSuchKey) when calling the GetObject operation: The specified key does not exist.
  85/3231: mp-2773
  86/3231: mp-1102539
  87/3231: mp-1183983
  88/3231: mp-1184481
unable to access bucket: 'materialsproject-parsed' key: 'chgcars/mp-1772884.json.gz' version: None error: An error occurred (NoSuchKey) when calling the GetObject operation: The specified key does not exist.
  89/3231: mp-1186917
unable to access bucket: 'materialsproject-parsed' key: 'chgcars/mp-1393758.json.gz' version: None error: An error occurred (NoSuchKey) when calling the GetObject operation: The specified key does not exist.
  90/3231: mp-1185989
  91/3231: mp-1187192
unable to access bucket: 'materialsproject-parsed' key: 'chgcars/mp-1383251.json.gz' version: None error: An error occurred (NoSuchKey) when calling the GetObject operation: The specified key does not exist.
  92/3231: mp-2459
unable to access bucket: 'materialsproject-parsed' key: 'chgcars/mp-1440160.json.gz' version: None error: An error occurred (NoSuchKey) when calling the GetObject operation: The specified key does not exist.
  93/3231: mp-866022
unable to access bucket: 'materialsproject-parsed' key: 'chgcars/mp-1432775.json.gz' version: None error: An error occurred (NoSuchKey) when calling the GetObject operation: The specified key does not exist.
  94/3231: mp-1955
unable to access bucket: 'materialsproject-parsed' key: 'chgcars/mp-1442328.json.gz' version: None error: An error occurred (NoSuchKey) when calling the GetObject operation: The specified key does not exist.
  95/3231: mp-1186601
  96/3231: mp-1183393
  97/3231: mp-14099
  98/3231: mp-1076485
  99/3231: mp-1020638
unable to access bucket: 'materialsproject-parsed' key: 'chgcars/mp-1386190.json.gz' version: None error: An error occurred (NoSuchKey) when calling the GetObject operation: The specified key does not exist.
  100/3231: mp-1183736
  101/3231: mp-1002224
  102/3231: mp-1184206
unable to access bucket: 'materialsproject-parsed' key: 'chgcars/mp-1435744.json.gz' version: None error: An error occurred (NoSuchKey) when calling the GetObject operation: The specified key does not exist.
  103/3231: mp-1186734
unable to access bucket: 'materialsproject-parsed' key: 'chgcars/mp-1386011.json.gz' version: None error: An error occurred (NoSuchKey) when calling the GetObject operation: The specified key does not exist.
  104/3231: mp-1110999
  105/3231: mp-11255
unable to access bucket: 'materialsproject-parsed' key: 'chgcars/mp-1439464.json.gz' version: None error: An error occurred (NoSuchKey) when calling the GetObject operation: The specified key does not exist.
  106/3231: mp-1184207
  107/3231: mp-1172
  108/3231: mp-23159
  109/3231: mp-1184761
unable to access bucket: 'materialsproject-parsed' key: 'chgcars/mp-1422574.json.gz' version: None error: An error occurred (NoSuchKey) when calling the GetObject operation: The specified key does not exist.
  110/3231: mp-1187425
unable to access bucket: 'materialsproject-parsed' key: 'chgcars/mp-1436180.json.gz' version: None error: An error occurred (NoSuchKey) when calling the GetObject operation: The specified key does not exist.
  111/3231: mp-8396
  112/3231: mp-1184878
unable to access bucket: 'materialsproject-parsed' key: 'chgcars/mp-1411578.json.gz' version: None error: An error occurred (NoSuchKey) when calling the GetObject operation: The specified key does not exist.
  113/3231: mp-19818
unable to access bucket: 'materialsproject-parsed' key: 'chgcars/mp-1416075.json.gz' version: None error: An error occurred (NoSuchKey) when calling the GetObject operation: The specified key does not exist.
  114/3231: mp-1183426
  115/3231: mp-1096825
  116/3231: mp-2258
  117/3231: mp-1186489
  118/3231: mp-971975
  119/3231: mp-10908
  120/3231: mp-1187487
  121/3231: mp-649
  122/3231: mp-1185044
  123/3231: mp-29241
  124/3231: mp-1019052
  125/3231: mp-1183967
unable to access bucket: 'materialsproject-parsed' key: 'chgcars/mp-1424148.json.gz' version: None error: An error occurred (NoSuchKey) when calling the GetObject operation: The specified key does not exist.
  126/3231: mp-1187714
unable to access bucket: 'materialsproject-parsed' key: 'chgcars/mp-1389823.json.gz' version: None error: An error occurred (NoSuchKey) when calling the GetObject operation: The specified key does not exist.
  127/3231: mp-1178510
unable to access bucket: 'materialsproject-parsed' key: 'chgcars/mp-1504129.json.gz' version: None error: An error occurred (NoSuchKey) when calling the GetObject operation: The specified key does not exist.
  128/3231: mp-1017627
  129/3231: mp-11370
  130/3231: mp-1017439
unable to access bucket: 'materialsproject-parsed' key: 'chgcars/mp-1438329.json.gz' version: None error: An error occurred (NoSuchKey) when calling the GetObject operation: The specified key does not exist.
  131/3231: mp-1183975
  132/3231: mp-1185404
  133/3231: mp-1186110
unable to access bucket: 'materialsproject-parsed' key: 'chgcars/mp-1429177.json.gz' version: None error: An error occurred (NoSuchKey) when calling the GetObject operation: The specified key does not exist.
  134/3231: mp-20031
  135/3231: mp-1187147
unable to access bucket: 'materialsproject-parsed' key: 'chgcars/mp-1418876.json.gz' version: None error: An error occurred (NoSuchKey) when calling the GetObject operation: The specified key does not exist.
  136/3231: mp-1059242
  137/3231: mp-979963
unable to access bucket: 'materialsproject-parsed' key: 'chgcars/mp-1401555.json.gz' version: None error: An error occurred (NoSuchKey) when calling the GetObject operation: The specified key does not exist.
  138/3231: mp-1214459
  139/3231: mp-976775
  140/3231: mp-978034
  141/3231: mp-1017446
  142/3231: mp-1183920
unable to access bucket: 'materialsproject-parsed' key: 'chgcars/mp-1431134.json.gz' version: None error: An error occurred (NoSuchKey) when calling the GetObject operation: The specified key does not exist.
  143/3231: mp-601842
unable to access bucket: 'materialsproject-parsed' key: 'chgcars/mp-1407304.json.gz' version: None error: An error occurred (NoSuchKey) when calling the GetObject operation: The specified key does not exist.
  144/3231: mp-1152
unable to access bucket: 'materialsproject-parsed' key: 'chgcars/mp-1440294.json.gz' version: None error: An error occurred (NoSuchKey) when calling the GetObject operation: The specified key does not exist.
  145/3231: mp-1933
  146/3231: mp-10632
  147/3231: mp-1183562
  148/3231: mp-10602
  149/3231: mp-781625
  150/3231: mp-1187052
  151/3231: mp-973613
unable to access bucket: 'materialsproject-parsed' key: 'chgcars/mp-1437081.json.gz' version: None error: An error occurred (NoSuchKey) when calling the GetObject operation: The specified key does not exist.
  152/3231: mp-1426094
unable to access bucket: 'materialsproject-parsed' key: 'chgcars/mp-1426094.json.gz' version: None error: An error occurred (NoSuchKey) when calling the GetObject operation: The specified key does not exist.
  153/3231: mp-573180
unable to access bucket: 'materialsproject-parsed' key: 'chgcars/mp-1438126.json.gz' version: None error: An error occurred (NoSuchKey) when calling the GetObject operation: The specified key does not exist.
  154/3231: mp-1016932
unable to access bucket: 'materialsproject-parsed' key: 'chgcars/mp-1430103.json.gz' version: None error: An error occurred (NoSuchKey) when calling the GetObject operation: The specified key does not exist.
  155/3231: mp-1009018
  156/3231: mp-1038879
  157/3231: mp-972296
unable to access bucket: 'materialsproject-parsed' key: 'chgcars/mp-1504485.json.gz' version: None error: An error occurred (NoSuchKey) when calling the GetObject operation: The specified key does not exist.
  158/3231: mp-1979
  159/3231: mp-973471
unable to access bucket: 'materialsproject-parsed' key: 'chgcars/mp-1426248.json.gz' version: None error: An error occurred (NoSuchKey) when calling the GetObject operation: The specified key does not exist.
  160/3231: mp-984553
unable to access bucket: 'materialsproject-parsed' key: 'chgcars/mp-1434039.json.gz' version: None error: An error occurred (NoSuchKey) when calling the GetObject operation: The specified key does not exist.
  161/3231: mp-1016840
unable to access bucket: 'materialsproject-parsed' key: 'chgcars/mp-1424851.json.gz' version: None error: An error occurred (NoSuchKey) when calling the GetObject operation: The specified key does not exist.
  162/3231: mp-1203399
  163/3231: mp-19920
  164/3231: mp-1186077
  165/3231: mp-20909
  166/3231: mp-1195670
  167/3231: mp-12110
  168/3231: mp-1211
unable to access bucket: 'materialsproject-parsed' key: 'chgcars/mp-1439120.json.gz' version: None error: An error occurred (NoSuchKey) when calling the GetObject operation: The specified key does not exist.
  169/3231: mp-1184552
  170/3231: mp-971996
unable to access bucket: 'materialsproject-parsed' key: 'chgcars/mp-1414842.json.gz' version: None error: An error occurred (NoSuchKey) when calling the GetObject operation: The specified key does not exist.
  171/3231: mp-976358
unable to access bucket: 'materialsproject-parsed' key: 'chgcars/mp-1385272.json.gz' version: None error: An error occurred (NoSuchKey) when calling the GetObject operation: The specified key does not exist.
  172/3231: mp-1183737
  173/3231: mp-1186727
unable to access bucket: 'materialsproject-parsed' key: 'chgcars/mp-1409496.json.gz' version: None error: An error occurred (NoSuchKey) when calling the GetObject operation: The specified key does not exist.
  174/3231: mp-754678
unable to access bucket: 'materialsproject-parsed' key: 'chgcars/mp-1399174.json.gz' version: None error: An error occurred (NoSuchKey) when calling the GetObject operation: The specified key does not exist.
  175/3231: mp-1061395
unable to access bucket: 'materialsproject-parsed' key: 'chgcars/mp-1421420.json.gz' version: None error: An error occurred (NoSuchKey) when calling the GetObject operation: The specified key does not exist.
  176/3231: mp-1186705
unable to access bucket: 'materialsproject-parsed' key: 'chgcars/mp-1444779.json.gz' version: None error: An error occurred (NoSuchKey) when calling the GetObject operation: The specified key does not exist.
  177/3231: mp-976589
  178/3231: mp-1147638
unable to access bucket: 'materialsproject-parsed' key: 'chgcars/mp-1407881.json.gz' version: None error: An error occurred (NoSuchKey) when calling the GetObject operation: The specified key does not exist.
  179/3231: mp-10627
  180/3231: mp-21214
unable to access bucket: 'materialsproject-parsed' key: 'chgcars/mp-1439622.json.gz' version: None error: An error occurred (NoSuchKey) when calling the GetObject operation: The specified key does not exist.
  181/3231: mp-1185005
unable to access bucket: 'materialsproject-parsed' key: 'chgcars/mp-1412257.json.gz' version: None error: An error occurred (NoSuchKey) when calling the GetObject operation: The specified key does not exist.
  182/3231: mp-1075902
  183/3231: mp-23026
  184/3231: mp-637179
  185/3231: mp-1187508
unable to access bucket: 'materialsproject-parsed' key: 'chgcars/mp-1436755.json.gz' version: None error: An error occurred (NoSuchKey) when calling the GetObject operation: The specified key does not exist.
  186/3231: mp-1009826
  187/3231: mp-1013540
unable to access bucket: 'materialsproject-parsed' key: 'chgcars/mp-1388329.json.gz' version: None error: An error occurred (NoSuchKey) when calling the GetObject operation: The specified key does not exist.
  188/3231: mp-1186980
  189/3231: mp-1187037
  190/3231: mp-1996
unable to access bucket: 'materialsproject-parsed' key: 'chgcars/mp-1438596.json.gz' version: None error: An error occurred (NoSuchKey) when calling the GetObject operation: The specified key does not exist.
  191/3231: mp-979956
  192/3231: mp-1185015
  193/3231: mp-1186381
  194/3231: mp-1339
  195/3231: mp-1099934
  196/3231: mp-866286
  197/3231: mp-1780
  198/3231: mp-2747
  199/3231: mp-3428
unable to access bucket: 'materialsproject-parsed' key: 'chgcars/mp-1300792.json.gz' version: None error: An error occurred (NoSuchKey) when calling the GetObject operation: The specified key does not exist.
  200/3231: mp-1183778
  201/3231: mp-1187494
  202/3231: mp-1184751
unable to access bucket: 'materialsproject-parsed' key: 'chgcars/mp-1424718.json.gz' version: None error: An error occurred (NoSuchKey) when calling the GetObject operation: The specified key does not exist.
  203/3231: mp-1183925
unable to access bucket: 'materialsproject-parsed' key: 'chgcars/mp-1410028.json.gz' version: None error: An error occurred (NoSuchKey) when calling the GetObject operation: The specified key does not exist.
  204/3231: mp-556853
  205/3231: mp-510611
  206/3231: mp-12586
unable to access bucket: 'materialsproject-parsed' key: 'chgcars/mp-1439535.json.gz' version: None error: An error occurred (NoSuchKey) when calling the GetObject operation: The specified key does not exist.
  207/3231: mp-976147
unable to access bucket: 'materialsproject-parsed' key: 'chgcars/mp-1407849.json.gz' version: None error: An error occurred (NoSuchKey) when calling the GetObject operation: The specified key does not exist.
  208/3231: mp-1186097
  209/3231: mp-984729
unable to access bucket: 'materialsproject-parsed' key: 'chgcars/mp-1388603.json.gz' version: None error: An error occurred (NoSuchKey) when calling the GetObject operation: The specified key does not exist.
  210/3231: mp-954
  211/3231: mp-574239
  212/3231: mp-1008650
unable to access bucket: 'materialsproject-parsed' key: 'chgcars/mp-1437533.json.gz' version: None error: An error occurred (NoSuchKey) when calling the GetObject operation: The specified key does not exist.
  213/3231: mp-1184153
  214/3231: mp-37214
  215/3231: mp-1018635
unable to access bucket: 'materialsproject-parsed' key: 'chgcars/mp-1423328.json.gz' version: None error: An error occurred (NoSuchKey) when calling the GetObject operation: The specified key does not exist.
  216/3231: mp-9831
  217/3231: mp-974951
  218/3231: mp-570223
  219/3231: mp-510376
  220/3231: mp-1001917
  221/3231: mp-975606
unable to access bucket: 'materialsproject-parsed' key: 'chgcars/mp-1413458.json.gz' version: None error: An error occurred (NoSuchKey) when calling the GetObject operation: The specified key does not exist.
  222/3231: mp-1186278
  223/3231: mp-1180
  224/3231: mp-1016930
unable to access bucket: 'materialsproject-parsed' key: 'chgcars/mp-1435226.json.gz' version: None error: An error occurred (NoSuchKey) when calling the GetObject operation: The specified key does not exist.
  225/3231: mp-6938
  226/3231: mp-1187779
  227/3231: mp-1418444
unable to access bucket: 'materialsproject-parsed' key: 'chgcars/mp-1418444.json.gz' version: None error: An error occurred (NoSuchKey) when calling the GetObject operation: The specified key does not exist.
  228/3231: mp-1013586
  229/3231: mp-1100774
  230/3231: mp-11561
  231/3231: mp-770
unable to access bucket: 'materialsproject-parsed' key: 'chgcars/mp-1440171.json.gz' version: None error: An error occurred (NoSuchKey) when calling the GetObject operation: The specified key does not exist.
  232/3231: mp-981250
unable to access bucket: 'materialsproject-parsed' key: 'chgcars/mp-1504380.json.gz' version: None error: An error occurred (NoSuchKey) when calling the GetObject operation: The specified key does not exist.
  233/3231: mp-1184417
unable to access bucket: 'materialsproject-parsed' key: 'chgcars/mp-1393202.json.gz' version: None error: An error occurred (NoSuchKey) when calling the GetObject operation: The specified key does not exist.
  234/3231: mp-1184400
  235/3231: mp-20366
  236/3231: mp-1187624
  237/3231: mp-2226
  238/3231: mp-1186262
unable to access bucket: 'materialsproject-parsed' key: 'chgcars/mp-1408783.json.gz' version: None error: An error occurred (NoSuchKey) when calling the GetObject operation: The specified key does not exist.
  239/3231: mp-1186967
unable to access bucket: 'materialsproject-parsed' key: 'chgcars/mp-1504126.json.gz' version: None error: An error occurred (NoSuchKey) when calling the GetObject operation: The specified key does not exist.
  240/3231: mp-22320
  241/3231: mp-1009731
unable to access bucket: 'materialsproject-parsed' key: 'chgcars/mp-1415582.json.gz' version: None error: An error occurred (NoSuchKey) when calling the GetObject operation: The specified key does not exist.
  242/3231: mp-1206423
unable to access bucket: 'materialsproject-parsed' key: 'chgcars/mp-1435404.json.gz' version: None error: An error occurred (NoSuchKey) when calling the GetObject operation: The specified key does not exist.
  243/3231: mp-515
unable to access bucket: 'materialsproject-parsed' key: 'chgcars/mp-1439922.json.gz' version: None error: An error occurred (NoSuchKey) when calling the GetObject operation: The specified key does not exist.
  244/3231: mp-999543
unable to access bucket: 'materialsproject-parsed' key: 'chgcars/mp-1659085.json.gz' version: None error: An error occurred (NoSuchKey) when calling the GetObject operation: The specified key does not exist.
  245/3231: mp-10608
unable to access bucket: 'materialsproject-parsed' key: 'chgcars/mp-1418301.json.gz' version: None error: An error occurred (NoSuchKey) when calling the GetObject operation: The specified key does not exist.
  246/3231: mp-2819
unable to access bucket: 'materialsproject-parsed' key: 'chgcars/mp-1439290.json.gz' version: None error: An error occurred (NoSuchKey) when calling the GetObject operation: The specified key does not exist.
  247/3231: mp-1183540
  248/3231: mp-11495
unable to access bucket: 'materialsproject-parsed' key: 'chgcars/mp-1438999.json.gz' version: None error: An error occurred (NoSuchKey) when calling the GetObject operation: The specified key does not exist.
  249/3231: mp-10706
  250/3231: mp-1183413
unable to access bucket: 'materialsproject-parsed' key: 'chgcars/mp-1415391.json.gz' version: None error: An error occurred (NoSuchKey) when calling the GetObject operation: The specified key does not exist.
  251/3231: mp-1060962
  252/3231: mp-1053
  253/3231: mp-1013705
  254/3231: mp-20695
  255/3231: mp-1187024
unable to access bucket: 'materialsproject-parsed' key: 'chgcars/mp-1443177.json.gz' version: None error: An error occurred (NoSuchKey) when calling the GetObject operation: The specified key does not exist.
  256/3231: mp-982665
  257/3231: mp-22263
  258/3231: mp-978271
  259/3231: mp-978498
unable to access bucket: 'materialsproject-parsed' key: 'chgcars/mp-1414638.json.gz' version: None error: An error occurred (NoSuchKey) when calling the GetObject operation: The specified key does not exist.
  260/3231: mp-1183918
  261/3231: mp-978303
  262/3231: mp-23197
  263/3231: mp-16297
  264/3231: mp-30496
  265/3231: mp-7482
unable to access bucket: 'materialsproject-parsed' key: 'chgcars/mp-1430971.json.gz' version: None error: An error occurred (NoSuchKey) when calling the GetObject operation: The specified key does not exist.
  266/3231: mp-1207184
unable to access bucket: 'materialsproject-parsed' key: 'chgcars/mp-1425016.json.gz' version: None error: An error occurred (NoSuchKey) when calling the GetObject operation: The specified key does not exist.
  267/3231: mp-27214
  268/3231: mp-1099685
  269/3231: mp-1184826
  270/3231: mp-10351
  271/3231: mp-20874
  272/3231: mp-1327
  273/3231: mp-1187034
  274/3231: mp-621131
  275/3231: mp-22851
  276/3231: mp-1187530
unable to access bucket: 'materialsproject-parsed' key: 'chgcars/mp-1434650.json.gz' version: None error: An error occurred (NoSuchKey) when calling the GetObject operation: The specified key does not exist.
  277/3231: mp-21483
  278/3231: mp-2449
unable to access bucket: 'materialsproject-parsed' key: 'chgcars/mp-1437911.json.gz' version: None error: An error occurred (NoSuchKey) when calling the GetObject operation: The specified key does not exist.
  279/3231: mp-1009008
unable to access bucket: 'materialsproject-parsed' key: 'chgcars/mp-1425375.json.gz' version: None error: An error occurred (NoSuchKey) when calling the GetObject operation: The specified key does not exist.
  280/3231: mp-22087
  281/3231: mp-1017544
unable to access bucket: 'materialsproject-parsed' key: 'chgcars/mp-1423833.json.gz' version: None error: An error occurred (NoSuchKey) when calling the GetObject operation: The specified key does not exist.
  282/3231: mp-1020020
  283/3231: mp-1094792
unable to access bucket: 'materialsproject-parsed' key: 'chgcars/mp-1504682.json.gz' version: None error: An error occurred (NoSuchKey) when calling the GetObject operation: The specified key does not exist.
  284/3231: mp-1183397
  285/3231: mp-22350
unable to access bucket: 'materialsproject-parsed' key: 'chgcars/mp-1393331.json.gz' version: None error: An error occurred (NoSuchKey) when calling the GetObject operation: The specified key does not exist.
  286/3231: mp-865802
  287/3231: mp-973830
unable to access bucket: 'materialsproject-parsed' key: 'chgcars/mp-1437114.json.gz' version: None error: An error occurred (NoSuchKey) when calling the GetObject operation: The specified key does not exist.
  288/3231: mp-998160
  289/3231: mp-3769
  290/3231: mp-1147731
  291/3231: mp-20336
  292/3231: mp-1020032
unable to access bucket: 'materialsproject-parsed' key: 'chgcars/mp-1406750.json.gz' version: None error: An error occurred (NoSuchKey) when calling the GetObject operation: The specified key does not exist.
  293/3231: mp-1183160
unable to access bucket: 'materialsproject-parsed' key: 'chgcars/mp-1431699.json.gz' version: None error: An error occurred (NoSuchKey) when calling the GetObject operation: The specified key does not exist.
  294/3231: mp-1184157
unable to access bucket: 'materialsproject-parsed' key: 'chgcars/mp-1416117.json.gz' version: None error: An error occurred (NoSuchKey) when calling the GetObject operation: The specified key does not exist.
  295/3231: mp-1184975
  296/3231: mp-1007819
unable to access bucket: 'materialsproject-parsed' key: 'chgcars/mp-1413992.json.gz' version: None error: An error occurred (NoSuchKey) when calling the GetObject operation: The specified key does not exist.
  297/3231: mp-195
unable to access bucket: 'materialsproject-parsed' key: 'chgcars/mp-1439887.json.gz' version: None error: An error occurred (NoSuchKey) when calling the GetObject operation: The specified key does not exist.
  298/3231: mp-1183632
  299/3231: mp-984051
  300/3231: mp-1013533
unable to access bucket: 'materialsproject-parsed' key: 'chgcars/mp-1391194.json.gz' version: None error: An error occurred (NoSuchKey) when calling the GetObject operation: The specified key does not exist.
  301/3231: mp-1016902
  302/3231: mp-1185614
unable to access bucket: 'materialsproject-parsed' key: 'chgcars/mp-1401176.json.gz' version: None error: An error occurred (NoSuchKey) when calling the GetObject operation: The specified key does not exist.
  303/3231: mp-11318
  304/3231: mp-1018644
unable to access bucket: 'materialsproject-parsed' key: 'chgcars/mp-1416051.json.gz' version: None error: An error occurred (NoSuchKey) when calling the GetObject operation: The specified key does not exist.
  305/3231: mp-1504314
  306/3231: mp-1186400
  307/3231: mp-862832
unable to access bucket: 'materialsproject-parsed' key: 'chgcars/mp-1434905.json.gz' version: None error: An error occurred (NoSuchKey) when calling the GetObject operation: The specified key does not exist.
  308/3231: mp-1013583
  309/3231: mp-1184785
  310/3231: mp-1186341
unable to access bucket: 'materialsproject-parsed' key: 'chgcars/mp-1436641.json.gz' version: None error: An error occurred (NoSuchKey) when calling the GetObject operation: The specified key does not exist.
  311/3231: mp-1206514
  312/3231: mp-1210575
  313/3231: mp-7166
  314/3231: mp-19390
  315/3231: mp-998358
unable to access bucket: 'materialsproject-parsed' key: 'chgcars/mp-1436645.json.gz' version: None error: An error occurred (NoSuchKey) when calling the GetObject operation: The specified key does not exist.
  316/3231: mp-1076131
  317/3231: mp-1094779
  318/3231: mp-510381
unable to access bucket: 'materialsproject-parsed' key: 'chgcars/mp-1441738.json.gz' version: None error: An error occurred (NoSuchKey) when calling the GetObject operation: The specified key does not exist.
  319/3231: mp-1057486
  320/3231: mp-1018734
  321/3231: mp-1018042
  322/3231: mp-1187377
  323/3231: mp-975386
unable to access bucket: 'materialsproject-parsed' key: 'chgcars/mp-1409052.json.gz' version: None error: An error occurred (NoSuchKey) when calling the GetObject operation: The specified key does not exist.
  324/3231: mp-1186885
  325/3231: mp-11570
unable to access bucket: 'materialsproject-parsed' key: 'chgcars/mp-1441793.json.gz' version: None error: An error occurred (NoSuchKey) when calling the GetObject operation: The specified key does not exist.
  326/3231: mp-1065428
  327/3231: mp-1187579
unable to access bucket: 'materialsproject-parsed' key: 'chgcars/mp-1413121.json.gz' version: None error: An error occurred (NoSuchKey) when calling the GetObject operation: The specified key does not exist.
  328/3231: mp-1009839
unable to access bucket: 'materialsproject-parsed' key: 'chgcars/mp-1435832.json.gz' version: None error: An error occurred (NoSuchKey) when calling the GetObject operation: The specified key does not exist.
  329/3231: mp-1408
  330/3231: mp-1064161
  331/3231: mp-1184937
  332/3231: mp-998552
  333/3231: mp-1183984
  334/3231: mp-1418929
  335/3231: mp-1187145
unable to access bucket: 'materialsproject-parsed' key: 'chgcars/mp-1414456.json.gz' version: None error: An error occurred (NoSuchKey) when calling the GetObject operation: The specified key does not exist.
  336/3231: mp-20430
  337/3231: mp-21343
  338/3231: mp-1016823
unable to access bucket: 'materialsproject-parsed' key: 'chgcars/mp-1416730.json.gz' version: None error: An error occurred (NoSuchKey) when calling the GetObject operation: The specified key does not exist.
  339/3231: mp-1013552
unable to access bucket: 'materialsproject-parsed' key: 'chgcars/mp-1409439.json.gz' version: None error: An error occurred (NoSuchKey) when calling the GetObject operation: The specified key does not exist.
  340/3231: mp-881
  341/3231: mp-1009640
unable to access bucket: 'materialsproject-parsed' key: 'chgcars/mp-1774407.json.gz' version: None error: An error occurred (NoSuchKey) when calling the GetObject operation: The specified key does not exist.
  342/3231: mp-976229
  343/3231: mp-1795
  344/3231: mp-1209047
unable to access bucket: 'materialsproject-parsed' key: 'chgcars/mp-1444462.json.gz' version: None error: An error occurred (NoSuchKey) when calling the GetObject operation: The specified key does not exist.
  345/3231: mp-1008
  346/3231: mp-570637
unable to access bucket: 'materialsproject-parsed' key: 'chgcars/mp-1438898.json.gz' version: None error: An error occurred (NoSuchKey) when calling the GetObject operation: The specified key does not exist.
  347/3231: mp-1186092
unable to access bucket: 'materialsproject-parsed' key: 'chgcars/mp-1408428.json.gz' version: None error: An error occurred (NoSuchKey) when calling the GetObject operation: The specified key does not exist.
  348/3231: mp-1183168
  349/3231: mp-567589
unable to access bucket: 'materialsproject-parsed' key: 'chgcars/mp-1441265.json.gz' version: None error: An error occurred (NoSuchKey) when calling the GetObject operation: The specified key does not exist.
  350/3231: mp-998947
unable to access bucket: 'materialsproject-parsed' key: 'chgcars/mp-1419066.json.gz' version: None error: An error occurred (NoSuchKey) when calling the GetObject operation: The specified key does not exist.
  351/3231: mp-1009836
  352/3231: mp-18695
  353/3231: mp-1092
unable to access bucket: 'materialsproject-parsed' key: 'chgcars/mp-1439045.json.gz' version: None error: An error occurred (NoSuchKey) when calling the GetObject operation: The specified key does not exist.
  354/3231: mp-1212637
  355/3231: mp-21063
  356/3231: mp-997588
unable to access bucket: 'materialsproject-parsed' key: 'chgcars/mp-1355771.json.gz' version: None error: An error occurred (NoSuchKey) when calling the GetObject operation: The specified key does not exist.
  357/3231: mp-1016828
  358/3231: mp-2434
unable to access bucket: 'materialsproject-parsed' key: 'chgcars/mp-1439295.json.gz' version: None error: An error occurred (NoSuchKey) when calling the GetObject operation: The specified key does not exist.
  359/3231: mp-1013736
  360/3231: mp-10907
  361/3231: mp-1184993
unable to access bucket: 'materialsproject-parsed' key: 'chgcars/mp-1396338.json.gz' version: None error: An error occurred (NoSuchKey) when calling the GetObject operation: The specified key does not exist.
  362/3231: mp-2026
  363/3231: mp-5878
  364/3231: mp-1187469
  365/3231: mp-1183295
  366/3231: mp-997599
  367/3231: mp-12798
  368/3231: mp-754696
  369/3231: mp-11358
  370/3231: mp-1183549
unable to access bucket: 'materialsproject-parsed' key: 'chgcars/mp-1442925.json.gz' version: None error: An error occurred (NoSuchKey) when calling the GetObject operation: The specified key does not exist.
  371/3231: mp-1008999
  372/3231: mp-1009819
  373/3231: mp-1185388
unable to access bucket: 'materialsproject-parsed' key: 'chgcars/mp-1426566.json.gz' version: None error: An error occurred (NoSuchKey) when calling the GetObject operation: The specified key does not exist.
  374/3231: mp-1206909
  375/3231: mp-1009016
  376/3231: mp-1184957
  377/3231: mp-2163
  378/3231: mp-1183738
  379/3231: mp-22979
  380/3231: mp-972116
  381/3231: mp-2012
unable to access bucket: 'materialsproject-parsed' key: 'chgcars/mp-1300001.json.gz' version: None error: An error occurred (NoSuchKey) when calling the GetObject operation: The specified key does not exist.
  382/3231: mp-1183821
unable to access bucket: 'materialsproject-parsed' key: 'chgcars/mp-1411410.json.gz' version: None error: An error occurred (NoSuchKey) when calling the GetObject operation: The specified key does not exist.
  383/3231: mp-975361
unable to access bucket: 'materialsproject-parsed' key: 'chgcars/mp-1383310.json.gz' version: None error: An error occurred (NoSuchKey) when calling the GetObject operation: The specified key does not exist.
  384/3231: mp-976185
unable to access bucket: 'materialsproject-parsed' key: 'chgcars/mp-1436138.json.gz' version: None error: An error occurred (NoSuchKey) when calling the GetObject operation: The specified key does not exist.
  385/3231: mp-1187306
  386/3231: mp-975019
  387/3231: mp-1070375
  388/3231: mp-1184486
unable to access bucket: 'materialsproject-parsed' key: 'chgcars/mp-1413242.json.gz' version: None error: An error occurred (NoSuchKey) when calling the GetObject operation: The specified key does not exist.
  389/3231: mp-10647
  390/3231: mp-571352
  391/3231: mp-1187750
  392/3231: mp-1099256
unable to access bucket: 'materialsproject-parsed' key: 'chgcars/mp-1389754.json.gz' version: None error: An error occurred (NoSuchKey) when calling the GetObject operation: The specified key does not exist.
  393/3231: mp-1013734
unable to access bucket: 'materialsproject-parsed' key: 'chgcars/mp-1383559.json.gz' version: None error: An error occurred (NoSuchKey) when calling the GetObject operation: The specified key does not exist.
  394/3231: mp-978094
  395/3231: mp-974938
  396/3231: mp-1183105
  397/3231: mp-1209227
unable to access bucket: 'materialsproject-parsed' key: 'chgcars/mp-1396897.json.gz' version: None error: An error occurred (NoSuchKey) when calling the GetObject operation: The specified key does not exist.
  398/3231: mp-982780
  399/3231: mp-975388
unable to access bucket: 'materialsproject-parsed' key: 'chgcars/mp-1410761.json.gz' version: None error: An error occurred (NoSuchKey) when calling the GetObject operation: The specified key does not exist.
  400/3231: mp-1214448
  401/3231: mp-978926
  402/3231: mp-998227
  403/3231: mp-19828
  404/3231: mp-1183304
  405/3231: mp-20603
  406/3231: mp-1099778
unable to access bucket: 'materialsproject-parsed' key: 'chgcars/mp-1353923.json.gz' version: None error: An error occurred (NoSuchKey) when calling the GetObject operation: The specified key does not exist.
  407/3231: mp-1186801
unable to access bucket: 'materialsproject-parsed' key: 'chgcars/mp-1404438.json.gz' version: None error: An error occurred (NoSuchKey) when calling the GetObject operation: The specified key does not exist.
  408/3231: mp-21652
  409/3231: mp-1185545
  410/3231: mp-11276
unable to access bucket: 'materialsproject-parsed' key: 'chgcars/mp-1439194.json.gz' version: None error: An error occurred (NoSuchKey) when calling the GetObject operation: The specified key does not exist.
  411/3231: mp-973450
  412/3231: mp-1018647
  413/3231: mp-1185550
unable to access bucket: 'materialsproject-parsed' key: 'chgcars/mp-1659458.json.gz' version: None error: An error occurred (NoSuchKey) when calling the GetObject operation: The specified key does not exist.
  414/3231: mp-1186522
  415/3231: mp-1184484
  416/3231: mp-1186046
unable to access bucket: 'materialsproject-parsed' key: 'chgcars/mp-1395995.json.gz' version: None error: An error occurred (NoSuchKey) when calling the GetObject operation: The specified key does not exist.
  417/3231: mp-982773
unable to access bucket: 'materialsproject-parsed' key: 'chgcars/mp-1408802.json.gz' version: None error: An error occurred (NoSuchKey) when calling the GetObject operation: The specified key does not exist.
  418/3231: mp-1112985
unable to access bucket: 'materialsproject-parsed' key: 'chgcars/mp-1388898.json.gz' version: None error: An error occurred (NoSuchKey) when calling the GetObject operation: The specified key does not exist.
  419/3231: mp-998745
  420/3231: mp-975284
unable to access bucket: 'materialsproject-parsed' key: 'chgcars/mp-1396353.json.gz' version: None error: An error occurred (NoSuchKey) when calling the GetObject operation: The specified key does not exist.
  421/3231: mp-1183398
  422/3231: mp-1186999
unable to access bucket: 'materialsproject-parsed' key: 'chgcars/mp-1412073.json.gz' version: None error: An error occurred (NoSuchKey) when calling the GetObject operation: The specified key does not exist.
  423/3231: mp-1184461
unable to access bucket: 'materialsproject-parsed' key: 'chgcars/mp-1393281.json.gz' version: None error: An error occurred (NoSuchKey) when calling the GetObject operation: The specified key does not exist.
  424/3231: mp-1018849
unable to access bucket: 'materialsproject-parsed' key: 'chgcars/mp-1414869.json.gz' version: None error: An error occurred (NoSuchKey) when calling the GetObject operation: The specified key does not exist.
  425/3231: mp-712
unable to access bucket: 'materialsproject-parsed' key: 'chgcars/mp-1442222.json.gz' version: None error: An error occurred (NoSuchKey) when calling the GetObject operation: The specified key does not exist.
  426/3231: mp-21253
  427/3231: mp-1187447
  428/3231: mp-1184778
  429/3231: mp-981545
  430/3231: mp-973930
unable to access bucket: 'materialsproject-parsed' key: 'chgcars/mp-1417724.json.gz' version: None error: An error occurred (NoSuchKey) when calling the GetObject operation: The specified key does not exist.
  431/3231: mp-851
  432/3231: mp-10652
  433/3231: mp-11460
  434/3231: mp-1184853
  435/3231: mp-981386
  436/3231: mp-2647024
  437/3231: mp-973123
unable to access bucket: 'materialsproject-parsed' key: 'chgcars/mp-1427115.json.gz' version: None error: An error occurred (NoSuchKey) when calling the GetObject operation: The specified key does not exist.
  438/3231: mp-242
  439/3231: mp-300
  440/3231: mp-1529
  441/3231: mp-1185451
unable to access bucket: 'materialsproject-parsed' key: 'chgcars/mp-1399594.json.gz' version: None error: An error occurred (NoSuchKey) when calling the GetObject operation: The specified key does not exist.
  442/3231: mp-1201611
  443/3231: mp-1186902
unable to access bucket: 'materialsproject-parsed' key: 'chgcars/mp-1423503.json.gz' version: None error: An error occurred (NoSuchKey) when calling the GetObject operation: The specified key does not exist.
  444/3231: mp-10879
  445/3231: mp-1007693
  446/3231: mp-1187567
unable to access bucket: 'materialsproject-parsed' key: 'chgcars/mp-1425337.json.gz' version: None error: An error occurred (NoSuchKey) when calling the GetObject operation: The specified key does not exist.
  447/3231: mp-505571
unable to access bucket: 'materialsproject-parsed' key: 'chgcars/mp-1438041.json.gz' version: None error: An error occurred (NoSuchKey) when calling the GetObject operation: The specified key does not exist.
  448/3231: mp-1102865
  449/3231: mp-20848
  450/3231: mp-1025156
  451/3231: mp-1187074
  452/3231: mp-1226196
  453/3231: mp-1207078
unable to access bucket: 'materialsproject-parsed' key: 'chgcars/mp-1441361.json.gz' version: None error: An error occurred (NoSuchKey) when calling the GetObject operation: The specified key does not exist.
  454/3231: mp-30878
unable to access bucket: 'materialsproject-parsed' key: 'chgcars/mp-1439718.json.gz' version: None error: An error occurred (NoSuchKey) when calling the GetObject operation: The specified key does not exist.
  455/3231: mp-1186198
unable to access bucket: 'materialsproject-parsed' key: 'chgcars/mp-1427050.json.gz' version: None error: An error occurred (NoSuchKey) when calling the GetObject operation: The specified key does not exist.
  456/3231: mp-11475
unable to access bucket: 'materialsproject-parsed' key: 'chgcars/mp-1439597.json.gz' version: None error: An error occurred (NoSuchKey) when calling the GetObject operation: The specified key does not exist.
  457/3231: mp-1094874
  458/3231: mp-614895
  459/3231: mp-978304
  460/3231: mp-1185604
unable to access bucket: 'materialsproject-parsed' key: 'chgcars/mp-1393447.json.gz' version: None error: An error occurred (NoSuchKey) when calling the GetObject operation: The specified key does not exist.
  461/3231: mp-1001834
unable to access bucket: 'materialsproject-parsed' key: 'chgcars/mp-1419861.json.gz' version: None error: An error occurred (NoSuchKey) when calling the GetObject operation: The specified key does not exist.
  462/3231: mp-1099255
  463/3231: mp-10902
  464/3231: mp-1103521
unable to access bucket: 'materialsproject-parsed' key: 'chgcars/mp-1434362.json.gz' version: None error: An error occurred (NoSuchKey) when calling the GetObject operation: The specified key does not exist.
  465/3231: mp-1183446
  466/3231: mp-23302
  467/3231: mp-1183926
  468/3231: mp-1089
unable to access bucket: 'materialsproject-parsed' key: 'chgcars/mp-1440336.json.gz' version: None error: An error occurred (NoSuchKey) when calling the GetObject operation: The specified key does not exist.
  469/3231: mp-1188029
  470/3231: mp-571484
  471/3231: mp-1076711
  472/3231: mp-2577
  473/3231: mp-1435808
  474/3231: mp-1076706
unable to access bucket: 'materialsproject-parsed' key: 'chgcars/mp-1424910.json.gz' version: None error: An error occurred (NoSuchKey) when calling the GetObject operation: The specified key does not exist.
  475/3231: mp-973681
unable to access bucket: 'materialsproject-parsed' key: 'chgcars/mp-1426658.json.gz' version: None error: An error occurred (NoSuchKey) when calling the GetObject operation: The specified key does not exist.
  476/3231: mp-1057125
  477/3231: mp-19820
unable to access bucket: 'materialsproject-parsed' key: 'chgcars/mp-1438250.json.gz' version: None error: An error occurred (NoSuchKey) when calling the GetObject operation: The specified key does not exist.
  478/3231: mp-1185081
  479/3231: mp-20131
unable to access bucket: 'materialsproject-parsed' key: 'chgcars/mp-1440372.json.gz' version: None error: An error occurred (NoSuchKey) when calling the GetObject operation: The specified key does not exist.
  480/3231: mp-22345
  481/3231: mp-2808
unable to access bucket: 'materialsproject-parsed' key: 'chgcars/mp-1439952.json.gz' version: None error: An error occurred (NoSuchKey) when calling the GetObject operation: The specified key does not exist.
  482/3231: mp-20385
  483/3231: mp-976872
  484/3231: mp-989602
unable to access bucket: 'materialsproject-parsed' key: 'chgcars/mp-1415636.json.gz' version: None error: An error occurred (NoSuchKey) when calling the GetObject operation: The specified key does not exist.
  485/3231: mp-1187488
  486/3231: mp-972185
unable to access bucket: 'materialsproject-parsed' key: 'chgcars/mp-1397666.json.gz' version: None error: An error occurred (NoSuchKey) when calling the GetObject operation: The specified key does not exist.
  487/3231: mp-1185882
  488/3231: mp-975588
unable to access bucket: 'materialsproject-parsed' key: 'chgcars/mp-1424972.json.gz' version: None error: An error occurred (NoSuchKey) when calling the GetObject operation: The specified key does not exist.
  489/3231: mp-1005727
unable to access bucket: 'materialsproject-parsed' key: 'chgcars/mp-1773890.json.gz' version: None error: An error occurred (NoSuchKey) when calling the GetObject operation: The specified key does not exist.
  490/3231: mp-1068389
  491/3231: mp-1187495
  492/3231: mp-22875
  493/3231: mp-973869
unable to access bucket: 'materialsproject-parsed' key: 'chgcars/mp-1444879.json.gz' version: None error: An error occurred (NoSuchKey) when calling the GetObject operation: The specified key does not exist.
  494/3231: mp-978489
  495/3231: mp-1186597
unable to access bucket: 'materialsproject-parsed' key: 'chgcars/mp-1437399.json.gz' version: None error: An error occurred (NoSuchKey) when calling the GetObject operation: The specified key does not exist.
  496/3231: mp-1001918
unable to access bucket: 'materialsproject-parsed' key: 'chgcars/mp-1429829.json.gz' version: None error: An error occurred (NoSuchKey) when calling the GetObject operation: The specified key does not exist.
  497/3231: mp-1186799
unable to access bucket: 'materialsproject-parsed' key: 'chgcars/mp-1397093.json.gz' version: None error: An error occurred (NoSuchKey) when calling the GetObject operation: The specified key does not exist.
  498/3231: mp-1183919
  499/3231: mp-972352
  500/3231: mp-632808
  501/3231: mp-862864
  502/3231: mp-973579
  503/3231: mp-1885
unable to access bucket: 'materialsproject-parsed' key: 'chgcars/mp-1440077.json.gz' version: None error: An error occurred (NoSuchKey) when calling the GetObject operation: The specified key does not exist.
  504/3231: mp-1183539
unable to access bucket: 'materialsproject-parsed' key: 'chgcars/mp-1395277.json.gz' version: None error: An error occurred (NoSuchKey) when calling the GetObject operation: The specified key does not exist.
  505/3231: mp-12982
  506/3231: mp-1186098
unable to access bucket: 'materialsproject-parsed' key: 'chgcars/mp-1423316.json.gz' version: None error: An error occurred (NoSuchKey) when calling the GetObject operation: The specified key does not exist.
  507/3231: mp-862960
unable to access bucket: 'materialsproject-parsed' key: 'chgcars/mp-1420779.json.gz' version: None error: An error occurred (NoSuchKey) when calling the GetObject operation: The specified key does not exist.
  508/3231: mp-1187908
  509/3231: mp-550008
  510/3231: mp-975425
unable to access bucket: 'materialsproject-parsed' key: 'chgcars/mp-1429189.json.gz' version: None error: An error occurred (NoSuchKey) when calling the GetObject operation: The specified key does not exist.
  511/3231: mp-1185899
  512/3231: mp-1183622
  513/3231: mp-561947
  514/3231: mp-1206765
  515/3231: mp-977408
unable to access bucket: 'materialsproject-parsed' key: 'chgcars/mp-1423047.json.gz' version: None error: An error occurred (NoSuchKey) when calling the GetObject operation: The specified key does not exist.
  516/3231: mp-2825
  517/3231: mp-1016927
unable to access bucket: 'materialsproject-parsed' key: 'chgcars/mp-1427648.json.gz' version: None error: An error occurred (NoSuchKey) when calling the GetObject operation: The specified key does not exist.
  518/3231: mp-20808
unable to access bucket: 'materialsproject-parsed' key: 'chgcars/mp-1419147.json.gz' version: None error: An error occurred (NoSuchKey) when calling the GetObject operation: The specified key does not exist.
  519/3231: mp-1018081
  520/3231: mp-1016827
unable to access bucket: 'materialsproject-parsed' key: 'chgcars/mp-1399444.json.gz' version: None error: An error occurred (NoSuchKey) when calling the GetObject operation: The specified key does not exist.
  521/3231: mp-1183498
unable to access bucket: 'materialsproject-parsed' key: 'chgcars/mp-1389481.json.gz' version: None error: An error occurred (NoSuchKey) when calling the GetObject operation: The specified key does not exist.
  522/3231: mp-976772
unable to access bucket: 'materialsproject-parsed' key: 'chgcars/mp-1417083.json.gz' version: None error: An error occurred (NoSuchKey) when calling the GetObject operation: The specified key does not exist.
  523/3231: mp-1094118
  524/3231: mp-11254
  525/3231: mp-11248
  526/3231: mp-1185263
unable to access bucket: 'materialsproject-parsed' key: 'chgcars/mp-1429448.json.gz' version: None error: An error occurred (NoSuchKey) when calling the GetObject operation: The specified key does not exist.
  527/3231: mp-1183212
  528/3231: mp-979436
  529/3231: mp-975364
unable to access bucket: 'materialsproject-parsed' key: 'chgcars/mp-1407174.json.gz' version: None error: An error occurred (NoSuchKey) when calling the GetObject operation: The specified key does not exist.
  530/3231: mp-183
unable to access bucket: 'materialsproject-parsed' key: 'chgcars/mp-1440365.json.gz' version: None error: An error occurred (NoSuchKey) when calling the GetObject operation: The specified key does not exist.
  531/3231: mp-1186401
  532/3231: mp-1183277
unable to access bucket: 'materialsproject-parsed' key: 'chgcars/mp-1433662.json.gz' version: None error: An error occurred (NoSuchKey) when calling the GetObject operation: The specified key does not exist.
  533/3231: mp-637378
unable to access bucket: 'materialsproject-parsed' key: 'chgcars/mp-1301015.json.gz' version: None error: An error occurred (NoSuchKey) when calling the GetObject operation: The specified key does not exist.
  534/3231: mp-975384
unable to access bucket: 'materialsproject-parsed' key: 'chgcars/mp-1414311.json.gz' version: None error: An error occurred (NoSuchKey) when calling the GetObject operation: The specified key does not exist.
  535/3231: mp-1291
unable to access bucket: 'materialsproject-parsed' key: 'chgcars/mp-1476040.json.gz' version: None error: An error occurred (NoSuchKey) when calling the GetObject operation: The specified key does not exist.
  536/3231: mp-1080799
  537/3231: mp-975639
unable to access bucket: 'materialsproject-parsed' key: 'chgcars/mp-1396160.json.gz' version: None error: An error occurred (NoSuchKey) when calling the GetObject operation: The specified key does not exist.
  538/3231: mp-1002207
unable to access bucket: 'materialsproject-parsed' key: 'chgcars/mp-1431809.json.gz' version: None error: An error occurred (NoSuchKey) when calling the GetObject operation: The specified key does not exist.
  539/3231: mp-1183544
unable to access bucket: 'materialsproject-parsed' key: 'chgcars/mp-1391244.json.gz' version: None error: An error occurred (NoSuchKey) when calling the GetObject operation: The specified key does not exist.
  540/3231: mp-1187352
  541/3231: mp-1183715
unable to access bucket: 'materialsproject-parsed' key: 'chgcars/mp-1771925.json.gz' version: None error: An error occurred (NoSuchKey) when calling the GetObject operation: The specified key does not exist.
  542/3231: mp-1188007
unable to access bucket: 'materialsproject-parsed' key: 'chgcars/mp-1425498.json.gz' version: None error: An error occurred (NoSuchKey) when calling the GetObject operation: The specified key does not exist.
  543/3231: mp-613384
unable to access bucket: 'materialsproject-parsed' key: 'chgcars/mp-1422530.json.gz' version: None error: An error occurred (NoSuchKey) when calling the GetObject operation: The specified key does not exist.
  544/3231: mp-972442
  545/3231: mp-1184022
unable to access bucket: 'materialsproject-parsed' key: 'chgcars/mp-1401420.json.gz' version: None error: An error occurred (NoSuchKey) when calling the GetObject operation: The specified key does not exist.
  546/3231: mp-1184384
  547/3231: mp-2677
unable to access bucket: 'materialsproject-parsed' key: 'chgcars/mp-1439147.json.gz' version: None error: An error occurred (NoSuchKey) when calling the GetObject operation: The specified key does not exist.
  548/3231: mp-571405
unable to access bucket: 'materialsproject-parsed' key: 'chgcars/mp-1476061.json.gz' version: None error: An error occurred (NoSuchKey) when calling the GetObject operation: The specified key does not exist.
  549/3231: mp-614013
  550/3231: mp-1184773
  551/3231: mp-1070737
unable to access bucket: 'materialsproject-parsed' key: 'chgcars/mp-1413282.json.gz' version: None error: An error occurred (NoSuchKey) when calling the GetObject operation: The specified key does not exist.
  552/3231: mp-973136
  553/3231: mp-1009133
  554/3231: mp-2443
unable to access bucket: 'materialsproject-parsed' key: 'chgcars/mp-1476021.json.gz' version: None error: An error occurred (NoSuchKey) when calling the GetObject operation: The specified key does not exist.
  555/3231: mp-1183680
  556/3231: mp-1183681
unable to access bucket: 'materialsproject-parsed' key: 'chgcars/mp-1391564.json.gz' version: None error: An error occurred (NoSuchKey) when calling the GetObject operation: The specified key does not exist.
  557/3231: mp-1214819
  558/3231: mp-20164
unable to access bucket: 'materialsproject-parsed' key: 'chgcars/mp-1389039.json.gz' version: None error: An error occurred (NoSuchKey) when calling the GetObject operation: The specified key does not exist.
  559/3231: mp-30468
unable to access bucket: 'materialsproject-parsed' key: 'chgcars/mp-1476066.json.gz' version: None error: An error occurred (NoSuchKey) when calling the GetObject operation: The specified key does not exist.
  560/3231: mp-1103513
unable to access bucket: 'materialsproject-parsed' key: 'chgcars/mp-1408240.json.gz' version: None error: An error occurred (NoSuchKey) when calling the GetObject operation: The specified key does not exist.
  561/3231: mp-1184329
  562/3231: mp-1209191
unable to access bucket: 'materialsproject-parsed' key: 'chgcars/mp-1400778.json.gz' version: None error: An error occurred (NoSuchKey) when calling the GetObject operation: The specified key does not exist.
  563/3231: mp-1099248
  564/3231: mp-1187561
  565/3231: mp-28166
unable to access bucket: 'materialsproject-parsed' key: 'chgcars/mp-1432896.json.gz' version: None error: An error occurred (NoSuchKey) when calling the GetObject operation: The specified key does not exist.
  566/3231: mp-1183978
  567/3231: mp-1186346
unable to access bucket: 'materialsproject-parsed' key: 'chgcars/mp-1429845.json.gz' version: None error: An error occurred (NoSuchKey) when calling the GetObject operation: The specified key does not exist.
  568/3231: mp-1183805
  569/3231: mp-1068212
  570/3231: mp-1111644
unable to access bucket: 'materialsproject-parsed' key: 'chgcars/mp-1402357.json.gz' version: None error: An error occurred (NoSuchKey) when calling the GetObject operation: The specified key does not exist.
  571/3231: mp-1184736
unable to access bucket: 'materialsproject-parsed' key: 'chgcars/mp-1408040.json.gz' version: None error: An error occurred (NoSuchKey) when calling the GetObject operation: The specified key does not exist.
  572/3231: mp-1246929
  573/3231: mp-1187395
unable to access bucket: 'materialsproject-parsed' key: 'chgcars/mp-1436691.json.gz' version: None error: An error occurred (NoSuchKey) when calling the GetObject operation: The specified key does not exist.
  574/3231: mp-21085
unable to access bucket: 'materialsproject-parsed' key: 'chgcars/mp-1438659.json.gz' version: None error: An error occurred (NoSuchKey) when calling the GetObject operation: The specified key does not exist.
  575/3231: mp-1183692
  576/3231: mp-570008
unable to access bucket: 'materialsproject-parsed' key: 'chgcars/mp-1428089.json.gz' version: None error: An error occurred (NoSuchKey) when calling the GetObject operation: The specified key does not exist.
  577/3231: mp-29242
  578/3231: mp-381
unable to access bucket: 'materialsproject-parsed' key: 'chgcars/mp-1442094.json.gz' version: None error: An error occurred (NoSuchKey) when calling the GetObject operation: The specified key does not exist.
  579/3231: mp-505766
unable to access bucket: 'materialsproject-parsed' key: 'chgcars/mp-1276185.json.gz' version: None error: An error occurred (NoSuchKey) when calling the GetObject operation: The specified key does not exist.
  580/3231: mp-1187104
  581/3231: mp-1636
  582/3231: mp-1094670
unable to access bucket: 'materialsproject-parsed' key: 'chgcars/mp-1386708.json.gz' version: None error: An error occurred (NoSuchKey) when calling the GetObject operation: The specified key does not exist.
  583/3231: mp-1186312
unable to access bucket: 'materialsproject-parsed' key: 'chgcars/mp-1396012.json.gz' version: None error: An error occurred (NoSuchKey) when calling the GetObject operation: The specified key does not exist.
  584/3231: mp-11237
unable to access bucket: 'materialsproject-parsed' key: 'chgcars/mp-1439714.json.gz' version: None error: An error occurred (NoSuchKey) when calling the GetObject operation: The specified key does not exist.
  585/3231: mp-1217756
  586/3231: mp-862920
unable to access bucket: 'materialsproject-parsed' key: 'chgcars/mp-1425141.json.gz' version: None error: An error occurred (NoSuchKey) when calling the GetObject operation: The specified key does not exist.
  587/3231: mp-892
unable to access bucket: 'materialsproject-parsed' key: 'chgcars/mp-1439988.json.gz' version: None error: An error occurred (NoSuchKey) when calling the GetObject operation: The specified key does not exist.
  588/3231: mp-1076000
unable to access bucket: 'materialsproject-parsed' key: 'chgcars/mp-1475507.json.gz' version: None error: An error occurred (NoSuchKey) when calling the GetObject operation: The specified key does not exist.
  589/3231: mp-979945
unable to access bucket: 'materialsproject-parsed' key: 'chgcars/mp-1383209.json.gz' version: None error: An error occurred (NoSuchKey) when calling the GetObject operation: The specified key does not exist.
  590/3231: mp-20839
  591/3231: mp-1103058
unable to access bucket: 'materialsproject-parsed' key: 'chgcars/mp-1379642.json.gz' version: None error: An error occurred (NoSuchKey) when calling the GetObject operation: The specified key does not exist.
  592/3231: mp-1013541
  593/3231: mp-1187465
  594/3231: mp-1013735
  595/3231: mp-11843
unable to access bucket: 'materialsproject-parsed' key: 'chgcars/mp-1439161.json.gz' version: None error: An error occurred (NoSuchKey) when calling the GetObject operation: The specified key does not exist.
  596/3231: mp-1188817
  597/3231: mp-580329
unable to access bucket: 'materialsproject-parsed' key: 'chgcars/mp-1397540.json.gz' version: None error: An error occurred (NoSuchKey) when calling the GetObject operation: The specified key does not exist.
  598/3231: mp-1183570
  599/3231: mp-1188008
  600/3231: mp-1184256
  601/3231: mp-1178268
unable to access bucket: 'materialsproject-parsed' key: 'chgcars/mp-1414967.json.gz' version: None error: An error occurred (NoSuchKey) when calling the GetObject operation: The specified key does not exist.
  602/3231: mp-976258
  603/3231: mp-1096764
unable to access bucket: 'materialsproject-parsed' key: 'chgcars/mp-1387318.json.gz' version: None error: An error occurred (NoSuchKey) when calling the GetObject operation: The specified key does not exist.
  604/3231: mp-1186812
unable to access bucket: 'materialsproject-parsed' key: 'chgcars/mp-1773097.json.gz' version: None error: An error occurred (NoSuchKey) when calling the GetObject operation: The specified key does not exist.
  605/3231: mp-11245
unable to access bucket: 'materialsproject-parsed' key: 'chgcars/mp-1439781.json.gz' version: None error: An error occurred (NoSuchKey) when calling the GetObject operation: The specified key does not exist.
  606/3231: mp-1184703
  607/3231: mp-866095
  608/3231: mp-864911
  609/3231: mp-1013719
  610/3231: mp-1184562
  611/3231: mp-22519
  612/3231: mp-10133
unable to access bucket: 'materialsproject-parsed' key: 'chgcars/mp-1438955.json.gz' version: None error: An error occurred (NoSuchKey) when calling the GetObject operation: The specified key does not exist.
  613/3231: mp-1186094
unable to access bucket: 'materialsproject-parsed' key: 'chgcars/mp-1394745.json.gz' version: None error: An error occurred (NoSuchKey) when calling the GetObject operation: The specified key does not exist.
  614/3231: mp-567089
unable to access bucket: 'materialsproject-parsed' key: 'chgcars/mp-1439123.json.gz' version: None error: An error occurred (NoSuchKey) when calling the GetObject operation: The specified key does not exist.
  615/3231: mp-2415
unable to access bucket: 'materialsproject-parsed' key: 'chgcars/mp-1438771.json.gz' version: None error: An error occurred (NoSuchKey) when calling the GetObject operation: The specified key does not exist.
  616/3231: mp-1263
unable to access bucket: 'materialsproject-parsed' key: 'chgcars/mp-1439958.json.gz' version: None error: An error occurred (NoSuchKey) when calling the GetObject operation: The specified key does not exist.
  617/3231: mp-981550
unable to access bucket: 'materialsproject-parsed' key: 'chgcars/mp-1425818.json.gz' version: None error: An error occurred (NoSuchKey) when calling the GetObject operation: The specified key does not exist.
  618/3231: mp-4230
  619/3231: mp-10611
  620/3231: mp-978855
unable to access bucket: 'materialsproject-parsed' key: 'chgcars/mp-1415577.json.gz' version: None error: An error occurred (NoSuchKey) when calling the GetObject operation: The specified key does not exist.
  621/3231: mp-1039147
  622/3231: mp-21162
  623/3231: mp-1184156
unable to access bucket: 'materialsproject-parsed' key: 'chgcars/mp-1420918.json.gz' version: None error: An error occurred (NoSuchKey) when calling the GetObject operation: The specified key does not exist.
  624/3231: mp-21427
  625/3231: mp-571075
  626/3231: mp-976830
unable to access bucket: 'materialsproject-parsed' key: 'chgcars/mp-1415160.json.gz' version: None error: An error occurred (NoSuchKey) when calling the GetObject operation: The specified key does not exist.
  627/3231: mp-1185612
  628/3231: mp-2621
unable to access bucket: 'materialsproject-parsed' key: 'chgcars/mp-1442142.json.gz' version: None error: An error occurred (NoSuchKey) when calling the GetObject operation: The specified key does not exist.
  629/3231: mp-1187600
  630/3231: mp-975797
unable to access bucket: 'materialsproject-parsed' key: 'chgcars/mp-1391338.json.gz' version: None error: An error occurred (NoSuchKey) when calling the GetObject operation: The specified key does not exist.
  631/3231: mp-1206518
unable to access bucket: 'materialsproject-parsed' key: 'chgcars/mp-1393977.json.gz' version: None error: An error occurred (NoSuchKey) when calling the GetObject operation: The specified key does not exist.
  632/3231: mp-1206878
  633/3231: mp-11652
  634/3231: mp-1076382
  635/3231: mp-377
  636/3231: mp-1185356
  637/3231: mp-20773
  638/3231: mp-20984
  639/3231: mp-1187143
  640/3231: mp-1187515
  641/3231: mp-2998
  642/3231: mp-567939
  643/3231: mp-1069526
unable to access bucket: 'materialsproject-parsed' key: 'chgcars/mp-1420845.json.gz' version: None error: An error occurred (NoSuchKey) when calling the GetObject operation: The specified key does not exist.
  644/3231: mp-1009748
  645/3231: mp-1187452
  646/3231: mp-554201
  647/3231: mp-545379
  648/3231: mp-579768
  649/3231: mp-1017557
  650/3231: mp-1094791
unable to access bucket: 'materialsproject-parsed' key: 'chgcars/mp-1436246.json.gz' version: None error: An error occurred (NoSuchKey) when calling the GetObject operation: The specified key does not exist.
  651/3231: mp-1064459
  652/3231: mp-1184551
unable to access bucket: 'materialsproject-parsed' key: 'chgcars/mp-1433765.json.gz' version: None error: An error occurred (NoSuchKey) when calling the GetObject operation: The specified key does not exist.
  653/3231: mp-8454
unable to access bucket: 'materialsproject-parsed' key: 'chgcars/mp-1439040.json.gz' version: None error: An error occurred (NoSuchKey) when calling the GetObject operation: The specified key does not exist.
  654/3231: mp-1184563
unable to access bucket: 'materialsproject-parsed' key: 'chgcars/mp-1405816.json.gz' version: None error: An error occurred (NoSuchKey) when calling the GetObject operation: The specified key does not exist.
  655/3231: mp-865246
unable to access bucket: 'materialsproject-parsed' key: 'chgcars/mp-1773717.json.gz' version: None error: An error occurred (NoSuchKey) when calling the GetObject operation: The specified key does not exist.
  656/3231: mp-1183968
unable to access bucket: 'materialsproject-parsed' key: 'chgcars/mp-1428299.json.gz' version: None error: An error occurred (NoSuchKey) when calling the GetObject operation: The specified key does not exist.
  657/3231: mp-983237
unable to access bucket: 'materialsproject-parsed' key: 'chgcars/mp-1409226.json.gz' version: None error: An error occurred (NoSuchKey) when calling the GetObject operation: The specified key does not exist.
  658/3231: mp-1184154
unable to access bucket: 'materialsproject-parsed' key: 'chgcars/mp-1421620.json.gz' version: None error: An error occurred (NoSuchKey) when calling the GetObject operation: The specified key does not exist.
  659/3231: mp-10554
unable to access bucket: 'materialsproject-parsed' key: 'chgcars/mp-1417705.json.gz' version: None error: An error occurred (NoSuchKey) when calling the GetObject operation: The specified key does not exist.
  660/3231: mp-1185971
  661/3231: mp-22004
  662/3231: mp-1055491
  663/3231: mp-21206
unable to access bucket: 'materialsproject-parsed' key: 'chgcars/mp-1423040.json.gz' version: None error: An error occurred (NoSuchKey) when calling the GetObject operation: The specified key does not exist.
  664/3231: mp-570428
unable to access bucket: 'materialsproject-parsed' key: 'chgcars/mp-1441187.json.gz' version: None error: An error occurred (NoSuchKey) when calling the GetObject operation: The specified key does not exist.
  665/3231: mp-1183115
  666/3231: mp-1187222
unable to access bucket: 'materialsproject-parsed' key: 'chgcars/mp-1396140.json.gz' version: None error: An error occurred (NoSuchKey) when calling the GetObject operation: The specified key does not exist.
  667/3231: mp-734
  668/3231: mp-1187064
unable to access bucket: 'materialsproject-parsed' key: 'chgcars/mp-1408401.json.gz' version: None error: An error occurred (NoSuchKey) when calling the GetObject operation: The specified key does not exist.
  669/3231: mp-1684
  670/3231: mp-1186316
unable to access bucket: 'materialsproject-parsed' key: 'chgcars/mp-1475592.json.gz' version: None error: An error occurred (NoSuchKey) when calling the GetObject operation: The specified key does not exist.
  671/3231: mp-1183431
unable to access bucket: 'materialsproject-parsed' key: 'chgcars/mp-1417962.json.gz' version: None error: An error occurred (NoSuchKey) when calling the GetObject operation: The specified key does not exist.
  672/3231: mp-1016879
  673/3231: mp-11555
  674/3231: mp-2195
unable to access bucket: 'materialsproject-parsed' key: 'chgcars/mp-1440204.json.gz' version: None error: An error occurred (NoSuchKey) when calling the GetObject operation: The specified key does not exist.
  675/3231: mp-1435972
unable to access bucket: 'materialsproject-parsed' key: 'chgcars/mp-1435972.json.gz' version: None error: An error occurred (NoSuchKey) when calling the GetObject operation: The specified key does not exist.
  676/3231: mp-1183447
unable to access bucket: 'materialsproject-parsed' key: 'chgcars/mp-1423096.json.gz' version: None error: An error occurred (NoSuchKey) when calling the GetObject operation: The specified key does not exist.
  677/3231: mp-1019541
  678/3231: mp-1017466
unable to access bucket: 'materialsproject-parsed' key: 'chgcars/mp-1284125.json.gz' version: None error: An error occurred (NoSuchKey) when calling the GetObject operation: The specified key does not exist.
  679/3231: mp-1016846
unable to access bucket: 'materialsproject-parsed' key: 'chgcars/mp-1427489.json.gz' version: None error: An error occurred (NoSuchKey) when calling the GetObject operation: The specified key does not exist.
  680/3231: mp-972044
unable to access bucket: 'materialsproject-parsed' key: 'chgcars/mp-1388732.json.gz' version: None error: An error occurred (NoSuchKey) when calling the GetObject operation: The specified key does not exist.
  681/3231: mp-1187389
  682/3231: mp-972395
  683/3231: mp-1184468
unable to access bucket: 'materialsproject-parsed' key: 'chgcars/mp-1504647.json.gz' version: None error: An error occurred (NoSuchKey) when calling the GetObject operation: The specified key does not exist.
  684/3231: mp-975443
unable to access bucket: 'materialsproject-parsed' key: 'chgcars/mp-1417315.json.gz' version: None error: An error occurred (NoSuchKey) when calling the GetObject operation: The specified key does not exist.
  685/3231: mp-1110854
  686/3231: mp-1206753
  687/3231: mp-19847
  688/3231: mp-10708
unable to access bucket: 'materialsproject-parsed' key: 'chgcars/mp-1441912.json.gz' version: None error: An error occurred (NoSuchKey) when calling the GetObject operation: The specified key does not exist.
  689/3231: mp-1183976
unable to access bucket: 'materialsproject-parsed' key: 'chgcars/mp-1427104.json.gz' version: None error: An error occurred (NoSuchKey) when calling the GetObject operation: The specified key does not exist.
  690/3231: mp-1184100
unable to access bucket: 'materialsproject-parsed' key: 'chgcars/mp-1388174.json.gz' version: None error: An error occurred (NoSuchKey) when calling the GetObject operation: The specified key does not exist.
  691/3231: mp-1184546
  692/3231: mp-1184660
  693/3231: mp-1206343
unable to access bucket: 'materialsproject-parsed' key: 'chgcars/mp-1414415.json.gz' version: None error: An error occurred (NoSuchKey) when calling the GetObject operation: The specified key does not exist.
  694/3231: mp-1184564
unable to access bucket: 'materialsproject-parsed' key: 'chgcars/mp-1420803.json.gz' version: None error: An error occurred (NoSuchKey) when calling the GetObject operation: The specified key does not exist.
  695/3231: mp-984756
  696/3231: mp-1723
unable to access bucket: 'materialsproject-parsed' key: 'chgcars/mp-1440939.json.gz' version: None error: An error occurred (NoSuchKey) when calling the GetObject operation: The specified key does not exist.
  697/3231: mp-8218
unable to access bucket: 'materialsproject-parsed' key: 'chgcars/mp-1439617.json.gz' version: None error: An error occurred (NoSuchKey) when calling the GetObject operation: The specified key does not exist.
  698/3231: mp-13161
  699/3231: mp-606671
  700/3231: mp-1187542
unable to access bucket: 'materialsproject-parsed' key: 'chgcars/mp-1383572.json.gz' version: None error: An error occurred (NoSuchKey) when calling the GetObject operation: The specified key does not exist.
  701/3231: mp-1187577
  702/3231: mp-1064861
unable to access bucket: 'materialsproject-parsed' key: 'chgcars/mp-1438767.json.gz' version: None error: An error occurred (NoSuchKey) when calling the GetObject operation: The specified key does not exist.
  703/3231: mp-1185006
unable to access bucket: 'materialsproject-parsed' key: 'chgcars/mp-1392101.json.gz' version: None error: An error occurred (NoSuchKey) when calling the GetObject operation: The specified key does not exist.
  704/3231: mp-1186947
  705/3231: mp-975206
  706/3231: mp-980063
unable to access bucket: 'materialsproject-parsed' key: 'chgcars/mp-1445770.json.gz' version: None error: An error occurred (NoSuchKey) when calling the GetObject operation: The specified key does not exist.
  707/3231: mp-1186323
unable to access bucket: 'materialsproject-parsed' key: 'chgcars/mp-1391716.json.gz' version: None error: An error occurred (NoSuchKey) when calling the GetObject operation: The specified key does not exist.
  708/3231: mp-1016843
unable to access bucket: 'materialsproject-parsed' key: 'chgcars/mp-1430904.json.gz' version: None error: An error occurred (NoSuchKey) when calling the GetObject operation: The specified key does not exist.
  709/3231: mp-976952
  710/3231: mp-1214111
  711/3231: mp-1021489
  712/3231: mp-1185613
  713/3231: mp-1186403
unable to access bucket: 'materialsproject-parsed' key: 'chgcars/mp-1413118.json.gz' version: None error: An error occurred (NoSuchKey) when calling the GetObject operation: The specified key does not exist.
  714/3231: mp-823
  715/3231: mp-19764
unable to access bucket: 'materialsproject-parsed' key: 'chgcars/mp-1475964.json.gz' version: None error: An error occurred (NoSuchKey) when calling the GetObject operation: The specified key does not exist.
  716/3231: mp-974108
  717/3231: mp-21432
unable to access bucket: 'materialsproject-parsed' key: 'chgcars/mp-1439281.json.gz' version: None error: An error occurred (NoSuchKey) when calling the GetObject operation: The specified key does not exist.
  718/3231: mp-978823
  719/3231: mp-2431
unable to access bucket: 'materialsproject-parsed' key: 'chgcars/mp-1437834.json.gz' version: None error: An error occurred (NoSuchKey) when calling the GetObject operation: The specified key does not exist.
  720/3231: mp-1184353
unable to access bucket: 'materialsproject-parsed' key: 'chgcars/mp-1393765.json.gz' version: None error: An error occurred (NoSuchKey) when calling the GetObject operation: The specified key does not exist.
  721/3231: mp-1187219
unable to access bucket: 'materialsproject-parsed' key: 'chgcars/mp-1415032.json.gz' version: None error: An error occurred (NoSuchKey) when calling the GetObject operation: The specified key does not exist.
  722/3231: mp-973024
unable to access bucket: 'materialsproject-parsed' key: 'chgcars/mp-1393282.json.gz' version: None error: An error occurred (NoSuchKey) when calling the GetObject operation: The specified key does not exist.
  723/3231: mp-975530
  724/3231: mp-1187924
  725/3231: mp-6951
  726/3231: mp-33029
  727/3231: mp-1184950
  728/3231: mp-1186490
unable to access bucket: 'materialsproject-parsed' key: 'chgcars/mp-1384497.json.gz' version: None error: An error occurred (NoSuchKey) when calling the GetObject operation: The specified key does not exist.
  729/3231: mp-1228031
  730/3231: mp-10113
  731/3231: mp-975664
unable to access bucket: 'materialsproject-parsed' key: 'chgcars/mp-1424429.json.gz' version: None error: An error occurred (NoSuchKey) when calling the GetObject operation: The specified key does not exist.
  732/3231: mp-975347
  733/3231: mp-1187729
unable to access bucket: 'materialsproject-parsed' key: 'chgcars/mp-1397485.json.gz' version: None error: An error occurred (NoSuchKey) when calling the GetObject operation: The specified key does not exist.
  734/3231: mp-1186385
  735/3231: mp-1069538
  736/3231: mp-1183788
unable to access bucket: 'materialsproject-parsed' key: 'chgcars/mp-1384095.json.gz' version: None error: An error occurred (NoSuchKey) when calling the GetObject operation: The specified key does not exist.
  737/3231: mp-1183130
unable to access bucket: 'materialsproject-parsed' key: 'chgcars/mp-1415377.json.gz' version: None error: An error occurred (NoSuchKey) when calling the GetObject operation: The specified key does not exist.
  738/3231: mp-4982
  739/3231: mp-11226
unable to access bucket: 'materialsproject-parsed' key: 'chgcars/mp-1441957.json.gz' version: None error: An error occurred (NoSuchKey) when calling the GetObject operation: The specified key does not exist.
  740/3231: mp-973447
  741/3231: mp-1016882
unable to access bucket: 'materialsproject-parsed' key: 'chgcars/mp-1424792.json.gz' version: None error: An error occurred (NoSuchKey) when calling the GetObject operation: The specified key does not exist.
  742/3231: mp-982880
unable to access bucket: 'materialsproject-parsed' key: 'chgcars/mp-1398536.json.gz' version: None error: An error occurred (NoSuchKey) when calling the GetObject operation: The specified key does not exist.
  743/3231: mp-1009017
unable to access bucket: 'materialsproject-parsed' key: 'chgcars/mp-1416740.json.gz' version: None error: An error occurred (NoSuchKey) when calling the GetObject operation: The specified key does not exist.
  744/3231: mp-1094096
unable to access bucket: 'materialsproject-parsed' key: 'chgcars/mp-1411851.json.gz' version: None error: An error occurred (NoSuchKey) when calling the GetObject operation: The specified key does not exist.
  745/3231: mp-460
  746/3231: mp-20262
unable to access bucket: 'materialsproject-parsed' key: 'chgcars/mp-1438164.json.gz' version: None error: An error occurred (NoSuchKey) when calling the GetObject operation: The specified key does not exist.
  747/3231: mp-971957
  748/3231: mp-495
unable to access bucket: 'materialsproject-parsed' key: 'chgcars/mp-1437882.json.gz' version: None error: An error occurred (NoSuchKey) when calling the GetObject operation: The specified key does not exist.
  749/3231: mp-975299
unable to access bucket: 'materialsproject-parsed' key: 'chgcars/mp-1434276.json.gz' version: None error: An error occurred (NoSuchKey) when calling the GetObject operation: The specified key does not exist.
  750/3231: mp-1013642
unable to access bucket: 'materialsproject-parsed' key: 'chgcars/mp-1388035.json.gz' version: None error: An error occurred (NoSuchKey) when calling the GetObject operation: The specified key does not exist.
  751/3231: mp-2090
unable to access bucket: 'materialsproject-parsed' key: 'chgcars/mp-1442079.json.gz' version: None error: An error occurred (NoSuchKey) when calling the GetObject operation: The specified key does not exist.
  752/3231: mp-1069129
  753/3231: mp-977100
  754/3231: mp-1147701
  755/3231: mp-1913
unable to access bucket: 'materialsproject-parsed' key: 'chgcars/mp-1439266.json.gz' version: None error: An error occurred (NoSuchKey) when calling the GetObject operation: The specified key does not exist.
  756/3231: mp-1184943
unable to access bucket: 'materialsproject-parsed' key: 'chgcars/mp-1405104.json.gz' version: None error: An error occurred (NoSuchKey) when calling the GetObject operation: The specified key does not exist.
  757/3231: mp-20543
unable to access bucket: 'materialsproject-parsed' key: 'chgcars/mp-1436146.json.gz' version: None error: An error occurred (NoSuchKey) when calling the GetObject operation: The specified key does not exist.
  758/3231: mp-1184383
  759/3231: mp-1471
  760/3231: mp-30825
  761/3231: mp-1006245
unable to access bucket: 'materialsproject-parsed' key: 'chgcars/mp-1773905.json.gz' version: None error: An error occurred (NoSuchKey) when calling the GetObject operation: The specified key does not exist.
  762/3231: mp-21280
  763/3231: mp-10060
  764/3231: mp-1188081
  765/3231: mp-554973
unable to access bucket: 'materialsproject-parsed' key: 'chgcars/mp-1441944.json.gz' version: None error: An error occurred (NoSuchKey) when calling the GetObject operation: The specified key does not exist.
  766/3231: mp-2228
  767/3231: mp-975190
unable to access bucket: 'materialsproject-parsed' key: 'chgcars/mp-1414052.json.gz' version: None error: An error occurred (NoSuchKey) when calling the GetObject operation: The specified key does not exist.
  768/3231: mp-997590
  769/3231: mp-1436662
unable to access bucket: 'materialsproject-parsed' key: 'chgcars/mp-1436662.json.gz' version: None error: An error occurred (NoSuchKey) when calling the GetObject operation: The specified key does not exist.
  770/3231: mp-1184771
  771/3231: mp-1184060
unable to access bucket: 'materialsproject-parsed' key: 'chgcars/mp-1384362.json.gz' version: None error: An error occurred (NoSuchKey) when calling the GetObject operation: The specified key does not exist.
  772/3231: mp-1018645
unable to access bucket: 'materialsproject-parsed' key: 'chgcars/mp-1504809.json.gz' version: None error: An error occurred (NoSuchKey) when calling the GetObject operation: The specified key does not exist.
  773/3231: mp-1183134
unable to access bucket: 'materialsproject-parsed' key: 'chgcars/mp-1430804.json.gz' version: None error: An error occurred (NoSuchKey) when calling the GetObject operation: The specified key does not exist.
  774/3231: mp-972839
  775/3231: mp-977573
unable to access bucket: 'materialsproject-parsed' key: 'chgcars/mp-1424829.json.gz' version: None error: An error occurred (NoSuchKey) when calling the GetObject operation: The specified key does not exist.
  776/3231: mp-1068746
  777/3231: mp-1183210
unable to access bucket: 'materialsproject-parsed' key: 'chgcars/mp-1423265.json.gz' version: None error: An error occurred (NoSuchKey) when calling the GetObject operation: The specified key does not exist.
  778/3231: mp-10
  779/3231: mp-11476
  780/3231: mp-20309
  781/3231: mp-5827
  782/3231: mp-1183971
unable to access bucket: 'materialsproject-parsed' key: 'chgcars/mp-1414027.json.gz' version: None error: An error occurred (NoSuchKey) when calling the GetObject operation: The specified key does not exist.
  783/3231: mp-1094849
unable to access bucket: 'materialsproject-parsed' key: 'chgcars/mp-1427195.json.gz' version: None error: An error occurred (NoSuchKey) when calling the GetObject operation: The specified key does not exist.
  784/3231: mp-1183972
  785/3231: mp-1185308
  786/3231: mp-1186738
unable to access bucket: 'materialsproject-parsed' key: 'chgcars/mp-1769486.json.gz' version: None error: An error occurred (NoSuchKey) when calling the GetObject operation: The specified key does not exist.
  787/3231: mp-1009831
unable to access bucket: 'materialsproject-parsed' key: 'chgcars/mp-1432138.json.gz' version: None error: An error occurred (NoSuchKey) when calling the GetObject operation: The specified key does not exist.
  788/3231: mp-1187533
  789/3231: mp-2976
  790/3231: mp-975511
unable to access bucket: 'materialsproject-parsed' key: 'chgcars/mp-1421299.json.gz' version: None error: An error occurred (NoSuchKey) when calling the GetObject operation: The specified key does not exist.
  791/3231: mp-1008998
unable to access bucket: 'materialsproject-parsed' key: 'chgcars/mp-1425951.json.gz' version: None error: An error occurred (NoSuchKey) when calling the GetObject operation: The specified key does not exist.
  792/3231: mp-29676
unable to access bucket: 'materialsproject-parsed' key: 'chgcars/mp-1504151.json.gz' version: None error: An error occurred (NoSuchKey) when calling the GetObject operation: The specified key does not exist.
  793/3231: mp-5566
  794/3231: mp-981435
unable to access bucket: 'materialsproject-parsed' key: 'chgcars/mp-1392012.json.gz' version: None error: An error occurred (NoSuchKey) when calling the GetObject operation: The specified key does not exist.
  795/3231: mp-1185302
unable to access bucket: 'materialsproject-parsed' key: 'chgcars/mp-1431106.json.gz' version: None error: An error occurred (NoSuchKey) when calling the GetObject operation: The specified key does not exist.
  796/3231: mp-1079940
unable to access bucket: 'materialsproject-parsed' key: 'chgcars/mp-1404059.json.gz' version: None error: An error occurred (NoSuchKey) when calling the GetObject operation: The specified key does not exist.
  797/3231: mp-981209
  798/3231: mp-1187189
unable to access bucket: 'materialsproject-parsed' key: 'chgcars/mp-1418382.json.gz' version: None error: An error occurred (NoSuchKey) when calling the GetObject operation: The specified key does not exist.
  799/3231: mp-2525
unable to access bucket: 'materialsproject-parsed' key: 'chgcars/mp-1440100.json.gz' version: None error: An error occurred (NoSuchKey) when calling the GetObject operation: The specified key does not exist.
  800/3231: mp-1239170
unable to access bucket: 'materialsproject-parsed' key: 'chgcars/mp-1431149.json.gz' version: None error: An error occurred (NoSuchKey) when calling the GetObject operation: The specified key does not exist.
  801/3231: mp-1065783
unable to access bucket: 'materialsproject-parsed' key: 'chgcars/mp-1476176.json.gz' version: None error: An error occurred (NoSuchKey) when calling the GetObject operation: The specified key does not exist.
  802/3231: mp-975216
unable to access bucket: 'materialsproject-parsed' key: 'chgcars/mp-1429819.json.gz' version: None error: An error occurred (NoSuchKey) when calling the GetObject operation: The specified key does not exist.
  803/3231: mp-1016871
  804/3231: mp-1207083
  805/3231: mp-1099881
  806/3231: mp-10185
  807/3231: mp-985443
unable to access bucket: 'materialsproject-parsed' key: 'chgcars/mp-1437194.json.gz' version: None error: An error occurred (NoSuchKey) when calling the GetObject operation: The specified key does not exist.
  808/3231: mp-1206988
  809/3231: mp-1186997
  810/3231: mp-541365
  811/3231: mp-984723
unable to access bucket: 'materialsproject-parsed' key: 'chgcars/mp-1424747.json.gz' version: None error: An error occurred (NoSuchKey) when calling the GetObject operation: The specified key does not exist.
  812/3231: mp-1183995
  813/3231: mp-12793
  814/3231: mp-1102163
  815/3231: mp-2217
unable to access bucket: 'materialsproject-parsed' key: 'chgcars/mp-1439249.json.gz' version: None error: An error occurred (NoSuchKey) when calling the GetObject operation: The specified key does not exist.
  816/3231: mp-1013585
  817/3231: mp-2334
unable to access bucket: 'materialsproject-parsed' key: 'chgcars/mp-1442083.json.gz' version: None error: An error occurred (NoSuchKey) when calling the GetObject operation: The specified key does not exist.
  818/3231: mp-8039
  819/3231: mp-542584
unable to access bucket: 'materialsproject-parsed' key: 'chgcars/mp-1439518.json.gz' version: None error: An error occurred (NoSuchKey) when calling the GetObject operation: The specified key does not exist.
  820/3231: mp-1186796
unable to access bucket: 'materialsproject-parsed' key: 'chgcars/mp-1421162.json.gz' version: None error: An error occurred (NoSuchKey) when calling the GetObject operation: The specified key does not exist.
  821/3231: mp-1016904
  822/3231: mp-558749
unable to access bucket: 'materialsproject-parsed' key: 'chgcars/mp-1431003.json.gz' version: None error: An error occurred (NoSuchKey) when calling the GetObject operation: The specified key does not exist.
  823/3231: mp-1183793
unable to access bucket: 'materialsproject-parsed' key: 'chgcars/mp-1435117.json.gz' version: None error: An error occurred (NoSuchKey) when calling the GetObject operation: The specified key does not exist.
  824/3231: mp-1184232
  825/3231: mp-1187526
  826/3231: mp-214
  827/3231: mp-721
unable to access bucket: 'materialsproject-parsed' key: 'chgcars/mp-1442284.json.gz' version: None error: An error occurred (NoSuchKey) when calling the GetObject operation: The specified key does not exist.
  828/3231: mp-1094009
unable to access bucket: 'materialsproject-parsed' key: 'chgcars/mp-1442750.json.gz' version: None error: An error occurred (NoSuchKey) when calling the GetObject operation: The specified key does not exist.
  829/3231: mp-2465
unable to access bucket: 'materialsproject-parsed' key: 'chgcars/mp-1439227.json.gz' version: None error: An error occurred (NoSuchKey) when calling the GetObject operation: The specified key does not exist.
  830/3231: mp-1183678
unable to access bucket: 'materialsproject-parsed' key: 'chgcars/mp-1430826.json.gz' version: None error: An error occurred (NoSuchKey) when calling the GetObject operation: The specified key does not exist.
  831/3231: mp-1016842
unable to access bucket: 'materialsproject-parsed' key: 'chgcars/mp-1422557.json.gz' version: None error: An error occurred (NoSuchKey) when calling the GetObject operation: The specified key does not exist.
  832/3231: mp-978504
unable to access bucket: 'materialsproject-parsed' key: 'chgcars/mp-1417819.json.gz' version: None error: An error occurred (NoSuchKey) when calling the GetObject operation: The specified key does not exist.
  833/3231: mp-974734
unable to access bucket: 'materialsproject-parsed' key: 'chgcars/mp-1436736.json.gz' version: None error: An error occurred (NoSuchKey) when calling the GetObject operation: The specified key does not exist.
  834/3231: mp-1247483
  835/3231: mp-974834
unable to access bucket: 'materialsproject-parsed' key: 'chgcars/mp-1431291.json.gz' version: None error: An error occurred (NoSuchKey) when calling the GetObject operation: The specified key does not exist.
  836/3231: mp-10037
unable to access bucket: 'materialsproject-parsed' key: 'chgcars/mp-1438033.json.gz' version: None error: An error occurred (NoSuchKey) when calling the GetObject operation: The specified key does not exist.
  837/3231: mp-1187479
unable to access bucket: 'materialsproject-parsed' key: 'chgcars/mp-1427144.json.gz' version: None error: An error occurred (NoSuchKey) when calling the GetObject operation: The specified key does not exist.
  838/3231: mp-30741
unable to access bucket: 'materialsproject-parsed' key: 'chgcars/mp-1441256.json.gz' version: None error: An error occurred (NoSuchKey) when calling the GetObject operation: The specified key does not exist.
  839/3231: mp-1013551
  840/3231: mp-11471
  841/3231: mp-978949
  842/3231: mp-10356
  843/3231: mp-975380
unable to access bucket: 'materialsproject-parsed' key: 'chgcars/mp-1419816.json.gz' version: None error: An error occurred (NoSuchKey) when calling the GetObject operation: The specified key does not exist.
  844/3231: mp-1040469
unable to access bucket: 'materialsproject-parsed' key: 'chgcars/mp-1416070.json.gz' version: None error: An error occurred (NoSuchKey) when calling the GetObject operation: The specified key does not exist.
  845/3231: mp-867189
  846/3231: mp-1207135
unable to access bucket: 'materialsproject-parsed' key: 'chgcars/mp-1411264.json.gz' version: None error: An error occurred (NoSuchKey) when calling the GetObject operation: The specified key does not exist.
  847/3231: mp-1421498
unable to access bucket: 'materialsproject-parsed' key: 'chgcars/mp-1421498.json.gz' version: None error: An error occurred (NoSuchKey) when calling the GetObject operation: The specified key does not exist.
  848/3231: mp-1186552
unable to access bucket: 'materialsproject-parsed' key: 'chgcars/mp-1393908.json.gz' version: None error: An error occurred (NoSuchKey) when calling the GetObject operation: The specified key does not exist.
  849/3231: mp-1212609
  850/3231: mp-9060
  851/3231: mp-1001913
unable to access bucket: 'materialsproject-parsed' key: 'chgcars/mp-1427789.json.gz' version: None error: An error occurred (NoSuchKey) when calling the GetObject operation: The specified key does not exist.
  852/3231: mp-2283
  853/3231: mp-1183932
unable to access bucket: 'materialsproject-parsed' key: 'chgcars/mp-1400219.json.gz' version: None error: An error occurred (NoSuchKey) when calling the GetObject operation: The specified key does not exist.
  854/3231: mp-21430
  855/3231: mp-1183945
  856/3231: mp-1184544
unable to access bucket: 'materialsproject-parsed' key: 'chgcars/mp-1384420.json.gz' version: None error: An error occurred (NoSuchKey) when calling the GetObject operation: The specified key does not exist.
  857/3231: mp-558189
  858/3231: mp-2667
  859/3231: mp-1183415
unable to access bucket: 'materialsproject-parsed' key: 'chgcars/mp-1434231.json.gz' version: None error: An error occurred (NoSuchKey) when calling the GetObject operation: The specified key does not exist.
  860/3231: mp-1186380
  861/3231: mp-1183997
unable to access bucket: 'materialsproject-parsed' key: 'chgcars/mp-1407198.json.gz' version: None error: An error occurred (NoSuchKey) when calling the GetObject operation: The specified key does not exist.
  862/3231: mp-13819
unable to access bucket: 'materialsproject-parsed' key: 'chgcars/mp-1440494.json.gz' version: None error: An error occurred (NoSuchKey) when calling the GetObject operation: The specified key does not exist.
  863/3231: mp-1017591
  864/3231: mp-1206912
  865/3231: mp-1183284
  866/3231: mp-19749
  867/3231: mp-975611
unable to access bucket: 'materialsproject-parsed' key: 'chgcars/mp-1415865.json.gz' version: None error: An error occurred (NoSuchKey) when calling the GetObject operation: The specified key does not exist.
  868/3231: mp-3105
  869/3231: mp-974779
unable to access bucket: 'materialsproject-parsed' key: 'chgcars/mp-1402234.json.gz' version: None error: An error occurred (NoSuchKey) when calling the GetObject operation: The specified key does not exist.
  870/3231: mp-12660
unable to access bucket: 'materialsproject-parsed' key: 'chgcars/mp-1416086.json.gz' version: None error: An error occurred (NoSuchKey) when calling the GetObject operation: The specified key does not exist.
  871/3231: mp-975333
  872/3231: mp-1099250
  873/3231: mp-1169
unable to access bucket: 'materialsproject-parsed' key: 'chgcars/mp-1440337.json.gz' version: None error: An error occurred (NoSuchKey) when calling the GetObject operation: The specified key does not exist.
  874/3231: mp-12661
  875/3231: mp-1183994
unable to access bucket: 'materialsproject-parsed' key: 'chgcars/mp-1443825.json.gz' version: None error: An error occurred (NoSuchKey) when calling the GetObject operation: The specified key does not exist.
  876/3231: mp-21031
  877/3231: mp-1395974
unable to access bucket: 'materialsproject-parsed' key: 'chgcars/mp-1395974.json.gz' version: None error: An error occurred (NoSuchKey) when calling the GetObject operation: The specified key does not exist.
  878/3231: mp-1094857
  879/3231: mp-21005
  880/3231: mp-1038934
unable to access bucket: 'materialsproject-parsed' key: 'chgcars/mp-1433403.json.gz' version: None error: An error occurred (NoSuchKey) when calling the GetObject operation: The specified key does not exist.
  881/3231: mp-1183314
unable to access bucket: 'materialsproject-parsed' key: 'chgcars/mp-1396675.json.gz' version: None error: An error occurred (NoSuchKey) when calling the GetObject operation: The specified key does not exist.
  882/3231: mp-1013549
unable to access bucket: 'materialsproject-parsed' key: 'chgcars/mp-1384459.json.gz' version: None error: An error occurred (NoSuchKey) when calling the GetObject operation: The specified key does not exist.
  883/3231: mp-510380
  884/3231: mp-1186970
unable to access bucket: 'materialsproject-parsed' key: 'chgcars/mp-1426198.json.gz' version: None error: An error occurred (NoSuchKey) when calling the GetObject operation: The specified key does not exist.
  885/3231: mp-865424
unable to access bucket: 'materialsproject-parsed' key: 'chgcars/mp-1386372.json.gz' version: None error: An error occurred (NoSuchKey) when calling the GetObject operation: The specified key does not exist.
  886/3231: mp-972502
  887/3231: mp-980082
unable to access bucket: 'materialsproject-parsed' key: 'chgcars/mp-1446046.json.gz' version: None error: An error occurred (NoSuchKey) when calling the GetObject operation: The specified key does not exist.
  888/3231: mp-569593
unable to access bucket: 'materialsproject-parsed' key: 'chgcars/mp-1419518.json.gz' version: None error: An error occurred (NoSuchKey) when calling the GetObject operation: The specified key does not exist.
  889/3231: mp-1185552
unable to access bucket: 'materialsproject-parsed' key: 'chgcars/mp-1413960.json.gz' version: None error: An error occurred (NoSuchKey) when calling the GetObject operation: The specified key does not exist.
  890/3231: mp-19778
unable to access bucket: 'materialsproject-parsed' key: 'chgcars/mp-1392016.json.gz' version: None error: An error occurred (NoSuchKey) when calling the GetObject operation: The specified key does not exist.
  891/3231: mp-1147682
  892/3231: mp-997589
  893/3231: mp-981390
  894/3231: mp-1096836
  895/3231: mp-510624
  896/3231: mp-980001
  897/3231: mp-570290
  898/3231: mp-1185996
  899/3231: mp-10684
unable to access bucket: 'materialsproject-parsed' key: 'chgcars/mp-1439605.json.gz' version: None error: An error occurred (NoSuchKey) when calling the GetObject operation: The specified key does not exist.
  900/3231: mp-1183194
unable to access bucket: 'materialsproject-parsed' key: 'chgcars/mp-1416833.json.gz' version: None error: An error occurred (NoSuchKey) when calling the GetObject operation: The specified key does not exist.
  901/3231: mp-1020590
  902/3231: mp-984722
  903/3231: mp-1184948
unable to access bucket: 'materialsproject-parsed' key: 'chgcars/mp-1414357.json.gz' version: None error: An error occurred (NoSuchKey) when calling the GetObject operation: The specified key does not exist.
  904/3231: mp-11554
  905/3231: mp-505628
  906/3231: mp-22784
  907/3231: mp-28602
unable to access bucket: 'materialsproject-parsed' key: 'chgcars/mp-1415209.json.gz' version: None error: An error occurred (NoSuchKey) when calling the GetObject operation: The specified key does not exist.
  908/3231: mp-1184844
  909/3231: mp-1184987
  910/3231: mp-1432347
unable to access bucket: 'materialsproject-parsed' key: 'chgcars/mp-1432347.json.gz' version: None error: An error occurred (NoSuchKey) when calling the GetObject operation: The specified key does not exist.
  911/3231: mp-21022
  912/3231: mp-1183414
  913/3231: mp-1185429
unable to access bucket: 'materialsproject-parsed' key: 'chgcars/mp-1410957.json.gz' version: None error: An error occurred (NoSuchKey) when calling the GetObject operation: The specified key does not exist.
  914/3231: mp-2818
unable to access bucket: 'materialsproject-parsed' key: 'chgcars/mp-1439938.json.gz' version: None error: An error occurred (NoSuchKey) when calling the GetObject operation: The specified key does not exist.
  915/3231: mp-2642
unable to access bucket: 'materialsproject-parsed' key: 'chgcars/mp-1442349.json.gz' version: None error: An error occurred (NoSuchKey) when calling the GetObject operation: The specified key does not exist.
  916/3231: mp-971720
unable to access bucket: 'materialsproject-parsed' key: 'chgcars/mp-1423520.json.gz' version: None error: An error occurred (NoSuchKey) when calling the GetObject operation: The specified key does not exist.
  917/3231: mp-1211584
  918/3231: mp-20486
  919/3231: mp-1094052
unable to access bucket: 'materialsproject-parsed' key: 'chgcars/mp-1423615.json.gz' version: None error: An error occurred (NoSuchKey) when calling the GetObject operation: The specified key does not exist.
  920/3231: mp-1247635
  921/3231: mp-999188
unable to access bucket: 'materialsproject-parsed' key: 'chgcars/mp-1422590.json.gz' version: None error: An error occurred (NoSuchKey) when calling the GetObject operation: The specified key does not exist.
  922/3231: mp-1187498
unable to access bucket: 'materialsproject-parsed' key: 'chgcars/mp-1418824.json.gz' version: None error: An error occurred (NoSuchKey) when calling the GetObject operation: The specified key does not exist.
  923/3231: mp-510400
  924/3231: mp-133
unable to access bucket: 'materialsproject-parsed' key: 'chgcars/mp-1440854.json.gz' version: None error: An error occurred (NoSuchKey) when calling the GetObject operation: The specified key does not exist.
  925/3231: mp-11568
  926/3231: mp-20796
  927/3231: mp-1184963
unable to access bucket: 'materialsproject-parsed' key: 'chgcars/mp-1398458.json.gz' version: None error: An error occurred (NoSuchKey) when calling the GetObject operation: The specified key does not exist.
  928/3231: mp-1183062
  929/3231: mp-983564
  930/3231: mp-1261
unable to access bucket: 'materialsproject-parsed' key: 'chgcars/mp-1439108.json.gz' version: None error: An error occurred (NoSuchKey) when calling the GetObject operation: The specified key does not exist.
  931/3231: mp-571
  932/3231: mp-1001788
  933/3231: mp-978503
  934/3231: mp-1017580
  935/3231: mp-1021668
  936/3231: mp-1183418
  937/3231: mp-1183729
  938/3231: mp-973269
unable to access bucket: 'materialsproject-parsed' key: 'chgcars/mp-1423442.json.gz' version: None error: An error occurred (NoSuchKey) when calling the GetObject operation: The specified key does not exist.
  939/3231: mp-1147577
  940/3231: mp-1207995
  941/3231: mp-11457
unable to access bucket: 'materialsproject-parsed' key: 'chgcars/mp-1439163.json.gz' version: None error: An error occurred (NoSuchKey) when calling the GetObject operation: The specified key does not exist.
  942/3231: mp-1187736
  943/3231: mp-975394
  944/3231: mp-1099254
unable to access bucket: 'materialsproject-parsed' key: 'chgcars/mp-1408753.json.gz' version: None error: An error occurred (NoSuchKey) when calling the GetObject operation: The specified key does not exist.
  945/3231: mp-12981
unable to access bucket: 'materialsproject-parsed' key: 'chgcars/mp-1423272.json.gz' version: None error: An error occurred (NoSuchKey) when calling the GetObject operation: The specified key does not exist.
  946/3231: mp-1187595
  947/3231: mp-978494
  948/3231: mp-568042
  949/3231: mp-1184682
unable to access bucket: 'materialsproject-parsed' key: 'chgcars/mp-1428778.json.gz' version: None error: An error occurred (NoSuchKey) when calling the GetObject operation: The specified key does not exist.
  950/3231: mp-1076820
unable to access bucket: 'materialsproject-parsed' key: 'chgcars/mp-1418143.json.gz' version: None error: An error occurred (NoSuchKey) when calling the GetObject operation: The specified key does not exist.
  951/3231: mp-1184331
unable to access bucket: 'materialsproject-parsed' key: 'chgcars/mp-1431378.json.gz' version: None error: An error occurred (NoSuchKey) when calling the GetObject operation: The specified key does not exist.
  952/3231: mp-1209203
unable to access bucket: 'materialsproject-parsed' key: 'chgcars/mp-1404737.json.gz' version: None error: An error occurred (NoSuchKey) when calling the GetObject operation: The specified key does not exist.
  953/3231: mp-2391
  954/3231: mp-1183626
unable to access bucket: 'materialsproject-parsed' key: 'chgcars/mp-1432750.json.gz' version: None error: An error occurred (NoSuchKey) when calling the GetObject operation: The specified key does not exist.
  955/3231: mp-1183543
  956/3231: mp-10271
unable to access bucket: 'materialsproject-parsed' key: 'chgcars/mp-1438084.json.gz' version: None error: An error occurred (NoSuchKey) when calling the GetObject operation: The specified key does not exist.
  957/3231: mp-1066774
  958/3231: mp-976588
unable to access bucket: 'materialsproject-parsed' key: 'chgcars/mp-1392774.json.gz' version: None error: An error occurred (NoSuchKey) when calling the GetObject operation: The specified key does not exist.
  959/3231: mp-1183701
  960/3231: mp-8399
  961/3231: mp-976254
unable to access bucket: 'materialsproject-parsed' key: 'chgcars/mp-1504078.json.gz' version: None error: An error occurred (NoSuchKey) when calling the GetObject operation: The specified key does not exist.
  962/3231: mp-1186118
unable to access bucket: 'materialsproject-parsed' key: 'chgcars/mp-1395475.json.gz' version: None error: An error occurred (NoSuchKey) when calling the GetObject operation: The specified key does not exist.
  963/3231: mp-1013584
  964/3231: mp-12594
  965/3231: mp-1213829
  966/3231: mp-1184204
  967/3231: mp-19881
unable to access bucket: 'materialsproject-parsed' key: 'chgcars/mp-1417596.json.gz' version: None error: An error occurred (NoSuchKey) when calling the GetObject operation: The specified key does not exist.
  968/3231: mp-1187102
  969/3231: mp-1183334
  970/3231: mp-998365
  971/3231: mp-10040
  972/3231: mp-10175
unable to access bucket: 'materialsproject-parsed' key: 'chgcars/mp-1476114.json.gz' version: None error: An error occurred (NoSuchKey) when calling the GetObject operation: The specified key does not exist.
  973/3231: mp-1183771
unable to access bucket: 'materialsproject-parsed' key: 'chgcars/mp-1413269.json.gz' version: None error: An error occurred (NoSuchKey) when calling the GetObject operation: The specified key does not exist.
  974/3231: mp-1184901
unable to access bucket: 'materialsproject-parsed' key: 'chgcars/mp-1403719.json.gz' version: None error: An error occurred (NoSuchKey) when calling the GetObject operation: The specified key does not exist.
  975/3231: mp-1187067
  976/3231: mp-447
unable to access bucket: 'materialsproject-parsed' key: 'chgcars/mp-1439013.json.gz' version: None error: An error occurred (NoSuchKey) when calling the GetObject operation: The specified key does not exist.
  977/3231: mp-1094855
  978/3231: mp-1187484
unable to access bucket: 'materialsproject-parsed' key: 'chgcars/mp-1391552.json.gz' version: None error: An error occurred (NoSuchKey) when calling the GetObject operation: The specified key does not exist.
  979/3231: mp-1184401
unable to access bucket: 'materialsproject-parsed' key: 'chgcars/mp-1409325.json.gz' version: None error: An error occurred (NoSuchKey) when calling the GetObject operation: The specified key does not exist.
  980/3231: mp-1186881
unable to access bucket: 'materialsproject-parsed' key: 'chgcars/mp-1388340.json.gz' version: None error: An error occurred (NoSuchKey) when calling the GetObject operation: The specified key does not exist.
  981/3231: mp-1187745
  982/3231: mp-1016881
  983/3231: mp-1183698
  984/3231: mp-1206414
unable to access bucket: 'materialsproject-parsed' key: 'chgcars/mp-1411420.json.gz' version: None error: An error occurred (NoSuchKey) when calling the GetObject operation: The specified key does not exist.
  985/3231: mp-3846
unable to access bucket: 'materialsproject-parsed' key: 'chgcars/mp-1413025.json.gz' version: None error: An error occurred (NoSuchKey) when calling the GetObject operation: The specified key does not exist.
  986/3231: mp-603251
  987/3231: mp-1187043
unable to access bucket: 'materialsproject-parsed' key: 'chgcars/mp-1396905.json.gz' version: None error: An error occurred (NoSuchKey) when calling the GetObject operation: The specified key does not exist.
  988/3231: mp-8397
  989/3231: mp-1213036
  990/3231: mp-1075933
  991/3231: mp-1016938
unable to access bucket: 'materialsproject-parsed' key: 'chgcars/mp-1419812.json.gz' version: None error: An error occurred (NoSuchKey) when calling the GetObject operation: The specified key does not exist.
  992/3231: mp-1183140
unable to access bucket: 'materialsproject-parsed' key: 'chgcars/mp-1426116.json.gz' version: None error: An error occurred (NoSuchKey) when calling the GetObject operation: The specified key does not exist.
  993/3231: mp-953
  994/3231: mp-20999
  995/3231: mp-1017529
  996/3231: mp-11313
unable to access bucket: 'materialsproject-parsed' key: 'chgcars/mp-1438129.json.gz' version: None error: An error occurred (NoSuchKey) when calling the GetObject operation: The specified key does not exist.
  997/3231: mp-21482
  998/3231: mp-1183043
  999/3231: mp-1187191
  1000/3231: mp-1027
unable to access bucket: 'materialsproject-parsed' key: 'chgcars/mp-1439760.json.gz' version: None error: An error occurred (NoSuchKey) when calling the GetObject operation: The specified key does not exist.
  1001/3231: mp-975439
unable to access bucket: 'materialsproject-parsed' key: 'chgcars/mp-1433937.json.gz' version: None error: An error occurred (NoSuchKey) when calling the GetObject operation: The specified key does not exist.
  1002/3231: mp-11541
  1003/3231: mp-23289
  1004/3231: mp-1009019
  1005/3231: mp-753781
  1006/3231: mp-1184162
unable to access bucket: 'materialsproject-parsed' key: 'chgcars/mp-1425821.json.gz' version: None error: An error occurred (NoSuchKey) when calling the GetObject operation: The specified key does not exist.
  1007/3231: mp-1058159
  1008/3231: mp-1183476
unable to access bucket: 'materialsproject-parsed' key: 'chgcars/mp-1437063.json.gz' version: None error: An error occurred (NoSuchKey) when calling the GetObject operation: The specified key does not exist.
  1009/3231: mp-1224432
unable to access bucket: 'materialsproject-parsed' key: 'chgcars/mp-1387429.json.gz' version: None error: An error occurred (NoSuchKey) when calling the GetObject operation: The specified key does not exist.
  1010/3231: mp-972058
unable to access bucket: 'materialsproject-parsed' key: 'chgcars/mp-1419797.json.gz' version: None error: An error occurred (NoSuchKey) when calling the GetObject operation: The specified key does not exist.
  1011/3231: mp-1207075
  1012/3231: mp-999298
unable to access bucket: 'materialsproject-parsed' key: 'chgcars/mp-1413973.json.gz' version: None error: An error occurred (NoSuchKey) when calling the GetObject operation: The specified key does not exist.
  1013/3231: mp-2060
unable to access bucket: 'materialsproject-parsed' key: 'chgcars/mp-1476156.json.gz' version: None error: An error occurred (NoSuchKey) when calling the GetObject operation: The specified key does not exist.
  1014/3231: mp-1013559
unable to access bucket: 'materialsproject-parsed' key: 'chgcars/mp-1405839.json.gz' version: None error: An error occurred (NoSuchKey) when calling the GetObject operation: The specified key does not exist.
  1015/3231: mp-535
  1016/3231: mp-580539
unable to access bucket: 'materialsproject-parsed' key: 'chgcars/mp-1414839.json.gz' version: None error: An error occurred (NoSuchKey) when calling the GetObject operation: The specified key does not exist.
  1017/3231: mp-1044
unable to access bucket: 'materialsproject-parsed' key: 'chgcars/mp-1300857.json.gz' version: None error: An error occurred (NoSuchKey) when calling the GetObject operation: The specified key does not exist.
  1018/3231: mp-974799
  1019/3231: mp-1006884
unable to access bucket: 'materialsproject-parsed' key: 'chgcars/mp-1418870.json.gz' version: None error: An error occurred (NoSuchKey) when calling the GetObject operation: The specified key does not exist.
  1020/3231: mp-1211589
unable to access bucket: 'materialsproject-parsed' key: 'chgcars/mp-1411204.json.gz' version: None error: An error occurred (NoSuchKey) when calling the GetObject operation: The specified key does not exist.
  1021/3231: mp-1187053
unable to access bucket: 'materialsproject-parsed' key: 'chgcars/mp-1773129.json.gz' version: None error: An error occurred (NoSuchKey) when calling the GetObject operation: The specified key does not exist.
  1022/3231: mp-1013737
  1023/3231: mp-570231
  1024/3231: mp-10607
  1025/3231: mp-1187321
unable to access bucket: 'materialsproject-parsed' key: 'chgcars/mp-1434655.json.gz' version: None error: An error occurred (NoSuchKey) when calling the GetObject operation: The specified key does not exist.
  1026/3231: mp-1187483
  1027/3231: mp-983604
unable to access bucket: 'materialsproject-parsed' key: 'chgcars/mp-1431682.json.gz' version: None error: An error occurred (NoSuchKey) when calling the GetObject operation: The specified key does not exist.
  1028/3231: mp-1184845
  1029/3231: mp-1183914
  1030/3231: mp-1206590
  1031/3231: mp-1183170
  1032/3231: mp-1187953
unable to access bucket: 'materialsproject-parsed' key: 'chgcars/mp-1384927.json.gz' version: None error: An error occurred (NoSuchKey) when calling the GetObject operation: The specified key does not exist.
  1033/3231: mp-1186164
unable to access bucket: 'materialsproject-parsed' key: 'chgcars/mp-1395610.json.gz' version: None error: An error occurred (NoSuchKey) when calling the GetObject operation: The specified key does not exist.
  1034/3231: mp-1013704
  1035/3231: mp-1094990
unable to access bucket: 'materialsproject-parsed' key: 'chgcars/mp-1427549.json.gz' version: None error: An error occurred (NoSuchKey) when calling the GetObject operation: The specified key does not exist.
  1036/3231: mp-20939
unable to access bucket: 'materialsproject-parsed' key: 'chgcars/mp-1441706.json.gz' version: None error: An error occurred (NoSuchKey) when calling the GetObject operation: The specified key does not exist.
  1037/3231: mp-1009207
  1038/3231: mp-615
  1039/3231: mp-1129
unable to access bucket: 'materialsproject-parsed' key: 'chgcars/mp-1440270.json.gz' version: None error: An error occurred (NoSuchKey) when calling the GetObject operation: The specified key does not exist.
  1040/3231: mp-19716
  1041/3231: mp-865322
unable to access bucket: 'materialsproject-parsed' key: 'chgcars/mp-1388351.json.gz' version: None error: An error occurred (NoSuchKey) when calling the GetObject operation: The specified key does not exist.
  1042/3231: mp-19836
unable to access bucket: 'materialsproject-parsed' key: 'chgcars/mp-1413432.json.gz' version: None error: An error occurred (NoSuchKey) when calling the GetObject operation: The specified key does not exist.
  1043/3231: mp-1198736
  1044/3231: mp-22906
  1045/3231: mp-1185790
unable to access bucket: 'materialsproject-parsed' key: 'chgcars/mp-1419827.json.gz' version: None error: An error occurred (NoSuchKey) when calling the GetObject operation: The specified key does not exist.
  1046/3231: mp-1059
  1047/3231: mp-865218
unable to access bucket: 'materialsproject-parsed' key: 'chgcars/mp-1433588.json.gz' version: None error: An error occurred (NoSuchKey) when calling the GetObject operation: The specified key does not exist.
  1048/3231: mp-22266
  1049/3231: mp-998173
  1050/3231: mp-12083
unable to access bucket: 'materialsproject-parsed' key: 'chgcars/mp-1660007.json.gz' version: None error: An error occurred (NoSuchKey) when calling the GetObject operation: The specified key does not exist.
  1051/3231: mp-1183980
  1052/3231: mp-1099923
  1053/3231: mp-1013530
  1054/3231: mp-1185941
  1055/3231: mp-1185417
  1056/3231: mp-11290
  1057/3231: mp-1009007
  1058/3231: mp-1184953
  1059/3231: mp-1184309
  1060/3231: mp-1183403
  1061/3231: mp-1206767
  1062/3231: mp-999446
  1063/3231: mp-632319
  1064/3231: mp-1008630
  1065/3231: mp-1183422
  1066/3231: mp-1009537
  1067/3231: mp-1206401
unable to access bucket: 'materialsproject-parsed' key: 'chgcars/mp-1413636.json.gz' version: None error: An error occurred (NoSuchKey) when calling the GetObject operation: The specified key does not exist.
  1068/3231: mp-636273
  1069/3231: mp-1183939
unable to access bucket: 'materialsproject-parsed' key: 'chgcars/mp-1397166.json.gz' version: None error: An error occurred (NoSuchKey) when calling the GetObject operation: The specified key does not exist.
  1070/3231: mp-1016227
unable to access bucket: 'materialsproject-parsed' key: 'chgcars/mp-1402475.json.gz' version: None error: An error occurred (NoSuchKey) when calling the GetObject operation: The specified key does not exist.
  1071/3231: mp-1184168
  1072/3231: mp-974948
unable to access bucket: 'materialsproject-parsed' key: 'chgcars/mp-1389053.json.gz' version: None error: An error occurred (NoSuchKey) when calling the GetObject operation: The specified key does not exist.
  1073/3231: mp-1018061
  1074/3231: mp-1187621
  1075/3231: mp-30785
  1076/3231: mp-20821
  1077/3231: mp-862863
  1078/3231: mp-976319
  1079/3231: mp-1183139
  1080/3231: mp-922
unable to access bucket: 'materialsproject-parsed' key: 'chgcars/mp-1437705.json.gz' version: None error: An error occurred (NoSuchKey) when calling the GetObject operation: The specified key does not exist.
  1081/3231: mp-567703
unable to access bucket: 'materialsproject-parsed' key: 'chgcars/mp-1438347.json.gz' version: None error: An error occurred (NoSuchKey) when calling the GetObject operation: The specified key does not exist.
  1082/3231: mp-974842
unable to access bucket: 'materialsproject-parsed' key: 'chgcars/mp-1428267.json.gz' version: None error: An error occurred (NoSuchKey) when calling the GetObject operation: The specified key does not exist.
  1083/3231: mp-11569
  1084/3231: mp-974866
  1085/3231: mp-975382
unable to access bucket: 'materialsproject-parsed' key: 'chgcars/mp-1401188.json.gz' version: None error: An error occurred (NoSuchKey) when calling the GetObject operation: The specified key does not exist.
  1086/3231: mp-1070599
  1087/3231: mp-1206894
  1088/3231: mp-1099668
unable to access bucket: 'materialsproject-parsed' key: 'chgcars/mp-1433422.json.gz' version: None error: An error occurred (NoSuchKey) when calling the GetObject operation: The specified key does not exist.
  1089/3231: mp-1094922
unable to access bucket: 'materialsproject-parsed' key: 'chgcars/mp-1436861.json.gz' version: None error: An error occurred (NoSuchKey) when calling the GetObject operation: The specified key does not exist.
  1090/3231: mp-1009459
unable to access bucket: 'materialsproject-parsed' key: 'chgcars/mp-1427042.json.gz' version: None error: An error occurred (NoSuchKey) when calling the GetObject operation: The specified key does not exist.
  1091/3231: mp-1186216
  1092/3231: mp-20555
  1093/3231: mp-1912
  1094/3231: mp-1185666
  1095/3231: mp-20325
  1096/3231: mp-527
unable to access bucket: 'materialsproject-parsed' key: 'chgcars/mp-1439903.json.gz' version: None error: An error occurred (NoSuchKey) when calling the GetObject operation: The specified key does not exist.
  1097/3231: mp-21197
unable to access bucket: 'materialsproject-parsed' key: 'chgcars/mp-1439526.json.gz' version: None error: An error occurred (NoSuchKey) when calling the GetObject operation: The specified key does not exist.
  1098/3231: mp-980014
unable to access bucket: 'materialsproject-parsed' key: 'chgcars/mp-1391570.json.gz' version: None error: An error occurred (NoSuchKey) when calling the GetObject operation: The specified key does not exist.
  1099/3231: mp-1228663
  1100/3231: mp-4126
unable to access bucket: 'materialsproject-parsed' key: 'chgcars/mp-1412911.json.gz' version: None error: An error occurred (NoSuchKey) when calling the GetObject operation: The specified key does not exist.
  1101/3231: mp-12572
  1102/3231: mp-1068786
  1103/3231: mp-2197
unable to access bucket: 'materialsproject-parsed' key: 'chgcars/mp-1439541.json.gz' version: None error: An error occurred (NoSuchKey) when calling the GetObject operation: The specified key does not exist.
  1104/3231: mp-29342
  1105/3231: mp-1207172
  1106/3231: mp-1017566
  1107/3231: mp-1007730
unable to access bucket: 'materialsproject-parsed' key: 'chgcars/mp-1415319.json.gz' version: None error: An error occurred (NoSuchKey) when calling the GetObject operation: The specified key does not exist.
  1108/3231: mp-1013544
  1109/3231: mp-510377
  1110/3231: mp-571330
  1111/3231: mp-1183449
  1112/3231: mp-510382
unable to access bucket: 'materialsproject-parsed' key: 'chgcars/mp-1406278.json.gz' version: None error: An error occurred (NoSuchKey) when calling the GetObject operation: The specified key does not exist.
  1113/3231: mp-1185080
  1114/3231: mp-1186320
unable to access bucket: 'materialsproject-parsed' key: 'chgcars/mp-1436908.json.gz' version: None error: An error occurred (NoSuchKey) when calling the GetObject operation: The specified key does not exist.
  1115/3231: mp-973342
  1116/3231: mp-1184984
  1117/3231: mp-1184469
unable to access bucket: 'materialsproject-parsed' key: 'chgcars/mp-1384627.json.gz' version: None error: An error occurred (NoSuchKey) when calling the GetObject operation: The specified key does not exist.
  1118/3231: mp-30845
  1119/3231: mp-982040
unable to access bucket: 'materialsproject-parsed' key: 'chgcars/mp-1431172.json.gz' version: None error: An error occurred (NoSuchKey) when calling the GetObject operation: The specified key does not exist.
  1120/3231: mp-1185122
  1121/3231: mp-2636
unable to access bucket: 'materialsproject-parsed' key: 'chgcars/mp-1440555.json.gz' version: None error: An error occurred (NoSuchKey) when calling the GetObject operation: The specified key does not exist.
  1122/3231: mp-8368
unable to access bucket: 'materialsproject-parsed' key: 'chgcars/mp-1419611.json.gz' version: None error: An error occurred (NoSuchKey) when calling the GetObject operation: The specified key does not exist.
  1123/3231: mp-984745
  1124/3231: mp-1184639
  1125/3231: mp-571458
  1126/3231: mp-20922
  1127/3231: mp-1424898
unable to access bucket: 'materialsproject-parsed' key: 'chgcars/mp-1424898.json.gz' version: None error: An error occurred (NoSuchKey) when calling the GetObject operation: The specified key does not exist.
  1128/3231: mp-866030
  1129/3231: mp-1420858
  1130/3231: mp-1094967
  1131/3231: mp-7143
  1132/3231: mp-1184220
  1133/3231: mp-8578
  1134/3231: mp-1186101
  1135/3231: mp-1064000
  1136/3231: mp-1199
  1137/3231: mp-1185105
  1138/3231: mp-4563
  1139/3231: mp-982
unable to access bucket: 'materialsproject-parsed' key: 'chgcars/mp-1440103.json.gz' version: None error: An error occurred (NoSuchKey) when calling the GetObject operation: The specified key does not exist.
  1140/3231: mp-435
unable to access bucket: 'materialsproject-parsed' key: 'chgcars/mp-1437678.json.gz' version: None error: An error occurred (NoSuchKey) when calling the GetObject operation: The specified key does not exist.
  1141/3231: mp-1187183
  1142/3231: mp-1186225
  1143/3231: mp-9960
  1144/3231: mp-569125
  1145/3231: mp-977275
  1146/3231: mp-1076534
  1147/3231: mp-1187338
unable to access bucket: 'materialsproject-parsed' key: 'chgcars/mp-1386303.json.gz' version: None error: An error occurred (NoSuchKey) when calling the GetObject operation: The specified key does not exist.
  1148/3231: mp-1075973
  1149/3231: mp-976722
  1150/3231: mp-1421511
unable to access bucket: 'materialsproject-parsed' key: 'chgcars/mp-1421511.json.gz' version: None error: An error occurred (NoSuchKey) when calling the GetObject operation: The specified key does not exist.
  1151/3231: mp-1533
unable to access bucket: 'materialsproject-parsed' key: 'chgcars/mp-1475995.json.gz' version: None error: An error occurred (NoSuchKey) when calling the GetObject operation: The specified key does not exist.
  1152/3231: mp-16732
  1153/3231: mp-31157
unable to access bucket: 'materialsproject-parsed' key: 'chgcars/mp-1432824.json.gz' version: None error: An error occurred (NoSuchKey) when calling the GetObject operation: The specified key does not exist.
  1154/3231: mp-10609
  1155/3231: mp-2516
  1156/3231: mp-976923
unable to access bucket: 'materialsproject-parsed' key: 'chgcars/mp-1415950.json.gz' version: None error: An error occurred (NoSuchKey) when calling the GetObject operation: The specified key does not exist.
  1157/3231: mp-20679
unable to access bucket: 'materialsproject-parsed' key: 'chgcars/mp-1438202.json.gz' version: None error: An error occurred (NoSuchKey) when calling the GetObject operation: The specified key does not exist.
  1158/3231: mp-20702
  1159/3231: mp-21854
  1160/3231: mp-1187260
unable to access bucket: 'materialsproject-parsed' key: 'chgcars/mp-1433400.json.gz' version: None error: An error occurred (NoSuchKey) when calling the GetObject operation: The specified key does not exist.
  1161/3231: mp-1016825
unable to access bucket: 'materialsproject-parsed' key: 'chgcars/mp-1421364.json.gz' version: None error: An error occurred (NoSuchKey) when calling the GetObject operation: The specified key does not exist.
  1162/3231: mp-22593
  1163/3231: mp-1185002
  1164/3231: mp-1395
unable to access bucket: 'materialsproject-parsed' key: 'chgcars/mp-1442257.json.gz' version: None error: An error occurred (NoSuchKey) when calling the GetObject operation: The specified key does not exist.
  1165/3231: mp-915
  1166/3231: mp-974060
  1167/3231: mp-1187214
unable to access bucket: 'materialsproject-parsed' key: 'chgcars/mp-1430926.json.gz' version: None error: An error occurred (NoSuchKey) when calling the GetObject operation: The specified key does not exist.
  1168/3231: mp-1206516
  1169/3231: mp-22915
  1170/3231: mp-569875
  1171/3231: mp-526
  1172/3231: mp-1183287
  1173/3231: mp-542569
  1174/3231: mp-579496
unable to access bucket: 'materialsproject-parsed' key: 'chgcars/mp-1412918.json.gz' version: None error: An error occurred (NoSuchKey) when calling the GetObject operation: The specified key does not exist.
  1175/3231: mp-1206794
  1176/3231: mp-1078643
  1177/3231: mp-1068795
  1178/3231: mp-1016874
  1179/3231: mp-973652
  1180/3231: mp-974754
  1181/3231: mp-1099664
  1182/3231: mp-1186893
  1183/3231: mp-776
unable to access bucket: 'materialsproject-parsed' key: 'chgcars/mp-1442220.json.gz' version: None error: An error occurred (NoSuchKey) when calling the GetObject operation: The specified key does not exist.
  1184/3231: mp-1186912
  1185/3231: mp-1184654
  1186/3231: mp-1186709
  1187/3231: mp-1232314
unable to access bucket: 'materialsproject-parsed' key: 'chgcars/mp-1443108.json.gz' version: None error: An error occurred (NoSuchKey) when calling the GetObject operation: The specified key does not exist.
  1188/3231: mp-1004
unable to access bucket: 'materialsproject-parsed' key: 'chgcars/mp-1437970.json.gz' version: None error: An error occurred (NoSuchKey) when calling the GetObject operation: The specified key does not exist.
  1189/3231: mp-545783
unable to access bucket: 'materialsproject-parsed' key: 'chgcars/mp-1420513.json.gz' version: None error: An error occurred (NoSuchKey) when calling the GetObject operation: The specified key does not exist.
  1190/3231: mp-1064282
unable to access bucket: 'materialsproject-parsed' key: 'chgcars/mp-1438701.json.gz' version: None error: An error occurred (NoSuchKey) when calling the GetObject operation: The specified key does not exist.
  1191/3231: mp-1184483
unable to access bucket: 'materialsproject-parsed' key: 'chgcars/mp-1445940.json.gz' version: None error: An error occurred (NoSuchKey) when calling the GetObject operation: The specified key does not exist.
  1192/3231: mp-10674
unable to access bucket: 'materialsproject-parsed' key: 'chgcars/mp-1405040.json.gz' version: None error: An error occurred (NoSuchKey) when calling the GetObject operation: The specified key does not exist.
  1193/3231: mp-11474
  1194/3231: mp-1013716
  1195/3231: mp-1185416
unable to access bucket: 'materialsproject-parsed' key: 'chgcars/mp-1386203.json.gz' version: None error: An error occurred (NoSuchKey) when calling the GetObject operation: The specified key does not exist.
  1196/3231: mp-1183696
  1197/3231: mp-20951
  1198/3231: mp-862731
unable to access bucket: 'materialsproject-parsed' key: 'chgcars/mp-1388159.json.gz' version: None error: An error occurred (NoSuchKey) when calling the GetObject operation: The specified key does not exist.
  1199/3231: mp-2375
  1200/3231: mp-27718
  1201/3231: mp-975994
unable to access bucket: 'materialsproject-parsed' key: 'chgcars/mp-1394108.json.gz' version: None error: An error occurred (NoSuchKey) when calling the GetObject operation: The specified key does not exist.
  1202/3231: mp-726265
  1203/3231: mp-1079248
  1204/3231: mp-21143
  1205/3231: mp-8401
unable to access bucket: 'materialsproject-parsed' key: 'chgcars/mp-1438599.json.gz' version: None error: An error occurred (NoSuchKey) when calling the GetObject operation: The specified key does not exist.
  1206/3231: mp-20425
  1207/3231: mp-1183311
  1208/3231: mp-1185548
  1209/3231: mp-13035
  1210/3231: mp-11573
  1211/3231: mp-11261
unable to access bucket: 'materialsproject-parsed' key: 'chgcars/mp-1439282.json.gz' version: None error: An error occurred (NoSuchKey) when calling the GetObject operation: The specified key does not exist.
  1212/3231: mp-1097916
  1213/3231: mp-1187154
unable to access bucket: 'materialsproject-parsed' key: 'chgcars/mp-1429746.json.gz' version: None error: An error occurred (NoSuchKey) when calling the GetObject operation: The specified key does not exist.
  1214/3231: mp-19322
  1215/3231: mp-975383
  1216/3231: mp-1187752
  1217/3231: mp-19870
unable to access bucket: 'materialsproject-parsed' key: 'chgcars/mp-1476026.json.gz' version: None error: An error occurred (NoSuchKey) when calling the GetObject operation: The specified key does not exist.
  1218/3231: mp-229
unable to access bucket: 'materialsproject-parsed' key: 'chgcars/mp-1442200.json.gz' version: None error: An error occurred (NoSuchKey) when calling the GetObject operation: The specified key does not exist.
  1219/3231: mp-976599
  1220/3231: mp-1186533
  1221/3231: mp-19762
  1222/3231: mp-1185488
unable to access bucket: 'materialsproject-parsed' key: 'chgcars/mp-1390137.json.gz' version: None error: An error occurred (NoSuchKey) when calling the GetObject operation: The specified key does not exist.
  1223/3231: mp-1207079
unable to access bucket: 'materialsproject-parsed' key: 'chgcars/mp-1415739.json.gz' version: None error: An error occurred (NoSuchKey) when calling the GetObject operation: The specified key does not exist.
  1224/3231: mp-1004377
  1225/3231: mp-1099245
  1226/3231: mp-1187968
unable to access bucket: 'materialsproject-parsed' key: 'chgcars/mp-1407983.json.gz' version: None error: An error occurred (NoSuchKey) when calling the GetObject operation: The specified key does not exist.
  1227/3231: mp-20967
  1228/3231: mp-1187442
unable to access bucket: 'materialsproject-parsed' key: 'chgcars/mp-1427309.json.gz' version: None error: An error occurred (NoSuchKey) when calling the GetObject operation: The specified key does not exist.
  1229/3231: mp-1102773
unable to access bucket: 'materialsproject-parsed' key: 'chgcars/mp-1443424.json.gz' version: None error: An error occurred (NoSuchKey) when calling the GetObject operation: The specified key does not exist.
  1230/3231: mp-973977
unable to access bucket: 'materialsproject-parsed' key: 'chgcars/mp-1405769.json.gz' version: None error: An error occurred (NoSuchKey) when calling the GetObject operation: The specified key does not exist.
  1231/3231: mp-1094101
  1232/3231: mp-2165
  1233/3231: mp-862820
unable to access bucket: 'materialsproject-parsed' key: 'chgcars/mp-1417291.json.gz' version: None error: An error occurred (NoSuchKey) when calling the GetObject operation: The specified key does not exist.
  1234/3231: mp-976283
  1235/3231: mp-10601
  1236/3231: mp-1013561
  1237/3231: mp-1183131
unable to access bucket: 'materialsproject-parsed' key: 'chgcars/mp-1436175.json.gz' version: None error: An error occurred (NoSuchKey) when calling the GetObject operation: The specified key does not exist.
  1238/3231: mp-1187486
  1239/3231: mp-10376
  1240/3231: mp-866199
  1241/3231: mp-22556
  1242/3231: mp-1187576
  1243/3231: mp-20097
  1244/3231: mp-1236
unable to access bucket: 'materialsproject-parsed' key: 'chgcars/mp-1440222.json.gz' version: None error: An error occurred (NoSuchKey) when calling the GetObject operation: The specified key does not exist.
  1245/3231: mp-1210555
unable to access bucket: 'materialsproject-parsed' key: 'chgcars/mp-1773273.json.gz' version: None error: An error occurred (NoSuchKey) when calling the GetObject operation: The specified key does not exist.
  1246/3231: mp-11467
  1247/3231: mp-1183154
  1248/3231: mp-20501
unable to access bucket: 'materialsproject-parsed' key: 'chgcars/mp-1300904.json.gz' version: None error: An error occurred (NoSuchKey) when calling the GetObject operation: The specified key does not exist.
  1249/3231: mp-1183417
  1250/3231: mp-1185108
unable to access bucket: 'materialsproject-parsed' key: 'chgcars/mp-1402920.json.gz' version: None error: An error occurred (NoSuchKey) when calling the GetObject operation: The specified key does not exist.
  1251/3231: mp-6958
unable to access bucket: 'materialsproject-parsed' key: 'chgcars/mp-1439890.json.gz' version: None error: An error occurred (NoSuchKey) when calling the GetObject operation: The specified key does not exist.
  1252/3231: mp-1184479
unable to access bucket: 'materialsproject-parsed' key: 'chgcars/mp-1401967.json.gz' version: None error: An error occurred (NoSuchKey) when calling the GetObject operation: The specified key does not exist.
  1253/3231: mp-1187139
  1254/3231: mp-1184777
unable to access bucket: 'materialsproject-parsed' key: 'chgcars/mp-1385283.json.gz' version: None error: An error occurred (NoSuchKey) when calling the GetObject operation: The specified key does not exist.
  1255/3231: mp-11571
unable to access bucket: 'materialsproject-parsed' key: 'chgcars/mp-1441955.json.gz' version: None error: An error occurred (NoSuchKey) when calling the GetObject operation: The specified key does not exist.
  1256/3231: mp-5323
  1257/3231: mp-1186993
unable to access bucket: 'materialsproject-parsed' key: 'chgcars/mp-1416316.json.gz' version: None error: An error occurred (NoSuchKey) when calling the GetObject operation: The specified key does not exist.
  1258/3231: mp-1104547
  1259/3231: mp-1187638
unable to access bucket: 'materialsproject-parsed' key: 'chgcars/mp-1384475.json.gz' version: None error: An error occurred (NoSuchKey) when calling the GetObject operation: The specified key does not exist.
  1260/3231: mp-1013587
  1261/3231: mp-976847
  1262/3231: mp-1186758
unable to access bucket: 'materialsproject-parsed' key: 'chgcars/mp-1504812.json.gz' version: None error: An error occurred (NoSuchKey) when calling the GetObject operation: The specified key does not exist.
  1263/3231: mp-1104791
unable to access bucket: 'materialsproject-parsed' key: 'chgcars/mp-1390076.json.gz' version: None error: An error occurred (NoSuchKey) when calling the GetObject operation: The specified key does not exist.
  1264/3231: mp-1011031
  1265/3231: mp-1020645
unable to access bucket: 'materialsproject-parsed' key: 'chgcars/mp-1398629.json.gz' version: None error: An error occurred (NoSuchKey) when calling the GetObject operation: The specified key does not exist.
  1266/3231: mp-22537
  1267/3231: mp-865758
unable to access bucket: 'materialsproject-parsed' key: 'chgcars/mp-1426015.json.gz' version: None error: An error occurred (NoSuchKey) when calling the GetObject operation: The specified key does not exist.
  1268/3231: mp-1094980
unable to access bucket: 'materialsproject-parsed' key: 'chgcars/mp-1385876.json.gz' version: None error: An error occurred (NoSuchKey) when calling the GetObject operation: The specified key does not exist.
  1269/3231: mp-977117
  1270/3231: mp-999437
  1271/3231: mp-973556
  1272/3231: mp-1186084
unable to access bucket: 'materialsproject-parsed' key: 'chgcars/mp-1391212.json.gz' version: None error: An error occurred (NoSuchKey) when calling the GetObject operation: The specified key does not exist.
  1273/3231: mp-1187700
unable to access bucket: 'materialsproject-parsed' key: 'chgcars/mp-1426350.json.gz' version: None error: An error occurred (NoSuchKey) when calling the GetObject operation: The specified key does not exist.
  1274/3231: mp-640089
unable to access bucket: 'materialsproject-parsed' key: 'chgcars/mp-1323674.json.gz' version: None error: An error occurred (NoSuchKey) when calling the GetObject operation: The specified key does not exist.
  1275/3231: mp-1009493
  1276/3231: mp-1183291
unable to access bucket: 'materialsproject-parsed' key: 'chgcars/mp-1408299.json.gz' version: None error: An error occurred (NoSuchKey) when calling the GetObject operation: The specified key does not exist.
  1277/3231: mp-357
  1278/3231: mp-1183331
unable to access bucket: 'materialsproject-parsed' key: 'chgcars/mp-1405501.json.gz' version: None error: An error occurred (NoSuchKey) when calling the GetObject operation: The specified key does not exist.
  1279/3231: mp-1433892
unable to access bucket: 'materialsproject-parsed' key: 'chgcars/mp-1433892.json.gz' version: None error: An error occurred (NoSuchKey) when calling the GetObject operation: The specified key does not exist.
  1280/3231: mp-1099873
  1281/3231: mp-1183053
unable to access bucket: 'materialsproject-parsed' key: 'chgcars/mp-1426957.json.gz' version: None error: An error occurred (NoSuchKey) when calling the GetObject operation: The specified key does not exist.
  1282/3231: mp-10889
unable to access bucket: 'materialsproject-parsed' key: 'chgcars/mp-1419925.json.gz' version: None error: An error occurred (NoSuchKey) when calling the GetObject operation: The specified key does not exist.
  1283/3231: mp-973267
  1284/3231: mp-1186897
  1285/3231: mp-33365
  1286/3231: mp-1002122
unable to access bucket: 'materialsproject-parsed' key: 'chgcars/mp-1418042.json.gz' version: None error: An error occurred (NoSuchKey) when calling the GetObject operation: The specified key does not exist.
  1287/3231: mp-1017519
unable to access bucket: 'materialsproject-parsed' key: 'chgcars/mp-1430316.json.gz' version: None error: An error occurred (NoSuchKey) when calling the GetObject operation: The specified key does not exist.
  1288/3231: mp-1018629
unable to access bucket: 'materialsproject-parsed' key: 'chgcars/mp-1437050.json.gz' version: None error: An error occurred (NoSuchKey) when calling the GetObject operation: The specified key does not exist.
  1289/3231: mp-973655
unable to access bucket: 'materialsproject-parsed' key: 'chgcars/mp-1475440.json.gz' version: None error: An error occurred (NoSuchKey) when calling the GetObject operation: The specified key does not exist.
  1290/3231: mp-1184939
  1291/3231: mp-1187781
  1292/3231: mp-2013
unable to access bucket: 'materialsproject-parsed' key: 'chgcars/mp-1437568.json.gz' version: None error: An error occurred (NoSuchKey) when calling the GetObject operation: The specified key does not exist.
  1293/3231: mp-977997
unable to access bucket: 'materialsproject-parsed' key: 'chgcars/mp-1404367.json.gz' version: None error: An error occurred (NoSuchKey) when calling the GetObject operation: The specified key does not exist.
  1294/3231: mp-1681
  1295/3231: mp-20550
  1296/3231: mp-1186392
unable to access bucket: 'materialsproject-parsed' key: 'chgcars/mp-1422289.json.gz' version: None error: An error occurred (NoSuchKey) when calling the GetObject operation: The specified key does not exist.
  1297/3231: mp-1186965
unable to access bucket: 'materialsproject-parsed' key: 'chgcars/mp-1445544.json.gz' version: None error: An error occurred (NoSuchKey) when calling the GetObject operation: The specified key does not exist.
  1298/3231: mp-1184378
  1299/3231: mp-875
unable to access bucket: 'materialsproject-parsed' key: 'chgcars/mp-1439925.json.gz' version: None error: An error occurred (NoSuchKey) when calling the GetObject operation: The specified key does not exist.
  1300/3231: mp-246
  1301/3231: mp-1184945
unable to access bucket: 'materialsproject-parsed' key: 'chgcars/mp-1399882.json.gz' version: None error: An error occurred (NoSuchKey) when calling the GetObject operation: The specified key does not exist.
  1302/3231: mp-976133
unable to access bucket: 'materialsproject-parsed' key: 'chgcars/mp-1434290.json.gz' version: None error: An error occurred (NoSuchKey) when calling the GetObject operation: The specified key does not exist.
  1303/3231: mp-568711
  1304/3231: mp-1017441
  1305/3231: mp-1009128
  1306/3231: mp-1069774
unable to access bucket: 'materialsproject-parsed' key: 'chgcars/mp-1441735.json.gz' version: None error: An error occurred (NoSuchKey) when calling the GetObject operation: The specified key does not exist.
  1307/3231: mp-1013553
unable to access bucket: 'materialsproject-parsed' key: 'chgcars/mp-1445550.json.gz' version: None error: An error occurred (NoSuchKey) when calling the GetObject operation: The specified key does not exist.
  1308/3231: mp-1025192
unable to access bucket: 'materialsproject-parsed' key: 'chgcars/mp-1412027.json.gz' version: None error: An error occurred (NoSuchKey) when calling the GetObject operation: The specified key does not exist.
  1309/3231: mp-10700
  1310/3231: mp-560976
  1311/3231: mp-1187359
unable to access bucket: 'materialsproject-parsed' key: 'chgcars/mp-1416287.json.gz' version: None error: An error occurred (NoSuchKey) when calling the GetObject operation: The specified key does not exist.
  1312/3231: mp-1187471
unable to access bucket: 'materialsproject-parsed' key: 'chgcars/mp-1383196.json.gz' version: None error: An error occurred (NoSuchKey) when calling the GetObject operation: The specified key does not exist.
  1313/3231: mp-20903
unable to access bucket: 'materialsproject-parsed' key: 'chgcars/mp-1439555.json.gz' version: None error: An error occurred (NoSuchKey) when calling the GetObject operation: The specified key does not exist.
  1314/3231: mp-867248
unable to access bucket: 'materialsproject-parsed' key: 'chgcars/mp-1411837.json.gz' version: None error: An error occurred (NoSuchKey) when calling the GetObject operation: The specified key does not exist.
  1315/3231: mp-1020578
  1316/3231: mp-10266
  1317/3231: mp-20040
  1318/3231: mp-2805
unable to access bucket: 'materialsproject-parsed' key: 'chgcars/mp-1439895.json.gz' version: None error: An error occurred (NoSuchKey) when calling the GetObject operation: The specified key does not exist.
  1319/3231: mp-12763
  1320/3231: mp-1186797
unable to access bucket: 'materialsproject-parsed' key: 'chgcars/mp-1417572.json.gz' version: None error: An error occurred (NoSuchKey) when calling the GetObject operation: The specified key does not exist.
  1321/3231: mp-1206138
  1322/3231: mp-2713
  1323/3231: mp-316
  1324/3231: mp-1186019
  1325/3231: mp-1184553
  1326/3231: mp-22502
  1327/3231: mp-1009127
  1328/3231: mp-984628
  1329/3231: mp-1002229
  1330/3231: mp-21412
  1331/3231: mp-1187496
  1332/3231: mp-331
  1333/3231: mp-1183929
  1334/3231: mp-1206996
unable to access bucket: 'materialsproject-parsed' key: 'chgcars/mp-1396084.json.gz' version: None error: An error occurred (NoSuchKey) when calling the GetObject operation: The specified key does not exist.
  1335/3231: mp-20590
unable to access bucket: 'materialsproject-parsed' key: 'chgcars/mp-1504410.json.gz' version: None error: An error occurred (NoSuchKey) when calling the GetObject operation: The specified key does not exist.
  1336/3231: mp-1183629
unable to access bucket: 'materialsproject-parsed' key: 'chgcars/mp-1399314.json.gz' version: None error: An error occurred (NoSuchKey) when calling the GetObject operation: The specified key does not exist.
  1337/3231: mp-1184944
unable to access bucket: 'materialsproject-parsed' key: 'chgcars/mp-1415961.json.gz' version: None error: An error occurred (NoSuchKey) when calling the GetObject operation: The specified key does not exist.
  1338/3231: mp-1184960
  1339/3231: mp-633
unable to access bucket: 'materialsproject-parsed' key: 'chgcars/mp-1442023.json.gz' version: None error: An error occurred (NoSuchKey) when calling the GetObject operation: The specified key does not exist.
  1340/3231: mp-1214902
unable to access bucket: 'materialsproject-parsed' key: 'chgcars/mp-1399351.json.gz' version: None error: An error occurred (NoSuchKey) when calling the GetObject operation: The specified key does not exist.
  1341/3231: mp-1097006
unable to access bucket: 'materialsproject-parsed' key: 'chgcars/mp-1421256.json.gz' version: None error: An error occurred (NoSuchKey) when calling the GetObject operation: The specified key does not exist.
  1342/3231: mp-867238
unable to access bucket: 'materialsproject-parsed' key: 'chgcars/mp-1397209.json.gz' version: None error: An error occurred (NoSuchKey) when calling the GetObject operation: The specified key does not exist.
  1343/3231: mp-976856
unable to access bucket: 'materialsproject-parsed' key: 'chgcars/mp-1414953.json.gz' version: None error: An error occurred (NoSuchKey) when calling the GetObject operation: The specified key does not exist.
  1344/3231: mp-20997
  1345/3231: mp-11221
  1346/3231: mp-10712
unable to access bucket: 'materialsproject-parsed' key: 'chgcars/mp-1438387.json.gz' version: None error: An error occurred (NoSuchKey) when calling the GetObject operation: The specified key does not exist.
  1347/3231: mp-1184447
unable to access bucket: 'materialsproject-parsed' key: 'chgcars/mp-1432795.json.gz' version: None error: An error occurred (NoSuchKey) when calling the GetObject operation: The specified key does not exist.
  1348/3231: mp-12778
  1349/3231: mp-2593
  1350/3231: mp-861987
  1351/3231: mp-10135
  1352/3231: mp-980646
unable to access bucket: 'materialsproject-parsed' key: 'chgcars/mp-1413067.json.gz' version: None error: An error occurred (NoSuchKey) when calling the GetObject operation: The specified key does not exist.
  1353/3231: mp-980203
  1354/3231: mp-1184044
  1355/3231: mp-1438
unable to access bucket: 'materialsproject-parsed' key: 'chgcars/mp-1439827.json.gz' version: None error: An error occurred (NoSuchKey) when calling the GetObject operation: The specified key does not exist.
  1356/3231: mp-1147702
unable to access bucket: 'materialsproject-parsed' key: 'chgcars/mp-1392984.json.gz' version: None error: An error occurred (NoSuchKey) when calling the GetObject operation: The specified key does not exist.
  1357/3231: mp-11496
unable to access bucket: 'materialsproject-parsed' key: 'chgcars/mp-1439551.json.gz' version: None error: An error occurred (NoSuchKey) when calling the GetObject operation: The specified key does not exist.
  1358/3231: mp-1094090
unable to access bucket: 'materialsproject-parsed' key: 'chgcars/mp-1433319.json.gz' version: None error: An error occurred (NoSuchKey) when calling the GetObject operation: The specified key does not exist.
  1359/3231: mp-754046
  1360/3231: mp-624739
unable to access bucket: 'materialsproject-parsed' key: 'chgcars/mp-1415990.json.gz' version: None error: An error occurred (NoSuchKey) when calling the GetObject operation: The specified key does not exist.
  1361/3231: mp-985
unable to access bucket: 'materialsproject-parsed' key: 'chgcars/mp-1440111.json.gz' version: None error: An error occurred (NoSuchKey) when calling the GetObject operation: The specified key does not exist.
  1362/3231: mp-1002220
unable to access bucket: 'materialsproject-parsed' key: 'chgcars/mp-1432686.json.gz' version: None error: An error occurred (NoSuchKey) when calling the GetObject operation: The specified key does not exist.
  1363/3231: mp-1296
unable to access bucket: 'materialsproject-parsed' key: 'chgcars/mp-1441307.json.gz' version: None error: An error occurred (NoSuchKey) when calling the GetObject operation: The specified key does not exist.
  1364/3231: mp-558852
  1365/3231: mp-1187572
  1366/3231: mp-1183784
  1367/3231: mp-1418
unable to access bucket: 'materialsproject-parsed' key: 'chgcars/mp-1442315.json.gz' version: None error: An error occurred (NoSuchKey) when calling the GetObject operation: The specified key does not exist.
  1368/3231: mp-973958
  1369/3231: mp-975564
unable to access bucket: 'materialsproject-parsed' key: 'chgcars/mp-1436667.json.gz' version: None error: An error occurred (NoSuchKey) when calling the GetObject operation: The specified key does not exist.
  1370/3231: mp-1017556
  1371/3231: mp-1016853
  1372/3231: mp-11257
  1373/3231: mp-2800
  1374/3231: mp-1013703
  1375/3231: mp-1016835
unable to access bucket: 'materialsproject-parsed' key: 'chgcars/mp-1424025.json.gz' version: None error: An error occurred (NoSuchKey) when calling the GetObject operation: The specified key does not exist.
  1376/3231: mp-7131
  1377/3231: mp-4448
  1378/3231: mp-1185357
  1379/3231: mp-1186134
  1380/3231: mp-2134
unable to access bucket: 'materialsproject-parsed' key: 'chgcars/mp-1439252.json.gz' version: None error: An error occurred (NoSuchKey) when calling the GetObject operation: The specified key does not exist.
  1381/3231: mp-1186345
  1382/3231: mp-21888
unable to access bucket: 'materialsproject-parsed' key: 'chgcars/mp-1300991.json.gz' version: None error: An error occurred (NoSuchKey) when calling the GetObject operation: The specified key does not exist.
  1383/3231: mp-975199
unable to access bucket: 'materialsproject-parsed' key: 'chgcars/mp-1396610.json.gz' version: None error: An error occurred (NoSuchKey) when calling the GetObject operation: The specified key does not exist.
  1384/3231: mp-1206801
  1385/3231: mp-1207091
  1386/3231: mp-1188027
unable to access bucket: 'materialsproject-parsed' key: 'chgcars/mp-1392392.json.gz' version: None error: An error occurred (NoSuchKey) when calling the GetObject operation: The specified key does not exist.
  1387/3231: mp-1184404
unable to access bucket: 'materialsproject-parsed' key: 'chgcars/mp-1768365.json.gz' version: None error: An error occurred (NoSuchKey) when calling the GetObject operation: The specified key does not exist.
  1388/3231: mp-30351
  1389/3231: mp-570276
  1390/3231: mp-1183056
  1391/3231: mp-11422
  1392/3231: mp-4593
  1393/3231: mp-985297
unable to access bucket: 'materialsproject-parsed' key: 'chgcars/mp-1433007.json.gz' version: None error: An error occurred (NoSuchKey) when calling the GetObject operation: The specified key does not exist.
  1394/3231: mp-23299
  1395/3231: mp-1008752
unable to access bucket: 'materialsproject-parsed' key: 'chgcars/mp-1436224.json.gz' version: None error: An error occurred (NoSuchKey) when calling the GetObject operation: The specified key does not exist.
  1396/3231: mp-1187136
unable to access bucket: 'materialsproject-parsed' key: 'chgcars/mp-1397270.json.gz' version: None error: An error occurred (NoSuchKey) when calling the GetObject operation: The specified key does not exist.
  1397/3231: mp-1185543
  1398/3231: mp-1022721
  1399/3231: mp-3136
  1400/3231: mp-1187715
unable to access bucket: 'materialsproject-parsed' key: 'chgcars/mp-1410808.json.gz' version: None error: An error occurred (NoSuchKey) when calling the GetObject operation: The specified key does not exist.
  1401/3231: mp-21431
unable to access bucket: 'materialsproject-parsed' key: 'chgcars/mp-1440066.json.gz' version: None error: An error occurred (NoSuchKey) when calling the GetObject operation: The specified key does not exist.
  1402/3231: mp-4551
  1403/3231: mp-1185297
  1404/3231: mp-570891
  1405/3231: mp-19328
  1406/3231: mp-1186913
  1407/3231: mp-7006
  1408/3231: mp-974335
  1409/3231: mp-972087
unable to access bucket: 'materialsproject-parsed' key: 'chgcars/mp-1436572.json.gz' version: None error: An error occurred (NoSuchKey) when calling the GetObject operation: The specified key does not exist.
  1410/3231: mp-983585
unable to access bucket: 'materialsproject-parsed' key: 'chgcars/mp-1424553.json.gz' version: None error: An error occurred (NoSuchKey) when calling the GetObject operation: The specified key does not exist.
  1411/3231: mp-20388
unable to access bucket: 'materialsproject-parsed' key: 'chgcars/mp-1418121.json.gz' version: None error: An error occurred (NoSuchKey) when calling the GetObject operation: The specified key does not exist.
  1412/3231: mp-1017555
unable to access bucket: 'materialsproject-parsed' key: 'chgcars/mp-1419431.json.gz' version: None error: An error occurred (NoSuchKey) when calling the GetObject operation: The specified key does not exist.
  1413/3231: mp-1183176
unable to access bucket: 'materialsproject-parsed' key: 'chgcars/mp-1427099.json.gz' version: None error: An error occurred (NoSuchKey) when calling the GetObject operation: The specified key does not exist.
  1414/3231: mp-1017578
unable to access bucket: 'materialsproject-parsed' key: 'chgcars/mp-1441991.json.gz' version: None error: An error occurred (NoSuchKey) when calling the GetObject operation: The specified key does not exist.
  1415/3231: mp-10140
  1416/3231: mp-20139
  1417/3231: mp-20291
unable to access bucket: 'materialsproject-parsed' key: 'chgcars/mp-1476152.json.gz' version: None error: An error occurred (NoSuchKey) when calling the GetObject operation: The specified key does not exist.
  1418/3231: mp-20438
  1419/3231: mp-999469
  1420/3231: mp-1184349
unable to access bucket: 'materialsproject-parsed' key: 'chgcars/mp-1429706.json.gz' version: None error: An error occurred (NoSuchKey) when calling the GetObject operation: The specified key does not exist.
  1421/3231: mp-1018636
  1422/3231: mp-30055
unable to access bucket: 'materialsproject-parsed' key: 'chgcars/mp-1424871.json.gz' version: None error: An error occurred (NoSuchKey) when calling the GetObject operation: The specified key does not exist.
  1423/3231: mp-19958
  1424/3231: mp-1013710
  1425/3231: mp-1186920
unable to access bucket: 'materialsproject-parsed' key: 'chgcars/mp-1419362.json.gz' version: None error: An error occurred (NoSuchKey) when calling the GetObject operation: The specified key does not exist.
  1426/3231: mp-979009
unable to access bucket: 'materialsproject-parsed' key: 'chgcars/mp-1435232.json.gz' version: None error: An error occurred (NoSuchKey) when calling the GetObject operation: The specified key does not exist.
  1427/3231: mp-2442
unable to access bucket: 'materialsproject-parsed' key: 'chgcars/mp-1440253.json.gz' version: None error: An error occurred (NoSuchKey) when calling the GetObject operation: The specified key does not exist.
  1428/3231: mp-1213840
  1429/3231: mp-1183709
  1430/3231: mp-1008279
unable to access bucket: 'materialsproject-parsed' key: 'chgcars/mp-1421618.json.gz' version: None error: An error occurred (NoSuchKey) when calling the GetObject operation: The specified key does not exist.
  1431/3231: mp-1013537
unable to access bucket: 'materialsproject-parsed' key: 'chgcars/mp-1400393.json.gz' version: None error: An error occurred (NoSuchKey) when calling the GetObject operation: The specified key does not exist.
  1432/3231: mp-1103943
  1433/3231: mp-11564
  1434/3231: mp-1742
  1435/3231: mp-1186137
  1436/3231: mp-1017581
unable to access bucket: 'materialsproject-parsed' key: 'chgcars/mp-1413541.json.gz' version: None error: An error occurred (NoSuchKey) when calling the GetObject operation: The specified key does not exist.
  1437/3231: mp-980941
  1438/3231: mp-1076360
  1439/3231: mp-1186113
unable to access bucket: 'materialsproject-parsed' key: 'chgcars/mp-1475420.json.gz' version: None error: An error occurred (NoSuchKey) when calling the GetObject operation: The specified key does not exist.
  1440/3231: mp-23737
  1441/3231: mp-1112174
  1442/3231: mp-1518
unable to access bucket: 'materialsproject-parsed' key: 'chgcars/mp-1442351.json.gz' version: None error: An error occurred (NoSuchKey) when calling the GetObject operation: The specified key does not exist.
  1443/3231: mp-2474
unable to access bucket: 'materialsproject-parsed' key: 'chgcars/mp-1442192.json.gz' version: None error: An error occurred (NoSuchKey) when calling the GetObject operation: The specified key does not exist.
  1444/3231: mp-1183183
  1445/3231: mp-8577
  1446/3231: mp-1183169
unable to access bucket: 'materialsproject-parsed' key: 'chgcars/mp-1417531.json.gz' version: None error: An error occurred (NoSuchKey) when calling the GetObject operation: The specified key does not exist.
  1447/3231: mp-976784
unable to access bucket: 'materialsproject-parsed' key: 'chgcars/mp-1415458.json.gz' version: None error: An error occurred (NoSuchKey) when calling the GetObject operation: The specified key does not exist.
  1448/3231: mp-1082
unable to access bucket: 'materialsproject-parsed' key: 'chgcars/mp-1438482.json.gz' version: None error: An error occurred (NoSuchKey) when calling the GetObject operation: The specified key does not exist.
  1449/3231: mp-1185494
  1450/3231: mp-1186669
  1451/3231: mp-862816
  1452/3231: mp-1207179
unable to access bucket: 'materialsproject-parsed' key: 'chgcars/mp-1425397.json.gz' version: None error: An error occurred (NoSuchKey) when calling the GetObject operation: The specified key does not exist.
  1453/3231: mp-1184848
  1454/3231: mp-1219459
unable to access bucket: 'materialsproject-parsed' key: 'chgcars/mp-1427281.json.gz' version: None error: An error occurred (NoSuchKey) when calling the GetObject operation: The specified key does not exist.
  1455/3231: mp-1101333
  1456/3231: mp-10881
  1457/3231: mp-11536
unable to access bucket: 'materialsproject-parsed' key: 'chgcars/mp-1441278.json.gz' version: None error: An error occurred (NoSuchKey) when calling the GetObject operation: The specified key does not exist.
  1458/3231: mp-20159
  1459/3231: mp-1929
  1460/3231: mp-978511
  1461/3231: mp-1017000
unable to access bucket: 'materialsproject-parsed' key: 'chgcars/mp-1429008.json.gz' version: None error: An error occurred (NoSuchKey) when calling the GetObject operation: The specified key does not exist.
  1462/3231: mp-1013560
  1463/3231: mp-1239192
unable to access bucket: 'materialsproject-parsed' key: 'chgcars/mp-1435820.json.gz' version: None error: An error occurred (NoSuchKey) when calling the GetObject operation: The specified key does not exist.
  1464/3231: mp-1186269
unable to access bucket: 'materialsproject-parsed' key: 'chgcars/mp-1390802.json.gz' version: None error: An error occurred (NoSuchKey) when calling the GetObject operation: The specified key does not exist.
  1465/3231: mp-1183401
  1466/3231: mp-1002226
  1467/3231: mp-971803
unable to access bucket: 'materialsproject-parsed' key: 'chgcars/mp-1416346.json.gz' version: None error: An error occurred (NoSuchKey) when calling the GetObject operation: The specified key does not exist.
  1468/3231: mp-1188012
unable to access bucket: 'materialsproject-parsed' key: 'chgcars/mp-1387332.json.gz' version: None error: An error occurred (NoSuchKey) when calling the GetObject operation: The specified key does not exist.
  1469/3231: mp-20539
unable to access bucket: 'materialsproject-parsed' key: 'chgcars/mp-1412921.json.gz' version: None error: An error occurred (NoSuchKey) when calling the GetObject operation: The specified key does not exist.
  1470/3231: mp-10250
  1471/3231: mp-1016928
unable to access bucket: 'materialsproject-parsed' key: 'chgcars/mp-1418236.json.gz' version: None error: An error occurred (NoSuchKey) when calling the GetObject operation: The specified key does not exist.
  1472/3231: mp-978281
  1473/3231: mp-981376
unable to access bucket: 'materialsproject-parsed' key: 'chgcars/mp-1429527.json.gz' version: None error: An error occurred (NoSuchKey) when calling the GetObject operation: The specified key does not exist.
  1474/3231: mp-1186787
unable to access bucket: 'materialsproject-parsed' key: 'chgcars/mp-1773373.json.gz' version: None error: An error occurred (NoSuchKey) when calling the GetObject operation: The specified key does not exist.
  1475/3231: mp-1187232
  1476/3231: mp-974617
unable to access bucket: 'materialsproject-parsed' key: 'chgcars/mp-1424437.json.gz' version: None error: An error occurred (NoSuchKey) when calling the GetObject operation: The specified key does not exist.
  1477/3231: mp-758433
  1478/3231: mp-971733
  1479/3231: mp-1207194
unable to access bucket: 'materialsproject-parsed' key: 'chgcars/mp-1432487.json.gz' version: None error: An error occurred (NoSuchKey) when calling the GetObject operation: The specified key does not exist.
  1480/3231: mp-1059707
  1481/3231: mp-22549
  1482/3231: mp-1187364
  1483/3231: mp-19353
  1484/3231: mp-1010953
  1485/3231: mp-1017554
  1486/3231: mp-1183443
  1487/3231: mp-1247690
  1488/3231: mp-2751
  1489/3231: mp-1016877
unable to access bucket: 'materialsproject-parsed' key: 'chgcars/mp-1434406.json.gz' version: None error: An error occurred (NoSuchKey) when calling the GetObject operation: The specified key does not exist.
  1490/3231: mp-976424
  1491/3231: mp-674
  1492/3231: mp-981934
  1493/3231: mp-1013711
  1494/3231: mp-2468
unable to access bucket: 'materialsproject-parsed' key: 'chgcars/mp-1439117.json.gz' version: None error: An error occurred (NoSuchKey) when calling the GetObject operation: The specified key does not exist.
  1495/3231: mp-972822
  1496/3231: mp-1428312
unable to access bucket: 'materialsproject-parsed' key: 'chgcars/mp-1428312.json.gz' version: None error: An error occurred (NoSuchKey) when calling the GetObject operation: The specified key does not exist.
  1497/3231: mp-11824
  1498/3231: mp-11504
  1499/3231: mp-1183289
unable to access bucket: 'materialsproject-parsed' key: 'chgcars/mp-1444500.json.gz' version: None error: An error occurred (NoSuchKey) when calling the GetObject operation: The specified key does not exist.
  1500/3231: mp-1095551
unable to access bucket: 'materialsproject-parsed' key: 'chgcars/mp-1399741.json.gz' version: None error: An error occurred (NoSuchKey) when calling the GetObject operation: The specified key does not exist.
  1501/3231: mp-19899
unable to access bucket: 'materialsproject-parsed' key: 'chgcars/mp-1428666.json.gz' version: None error: An error occurred (NoSuchKey) when calling the GetObject operation: The specified key does not exist.
  1502/3231: mp-980945
  1503/3231: mp-8020
unable to access bucket: 'materialsproject-parsed' key: 'chgcars/mp-1441221.json.gz' version: None error: An error occurred (NoSuchKey) when calling the GetObject operation: The specified key does not exist.
  1504/3231: mp-999440
unable to access bucket: 'materialsproject-parsed' key: 'chgcars/mp-1426865.json.gz' version: None error: An error occurred (NoSuchKey) when calling the GetObject operation: The specified key does not exist.
  1505/3231: mp-973396
  1506/3231: mp-20427
  1507/3231: mp-542779
  1508/3231: mp-1187862
  1509/3231: mp-1184964
unable to access bucket: 'materialsproject-parsed' key: 'chgcars/mp-1422971.json.gz' version: None error: An error occurred (NoSuchKey) when calling the GetObject operation: The specified key does not exist.
  1510/3231: mp-756315
unable to access bucket: 'materialsproject-parsed' key: 'chgcars/mp-1658547.json.gz' version: None error: An error occurred (NoSuchKey) when calling the GetObject operation: The specified key does not exist.
  1511/3231: mp-20469
  1512/3231: mp-1185203
unable to access bucket: 'materialsproject-parsed' key: 'chgcars/mp-1434928.json.gz' version: None error: An error occurred (NoSuchKey) when calling the GetObject operation: The specified key does not exist.
  1513/3231: mp-10038
unable to access bucket: 'materialsproject-parsed' key: 'chgcars/mp-1421858.json.gz' version: None error: An error occurred (NoSuchKey) when calling the GetObject operation: The specified key does not exist.
  1514/3231: mp-1094072
unable to access bucket: 'materialsproject-parsed' key: 'chgcars/mp-1413632.json.gz' version: None error: An error occurred (NoSuchKey) when calling the GetObject operation: The specified key does not exist.
  1515/3231: mp-1184213
  1516/3231: mp-1101820
  1517/3231: mp-1239193
  1518/3231: mp-1184776
  1519/3231: mp-1857
  1520/3231: mp-1013706
  1521/3231: mp-20735
  1522/3231: mp-974457
  1523/3231: mp-1186733
  1524/3231: mp-21481
  1525/3231: mp-1184965
unable to access bucket: 'materialsproject-parsed' key: 'chgcars/mp-1433025.json.gz' version: None error: An error occurred (NoSuchKey) when calling the GetObject operation: The specified key does not exist.
  1526/3231: mp-973292
unable to access bucket: 'materialsproject-parsed' key: 'chgcars/mp-1386191.json.gz' version: None error: An error occurred (NoSuchKey) when calling the GetObject operation: The specified key does not exist.
  1527/3231: mp-973865
unable to access bucket: 'materialsproject-parsed' key: 'chgcars/mp-1422618.json.gz' version: None error: An error occurred (NoSuchKey) when calling the GetObject operation: The specified key does not exist.
  1528/3231: mp-1187448
  1529/3231: mp-1212456
unable to access bucket: 'materialsproject-parsed' key: 'chgcars/mp-1658332.json.gz' version: None error: An error occurred (NoSuchKey) when calling the GetObject operation: The specified key does not exist.
  1530/3231: mp-862606
unable to access bucket: 'materialsproject-parsed' key: 'chgcars/mp-1504498.json.gz' version: None error: An error occurred (NoSuchKey) when calling the GetObject operation: The specified key does not exist.
  1531/3231: mp-1184215
  1532/3231: mp-21202
unable to access bucket: 'materialsproject-parsed' key: 'chgcars/mp-1413002.json.gz' version: None error: An error occurred (NoSuchKey) when calling the GetObject operation: The specified key does not exist.
  1533/3231: mp-1201245
  1534/3231: mp-1008928
  1535/3231: mp-974581
unable to access bucket: 'materialsproject-parsed' key: 'chgcars/mp-1402594.json.gz' version: None error: An error occurred (NoSuchKey) when calling the GetObject operation: The specified key does not exist.
  1536/3231: mp-1018054
unable to access bucket: 'materialsproject-parsed' key: 'chgcars/mp-1428647.json.gz' version: None error: An error occurred (NoSuchKey) when calling the GetObject operation: The specified key does not exist.
  1537/3231: mp-973232
unable to access bucket: 'materialsproject-parsed' key: 'chgcars/mp-1384567.json.gz' version: None error: An error occurred (NoSuchKey) when calling the GetObject operation: The specified key does not exist.
  1538/3231: mp-1184219
unable to access bucket: 'materialsproject-parsed' key: 'chgcars/mp-1426849.json.gz' version: None error: An error occurred (NoSuchKey) when calling the GetObject operation: The specified key does not exist.
  1539/3231: mp-572
  1540/3231: mp-1186640
unable to access bucket: 'materialsproject-parsed' key: 'chgcars/mp-1409935.json.gz' version: None error: An error occurred (NoSuchKey) when calling the GetObject operation: The specified key does not exist.
  1541/3231: mp-974827
unable to access bucket: 'materialsproject-parsed' key: 'chgcars/mp-1387794.json.gz' version: None error: An error occurred (NoSuchKey) when calling the GetObject operation: The specified key does not exist.
  1542/3231: mp-504715
  1543/3231: mp-20601
unable to access bucket: 'materialsproject-parsed' key: 'chgcars/mp-1441178.json.gz' version: None error: An error occurred (NoSuchKey) when calling the GetObject operation: The specified key does not exist.
  1544/3231: mp-1184205
unable to access bucket: 'materialsproject-parsed' key: 'chgcars/mp-1394066.json.gz' version: None error: An error occurred (NoSuchKey) when calling the GetObject operation: The specified key does not exist.
  1545/3231: mp-1099251
unable to access bucket: 'materialsproject-parsed' key: 'chgcars/mp-1392216.json.gz' version: None error: An error occurred (NoSuchKey) when calling the GetObject operation: The specified key does not exist.
  1546/3231: mp-16334
  1547/3231: mp-1184325
  1548/3231: mp-1187312
  1549/3231: mp-1206517
unable to access bucket: 'materialsproject-parsed' key: 'chgcars/mp-1416392.json.gz' version: None error: An error occurred (NoSuchKey) when calling the GetObject operation: The specified key does not exist.
  1550/3231: mp-53
unable to access bucket: 'materialsproject-parsed' key: 'chgcars/mp-1442110.json.gz' version: None error: An error occurred (NoSuchKey) when calling the GetObject operation: The specified key does not exist.
  1551/3231: mp-1184935
  1552/3231: mp-1018633
unable to access bucket: 'materialsproject-parsed' key: 'chgcars/mp-1434682.json.gz' version: None error: An error occurred (NoSuchKey) when calling the GetObject operation: The specified key does not exist.
  1553/3231: mp-1186557
  1554/3231: mp-1183075
  1555/3231: mp-1186532
unable to access bucket: 'materialsproject-parsed' key: 'chgcars/mp-1400828.json.gz' version: None error: An error occurred (NoSuchKey) when calling the GetObject operation: The specified key does not exist.
  1556/3231: mp-398
unable to access bucket: 'materialsproject-parsed' key: 'chgcars/mp-1440040.json.gz' version: None error: An error occurred (NoSuchKey) when calling the GetObject operation: The specified key does not exist.
  1557/3231: mp-1013588
unable to access bucket: 'materialsproject-parsed' key: 'chgcars/mp-1384910.json.gz' version: None error: An error occurred (NoSuchKey) when calling the GetObject operation: The specified key does not exist.
  1558/3231: mp-866036
  1559/3231: mp-1016837
unable to access bucket: 'materialsproject-parsed' key: 'chgcars/mp-1429194.json.gz' version: None error: An error occurred (NoSuchKey) when calling the GetObject operation: The specified key does not exist.
  1560/3231: mp-21319
unable to access bucket: 'materialsproject-parsed' key: 'chgcars/mp-1423469.json.gz' version: None error: An error occurred (NoSuchKey) when calling the GetObject operation: The specified key does not exist.
  1561/3231: mp-1013713
  1562/3231: mp-975292
  1563/3231: mp-2647102
  1564/3231: mp-975236
  1565/3231: mp-1184669
unable to access bucket: 'materialsproject-parsed' key: 'chgcars/mp-1426319.json.gz' version: None error: An error occurred (NoSuchKey) when calling the GetObject operation: The specified key does not exist.
  1566/3231: mp-1184954
unable to access bucket: 'materialsproject-parsed' key: 'chgcars/mp-1427556.json.gz' version: None error: An error occurred (NoSuchKey) when calling the GetObject operation: The specified key does not exist.
  1567/3231: mp-2268
  1568/3231: mp-1187304
  1569/3231: mp-1187502
  1570/3231: mp-569120
unable to access bucket: 'materialsproject-parsed' key: 'chgcars/mp-1441651.json.gz' version: None error: An error occurred (NoSuchKey) when calling the GetObject operation: The specified key does not exist.
  1571/3231: mp-568005
  1572/3231: mp-15805
  1573/3231: mp-1073
unable to access bucket: 'materialsproject-parsed' key: 'chgcars/mp-1439373.json.gz' version: None error: An error occurred (NoSuchKey) when calling the GetObject operation: The specified key does not exist.
  1574/3231: mp-1187735
unable to access bucket: 'materialsproject-parsed' key: 'chgcars/mp-1412379.json.gz' version: None error: An error occurred (NoSuchKey) when calling the GetObject operation: The specified key does not exist.
  1575/3231: mp-1002117
  1576/3231: mp-2064
  1577/3231: mp-10374
  1578/3231: mp-1002183
  1579/3231: mp-1016875
  1580/3231: mp-1186755
  1581/3231: mp-975173
unable to access bucket: 'materialsproject-parsed' key: 'chgcars/mp-1400966.json.gz' version: None error: An error occurred (NoSuchKey) when calling the GetObject operation: The specified key does not exist.
  1582/3231: mp-1183538
unable to access bucket: 'materialsproject-parsed' key: 'chgcars/mp-1422122.json.gz' version: None error: An error occurred (NoSuchKey) when calling the GetObject operation: The specified key does not exist.
  1583/3231: mp-973908
unable to access bucket: 'materialsproject-parsed' key: 'chgcars/mp-1658213.json.gz' version: None error: An error occurred (NoSuchKey) when calling the GetObject operation: The specified key does not exist.
  1584/3231: mp-1184799
unable to access bucket: 'materialsproject-parsed' key: 'chgcars/mp-1419098.json.gz' version: None error: An error occurred (NoSuchKey) when calling the GetObject operation: The specified key does not exist.
  1585/3231: mp-20206
unable to access bucket: 'materialsproject-parsed' key: 'chgcars/mp-1439468.json.gz' version: None error: An error occurred (NoSuchKey) when calling the GetObject operation: The specified key does not exist.
  1586/3231: mp-672698
  1587/3231: mp-417
  1588/3231: mp-997587
unable to access bucket: 'materialsproject-parsed' key: 'chgcars/mp-1354421.json.gz' version: None error: An error occurred (NoSuchKey) when calling the GetObject operation: The specified key does not exist.
  1589/3231: mp-1016931
unable to access bucket: 'materialsproject-parsed' key: 'chgcars/mp-1414321.json.gz' version: None error: An error occurred (NoSuchKey) when calling the GetObject operation: The specified key does not exist.
  1590/3231: mp-1481
unable to access bucket: 'materialsproject-parsed' key: 'chgcars/mp-1439016.json.gz' version: None error: An error occurred (NoSuchKey) when calling the GetObject operation: The specified key does not exist.
  1591/3231: mp-866186
  1592/3231: mp-998307
unable to access bucket: 'materialsproject-parsed' key: 'chgcars/mp-1401737.json.gz' version: None error: An error occurred (NoSuchKey) when calling the GetObject operation: The specified key does not exist.
  1593/3231: mp-977107
  1594/3231: mp-1097026
unable to access bucket: 'materialsproject-parsed' key: 'chgcars/mp-1438306.json.gz' version: None error: An error occurred (NoSuchKey) when calling the GetObject operation: The specified key does not exist.
  1595/3231: mp-977212
  1596/3231: mp-1184941
  1597/3231: mp-978490
unable to access bucket: 'materialsproject-parsed' key: 'chgcars/mp-1422233.json.gz' version: None error: An error occurred (NoSuchKey) when calling the GetObject operation: The specified key does not exist.
  1598/3231: mp-5660
  1599/3231: mp-1206344
  1600/3231: mp-867816
unable to access bucket: 'materialsproject-parsed' key: 'chgcars/mp-1416355.json.gz' version: None error: An error occurred (NoSuchKey) when calling the GetObject operation: The specified key does not exist.
  1601/3231: mp-1185008
  1602/3231: mp-1076633
  1603/3231: mp-1064508
  1604/3231: mp-1245828
  1605/3231: mp-637576
  1606/3231: mp-1186425
unable to access bucket: 'materialsproject-parsed' key: 'chgcars/mp-1415079.json.gz' version: None error: An error occurred (NoSuchKey) when calling the GetObject operation: The specified key does not exist.
  1607/3231: mp-975255
unable to access bucket: 'materialsproject-parsed' key: 'chgcars/mp-1432617.json.gz' version: None error: An error occurred (NoSuchKey) when calling the GetObject operation: The specified key does not exist.
  1608/3231: mp-975387
  1609/3231: mp-1184575
unable to access bucket: 'materialsproject-parsed' key: 'chgcars/mp-1405735.json.gz' version: None error: An error occurred (NoSuchKey) when calling the GetObject operation: The specified key does not exist.
  1610/3231: mp-1185692
unable to access bucket: 'materialsproject-parsed' key: 'chgcars/mp-1413400.json.gz' version: None error: An error occurred (NoSuchKey) when calling the GetObject operation: The specified key does not exist.
  1611/3231: mp-1183732
  1612/3231: mp-1183211
  1613/3231: mp-984719
unable to access bucket: 'materialsproject-parsed' key: 'chgcars/mp-1431729.json.gz' version: None error: An error occurred (NoSuchKey) when calling the GetObject operation: The specified key does not exist.
  1614/3231: mp-1184992
  1615/3231: mp-1206415
  1616/3231: mp-1009237
  1617/3231: mp-982885
unable to access bucket: 'materialsproject-parsed' key: 'chgcars/mp-1410343.json.gz' version: None error: An error occurred (NoSuchKey) when calling the GetObject operation: The specified key does not exist.
  1618/3231: mp-3654
unable to access bucket: 'materialsproject-parsed' key: 'chgcars/mp-1441190.json.gz' version: None error: An error occurred (NoSuchKey) when calling the GetObject operation: The specified key does not exist.
  1619/3231: mp-2756
  1620/3231: mp-1111868
unable to access bucket: 'materialsproject-parsed' key: 'chgcars/mp-1394399.json.gz' version: None error: An error occurred (NoSuchKey) when calling the GetObject operation: The specified key does not exist.
  1621/3231: mp-20684
unable to access bucket: 'materialsproject-parsed' key: 'chgcars/mp-1403072.json.gz' version: None error: An error occurred (NoSuchKey) when calling the GetObject operation: The specified key does not exist.
  1622/3231: mp-979936
unable to access bucket: 'materialsproject-parsed' key: 'chgcars/mp-1393489.json.gz' version: None error: An error occurred (NoSuchKey) when calling the GetObject operation: The specified key does not exist.
  1623/3231: mp-19257
  1624/3231: mp-989564
unable to access bucket: 'materialsproject-parsed' key: 'chgcars/mp-1435633.json.gz' version: None error: An error occurred (NoSuchKey) when calling the GetObject operation: The specified key does not exist.
  1625/3231: mp-1186757
unable to access bucket: 'materialsproject-parsed' key: 'chgcars/mp-1419287.json.gz' version: None error: An error occurred (NoSuchKey) when calling the GetObject operation: The specified key does not exist.
  1626/3231: mp-21043
unable to access bucket: 'materialsproject-parsed' key: 'chgcars/mp-1437106.json.gz' version: None error: An error occurred (NoSuchKey) when calling the GetObject operation: The specified key does not exist.
  1627/3231: mp-867883
unable to access bucket: 'materialsproject-parsed' key: 'chgcars/mp-1385830.json.gz' version: None error: An error occurred (NoSuchKey) when calling the GetObject operation: The specified key does not exist.
  1628/3231: mp-1187302
unable to access bucket: 'materialsproject-parsed' key: 'chgcars/mp-1427075.json.gz' version: None error: An error occurred (NoSuchKey) when calling the GetObject operation: The specified key does not exist.
  1629/3231: mp-1183933
  1630/3231: mp-1008555
unable to access bucket: 'materialsproject-parsed' key: 'chgcars/mp-1421953.json.gz' version: None error: An error occurred (NoSuchKey) when calling the GetObject operation: The specified key does not exist.
  1631/3231: mp-10373
  1632/3231: mp-1183911
unable to access bucket: 'materialsproject-parsed' key: 'chgcars/mp-1433814.json.gz' version: None error: An error occurred (NoSuchKey) when calling the GetObject operation: The specified key does not exist.
  1633/3231: mp-1184234
  1634/3231: mp-5304
unable to access bucket: 'materialsproject-parsed' key: 'chgcars/mp-1440888.json.gz' version: None error: An error occurred (NoSuchKey) when calling the GetObject operation: The specified key does not exist.
  1635/3231: mp-1187516
  1636/3231: mp-983497
  1637/3231: mp-1186032
unable to access bucket: 'materialsproject-parsed' key: 'chgcars/mp-1392965.json.gz' version: None error: An error occurred (NoSuchKey) when calling the GetObject operation: The specified key does not exist.
  1638/3231: mp-1187480
unable to access bucket: 'materialsproject-parsed' key: 'chgcars/mp-1424927.json.gz' version: None error: An error occurred (NoSuchKey) when calling the GetObject operation: The specified key does not exist.
  1639/3231: mp-5811
  1640/3231: mp-11258
unable to access bucket: 'materialsproject-parsed' key: 'chgcars/mp-1439596.json.gz' version: None error: An error occurred (NoSuchKey) when calling the GetObject operation: The specified key does not exist.
  1641/3231: mp-20963
unable to access bucket: 'materialsproject-parsed' key: 'chgcars/mp-1436140.json.gz' version: None error: An error occurred (NoSuchKey) when calling the GetObject operation: The specified key does not exist.
  1642/3231: mp-974395
  1643/3231: mp-1100776
unable to access bucket: 'materialsproject-parsed' key: 'chgcars/mp-1434305.json.gz' version: None error: An error occurred (NoSuchKey) when calling the GetObject operation: The specified key does not exist.
  1644/3231: mp-571233
  1645/3231: mp-1007656
unable to access bucket: 'materialsproject-parsed' key: 'chgcars/mp-1421392.json.gz' version: None error: An error occurred (NoSuchKey) when calling the GetObject operation: The specified key does not exist.
  1646/3231: mp-10039
unable to access bucket: 'materialsproject-parsed' key: 'chgcars/mp-1300278.json.gz' version: None error: An error occurred (NoSuchKey) when calling the GetObject operation: The specified key does not exist.
  1647/3231: mp-975274
  1648/3231: mp-976293
unable to access bucket: 'materialsproject-parsed' key: 'chgcars/mp-1384926.json.gz' version: None error: An error occurred (NoSuchKey) when calling the GetObject operation: The specified key does not exist.
  1649/3231: mp-1002109
  1650/3231: mp-21186
  1651/3231: mp-559
  1652/3231: mp-1187744
  1653/3231: mp-1187266
  1654/3231: mp-20786
unable to access bucket: 'materialsproject-parsed' key: 'chgcars/mp-1413256.json.gz' version: None error: An error occurred (NoSuchKey) when calling the GetObject operation: The specified key does not exist.
  1655/3231: mp-1185287
unable to access bucket: 'materialsproject-parsed' key: 'chgcars/mp-1411161.json.gz' version: None error: An error occurred (NoSuchKey) when calling the GetObject operation: The specified key does not exist.
  1656/3231: mp-2930
unable to access bucket: 'materialsproject-parsed' key: 'chgcars/mp-1438762.json.gz' version: None error: An error occurred (NoSuchKey) when calling the GetObject operation: The specified key does not exist.
  1657/3231: mp-2658
unable to access bucket: 'materialsproject-parsed' key: 'chgcars/mp-1440797.json.gz' version: None error: An error occurred (NoSuchKey) when calling the GetObject operation: The specified key does not exist.
  1658/3231: mp-976061
unable to access bucket: 'materialsproject-parsed' key: 'chgcars/mp-1419837.json.gz' version: None error: An error occurred (NoSuchKey) when calling the GetObject operation: The specified key does not exist.
  1659/3231: mp-11279
  1660/3231: mp-983513
  1661/3231: mp-21244
  1662/3231: mp-10600
unable to access bucket: 'materialsproject-parsed' key: 'chgcars/mp-1433237.json.gz' version: None error: An error occurred (NoSuchKey) when calling the GetObject operation: The specified key does not exist.
  1663/3231: mp-2560
unable to access bucket: 'materialsproject-parsed' key: 'chgcars/mp-1437902.json.gz' version: None error: An error occurred (NoSuchKey) when calling the GetObject operation: The specified key does not exist.
  1664/3231: mp-1075922
unable to access bucket: 'materialsproject-parsed' key: 'chgcars/mp-1379390.json.gz' version: None error: An error occurred (NoSuchKey) when calling the GetObject operation: The specified key does not exist.
  1665/3231: mp-972931
  1666/3231: mp-1013531
  1667/3231: mp-1206994
unable to access bucket: 'materialsproject-parsed' key: 'chgcars/mp-1399833.json.gz' version: None error: An error occurred (NoSuchKey) when calling the GetObject operation: The specified key does not exist.
  1668/3231: mp-1008285
  1669/3231: mp-580236
  1670/3231: mp-22535
  1671/3231: mp-1183137
  1672/3231: mp-20729
unable to access bucket: 'materialsproject-parsed' key: 'chgcars/mp-1439375.json.gz' version: None error: An error occurred (NoSuchKey) when calling the GetObject operation: The specified key does not exist.
  1673/3231: mp-21058
unable to access bucket: 'materialsproject-parsed' key: 'chgcars/mp-1435325.json.gz' version: None error: An error occurred (NoSuchKey) when calling the GetObject operation: The specified key does not exist.
  1674/3231: mp-1184429
  1675/3231: mp-1013535
  1676/3231: mp-1069270
  1677/3231: mp-1013550
  1678/3231: mp-1069296
unable to access bucket: 'materialsproject-parsed' key: 'chgcars/mp-1427882.json.gz' version: None error: An error occurred (NoSuchKey) when calling the GetObject operation: The specified key does not exist.
  1679/3231: mp-2027
  1680/3231: mp-1008274
unable to access bucket: 'materialsproject-parsed' key: 'chgcars/mp-1419303.json.gz' version: None error: An error occurred (NoSuchKey) when calling the GetObject operation: The specified key does not exist.
  1681/3231: mp-1096944
  1682/3231: mp-636331
  1683/3231: mp-979412
unable to access bucket: 'materialsproject-parsed' key: 'chgcars/mp-1475897.json.gz' version: None error: An error occurred (NoSuchKey) when calling the GetObject operation: The specified key does not exist.
  1684/3231: mp-1016850
unable to access bucket: 'materialsproject-parsed' key: 'chgcars/mp-1416809.json.gz' version: None error: An error occurred (NoSuchKey) when calling the GetObject operation: The specified key does not exist.
  1685/3231: mp-1186363
  1686/3231: mp-983594
unable to access bucket: 'materialsproject-parsed' key: 'chgcars/mp-1426303.json.gz' version: None error: An error occurred (NoSuchKey) when calling the GetObject operation: The specified key does not exist.
  1687/3231: mp-1185240
unable to access bucket: 'materialsproject-parsed' key: 'chgcars/mp-1397497.json.gz' version: None error: An error occurred (NoSuchKey) when calling the GetObject operation: The specified key does not exist.
  1688/3231: mp-1185880
  1689/3231: mp-863027
unable to access bucket: 'materialsproject-parsed' key: 'chgcars/mp-1385572.json.gz' version: None error: An error occurred (NoSuchKey) when calling the GetObject operation: The specified key does not exist.
  1690/3231: mp-978502
  1691/3231: mp-10683
unable to access bucket: 'materialsproject-parsed' key: 'chgcars/mp-1439964.json.gz' version: None error: An error occurred (NoSuchKey) when calling the GetObject operation: The specified key does not exist.
  1692/3231: mp-1183479
  1693/3231: mp-1183317
  1694/3231: mp-12631
  1695/3231: mp-623448
  1696/3231: mp-1187281
unable to access bucket: 'materialsproject-parsed' key: 'chgcars/mp-1390074.json.gz' version: None error: An error occurred (NoSuchKey) when calling the GetObject operation: The specified key does not exist.
  1697/3231: mp-1186016
unable to access bucket: 'materialsproject-parsed' key: 'chgcars/mp-1420386.json.gz' version: None error: An error occurred (NoSuchKey) when calling the GetObject operation: The specified key does not exist.
  1698/3231: mp-771055
  1699/3231: mp-20885
  1700/3231: mp-1210163
  1701/3231: mp-1077622
unable to access bucket: 'materialsproject-parsed' key: 'chgcars/mp-1475587.json.gz' version: None error: An error occurred (NoSuchKey) when calling the GetObject operation: The specified key does not exist.
  1702/3231: mp-8558
  1703/3231: mp-510492
unable to access bucket: 'materialsproject-parsed' key: 'chgcars/mp-1769267.json.gz' version: None error: An error occurred (NoSuchKey) when calling the GetObject operation: The specified key does not exist.
  1704/3231: mp-1099249
unable to access bucket: 'materialsproject-parsed' key: 'chgcars/mp-1390612.json.gz' version: None error: An error occurred (NoSuchKey) when calling the GetObject operation: The specified key does not exist.
  1705/3231: mp-2203
  1706/3231: mp-1209103
unable to access bucket: 'materialsproject-parsed' key: 'chgcars/mp-1433990.json.gz' version: None error: An error occurred (NoSuchKey) when calling the GetObject operation: The specified key does not exist.
  1707/3231: mp-981662
unable to access bucket: 'materialsproject-parsed' key: 'chgcars/mp-1421130.json.gz' version: None error: An error occurred (NoSuchKey) when calling the GetObject operation: The specified key does not exist.
  1708/3231: mp-1186855
unable to access bucket: 'materialsproject-parsed' key: 'chgcars/mp-1396632.json.gz' version: None error: An error occurred (NoSuchKey) when calling the GetObject operation: The specified key does not exist.
  1709/3231: mp-975346
  1710/3231: mp-1185994
unable to access bucket: 'materialsproject-parsed' key: 'chgcars/mp-1435715.json.gz' version: None error: An error occurred (NoSuchKey) when calling the GetObject operation: The specified key does not exist.
  1711/3231: mp-1016820
unable to access bucket: 'materialsproject-parsed' key: 'chgcars/mp-1435158.json.gz' version: None error: An error occurred (NoSuchKey) when calling the GetObject operation: The specified key does not exist.
  1712/3231: mp-1186747
unable to access bucket: 'materialsproject-parsed' key: 'chgcars/mp-1426422.json.gz' version: None error: An error occurred (NoSuchKey) when calling the GetObject operation: The specified key does not exist.
  1713/3231: mp-1184947
  1714/3231: mp-1056920
  1715/3231: mp-1186886
unable to access bucket: 'materialsproject-parsed' key: 'chgcars/mp-1397116.json.gz' version: None error: An error occurred (NoSuchKey) when calling the GetObject operation: The specified key does not exist.
  1716/3231: mp-1184348
unable to access bucket: 'materialsproject-parsed' key: 'chgcars/mp-1415297.json.gz' version: None error: An error occurred (NoSuchKey) when calling the GetObject operation: The specified key does not exist.
  1717/3231: mp-973536
  1718/3231: mp-1040471
  1719/3231: mp-1183916
  1720/3231: mp-1197139
  1721/3231: mp-1100778
unable to access bucket: 'materialsproject-parsed' key: 'chgcars/mp-1420355.json.gz' version: None error: An error occurred (NoSuchKey) when calling the GetObject operation: The specified key does not exist.
  1722/3231: mp-1187105
unable to access bucket: 'materialsproject-parsed' key: 'chgcars/mp-1392067.json.gz' version: None error: An error occurred (NoSuchKey) when calling the GetObject operation: The specified key does not exist.
  1723/3231: mp-22865
  1724/3231: mp-22120
  1725/3231: mp-1206911
unable to access bucket: 'materialsproject-parsed' key: 'chgcars/mp-1399014.json.gz' version: None error: An error occurred (NoSuchKey) when calling the GetObject operation: The specified key does not exist.
  1726/3231: mp-1186349
unable to access bucket: 'materialsproject-parsed' key: 'chgcars/mp-1422330.json.gz' version: None error: An error occurred (NoSuchKey) when calling the GetObject operation: The specified key does not exist.
  1727/3231: mp-754941
  1728/3231: mp-23949
  1729/3231: mp-1186169
unable to access bucket: 'materialsproject-parsed' key: 'chgcars/mp-1390246.json.gz' version: None error: An error occurred (NoSuchKey) when calling the GetObject operation: The specified key does not exist.
  1730/3231: mp-1019799
unable to access bucket: 'materialsproject-parsed' key: 'chgcars/mp-1393429.json.gz' version: None error: An error occurred (NoSuchKey) when calling the GetObject operation: The specified key does not exist.
  1731/3231: mp-21484
unable to access bucket: 'materialsproject-parsed' key: 'chgcars/mp-1768587.json.gz' version: None error: An error occurred (NoSuchKey) when calling the GetObject operation: The specified key does not exist.
  1732/3231: mp-1886
unable to access bucket: 'materialsproject-parsed' key: 'chgcars/mp-1437969.json.gz' version: None error: An error occurred (NoSuchKey) when calling the GetObject operation: The specified key does not exist.
  1733/3231: mp-1094768
  1734/3231: mp-1183834
  1735/3231: mp-1185401
  1736/3231: mp-866101
  1737/3231: mp-861936
  1738/3231: mp-981384
  1739/3231: mp-1065741
unable to access bucket: 'materialsproject-parsed' key: 'chgcars/mp-1426782.json.gz' version: None error: An error occurred (NoSuchKey) when calling the GetObject operation: The specified key does not exist.
  1740/3231: mp-2475
  1741/3231: mp-569785
  1742/3231: mp-1183186
  1743/3231: mp-20992
  1744/3231: mp-976763
  1745/3231: mp-1076638
unable to access bucket: 'materialsproject-parsed' key: 'chgcars/mp-1420180.json.gz' version: None error: An error occurred (NoSuchKey) when calling the GetObject operation: The specified key does not exist.
  1746/3231: mp-8398
  1747/3231: mp-1099259
unable to access bucket: 'materialsproject-parsed' key: 'chgcars/mp-1443091.json.gz' version: None error: An error occurred (NoSuchKey) when calling the GetObject operation: The specified key does not exist.
  1748/3231: mp-1099252
unable to access bucket: 'materialsproject-parsed' key: 'chgcars/mp-1383836.json.gz' version: None error: An error occurred (NoSuchKey) when calling the GetObject operation: The specified key does not exist.
  1749/3231: mp-1183133
unable to access bucket: 'materialsproject-parsed' key: 'chgcars/mp-1404155.json.gz' version: None error: An error occurred (NoSuchKey) when calling the GetObject operation: The specified key does not exist.
  1750/3231: mp-19769
  1751/3231: mp-2564
  1752/3231: mp-1184023
  1753/3231: mp-1206752
  1754/3231: mp-19944
unable to access bucket: 'materialsproject-parsed' key: 'chgcars/mp-1426734.json.gz' version: None error: An error occurred (NoSuchKey) when calling the GetObject operation: The specified key does not exist.
  1755/3231: mp-1187128
unable to access bucket: 'materialsproject-parsed' key: 'chgcars/mp-1401284.json.gz' version: None error: An error occurred (NoSuchKey) when calling the GetObject operation: The specified key does not exist.
  1756/3231: mp-1185438
unable to access bucket: 'materialsproject-parsed' key: 'chgcars/mp-1423165.json.gz' version: None error: An error occurred (NoSuchKey) when calling the GetObject operation: The specified key does not exist.
  1757/3231: mp-1186324
unable to access bucket: 'materialsproject-parsed' key: 'chgcars/mp-1417161.json.gz' version: None error: An error occurred (NoSuchKey) when calling the GetObject operation: The specified key does not exist.
  1758/3231: mp-1186167
  1759/3231: mp-19966
  1760/3231: mp-972987
  1761/3231: mp-1094084
unable to access bucket: 'materialsproject-parsed' key: 'chgcars/mp-1397410.json.gz' version: None error: An error occurred (NoSuchKey) when calling the GetObject operation: The specified key does not exist.
  1762/3231: mp-985588
  1763/3231: mp-1187342
  1764/3231: mp-984700
  1765/3231: mp-1206990
unable to access bucket: 'materialsproject-parsed' key: 'chgcars/mp-1405858.json.gz' version: None error: An error occurred (NoSuchKey) when calling the GetObject operation: The specified key does not exist.
  1766/3231: mp-978844
unable to access bucket: 'materialsproject-parsed' key: 'chgcars/mp-1393988.json.gz' version: None error: An error occurred (NoSuchKey) when calling the GetObject operation: The specified key does not exist.
  1767/3231: mp-985586
unable to access bucket: 'materialsproject-parsed' key: 'chgcars/mp-1402320.json.gz' version: None error: An error occurred (NoSuchKey) when calling the GetObject operation: The specified key does not exist.
  1768/3231: mp-570164
unable to access bucket: 'materialsproject-parsed' key: 'chgcars/mp-1417476.json.gz' version: None error: An error occurred (NoSuchKey) when calling the GetObject operation: The specified key does not exist.
  1769/3231: mp-1186120
unable to access bucket: 'materialsproject-parsed' key: 'chgcars/mp-1383756.json.gz' version: None error: An error occurred (NoSuchKey) when calling the GetObject operation: The specified key does not exist.
  1770/3231: mp-23818
  1771/3231: mp-2522
  1772/3231: mp-1019801
unable to access bucket: 'materialsproject-parsed' key: 'chgcars/mp-1387539.json.gz' version: None error: An error occurred (NoSuchKey) when calling the GetObject operation: The specified key does not exist.
  1773/3231: mp-1185564
unable to access bucket: 'materialsproject-parsed' key: 'chgcars/mp-1406257.json.gz' version: None error: An error occurred (NoSuchKey) when calling the GetObject operation: The specified key does not exist.
  1774/3231: mp-976138
unable to access bucket: 'materialsproject-parsed' key: 'chgcars/mp-1406987.json.gz' version: None error: An error occurred (NoSuchKey) when calling the GetObject operation: The specified key does not exist.
  1775/3231: mp-1068011
  1776/3231: mp-1184557
  1777/3231: mp-971958
unable to access bucket: 'materialsproject-parsed' key: 'chgcars/mp-1475547.json.gz' version: None error: An error occurred (NoSuchKey) when calling the GetObject operation: The specified key does not exist.
  1778/3231: mp-1183150
  1779/3231: mp-11498
  1780/3231: mp-7130
  1781/3231: mp-1185313
  1782/3231: mp-22746
  1783/3231: mp-1185539
  1784/3231: mp-22540
  1785/3231: mp-1264
  1786/3231: mp-1094743
unable to access bucket: 'materialsproject-parsed' key: 'chgcars/mp-1435749.json.gz' version: None error: An error occurred (NoSuchKey) when calling the GetObject operation: The specified key does not exist.
  1787/3231: mp-1187866
  1788/3231: mp-20182
  1789/3231: mp-861502
  1790/3231: mp-1016884
unable to access bucket: 'materialsproject-parsed' key: 'chgcars/mp-1423718.json.gz' version: None error: An error occurred (NoSuchKey) when calling the GetObject operation: The specified key does not exist.
  1791/3231: mp-31337
  1792/3231: mp-971703
unable to access bucket: 'materialsproject-parsed' key: 'chgcars/mp-1421891.json.gz' version: None error: An error occurred (NoSuchKey) when calling the GetObject operation: The specified key does not exist.
  1793/3231: mp-11501
  1794/3231: mp-1185300
  1795/3231: mp-1187568
  1796/3231: mp-7986
  1797/3231: mp-1009878
unable to access bucket: 'materialsproject-parsed' key: 'chgcars/mp-1433573.json.gz' version: None error: An error occurred (NoSuchKey) when calling the GetObject operation: The specified key does not exist.
  1798/3231: mp-1019800
unable to access bucket: 'materialsproject-parsed' key: 'chgcars/mp-1411870.json.gz' version: None error: An error occurred (NoSuchKey) when calling the GetObject operation: The specified key does not exist.
  1799/3231: mp-1183282
  1800/3231: mp-8037
  1801/3231: mp-1429856
unable to access bucket: 'materialsproject-parsed' key: 'chgcars/mp-1429856.json.gz' version: None error: An error occurred (NoSuchKey) when calling the GetObject operation: The specified key does not exist.
  1802/3231: mp-19845
unable to access bucket: 'materialsproject-parsed' key: 'chgcars/mp-1442208.json.gz' version: None error: An error occurred (NoSuchKey) when calling the GetObject operation: The specified key does not exist.
  1803/3231: mp-571188
  1804/3231: mp-11552
unable to access bucket: 'materialsproject-parsed' key: 'chgcars/mp-1439113.json.gz' version: None error: An error occurred (NoSuchKey) when calling the GetObject operation: The specified key does not exist.
  1805/3231: mp-8557
unable to access bucket: 'materialsproject-parsed' key: 'chgcars/mp-1423592.json.gz' version: None error: An error occurred (NoSuchKey) when calling the GetObject operation: The specified key does not exist.
  1806/3231: mp-1184008
unable to access bucket: 'materialsproject-parsed' key: 'chgcars/mp-1419638.json.gz' version: None error: An error occurred (NoSuchKey) when calling the GetObject operation: The specified key does not exist.
  1807/3231: mp-19736
unable to access bucket: 'materialsproject-parsed' key: 'chgcars/mp-1440275.json.gz' version: None error: An error occurred (NoSuchKey) when calling the GetObject operation: The specified key does not exist.
  1808/3231: mp-1184064
  1809/3231: mp-1006115
  1810/3231: mp-1413511
  1811/3231: mp-20362
  1812/3231: mp-1002106
unable to access bucket: 'materialsproject-parsed' key: 'chgcars/mp-1425405.json.gz' version: None error: An error occurred (NoSuchKey) when calling the GetObject operation: The specified key does not exist.
  1813/3231: mp-973919
  1814/3231: mp-2547
  1815/3231: mp-6996
  1816/3231: mp-979294
  1817/3231: mp-1075921
  1818/3231: mp-11260
unable to access bucket: 'materialsproject-parsed' key: 'chgcars/mp-1412916.json.gz' version: None error: An error occurred (NoSuchKey) when calling the GetObject operation: The specified key does not exist.
  1819/3231: mp-1183624
  1820/3231: mp-1184840
unable to access bucket: 'materialsproject-parsed' key: 'chgcars/mp-1407615.json.gz' version: None error: An error occurred (NoSuchKey) when calling the GetObject operation: The specified key does not exist.
  1821/3231: mp-1183045
unable to access bucket: 'materialsproject-parsed' key: 'chgcars/mp-1428066.json.gz' version: None error: An error occurred (NoSuchKey) when calling the GetObject operation: The specified key does not exist.
  1822/3231: mp-2381
  1823/3231: mp-1185065
  1824/3231: mp-1013563
  1825/3231: mp-1185498
  1826/3231: mp-1076070
unable to access bucket: 'materialsproject-parsed' key: 'chgcars/mp-1428950.json.gz' version: None error: An error occurred (NoSuchKey) when calling the GetObject operation: The specified key does not exist.
  1827/3231: mp-978294
  1828/3231: mp-1183143
unable to access bucket: 'materialsproject-parsed' key: 'chgcars/mp-1435770.json.gz' version: None error: An error occurred (NoSuchKey) when calling the GetObject operation: The specified key does not exist.
  1829/3231: mp-1183655
unable to access bucket: 'materialsproject-parsed' key: 'chgcars/mp-1423927.json.gz' version: None error: An error occurred (NoSuchKey) when calling the GetObject operation: The specified key does not exist.
  1830/3231: mp-1187918
unable to access bucket: 'materialsproject-parsed' key: 'chgcars/mp-1432125.json.gz' version: None error: An error occurred (NoSuchKey) when calling the GetObject operation: The specified key does not exist.
  1831/3231: mp-7483
  1832/3231: mp-1187279
unable to access bucket: 'materialsproject-parsed' key: 'chgcars/mp-1430252.json.gz' version: None error: An error occurred (NoSuchKey) when calling the GetObject operation: The specified key does not exist.
  1833/3231: mp-1099591
unable to access bucket: 'materialsproject-parsed' key: 'chgcars/mp-1428551.json.gz' version: None error: An error occurred (NoSuchKey) when calling the GetObject operation: The specified key does not exist.
  1834/3231: mp-998901
unable to access bucket: 'materialsproject-parsed' key: 'chgcars/mp-1504281.json.gz' version: None error: An error occurred (NoSuchKey) when calling the GetObject operation: The specified key does not exist.
  1835/3231: mp-1016848
  1836/3231: mp-1057750
  1837/3231: mp-305
  1838/3231: mp-1016880
unable to access bucket: 'materialsproject-parsed' key: 'chgcars/mp-1425853.json.gz' version: None error: An error occurred (NoSuchKey) when calling the GetObject operation: The specified key does not exist.
  1839/3231: mp-1184768
  1840/3231: mp-6952
  1841/3231: mp-10666
  1842/3231: mp-1094705
  1843/3231: mp-1183969
unable to access bucket: 'materialsproject-parsed' key: 'chgcars/mp-1430317.json.gz' version: None error: An error occurred (NoSuchKey) when calling the GetObject operation: The specified key does not exist.
  1844/3231: mp-1187915
unable to access bucket: 'materialsproject-parsed' key: 'chgcars/mp-1405854.json.gz' version: None error: An error occurred (NoSuchKey) when calling the GetObject operation: The specified key does not exist.
  1845/3231: mp-1067129
  1846/3231: mp-985285
unable to access bucket: 'materialsproject-parsed' key: 'chgcars/mp-1422855.json.gz' version: None error: An error occurred (NoSuchKey) when calling the GetObject operation: The specified key does not exist.
  1847/3231: mp-1077660
  1848/3231: mp-1186662
  1849/3231: mp-16731
  1850/3231: mp-864606
unable to access bucket: 'materialsproject-parsed' key: 'chgcars/mp-1414444.json.gz' version: None error: An error occurred (NoSuchKey) when calling the GetObject operation: The specified key does not exist.
  1851/3231: mp-1186138
  1852/3231: mp-23080
unable to access bucket: 'materialsproject-parsed' key: 'chgcars/mp-1415001.json.gz' version: None error: An error occurred (NoSuchKey) when calling the GetObject operation: The specified key does not exist.
  1853/3231: mp-864636
unable to access bucket: 'materialsproject-parsed' key: 'chgcars/mp-1431145.json.gz' version: None error: An error occurred (NoSuchKey) when calling the GetObject operation: The specified key does not exist.
  1854/3231: mp-1918
  1855/3231: mp-999484
unable to access bucket: 'materialsproject-parsed' key: 'chgcars/mp-1427712.json.gz' version: None error: An error occurred (NoSuchKey) when calling the GetObject operation: The specified key does not exist.
  1856/3231: mp-554465
  1857/3231: mp-639675
  1858/3231: mp-11478
unable to access bucket: 'materialsproject-parsed' key: 'chgcars/mp-1439254.json.gz' version: None error: An error occurred (NoSuchKey) when calling the GetObject operation: The specified key does not exist.
  1859/3231: mp-1259
  1860/3231: mp-2323
unable to access bucket: 'materialsproject-parsed' key: 'chgcars/mp-1442111.json.gz' version: None error: An error occurred (NoSuchKey) when calling the GetObject operation: The specified key does not exist.
  1861/3231: mp-1183687
  1862/3231: mp-1184625
  1863/3231: mp-11503
  1864/3231: mp-1016926
  1865/3231: mp-863257
unable to access bucket: 'materialsproject-parsed' key: 'chgcars/mp-1413070.json.gz' version: None error: An error occurred (NoSuchKey) when calling the GetObject operation: The specified key does not exist.
  1866/3231: mp-1018643
unable to access bucket: 'materialsproject-parsed' key: 'chgcars/mp-1429918.json.gz' version: None error: An error occurred (NoSuchKey) when calling the GetObject operation: The specified key does not exist.
  1867/3231: mp-1075975
unable to access bucket: 'materialsproject-parsed' key: 'chgcars/mp-1657622.json.gz' version: None error: An error occurred (NoSuchKey) when calling the GetObject operation: The specified key does not exist.
  1868/3231: mp-2399
  1869/3231: mp-978514
  1870/3231: mp-978493
  1871/3231: mp-1112987
  1872/3231: mp-1206130
  1873/3231: mp-977370
unable to access bucket: 'materialsproject-parsed' key: 'chgcars/mp-1428534.json.gz' version: None error: An error occurred (NoSuchKey) when calling the GetObject operation: The specified key does not exist.
  1874/3231: mp-975138
unable to access bucket: 'materialsproject-parsed' key: 'chgcars/mp-1504773.json.gz' version: None error: An error occurred (NoSuchKey) when calling the GetObject operation: The specified key does not exist.
  1875/3231: mp-975467
unable to access bucket: 'materialsproject-parsed' key: 'chgcars/mp-1422579.json.gz' version: None error: An error occurred (NoSuchKey) when calling the GetObject operation: The specified key does not exist.
  1876/3231: mp-1207153
unable to access bucket: 'materialsproject-parsed' key: 'chgcars/mp-1390966.json.gz' version: None error: An error occurred (NoSuchKey) when calling the GetObject operation: The specified key does not exist.
  1877/3231: mp-13098
  1878/3231: mp-1183310
unable to access bucket: 'materialsproject-parsed' key: 'chgcars/mp-1393179.json.gz' version: None error: An error occurred (NoSuchKey) when calling the GetObject operation: The specified key does not exist.
  1879/3231: mp-1184042
  1880/3231: mp-9200
unable to access bucket: 'materialsproject-parsed' key: 'chgcars/mp-1419887.json.gz' version: None error: An error occurred (NoSuchKey) when calling the GetObject operation: The specified key does not exist.
  1881/3231: mp-371
  1882/3231: mp-11374
  1883/3231: mp-975322
unable to access bucket: 'materialsproject-parsed' key: 'chgcars/mp-1433718.json.gz' version: None error: An error occurred (NoSuchKey) when calling the GetObject operation: The specified key does not exist.
  1884/3231: mp-1067833
unable to access bucket: 'materialsproject-parsed' key: 'chgcars/mp-1437520.json.gz' version: None error: An error occurred (NoSuchKey) when calling the GetObject operation: The specified key does not exist.
  1885/3231: mp-1183052
unable to access bucket: 'materialsproject-parsed' key: 'chgcars/mp-1420512.json.gz' version: None error: An error occurred (NoSuchKey) when calling the GetObject operation: The specified key does not exist.
  1886/3231: mp-1018646
  1887/3231: mp-21292
  1888/3231: mp-568345
unable to access bucket: 'materialsproject-parsed' key: 'chgcars/mp-1382255.json.gz' version: None error: An error occurred (NoSuchKey) when calling the GetObject operation: The specified key does not exist.
  1889/3231: mp-978802
unable to access bucket: 'materialsproject-parsed' key: 'chgcars/mp-1437277.json.gz' version: None error: An error occurred (NoSuchKey) when calling the GetObject operation: The specified key does not exist.
  1890/3231: mp-762506
  1891/3231: mp-1184471
  1892/3231: mp-1150
unable to access bucket: 'materialsproject-parsed' key: 'chgcars/mp-1442089.json.gz' version: None error: An error occurred (NoSuchKey) when calling the GetObject operation: The specified key does not exist.
  1893/3231: mp-972021
unable to access bucket: 'materialsproject-parsed' key: 'chgcars/mp-1425860.json.gz' version: None error: An error occurred (NoSuchKey) when calling the GetObject operation: The specified key does not exist.
  1894/3231: mp-1008349
  1895/3231: mp-1094085
unable to access bucket: 'materialsproject-parsed' key: 'chgcars/mp-1424126.json.gz' version: None error: An error occurred (NoSuchKey) when calling the GetObject operation: The specified key does not exist.
  1896/3231: mp-10110
  1897/3231: mp-1002228
  1898/3231: mp-1187119
  1899/3231: mp-984082
  1900/3231: mp-981132
  1901/3231: mp-1184995
  1902/3231: mp-3614
unable to access bucket: 'materialsproject-parsed' key: 'chgcars/mp-1440109.json.gz' version: None error: An error occurred (NoSuchKey) when calling the GetObject operation: The specified key does not exist.
  1903/3231: mp-13480
  1904/3231: mp-973877
  1905/3231: mp-1185320
  1906/3231: mp-1183621
unable to access bucket: 'materialsproject-parsed' key: 'chgcars/mp-1432884.json.gz' version: None error: An error occurred (NoSuchKey) when calling the GetObject operation: The specified key does not exist.
  1907/3231: mp-1094802
  1908/3231: mp-2688
unable to access bucket: 'materialsproject-parsed' key: 'chgcars/mp-1439609.json.gz' version: None error: An error occurred (NoSuchKey) when calling the GetObject operation: The specified key does not exist.
  1909/3231: mp-18717
  1910/3231: mp-547069
unable to access bucket: 'materialsproject-parsed' key: 'chgcars/mp-1772912.json.gz' version: None error: An error occurred (NoSuchKey) when calling the GetObject operation: The specified key does not exist.
  1911/3231: mp-1210746
  1912/3231: mp-1185406
unable to access bucket: 'materialsproject-parsed' key: 'chgcars/mp-1410939.json.gz' version: None error: An error occurred (NoSuchKey) when calling the GetObject operation: The specified key does not exist.
  1913/3231: mp-1186985
  1914/3231: mp-20549
unable to access bucket: 'materialsproject-parsed' key: 'chgcars/mp-1439602.json.gz' version: None error: An error occurred (NoSuchKey) when calling the GetObject operation: The specified key does not exist.
  1915/3231: mp-1207063
  1916/3231: mp-1206360
unable to access bucket: 'materialsproject-parsed' key: 'chgcars/mp-1397954.json.gz' version: None error: An error occurred (NoSuchKey) when calling the GetObject operation: The specified key does not exist.
  1917/3231: mp-976284
  1918/3231: mp-20750
unable to access bucket: 'materialsproject-parsed' key: 'chgcars/mp-1427715.json.gz' version: None error: An error occurred (NoSuchKey) when calling the GetObject operation: The specified key does not exist.
  1919/3231: mp-1204208
  1920/3231: mp-10036
unable to access bucket: 'materialsproject-parsed' key: 'chgcars/mp-1414209.json.gz' version: None error: An error occurred (NoSuchKey) when calling the GetObject operation: The specified key does not exist.
  1921/3231: mp-1094769
unable to access bucket: 'materialsproject-parsed' key: 'chgcars/mp-1400628.json.gz' version: None error: An error occurred (NoSuchKey) when calling the GetObject operation: The specified key does not exist.
  1922/3231: mp-1099619
  1923/3231: mp-1187912
  1924/3231: mp-972156
unable to access bucket: 'materialsproject-parsed' key: 'chgcars/mp-1403591.json.gz' version: None error: An error occurred (NoSuchKey) when calling the GetObject operation: The specified key does not exist.
  1925/3231: mp-1018021
unable to access bucket: 'materialsproject-parsed' key: 'chgcars/mp-1659129.json.gz' version: None error: An error occurred (NoSuchKey) when calling the GetObject operation: The specified key does not exist.
  1926/3231: mp-21008
  1927/3231: mp-11231
unable to access bucket: 'materialsproject-parsed' key: 'chgcars/mp-1441439.json.gz' version: None error: An error occurred (NoSuchKey) when calling the GetObject operation: The specified key does not exist.
  1928/3231: mp-863750
  1929/3231: mp-31434
  1930/3231: mp-542
unable to access bucket: 'materialsproject-parsed' key: 'chgcars/mp-1439030.json.gz' version: None error: An error occurred (NoSuchKey) when calling the GetObject operation: The specified key does not exist.
  1931/3231: mp-11517
  1932/3231: mp-1016903
  1933/3231: mp-976903
unable to access bucket: 'materialsproject-parsed' key: 'chgcars/mp-1397073.json.gz' version: None error: An error occurred (NoSuchKey) when calling the GetObject operation: The specified key does not exist.
  1934/3231: mp-971758
  1935/3231: mp-1186259
unable to access bucket: 'materialsproject-parsed' key: 'chgcars/mp-1400518.json.gz' version: None error: An error occurred (NoSuchKey) when calling the GetObject operation: The specified key does not exist.
  1936/3231: mp-2861
  1937/3231: mp-570698
  1938/3231: mp-975200
  1939/3231: mp-1183110
  1940/3231: mp-1016876
unable to access bucket: 'materialsproject-parsed' key: 'chgcars/mp-1419778.json.gz' version: None error: An error occurred (NoSuchKey) when calling the GetObject operation: The specified key does not exist.
  1941/3231: mp-1004524
unable to access bucket: 'materialsproject-parsed' key: 'chgcars/mp-1389967.json.gz' version: None error: An error occurred (NoSuchKey) when calling the GetObject operation: The specified key does not exist.
  1942/3231: mp-1018628
unable to access bucket: 'materialsproject-parsed' key: 'chgcars/mp-1418081.json.gz' version: None error: An error occurred (NoSuchKey) when calling the GetObject operation: The specified key does not exist.
  1943/3231: mp-865786
  1944/3231: mp-1184949
unable to access bucket: 'materialsproject-parsed' key: 'chgcars/mp-1435871.json.gz' version: None error: An error occurred (NoSuchKey) when calling the GetObject operation: The specified key does not exist.
  1945/3231: mp-560399
  1946/3231: mp-1184834
  1947/3231: mp-7167
  1948/3231: mp-1185553
  1949/3231: mp-1184117
  1950/3231: mp-570591
  1951/3231: mp-1187529
  1952/3231: mp-2778
unable to access bucket: 'materialsproject-parsed' key: 'chgcars/mp-1476230.json.gz' version: None error: An error occurred (NoSuchKey) when calling the GetObject operation: The specified key does not exist.
  1953/3231: mp-985300
  1954/3231: mp-11418
unable to access bucket: 'materialsproject-parsed' key: 'chgcars/mp-1441708.json.gz' version: None error: An error occurred (NoSuchKey) when calling the GetObject operation: The specified key does not exist.
  1955/3231: mp-23167
  1956/3231: mp-29677
  1957/3231: mp-628614
unable to access bucket: 'materialsproject-parsed' key: 'chgcars/mp-1371909.json.gz' version: None error: An error occurred (NoSuchKey) when calling the GetObject operation: The specified key does not exist.
  1958/3231: mp-11484
unable to access bucket: 'materialsproject-parsed' key: 'chgcars/mp-1439210.json.gz' version: None error: An error occurred (NoSuchKey) when calling the GetObject operation: The specified key does not exist.
  1959/3231: mp-974740
unable to access bucket: 'materialsproject-parsed' key: 'chgcars/mp-1427239.json.gz' version: None error: An error occurred (NoSuchKey) when calling the GetObject operation: The specified key does not exist.
  1960/3231: mp-20369
unable to access bucket: 'materialsproject-parsed' key: 'chgcars/mp-1442062.json.gz' version: None error: An error occurred (NoSuchKey) when calling the GetObject operation: The specified key does not exist.
  1961/3231: mp-30207
unable to access bucket: 'materialsproject-parsed' key: 'chgcars/mp-1426854.json.gz' version: None error: An error occurred (NoSuchKey) when calling the GetObject operation: The specified key does not exist.
  1962/3231: mp-1207302
unable to access bucket: 'materialsproject-parsed' key: 'chgcars/mp-1401147.json.gz' version: None error: An error occurred (NoSuchKey) when calling the GetObject operation: The specified key does not exist.
  1963/3231: mp-977
unable to access bucket: 'materialsproject-parsed' key: 'chgcars/mp-1437993.json.gz' version: None error: An error occurred (NoSuchKey) when calling the GetObject operation: The specified key does not exist.
  1964/3231: mp-1184491
unable to access bucket: 'materialsproject-parsed' key: 'chgcars/mp-1774134.json.gz' version: None error: An error occurred (NoSuchKey) when calling the GetObject operation: The specified key does not exist.
  1965/3231: mp-570691
unable to access bucket: 'materialsproject-parsed' key: 'chgcars/mp-1441545.json.gz' version: None error: An error occurred (NoSuchKey) when calling the GetObject operation: The specified key does not exist.
  1966/3231: mp-21135
unable to access bucket: 'materialsproject-parsed' key: 'chgcars/mp-1431846.json.gz' version: None error: An error occurred (NoSuchKey) when calling the GetObject operation: The specified key does not exist.
  1967/3231: mp-11372
unable to access bucket: 'materialsproject-parsed' key: 'chgcars/mp-1441779.json.gz' version: None error: An error occurred (NoSuchKey) when calling the GetObject operation: The specified key does not exist.
  1968/3231: mp-863708
  1969/3231: mp-4346
  1970/3231: mp-1010071
unable to access bucket: 'materialsproject-parsed' key: 'chgcars/mp-1433125.json.gz' version: None error: An error occurred (NoSuchKey) when calling the GetObject operation: The specified key does not exist.
  1971/3231: mp-10653
  1972/3231: mp-934
unable to access bucket: 'materialsproject-parsed' key: 'chgcars/mp-1442319.json.gz' version: None error: An error occurred (NoSuchKey) when calling the GetObject operation: The specified key does not exist.
  1973/3231: mp-1186334
  1974/3231: mp-7700
  1975/3231: mp-998739
  1976/3231: mp-984240
unable to access bucket: 'materialsproject-parsed' key: 'chgcars/mp-1412050.json.gz' version: None error: An error occurred (NoSuchKey) when calling the GetObject operation: The specified key does not exist.
  1977/3231: mp-1183767
unable to access bucket: 'materialsproject-parsed' key: 'chgcars/mp-1395147.json.gz' version: None error: An error occurred (NoSuchKey) when calling the GetObject operation: The specified key does not exist.
  1978/3231: mp-1014230
  1979/3231: mp-1104851
  1980/3231: mp-1183772
unable to access bucket: 'materialsproject-parsed' key: 'chgcars/mp-1421497.json.gz' version: None error: An error occurred (NoSuchKey) when calling the GetObject operation: The specified key does not exist.
  1981/3231: mp-257
  1982/3231: mp-11274
unable to access bucket: 'materialsproject-parsed' key: 'chgcars/mp-1439195.json.gz' version: None error: An error occurred (NoSuchKey) when calling the GetObject operation: The specified key does not exist.
  1983/3231: mp-997591
  1984/3231: mp-1183992
  1985/3231: mp-1416093
  1986/3231: mp-1094049
  1987/3231: mp-1070440
unable to access bucket: 'materialsproject-parsed' key: 'chgcars/mp-1441125.json.gz' version: None error: An error occurred (NoSuchKey) when calling the GetObject operation: The specified key does not exist.
  1988/3231: mp-984717
  1989/3231: mp-864655
  1990/3231: mp-232
  1991/3231: mp-864794
  1992/3231: mp-569898
unable to access bucket: 'materialsproject-parsed' key: 'chgcars/mp-1431323.json.gz' version: None error: An error occurred (NoSuchKey) when calling the GetObject operation: The specified key does not exist.
  1993/3231: mp-1016819
unable to access bucket: 'materialsproject-parsed' key: 'chgcars/mp-1431506.json.gz' version: None error: An error occurred (NoSuchKey) when calling the GetObject operation: The specified key does not exist.
  1994/3231: mp-1185343
  1995/3231: mp-1183751
unable to access bucket: 'materialsproject-parsed' key: 'chgcars/mp-1475452.json.gz' version: None error: An error occurred (NoSuchKey) when calling the GetObject operation: The specified key does not exist.
  1996/3231: mp-1211148
  1997/3231: mp-1187454
  1998/3231: mp-1094669
  1999/3231: mp-1185236
  2000/3231: mp-1099824
  2001/3231: mp-1185031
  2002/3231: mp-1009009
unable to access bucket: 'materialsproject-parsed' key: 'chgcars/mp-1435173.json.gz' version: None error: An error occurred (NoSuchKey) when calling the GetObject operation: The specified key does not exist.
  2003/3231: mp-10699
unable to access bucket: 'materialsproject-parsed' key: 'chgcars/mp-1441783.json.gz' version: None error: An error occurred (NoSuchKey) when calling the GetObject operation: The specified key does not exist.
  2004/3231: mp-1183379
  2005/3231: mp-557257
unable to access bucket: 'materialsproject-parsed' key: 'chgcars/mp-1441925.json.gz' version: None error: An error occurred (NoSuchKey) when calling the GetObject operation: The specified key does not exist.
  2006/3231: mp-982558
  2007/3231: mp-1184148
  2008/3231: mp-1183759
  2009/3231: mp-636279
  2010/3231: mp-1183684
  2011/3231: mp-1188011
unable to access bucket: 'materialsproject-parsed' key: 'chgcars/mp-1417434.json.gz' version: None error: An error occurred (NoSuchKey) when calling the GetObject operation: The specified key does not exist.
  2012/3231: mp-348
  2013/3231: mp-862862
  2014/3231: mp-1185074
unable to access bucket: 'materialsproject-parsed' key: 'chgcars/mp-1396024.json.gz' version: None error: An error occurred (NoSuchKey) when calling the GetObject operation: The specified key does not exist.
  2015/3231: mp-1017465
unable to access bucket: 'materialsproject-parsed' key: 'chgcars/mp-1475997.json.gz' version: None error: An error occurred (NoSuchKey) when calling the GetObject operation: The specified key does not exist.
  2016/3231: mp-1102124
  2017/3231: mp-1186927
unable to access bucket: 'materialsproject-parsed' key: 'chgcars/mp-1434729.json.gz' version: None error: An error occurred (NoSuchKey) when calling the GetObject operation: The specified key does not exist.
  2018/3231: mp-1186813
unable to access bucket: 'materialsproject-parsed' key: 'chgcars/mp-1414685.json.gz' version: None error: An error occurred (NoSuchKey) when calling the GetObject operation: The specified key does not exist.
  2019/3231: mp-1013524
  2020/3231: mp-11775
  2021/3231: mp-984356
  2022/3231: mp-3183
  2023/3231: mp-21039
  2024/3231: mp-1183917
  2025/3231: mp-1187532
unable to access bucket: 'materialsproject-parsed' key: 'chgcars/mp-1418922.json.gz' version: None error: An error occurred (NoSuchKey) when calling the GetObject operation: The specified key does not exist.
  2026/3231: mp-981387
  2027/3231: mp-2484
  2028/3231: mp-556242
  2029/3231: mp-984727
  2030/3231: mp-1948
unable to access bucket: 'materialsproject-parsed' key: 'chgcars/mp-1442148.json.gz' version: None error: An error occurred (NoSuchKey) when calling the GetObject operation: The specified key does not exist.
  2031/3231: mp-11473
unable to access bucket: 'materialsproject-parsed' key: 'chgcars/mp-1439822.json.gz' version: None error: An error occurred (NoSuchKey) when calling the GetObject operation: The specified key does not exist.
  2032/3231: mp-1040467
unable to access bucket: 'materialsproject-parsed' key: 'chgcars/mp-1429492.json.gz' version: None error: An error occurred (NoSuchKey) when calling the GetObject operation: The specified key does not exist.
  2033/3231: mp-7114
unable to access bucket: 'materialsproject-parsed' key: 'chgcars/mp-1426189.json.gz' version: None error: An error occurred (NoSuchKey) when calling the GetObject operation: The specified key does not exist.
  2034/3231: mp-1184369
unable to access bucket: 'materialsproject-parsed' key: 'chgcars/mp-1415862.json.gz' version: None error: An error occurred (NoSuchKey) when calling the GetObject operation: The specified key does not exist.
  2035/3231: mp-1094958
unable to access bucket: 'materialsproject-parsed' key: 'chgcars/mp-1430336.json.gz' version: None error: An error occurred (NoSuchKey) when calling the GetObject operation: The specified key does not exist.
  2036/3231: mp-1183480
  2037/3231: mp-188
  2038/3231: mp-13496
  2039/3231: mp-20298
  2040/3231: mp-1102981
unable to access bucket: 'materialsproject-parsed' key: 'chgcars/mp-1374179.json.gz' version: None error: An error occurred (NoSuchKey) when calling the GetObject operation: The specified key does not exist.
  2041/3231: mp-1207084
unable to access bucket: 'materialsproject-parsed' key: 'chgcars/mp-1413203.json.gz' version: None error: An error occurred (NoSuchKey) when calling the GetObject operation: The specified key does not exist.
  2042/3231: mp-1206425
unable to access bucket: 'materialsproject-parsed' key: 'chgcars/mp-1431909.json.gz' version: None error: An error occurred (NoSuchKey) when calling the GetObject operation: The specified key does not exist.
  2043/3231: mp-1187257
unable to access bucket: 'materialsproject-parsed' key: 'chgcars/mp-1430607.json.gz' version: None error: An error occurred (NoSuchKey) when calling the GetObject operation: The specified key does not exist.
  2044/3231: mp-974061
unable to access bucket: 'materialsproject-parsed' key: 'chgcars/mp-1383354.json.gz' version: None error: An error occurred (NoSuchKey) when calling the GetObject operation: The specified key does not exist.
  2045/3231: mp-1183712
unable to access bucket: 'materialsproject-parsed' key: 'chgcars/mp-1772965.json.gz' version: None error: An error occurred (NoSuchKey) when calling the GetObject operation: The specified key does not exist.
  2046/3231: mp-1002223
  2047/3231: mp-1187202
unable to access bucket: 'materialsproject-parsed' key: 'chgcars/mp-1436038.json.gz' version: None error: An error occurred (NoSuchKey) when calling the GetObject operation: The specified key does not exist.
  2048/3231: mp-1206844
  2049/3231: mp-1911
unable to access bucket: 'materialsproject-parsed' key: 'chgcars/mp-1442239.json.gz' version: None error: An error occurred (NoSuchKey) when calling the GetObject operation: The specified key does not exist.
  2050/3231: mp-1186656
unable to access bucket: 'materialsproject-parsed' key: 'chgcars/mp-1403847.json.gz' version: None error: An error occurred (NoSuchKey) when calling the GetObject operation: The specified key does not exist.
  2051/3231: mp-1009471
unable to access bucket: 'materialsproject-parsed' key: 'chgcars/mp-1430348.json.gz' version: None error: An error occurred (NoSuchKey) when calling the GetObject operation: The specified key does not exist.
  2052/3231: mp-1183445
unable to access bucket: 'materialsproject-parsed' key: 'chgcars/mp-1388869.json.gz' version: None error: An error occurred (NoSuchKey) when calling the GetObject operation: The specified key does not exist.
  2053/3231: mp-11477
unable to access bucket: 'materialsproject-parsed' key: 'chgcars/mp-1442000.json.gz' version: None error: An error occurred (NoSuchKey) when calling the GetObject operation: The specified key does not exist.
  2054/3231: mp-689577
  2055/3231: mp-1206413
  2056/3231: mp-1076
  2057/3231: mp-1187490
unable to access bucket: 'materialsproject-parsed' key: 'chgcars/mp-1412457.json.gz' version: None error: An error occurred (NoSuchKey) when calling the GetObject operation: The specified key does not exist.
  2058/3231: mp-973968
  2059/3231: mp-975179
  2060/3231: mp-1187146
  2061/3231: mp-3088
  2062/3231: mp-790
unable to access bucket: 'materialsproject-parsed' key: 'chgcars/mp-1437999.json.gz' version: None error: An error occurred (NoSuchKey) when calling the GetObject operation: The specified key does not exist.
  2063/3231: mp-1184279
  2064/3231: mp-19777
unable to access bucket: 'materialsproject-parsed' key: 'chgcars/mp-1415234.json.gz' version: None error: An error occurred (NoSuchKey) when calling the GetObject operation: The specified key does not exist.
  2065/3231: mp-1006330
unable to access bucket: 'materialsproject-parsed' key: 'chgcars/mp-1419083.json.gz' version: None error: An error occurred (NoSuchKey) when calling the GetObject operation: The specified key does not exist.
  2066/3231: mp-985545
  2067/3231: mp-1184874
  2068/3231: mp-977389
  2069/3231: mp-2279
  2070/3231: mp-1016873
unable to access bucket: 'materialsproject-parsed' key: 'chgcars/mp-1413361.json.gz' version: None error: An error occurred (NoSuchKey) when calling the GetObject operation: The specified key does not exist.
  2071/3231: mp-284
  2072/3231: mp-1185041
  2073/3231: mp-20582
  2074/3231: mp-1185929
  2075/3231: mp-608
  2076/3231: mp-1076800
unable to access bucket: 'materialsproject-parsed' key: 'chgcars/mp-1436436.json.gz' version: None error: An error occurred (NoSuchKey) when calling the GetObject operation: The specified key does not exist.
  2077/3231: mp-30353
unable to access bucket: 'materialsproject-parsed' key: 'chgcars/mp-1439655.json.gz' version: None error: An error occurred (NoSuchKey) when calling the GetObject operation: The specified key does not exist.
  2078/3231: mp-1185889
  2079/3231: mp-1207000
unable to access bucket: 'materialsproject-parsed' key: 'chgcars/mp-1407326.json.gz' version: None error: An error occurred (NoSuchKey) when calling the GetObject operation: The specified key does not exist.
  2080/3231: mp-1017447
  2081/3231: mp-1094082
  2082/3231: mp-1183420
unable to access bucket: 'materialsproject-parsed' key: 'chgcars/mp-1426741.json.gz' version: None error: An error occurred (NoSuchKey) when calling the GetObject operation: The specified key does not exist.
  2083/3231: mp-1183878
  2084/3231: mp-1187151
  2085/3231: mp-979272
unable to access bucket: 'materialsproject-parsed' key: 'chgcars/mp-1475497.json.gz' version: None error: An error occurred (NoSuchKey) when calling the GetObject operation: The specified key does not exist.
  2086/3231: mp-999292
  2087/3231: mp-1147612
  2088/3231: mp-1184275
unable to access bucket: 'materialsproject-parsed' key: 'chgcars/mp-1402273.json.gz' version: None error: An error occurred (NoSuchKey) when calling the GetObject operation: The specified key does not exist.
  2089/3231: mp-1206910
  2090/3231: mp-613402
unable to access bucket: 'materialsproject-parsed' key: 'chgcars/mp-1440484.json.gz' version: None error: An error occurred (NoSuchKey) when calling the GetObject operation: The specified key does not exist.
  2091/3231: mp-1013536
unable to access bucket: 'materialsproject-parsed' key: 'chgcars/mp-1397295.json.gz' version: None error: An error occurred (NoSuchKey) when calling the GetObject operation: The specified key does not exist.
  2092/3231: mp-1188026
unable to access bucket: 'materialsproject-parsed' key: 'chgcars/mp-1424282.json.gz' version: None error: An error occurred (NoSuchKey) when calling the GetObject operation: The specified key does not exist.
  2093/3231: mp-12067
  2094/3231: mp-998761
unable to access bucket: 'materialsproject-parsed' key: 'chgcars/mp-1434194.json.gz' version: None error: An error occurred (NoSuchKey) when calling the GetObject operation: The specified key does not exist.
  2095/3231: mp-23303
  2096/3231: mp-10015
  2097/3231: mp-971951
unable to access bucket: 'materialsproject-parsed' key: 'chgcars/mp-1425844.json.gz' version: None error: An error occurred (NoSuchKey) when calling the GetObject operation: The specified key does not exist.
  2098/3231: mp-558206
unable to access bucket: 'materialsproject-parsed' key: 'chgcars/mp-1377716.json.gz' version: None error: An error occurred (NoSuchKey) when calling the GetObject operation: The specified key does not exist.
  2099/3231: mp-973668
unable to access bucket: 'materialsproject-parsed' key: 'chgcars/mp-1413527.json.gz' version: None error: An error occurred (NoSuchKey) when calling the GetObject operation: The specified key does not exist.
  2100/3231: mp-1183499
  2101/3231: mp-1186658
unable to access bucket: 'materialsproject-parsed' key: 'chgcars/mp-1401493.json.gz' version: None error: An error occurred (NoSuchKey) when calling the GetObject operation: The specified key does not exist.
  2102/3231: mp-8402
  2103/3231: mp-971853
unable to access bucket: 'materialsproject-parsed' key: 'chgcars/mp-1418129.json.gz' version: None error: An error occurred (NoSuchKey) when calling the GetObject operation: The specified key does not exist.
  2104/3231: mp-979039
  2105/3231: mp-997586
  2106/3231: mp-754940
unable to access bucket: 'materialsproject-parsed' key: 'chgcars/mp-1400658.json.gz' version: None error: An error occurred (NoSuchKey) when calling the GetObject operation: The specified key does not exist.
  2107/3231: mp-1006886
  2108/3231: mp-1185514
  2109/3231: mp-1183469
  2110/3231: mp-570822
unable to access bucket: 'materialsproject-parsed' key: 'chgcars/mp-1437337.json.gz' version: None error: An error occurred (NoSuchKey) when calling the GetObject operation: The specified key does not exist.
  2111/3231: mp-1013548
unable to access bucket: 'materialsproject-parsed' key: 'chgcars/mp-1444008.json.gz' version: None error: An error occurred (NoSuchKey) when calling the GetObject operation: The specified key does not exist.
  2112/3231: mp-2540
  2113/3231: mp-1183058
  2114/3231: mp-755877
  2115/3231: mp-11286
  2116/3231: mp-554601
unable to access bucket: 'materialsproject-parsed' key: 'chgcars/mp-1441938.json.gz' version: None error: An error occurred (NoSuchKey) when calling the GetObject operation: The specified key does not exist.
  2117/3231: mp-975913
unable to access bucket: 'materialsproject-parsed' key: 'chgcars/mp-1437259.json.gz' version: None error: An error occurred (NoSuchKey) when calling the GetObject operation: The specified key does not exist.
  2118/3231: mp-1099583
unable to access bucket: 'materialsproject-parsed' key: 'chgcars/mp-1421367.json.gz' version: None error: An error occurred (NoSuchKey) when calling the GetObject operation: The specified key does not exist.
  2119/3231: mp-1635
  2120/3231: mp-1649
  2121/3231: mp-1183405
unable to access bucket: 'materialsproject-parsed' key: 'chgcars/mp-1430359.json.gz' version: None error: An error occurred (NoSuchKey) when calling the GetObject operation: The specified key does not exist.
  2122/3231: mp-1475723
  2123/3231: mp-3448
  2124/3231: mp-1549
unable to access bucket: 'materialsproject-parsed' key: 'chgcars/mp-1439247.json.gz' version: None error: An error occurred (NoSuchKey) when calling the GetObject operation: The specified key does not exist.
  2125/3231: mp-6907
unable to access bucket: 'materialsproject-parsed' key: 'chgcars/mp-1428140.json.gz' version: None error: An error occurred (NoSuchKey) when calling the GetObject operation: The specified key does not exist.
  2126/3231: mp-19817
  2127/3231: mp-1187905
  2128/3231: mp-815
  2129/3231: mp-975579
  2130/3231: mp-1184946
  2131/3231: mp-1013708
  2132/3231: mp-20214
unable to access bucket: 'materialsproject-parsed' key: 'chgcars/mp-1476073.json.gz' version: None error: An error occurred (NoSuchKey) when calling the GetObject operation: The specified key does not exist.
  2133/3231: mp-866816
  2134/3231: mp-1184849
  2135/3231: mp-2054
  2136/3231: mp-976725
unable to access bucket: 'materialsproject-parsed' key: 'chgcars/mp-1419878.json.gz' version: None error: An error occurred (NoSuchKey) when calling the GetObject operation: The specified key does not exist.
  2137/3231: mp-582028
  2138/3231: mp-1206915
  2139/3231: mp-1110791
  2140/3231: mp-436
  2141/3231: mp-20895
  2142/3231: mp-1186014
  2143/3231: mp-977176
  2144/3231: mp-1206367
unable to access bucket: 'materialsproject-parsed' key: 'chgcars/mp-1407091.json.gz' version: None error: An error occurred (NoSuchKey) when calling the GetObject operation: The specified key does not exist.
  2145/3231: mp-22351
unable to access bucket: 'materialsproject-parsed' key: 'chgcars/mp-1441168.json.gz' version: None error: An error occurred (NoSuchKey) when calling the GetObject operation: The specified key does not exist.
  2146/3231: mp-1008280
unable to access bucket: 'materialsproject-parsed' key: 'chgcars/mp-1475608.json.gz' version: None error: An error occurred (NoSuchKey) when calling the GetObject operation: The specified key does not exist.
  2147/3231: mp-2001
unable to access bucket: 'materialsproject-parsed' key: 'chgcars/mp-1437566.json.gz' version: None error: An error occurred (NoSuchKey) when calling the GetObject operation: The specified key does not exist.
  2148/3231: mp-978842
  2149/3231: mp-2802
  2150/3231: mp-985292
  2151/3231: mp-17424
  2152/3231: mp-1185786
  2153/3231: mp-419
  2154/3231: mp-1184852
  2155/3231: mp-1017553
  2156/3231: mp-1183943
  2157/3231: mp-865927
unable to access bucket: 'materialsproject-parsed' key: 'chgcars/mp-1428743.json.gz' version: None error: An error occurred (NoSuchKey) when calling the GetObject operation: The specified key does not exist.
  2158/3231: mp-1183395
  2159/3231: mp-974370
unable to access bucket: 'materialsproject-parsed' key: 'chgcars/mp-1426127.json.gz' version: None error: An error occurred (NoSuchKey) when calling the GetObject operation: The specified key does not exist.
  2160/3231: mp-1187557
unable to access bucket: 'materialsproject-parsed' key: 'chgcars/mp-1424510.json.gz' version: None error: An error occurred (NoSuchKey) when calling the GetObject operation: The specified key does not exist.
  2161/3231: mp-1183452
unable to access bucket: 'materialsproject-parsed' key: 'chgcars/mp-1395523.json.gz' version: None error: An error occurred (NoSuchKey) when calling the GetObject operation: The specified key does not exist.
  2162/3231: mp-19948
  2163/3231: mp-1184225
unable to access bucket: 'materialsproject-parsed' key: 'chgcars/mp-1659184.json.gz' version: None error: An error occurred (NoSuchKey) when calling the GetObject operation: The specified key does not exist.
  2164/3231: mp-1186587
  2165/3231: mp-10596
  2166/3231: mp-1185896
  2167/3231: mp-11375
  2168/3231: mp-614455
unable to access bucket: 'materialsproject-parsed' key: 'chgcars/mp-1442146.json.gz' version: None error: An error occurred (NoSuchKey) when calling the GetObject operation: The specified key does not exist.
  2169/3231: mp-1187923
  2170/3231: mp-10871
  2171/3231: mp-981546
  2172/3231: mp-1187291
  2173/3231: mp-11469
  2174/3231: mp-1213855
  2175/3231: mp-13141
unable to access bucket: 'materialsproject-parsed' key: 'chgcars/mp-1426250.json.gz' version: None error: An error occurred (NoSuchKey) when calling the GetObject operation: The specified key does not exist.
  2176/3231: mp-1096862
unable to access bucket: 'materialsproject-parsed' key: 'chgcars/mp-1391890.json.gz' version: None error: An error occurred (NoSuchKey) when calling the GetObject operation: The specified key does not exist.
  2177/3231: mp-1183044
  2178/3231: mp-13100
  2179/3231: mp-1016872
unable to access bucket: 'materialsproject-parsed' key: 'chgcars/mp-1423997.json.gz' version: None error: An error occurred (NoSuchKey) when calling the GetObject operation: The specified key does not exist.
  2180/3231: mp-1184480
unable to access bucket: 'materialsproject-parsed' key: 'chgcars/mp-1406818.json.gz' version: None error: An error occurred (NoSuchKey) when calling the GetObject operation: The specified key does not exist.
  2181/3231: mp-978862
  2182/3231: mp-975463
  2183/3231: mp-568021
  2184/3231: mp-30338
  2185/3231: mp-12674
  2186/3231: mp-2497
  2187/3231: mp-862861
  2188/3231: mp-863720
  2189/3231: mp-1058151
unable to access bucket: 'materialsproject-parsed' key: 'chgcars/mp-1442264.json.gz' version: None error: An error occurred (NoSuchKey) when calling the GetObject operation: The specified key does not exist.
  2190/3231: mp-978286
unable to access bucket: 'materialsproject-parsed' key: 'chgcars/mp-1430608.json.gz' version: None error: An error occurred (NoSuchKey) when calling the GetObject operation: The specified key does not exist.
  2191/3231: mp-1184423
  2192/3231: mp-768
unable to access bucket: 'materialsproject-parsed' key: 'chgcars/mp-1437869.json.gz' version: None error: An error occurred (NoSuchKey) when calling the GetObject operation: The specified key does not exist.
  2193/3231: mp-977585
  2194/3231: mp-1017631
unable to access bucket: 'materialsproject-parsed' key: 'chgcars/mp-1430621.json.gz' version: None error: An error occurred (NoSuchKey) when calling the GetObject operation: The specified key does not exist.
  2195/3231: mp-1187766
unable to access bucket: 'materialsproject-parsed' key: 'chgcars/mp-1417487.json.gz' version: None error: An error occurred (NoSuchKey) when calling the GetObject operation: The specified key does not exist.
  2196/3231: mp-1186007
unable to access bucket: 'materialsproject-parsed' key: 'chgcars/mp-1401982.json.gz' version: None error: An error occurred (NoSuchKey) when calling the GetObject operation: The specified key does not exist.
  2197/3231: mp-1187180
  2198/3231: mp-986
unable to access bucket: 'materialsproject-parsed' key: 'chgcars/mp-1476235.json.gz' version: None error: An error occurred (NoSuchKey) when calling the GetObject operation: The specified key does not exist.
  2199/3231: mp-9964
  2200/3231: mp-1017542
unable to access bucket: 'materialsproject-parsed' key: 'chgcars/mp-1417823.json.gz' version: None error: An error occurred (NoSuchKey) when calling the GetObject operation: The specified key does not exist.
  2201/3231: mp-1094839
unable to access bucket: 'materialsproject-parsed' key: 'chgcars/mp-1429688.json.gz' version: None error: An error occurred (NoSuchKey) when calling the GetObject operation: The specified key does not exist.
  2202/3231: mp-1183532
unable to access bucket: 'materialsproject-parsed' key: 'chgcars/mp-1426662.json.gz' version: None error: An error occurred (NoSuchKey) when calling the GetObject operation: The specified key does not exist.
  2203/3231: mp-1185213
unable to access bucket: 'materialsproject-parsed' key: 'chgcars/mp-1409128.json.gz' version: None error: An error occurred (NoSuchKey) when calling the GetObject operation: The specified key does not exist.
  2204/3231: mp-1184926
  2205/3231: mp-1185414
  2206/3231: mp-1206820
  2207/3231: mp-552676
  2208/3231: mp-1186282
unable to access bucket: 'materialsproject-parsed' key: 'chgcars/mp-1398288.json.gz' version: None error: An error occurred (NoSuchKey) when calling the GetObject operation: The specified key does not exist.
  2209/3231: mp-1183406
  2210/3231: mp-19977
unable to access bucket: 'materialsproject-parsed' key: 'chgcars/mp-1439224.json.gz' version: None error: An error occurred (NoSuchKey) when calling the GetObject operation: The specified key does not exist.
  2211/3231: mp-1186112
  2212/3231: mp-11500
  2213/3231: mp-1183451
unable to access bucket: 'materialsproject-parsed' key: 'chgcars/mp-1414196.json.gz' version: None error: An error occurred (NoSuchKey) when calling the GetObject operation: The specified key does not exist.
  2214/3231: mp-1238821
  2215/3231: mp-11578
  2216/3231: mp-635460
unable to access bucket: 'materialsproject-parsed' key: 'chgcars/mp-1413968.json.gz' version: None error: An error occurred (NoSuchKey) when calling the GetObject operation: The specified key does not exist.
  2217/3231: mp-1186117
  2218/3231: mp-1185011
  2219/3231: mp-2249
  2220/3231: mp-12762
  2221/3231: mp-976420
unable to access bucket: 'materialsproject-parsed' key: 'chgcars/mp-1399615.json.gz' version: None error: An error occurred (NoSuchKey) when calling the GetObject operation: The specified key does not exist.
  2222/3231: mp-11494
unable to access bucket: 'materialsproject-parsed' key: 'chgcars/mp-1440467.json.gz' version: None error: An error occurred (NoSuchKey) when calling the GetObject operation: The specified key does not exist.
  2223/3231: mp-1183934
unable to access bucket: 'materialsproject-parsed' key: 'chgcars/mp-1397179.json.gz' version: None error: An error occurred (NoSuchKey) when calling the GetObject operation: The specified key does not exist.
  2224/3231: mp-1183436
  2225/3231: mp-4405
unable to access bucket: 'materialsproject-parsed' key: 'chgcars/mp-1504563.json.gz' version: None error: An error occurred (NoSuchKey) when calling the GetObject operation: The specified key does not exist.
  2226/3231: mp-20487
unable to access bucket: 'materialsproject-parsed' key: 'chgcars/mp-1438162.json.gz' version: None error: An error occurred (NoSuchKey) when calling the GetObject operation: The specified key does not exist.
  2227/3231: mp-20258
  2228/3231: mp-570291
unable to access bucket: 'materialsproject-parsed' key: 'chgcars/mp-1441286.json.gz' version: None error: An error occurred (NoSuchKey) when calling the GetObject operation: The specified key does not exist.
  2229/3231: mp-1184460
unable to access bucket: 'materialsproject-parsed' key: 'chgcars/mp-1395236.json.gz' version: None error: An error occurred (NoSuchKey) when calling the GetObject operation: The specified key does not exist.
  2230/3231: mp-1184209
unable to access bucket: 'materialsproject-parsed' key: 'chgcars/mp-1396871.json.gz' version: None error: An error occurred (NoSuchKey) when calling the GetObject operation: The specified key does not exist.
  2231/3231: mp-1183501
unable to access bucket: 'materialsproject-parsed' key: 'chgcars/mp-1385351.json.gz' version: None error: An error occurred (NoSuchKey) when calling the GetObject operation: The specified key does not exist.
  2232/3231: mp-1184894
  2233/3231: mp-20023
  2234/3231: mp-1187303
  2235/3231: mp-542103
  2236/3231: mp-1184073
unable to access bucket: 'materialsproject-parsed' key: 'chgcars/mp-1395167.json.gz' version: None error: An error occurred (NoSuchKey) when calling the GetObject operation: The specified key does not exist.
  2237/3231: mp-754892
unable to access bucket: 'materialsproject-parsed' key: 'chgcars/mp-1407317.json.gz' version: None error: An error occurred (NoSuchKey) when calling the GetObject operation: The specified key does not exist.
  2238/3231: mp-1013546
  2239/3231: mp-1921
  2240/3231: mp-1007852
  2241/3231: mp-20566
  2242/3231: mp-581934
  2243/3231: mp-973732
  2244/3231: mp-20920
unable to access bucket: 'materialsproject-parsed' key: 'chgcars/mp-1476029.json.gz' version: None error: An error occurred (NoSuchKey) when calling the GetObject operation: The specified key does not exist.
  2245/3231: mp-1185202
unable to access bucket: 'materialsproject-parsed' key: 'chgcars/mp-1410283.json.gz' version: None error: An error occurred (NoSuchKey) when calling the GetObject operation: The specified key does not exist.
  2246/3231: mp-10148
unable to access bucket: 'materialsproject-parsed' key: 'chgcars/mp-1439485.json.gz' version: None error: An error occurred (NoSuchKey) when calling the GetObject operation: The specified key does not exist.
  2247/3231: mp-639747
  2248/3231: mp-1185261
  2249/3231: mp-3271
  2250/3231: mp-481
  2251/3231: mp-31056
  2252/3231: mp-555036
unable to access bucket: 'materialsproject-parsed' key: 'chgcars/mp-1427418.json.gz' version: None error: An error occurred (NoSuchKey) when calling the GetObject operation: The specified key does not exist.
  2253/3231: mp-20503
  2254/3231: mp-980537
  2255/3231: mp-1183790
  2256/3231: mp-1186275
  2257/3231: mp-975256
unable to access bucket: 'materialsproject-parsed' key: 'chgcars/mp-1430474.json.gz' version: None error: An error occurred (NoSuchKey) when calling the GetObject operation: The specified key does not exist.
  2258/3231: mp-217
  2259/3231: mp-30746
  2260/3231: mp-1185177
  2261/3231: mp-1186173
unable to access bucket: 'materialsproject-parsed' key: 'chgcars/mp-1394753.json.gz' version: None error: An error occurred (NoSuchKey) when calling the GetObject operation: The specified key does not exist.
  2262/3231: mp-2743
unable to access bucket: 'materialsproject-parsed' key: 'chgcars/mp-1439994.json.gz' version: None error: An error occurred (NoSuchKey) when calling the GetObject operation: The specified key does not exist.
  2263/3231: mp-1971
unable to access bucket: 'materialsproject-parsed' key: 'chgcars/mp-1442120.json.gz' version: None error: An error occurred (NoSuchKey) when calling the GetObject operation: The specified key does not exist.
  2264/3231: mp-11546
  2265/3231: mp-1016830
unable to access bucket: 'materialsproject-parsed' key: 'chgcars/mp-1434213.json.gz' version: None error: An error occurred (NoSuchKey) when calling the GetObject operation: The specified key does not exist.
  2266/3231: mp-1187305
unable to access bucket: 'materialsproject-parsed' key: 'chgcars/mp-1387786.json.gz' version: None error: An error occurred (NoSuchKey) when calling the GetObject operation: The specified key does not exist.
  2267/3231: mp-1187207
unable to access bucket: 'materialsproject-parsed' key: 'chgcars/mp-1412357.json.gz' version: None error: An error occurred (NoSuchKey) when calling the GetObject operation: The specified key does not exist.
  2268/3231: mp-1187970
  2269/3231: mp-1063661
unable to access bucket: 'materialsproject-parsed' key: 'chgcars/mp-1438554.json.gz' version: None error: An error occurred (NoSuchKey) when calling the GetObject operation: The specified key does not exist.
  2270/3231: mp-21910
unable to access bucket: 'materialsproject-parsed' key: 'chgcars/mp-1432369.json.gz' version: None error: An error occurred (NoSuchKey) when calling the GetObject operation: The specified key does not exist.
  2271/3231: mp-1010161
  2272/3231: mp-1187482
unable to access bucket: 'materialsproject-parsed' key: 'chgcars/mp-1416996.json.gz' version: None error: An error occurred (NoSuchKey) when calling the GetObject operation: The specified key does not exist.
  2273/3231: mp-437
  2274/3231: mp-1186037
unable to access bucket: 'materialsproject-parsed' key: 'chgcars/mp-1414096.json.gz' version: None error: An error occurred (NoSuchKey) when calling the GetObject operation: The specified key does not exist.
  2275/3231: mp-29101
  2276/3231: mp-1186043
  2277/3231: mp-1013733
unable to access bucket: 'materialsproject-parsed' key: 'chgcars/mp-1394240.json.gz' version: None error: An error occurred (NoSuchKey) when calling the GetObject operation: The specified key does not exist.
  2278/3231: mp-7144
unable to access bucket: 'materialsproject-parsed' key: 'chgcars/mp-1435978.json.gz' version: None error: An error occurred (NoSuchKey) when calling the GetObject operation: The specified key does not exist.
  2279/3231: mp-867
  2280/3231: mp-1013702
unable to access bucket: 'materialsproject-parsed' key: 'chgcars/mp-1400758.json.gz' version: None error: An error occurred (NoSuchKey) when calling the GetObject operation: The specified key does not exist.
  2281/3231: mp-973834
  2282/3231: mp-975421
  2283/3231: mp-20572
  2284/3231: mp-984518
unable to access bucket: 'materialsproject-parsed' key: 'chgcars/mp-1402531.json.gz' version: None error: An error occurred (NoSuchKey) when calling the GetObject operation: The specified key does not exist.
  2285/3231: mp-978273
unable to access bucket: 'materialsproject-parsed' key: 'chgcars/mp-1419442.json.gz' version: None error: An error occurred (NoSuchKey) when calling the GetObject operation: The specified key does not exist.
  2286/3231: mp-1059879
  2287/3231: mp-1187699
unable to access bucket: 'materialsproject-parsed' key: 'chgcars/mp-1385652.json.gz' version: None error: An error occurred (NoSuchKey) when calling the GetObject operation: The specified key does not exist.
  2288/3231: mp-899
unable to access bucket: 'materialsproject-parsed' key: 'chgcars/mp-1439987.json.gz' version: None error: An error occurred (NoSuchKey) when calling the GetObject operation: The specified key does not exist.
  2289/3231: mp-2403
unable to access bucket: 'materialsproject-parsed' key: 'chgcars/mp-1439581.json.gz' version: None error: An error occurred (NoSuchKey) when calling the GetObject operation: The specified key does not exist.
  2290/3231: mp-1187566
  2291/3231: mp-20344
unable to access bucket: 'materialsproject-parsed' key: 'chgcars/mp-1439060.json.gz' version: None error: An error occurred (NoSuchKey) when calling the GetObject operation: The specified key does not exist.
  2292/3231: mp-867164
unable to access bucket: 'materialsproject-parsed' key: 'chgcars/mp-1392003.json.gz' version: None error: An error occurred (NoSuchKey) when calling the GetObject operation: The specified key does not exist.
  2293/3231: mp-1183298
  2294/3231: mp-567597
unable to access bucket: 'materialsproject-parsed' key: 'chgcars/mp-1440110.json.gz' version: None error: An error occurred (NoSuchKey) when calling the GetObject operation: The specified key does not exist.
  2295/3231: mp-1186571
unable to access bucket: 'materialsproject-parsed' key: 'chgcars/mp-1411950.json.gz' version: None error: An error occurred (NoSuchKey) when calling the GetObject operation: The specified key does not exist.
  2296/3231: mp-1206877
unable to access bucket: 'materialsproject-parsed' key: 'chgcars/mp-1408090.json.gz' version: None error: An error occurred (NoSuchKey) when calling the GetObject operation: The specified key does not exist.
  2297/3231: mp-1207932
  2298/3231: mp-3834
  2299/3231: mp-1020029
  2300/3231: mp-2426
  2301/3231: mp-11733
  2302/3231: mp-1188005
unable to access bucket: 'materialsproject-parsed' key: 'chgcars/mp-1421930.json.gz' version: None error: An error occurred (NoSuchKey) when calling the GetObject operation: The specified key does not exist.
  2303/3231: mp-1013545
unable to access bucket: 'materialsproject-parsed' key: 'chgcars/mp-1406491.json.gz' version: None error: An error occurred (NoSuchKey) when calling the GetObject operation: The specified key does not exist.
  2304/3231: mp-974066
unable to access bucket: 'materialsproject-parsed' key: 'chgcars/mp-1410878.json.gz' version: None error: An error occurred (NoSuchKey) when calling the GetObject operation: The specified key does not exist.
  2305/3231: mp-2077
  2306/3231: mp-191
  2307/3231: mp-11447
  2308/3231: mp-1147716
unable to access bucket: 'materialsproject-parsed' key: 'chgcars/mp-1387601.json.gz' version: None error: An error occurred (NoSuchKey) when calling the GetObject operation: The specified key does not exist.
  2309/3231: mp-998159
  2310/3231: mp-1008278
  2311/3231: mp-1186501
  2312/3231: mp-1213827
  2313/3231: mp-388
unable to access bucket: 'materialsproject-parsed' key: 'chgcars/mp-1476003.json.gz' version: None error: An error occurred (NoSuchKey) when calling the GetObject operation: The specified key does not exist.
  2314/3231: mp-7104
  2315/3231: mp-1185841
unable to access bucket: 'materialsproject-parsed' key: 'chgcars/mp-1414986.json.gz' version: None error: An error occurred (NoSuchKey) when calling the GetObject operation: The specified key does not exist.
  2316/3231: mp-10198
  2317/3231: mp-975308
  2318/3231: mp-1212000
  2319/3231: mp-1187500
  2320/3231: mp-1186154
unable to access bucket: 'materialsproject-parsed' key: 'chgcars/mp-1425525.json.gz' version: None error: An error occurred (NoSuchKey) when calling the GetObject operation: The specified key does not exist.
  2321/3231: mp-977184
  2322/3231: mp-983584
unable to access bucket: 'materialsproject-parsed' key: 'chgcars/mp-1436137.json.gz' version: None error: An error occurred (NoSuchKey) when calling the GetObject operation: The specified key does not exist.
  2323/3231: mp-1184940
  2324/3231: mp-1187485
unable to access bucket: 'materialsproject-parsed' key: 'chgcars/mp-1431910.json.gz' version: None error: An error occurred (NoSuchKey) when calling the GetObject operation: The specified key does not exist.
  2325/3231: mp-10890
  2326/3231: mp-1186906
unable to access bucket: 'materialsproject-parsed' key: 'chgcars/mp-1773196.json.gz' version: None error: An error occurred (NoSuchKey) when calling the GetObject operation: The specified key does not exist.
  2327/3231: mp-1187481
unable to access bucket: 'materialsproject-parsed' key: 'chgcars/mp-1416942.json.gz' version: None error: An error occurred (NoSuchKey) when calling the GetObject operation: The specified key does not exist.
  2328/3231: mp-177
unable to access bucket: 'materialsproject-parsed' key: 'chgcars/mp-1439381.json.gz' version: None error: An error occurred (NoSuchKey) when calling the GetObject operation: The specified key does not exist.
  2329/3231: mp-5438
  2330/3231: mp-1183719
  2331/3231: mp-976592
unable to access bucket: 'materialsproject-parsed' key: 'chgcars/mp-1402512.json.gz' version: None error: An error occurred (NoSuchKey) when calling the GetObject operation: The specified key does not exist.
  2332/3231: mp-10694
unable to access bucket: 'materialsproject-parsed' key: 'chgcars/mp-1440702.json.gz' version: None error: An error occurred (NoSuchKey) when calling the GetObject operation: The specified key does not exist.
  2333/3231: mp-22793
  2334/3231: mp-1009835
  2335/3231: mp-1013532
unable to access bucket: 'materialsproject-parsed' key: 'chgcars/mp-1402364.json.gz' version: None error: An error occurred (NoSuchKey) when calling the GetObject operation: The specified key does not exist.
  2336/3231: mp-567116
  2337/3231: mp-1001843
  2338/3231: mp-1120777
unable to access bucket: 'materialsproject-parsed' key: 'chgcars/mp-1429420.json.gz' version: None error: An error occurred (NoSuchKey) when calling the GetObject operation: The specified key does not exist.
  2339/3231: mp-1183394
unable to access bucket: 'materialsproject-parsed' key: 'chgcars/mp-1405174.json.gz' version: None error: An error occurred (NoSuchKey) when calling the GetObject operation: The specified key does not exist.
  2340/3231: mp-1184214
unable to access bucket: 'materialsproject-parsed' key: 'chgcars/mp-1422886.json.gz' version: None error: An error occurred (NoSuchKey) when calling the GetObject operation: The specified key does not exist.
  2341/3231: mp-971761
unable to access bucket: 'materialsproject-parsed' key: 'chgcars/mp-1414474.json.gz' version: None error: An error occurred (NoSuchKey) when calling the GetObject operation: The specified key does not exist.
  2342/3231: mp-973777
  2343/3231: mp-11259
unable to access bucket: 'materialsproject-parsed' key: 'chgcars/mp-1439000.json.gz' version: None error: An error occurred (NoSuchKey) when calling the GetObject operation: The specified key does not exist.
  2344/3231: mp-1068377
  2345/3231: mp-1187190
  2346/3231: mp-2680
unable to access bucket: 'materialsproject-parsed' key: 'chgcars/mp-1440725.json.gz' version: None error: An error occurred (NoSuchKey) when calling the GetObject operation: The specified key does not exist.
  2347/3231: mp-1185
unable to access bucket: 'materialsproject-parsed' key: 'chgcars/mp-1439766.json.gz' version: None error: An error occurred (NoSuchKey) when calling the GetObject operation: The specified key does not exist.
  2348/3231: mp-978507
unable to access bucket: 'materialsproject-parsed' key: 'chgcars/mp-1397416.json.gz' version: None error: An error occurred (NoSuchKey) when calling the GetObject operation: The specified key does not exist.
  2349/3231: mp-1218347
  2350/3231: mp-2523
  2351/3231: mp-1206999
  2352/3231: mp-2647018
  2353/3231: mp-570409
unable to access bucket: 'materialsproject-parsed' key: 'chgcars/mp-1438195.json.gz' version: None error: An error occurred (NoSuchKey) when calling the GetObject operation: The specified key does not exist.
  2354/3231: mp-1207389
unable to access bucket: 'materialsproject-parsed' key: 'chgcars/mp-1430451.json.gz' version: None error: An error occurred (NoSuchKey) when calling the GetObject operation: The specified key does not exist.
  2355/3231: mp-1187390
unable to access bucket: 'materialsproject-parsed' key: 'chgcars/mp-1404942.json.gz' version: None error: An error occurred (NoSuchKey) when calling the GetObject operation: The specified key does not exist.
  2356/3231: mp-1065540
  2357/3231: mp-1075911
unable to access bucket: 'materialsproject-parsed' key: 'chgcars/mp-1418379.json.gz' version: None error: An error occurred (NoSuchKey) when calling the GetObject operation: The specified key does not exist.
  2358/3231: mp-2266
  2359/3231: mp-1184212
  2360/3231: mp-1185492
unable to access bucket: 'materialsproject-parsed' key: 'chgcars/mp-1427416.json.gz' version: None error: An error occurred (NoSuchKey) when calling the GetObject operation: The specified key does not exist.
  2361/3231: mp-1206922
unable to access bucket: 'materialsproject-parsed' key: 'chgcars/mp-1411598.json.gz' version: None error: An error occurred (NoSuchKey) when calling the GetObject operation: The specified key does not exist.
  2362/3231: mp-861931
unable to access bucket: 'materialsproject-parsed' key: 'chgcars/mp-1418032.json.gz' version: None error: An error occurred (NoSuchKey) when calling the GetObject operation: The specified key does not exist.
  2363/3231: mp-1189147
unable to access bucket: 'materialsproject-parsed' key: 'chgcars/mp-1390713.json.gz' version: None error: An error occurred (NoSuchKey) when calling the GetObject operation: The specified key does not exist.
  2364/3231: mp-1186884
unable to access bucket: 'materialsproject-parsed' key: 'chgcars/mp-1428862.json.gz' version: None error: An error occurred (NoSuchKey) when calling the GetObject operation: The specified key does not exist.
  2365/3231: mp-3693
  2366/3231: mp-1184164
  2367/3231: mp-8455
  2368/3231: mp-1186220
unable to access bucket: 'materialsproject-parsed' key: 'chgcars/mp-1409824.json.gz' version: None error: An error occurred (NoSuchKey) when calling the GetObject operation: The specified key does not exist.
  2369/3231: mp-935811
unable to access bucket: 'materialsproject-parsed' key: 'chgcars/mp-1441144.json.gz' version: None error: An error occurred (NoSuchKey) when calling the GetObject operation: The specified key does not exist.
  2370/3231: mp-1830
  2371/3231: mp-1096854
unable to access bucket: 'materialsproject-parsed' key: 'chgcars/mp-1443072.json.gz' version: None error: An error occurred (NoSuchKey) when calling the GetObject operation: The specified key does not exist.
  2372/3231: mp-980058
unable to access bucket: 'materialsproject-parsed' key: 'chgcars/mp-1409130.json.gz' version: None error: An error occurred (NoSuchKey) when calling the GetObject operation: The specified key does not exist.
  2373/3231: mp-1186028
  2374/3231: mp-1183627
unable to access bucket: 'materialsproject-parsed' key: 'chgcars/mp-1414274.json.gz' version: None error: An error occurred (NoSuchKey) when calling the GetObject operation: The specified key does not exist.
  2375/3231: mp-5200
  2376/3231: mp-20828
  2377/3231: mp-1039154
unable to access bucket: 'materialsproject-parsed' key: 'chgcars/mp-1424079.json.gz' version: None error: An error occurred (NoSuchKey) when calling the GetObject operation: The specified key does not exist.
  2378/3231: mp-1187906
unable to access bucket: 'materialsproject-parsed' key: 'chgcars/mp-1423514.json.gz' version: None error: An error occurred (NoSuchKey) when calling the GetObject operation: The specified key does not exist.
  2379/3231: mp-1008924
  2380/3231: mp-1096797
  2381/3231: mp-569352
unable to access bucket: 'materialsproject-parsed' key: 'chgcars/mp-1440490.json.gz' version: None error: An error occurred (NoSuchKey) when calling the GetObject operation: The specified key does not exist.
  2382/3231: mp-973648
  2383/3231: mp-20516
unable to access bucket: 'materialsproject-parsed' key: 'chgcars/mp-1440126.json.gz' version: None error: An error occurred (NoSuchKey) when calling the GetObject operation: The specified key does not exist.
  2384/3231: mp-1006246
  2385/3231: mp-1187347
  2386/3231: mp-973884
  2387/3231: mp-1068577
  2388/3231: mp-1416619
unable to access bucket: 'materialsproject-parsed' key: 'chgcars/mp-1416619.json.gz' version: None error: An error occurred (NoSuchKey) when calling the GetObject operation: The specified key does not exist.
  2389/3231: mp-1174
  2390/3231: mp-987
  2391/3231: mp-1017582
unable to access bucket: 'materialsproject-parsed' key: 'chgcars/mp-1418434.json.gz' version: None error: An error occurred (NoSuchKey) when calling the GetObject operation: The specified key does not exist.
  2392/3231: mp-20990
  2393/3231: mp-542112
  2394/3231: mp-10718
  2395/3231: mp-569775
unable to access bucket: 'materialsproject-parsed' key: 'chgcars/mp-1437686.json.gz' version: None error: An error occurred (NoSuchKey) when calling the GetObject operation: The specified key does not exist.
  2396/3231: mp-1187173
unable to access bucket: 'materialsproject-parsed' key: 'chgcars/mp-1406821.json.gz' version: None error: An error occurred (NoSuchKey) when calling the GetObject operation: The specified key does not exist.
  2397/3231: mp-998786
  2398/3231: mp-1018101
  2399/3231: mp-1603
unable to access bucket: 'materialsproject-parsed' key: 'chgcars/mp-1439209.json.gz' version: None error: An error occurred (NoSuchKey) when calling the GetObject operation: The specified key does not exist.
  2400/3231: mp-21128
  2401/3231: mp-1185426
unable to access bucket: 'materialsproject-parsed' key: 'chgcars/mp-1428304.json.gz' version: None error: An error occurred (NoSuchKey) when calling the GetObject operation: The specified key does not exist.
  2402/3231: mp-984711
  2403/3231: mp-2121
  2404/3231: mp-975524
  2405/3231: mp-7961
unable to access bucket: 'materialsproject-parsed' key: 'chgcars/mp-1428757.json.gz' version: None error: An error occurred (NoSuchKey) when calling the GetObject operation: The specified key does not exist.
  2406/3231: mp-1183288
unable to access bucket: 'materialsproject-parsed' key: 'chgcars/mp-1424893.json.gz' version: None error: An error occurred (NoSuchKey) when calling the GetObject operation: The specified key does not exist.
  2407/3231: mp-973004
  2408/3231: mp-2103
  2409/3231: mp-1213745
unable to access bucket: 'materialsproject-parsed' key: 'chgcars/mp-1398577.json.gz' version: None error: An error occurred (NoSuchKey) when calling the GetObject operation: The specified key does not exist.
  2410/3231: mp-1023129
unable to access bucket: 'materialsproject-parsed' key: 'chgcars/mp-1392926.json.gz' version: None error: An error occurred (NoSuchKey) when calling the GetObject operation: The specified key does not exist.
  2411/3231: mp-1183315
unable to access bucket: 'materialsproject-parsed' key: 'chgcars/mp-1384705.json.gz' version: None error: An error occurred (NoSuchKey) when calling the GetObject operation: The specified key does not exist.
  2412/3231: mp-22513
unable to access bucket: 'materialsproject-parsed' key: 'chgcars/mp-1414328.json.gz' version: None error: An error occurred (NoSuchKey) when calling the GetObject operation: The specified key does not exist.
  2413/3231: mp-984713
  2414/3231: mp-1877
unable to access bucket: 'materialsproject-parsed' key: 'chgcars/mp-1438787.json.gz' version: None error: An error occurred (NoSuchKey) when calling the GetObject operation: The specified key does not exist.
  2415/3231: mp-984632
unable to access bucket: 'materialsproject-parsed' key: 'chgcars/mp-1432093.json.gz' version: None error: An error occurred (NoSuchKey) when calling the GetObject operation: The specified key does not exist.
  2416/3231: mp-1678
  2417/3231: mp-977310
  2418/3231: mp-1033
  2419/3231: mp-11222
  2420/3231: mp-975990
unable to access bucket: 'materialsproject-parsed' key: 'chgcars/mp-1422973.json.gz' version: None error: An error occurred (NoSuchKey) when calling the GetObject operation: The specified key does not exist.
  2421/3231: mp-1185535
  2422/3231: mp-1416557
unable to access bucket: 'materialsproject-parsed' key: 'chgcars/mp-1416557.json.gz' version: None error: An error occurred (NoSuchKey) when calling the GetObject operation: The specified key does not exist.
  2423/3231: mp-2545
unable to access bucket: 'materialsproject-parsed' key: 'chgcars/mp-1439144.json.gz' version: None error: An error occurred (NoSuchKey) when calling the GetObject operation: The specified key does not exist.
  2424/3231: mp-1184093
  2425/3231: mp-973486
unable to access bucket: 'materialsproject-parsed' key: 'chgcars/mp-1431769.json.gz' version: None error: An error occurred (NoSuchKey) when calling the GetObject operation: The specified key does not exist.
  2426/3231: mp-1075904
  2427/3231: mp-19053
  2428/3231: mp-1017626
unable to access bucket: 'materialsproject-parsed' key: 'chgcars/mp-1416065.json.gz' version: None error: An error occurred (NoSuchKey) when calling the GetObject operation: The specified key does not exist.
  2429/3231: mp-1212658
  2430/3231: mp-1186243
unable to access bucket: 'materialsproject-parsed' key: 'chgcars/mp-1405475.json.gz' version: None error: An error occurred (NoSuchKey) when calling the GetObject operation: The specified key does not exist.
  2431/3231: mp-2413
  2432/3231: mp-1183439
unable to access bucket: 'materialsproject-parsed' key: 'chgcars/mp-1416886.json.gz' version: None error: An error occurred (NoSuchKey) when calling the GetObject operation: The specified key does not exist.
  2433/3231: mp-999393
  2434/3231: mp-1185566
  2435/3231: mp-998881
unable to access bucket: 'materialsproject-parsed' key: 'chgcars/mp-1416189.json.gz' version: None error: An error occurred (NoSuchKey) when calling the GetObject operation: The specified key does not exist.
  2436/3231: mp-1079882
unable to access bucket: 'materialsproject-parsed' key: 'chgcars/mp-1403437.json.gz' version: None error: An error occurred (NoSuchKey) when calling the GetObject operation: The specified key does not exist.
  2437/3231: mp-1184570
unable to access bucket: 'materialsproject-parsed' key: 'chgcars/mp-1414537.json.gz' version: None error: An error occurred (NoSuchKey) when calling the GetObject operation: The specified key does not exist.
  2438/3231: mp-1187778
unable to access bucket: 'materialsproject-parsed' key: 'chgcars/mp-1402019.json.gz' version: None error: An error occurred (NoSuchKey) when calling the GetObject operation: The specified key does not exist.
  2439/3231: mp-1206805
unable to access bucket: 'materialsproject-parsed' key: 'chgcars/mp-1421452.json.gz' version: None error: An error occurred (NoSuchKey) when calling the GetObject operation: The specified key does not exist.
  2440/3231: mp-817
unable to access bucket: 'materialsproject-parsed' key: 'chgcars/mp-1476148.json.gz' version: None error: An error occurred (NoSuchKey) when calling the GetObject operation: The specified key does not exist.
  2441/3231: mp-2351
unable to access bucket: 'materialsproject-parsed' key: 'chgcars/mp-1439547.json.gz' version: None error: An error occurred (NoSuchKey) when calling the GetObject operation: The specified key does not exist.
  2442/3231: mp-1505
  2443/3231: mp-1184883
  2444/3231: mp-19062
  2445/3231: mp-1186530
  2446/3231: mp-1206970
unable to access bucket: 'materialsproject-parsed' key: 'chgcars/mp-1425863.json.gz' version: None error: An error occurred (NoSuchKey) when calling the GetObject operation: The specified key does not exist.
  2447/3231: mp-693
  2448/3231: mp-18770
  2449/3231: mp-20849
  2450/3231: mp-999294
  2451/3231: mp-30056
  2452/3231: mp-1013534
unable to access bucket: 'materialsproject-parsed' key: 'chgcars/mp-1399182.json.gz' version: None error: An error occurred (NoSuchKey) when calling the GetObject operation: The specified key does not exist.
  2453/3231: mp-20424
  2454/3231: mp-30360
  2455/3231: mp-20225
  2456/3231: mp-1187226
  2457/3231: mp-862954
  2458/3231: mp-31058
  2459/3231: mp-984454
unable to access bucket: 'materialsproject-parsed' key: 'chgcars/mp-1436077.json.gz' version: None error: An error occurred (NoSuchKey) when calling the GetObject operation: The specified key does not exist.
  2460/3231: mp-998322
unable to access bucket: 'materialsproject-parsed' key: 'chgcars/mp-1396035.json.gz' version: None error: An error occurred (NoSuchKey) when calling the GetObject operation: The specified key does not exist.
  2461/3231: mp-1187784
  2462/3231: mp-1187421
unable to access bucket: 'materialsproject-parsed' key: 'chgcars/mp-1406050.json.gz' version: None error: An error occurred (NoSuchKey) when calling the GetObject operation: The specified key does not exist.
  2463/3231: mp-20446
  2464/3231: mp-556424
unable to access bucket: 'materialsproject-parsed' key: 'chgcars/mp-1441752.json.gz' version: None error: An error occurred (NoSuchKey) when calling the GetObject operation: The specified key does not exist.
  2465/3231: mp-1184868
  2466/3231: mp-1184759
  2467/3231: mp-1183290
  2468/3231: mp-1187103
unable to access bucket: 'materialsproject-parsed' key: 'chgcars/mp-1391768.json.gz' version: None error: An error occurred (NoSuchKey) when calling the GetObject operation: The specified key does not exist.
  2469/3231: mp-1187925
  2470/3231: mp-1207055
  2471/3231: mp-1009206
unable to access bucket: 'materialsproject-parsed' key: 'chgcars/mp-1419430.json.gz' version: None error: An error occurred (NoSuchKey) when calling the GetObject operation: The specified key does not exist.
  2472/3231: mp-1183300
unable to access bucket: 'materialsproject-parsed' key: 'chgcars/mp-1411593.json.gz' version: None error: An error occurred (NoSuchKey) when calling the GetObject operation: The specified key does not exist.
  2473/3231: mp-1102223
unable to access bucket: 'materialsproject-parsed' key: 'chgcars/mp-1445442.json.gz' version: None error: An error occurred (NoSuchKey) when calling the GetObject operation: The specified key does not exist.
  2474/3231: mp-1183761
  2475/3231: mp-1038814
  2476/3231: mp-1099244
  2477/3231: mp-22901
  2478/3231: mp-10606
  2479/3231: mp-972985
  2480/3231: mp-1013557
unable to access bucket: 'materialsproject-parsed' key: 'chgcars/mp-1386434.json.gz' version: None error: An error occurred (NoSuchKey) when calling the GetObject operation: The specified key does not exist.
  2481/3231: mp-1756
unable to access bucket: 'materialsproject-parsed' key: 'chgcars/mp-1440060.json.gz' version: None error: An error occurred (NoSuchKey) when calling the GetObject operation: The specified key does not exist.
  2482/3231: mp-1184051
unable to access bucket: 'materialsproject-parsed' key: 'chgcars/mp-1475811.json.gz' version: None error: An error occurred (NoSuchKey) when calling the GetObject operation: The specified key does not exist.
  2483/3231: mp-1186357
unable to access bucket: 'materialsproject-parsed' key: 'chgcars/mp-1774163.json.gz' version: None error: An error occurred (NoSuchKey) when calling the GetObject operation: The specified key does not exist.
  2484/3231: mp-30867
  2485/3231: mp-1206715
  2486/3231: mp-1206774
  2487/3231: mp-1017629
unable to access bucket: 'materialsproject-parsed' key: 'chgcars/mp-1415970.json.gz' version: None error: An error occurred (NoSuchKey) when calling the GetObject operation: The specified key does not exist.
  2488/3231: mp-3000
  2489/3231: mp-10732
  2490/3231: mp-1009264
  2491/3231: mp-1187581
  2492/3231: mp-861982
  2493/3231: mp-3020
  2494/3231: mp-975207
  2495/3231: mp-1206983
unable to access bucket: 'materialsproject-parsed' key: 'chgcars/mp-1403425.json.gz' version: None error: An error occurred (NoSuchKey) when calling the GetObject operation: The specified key does not exist.
  2496/3231: mp-1941
  2497/3231: mp-1187767
unable to access bucket: 'materialsproject-parsed' key: 'chgcars/mp-1431171.json.gz' version: None error: An error occurred (NoSuchKey) when calling the GetObject operation: The specified key does not exist.
  2498/3231: mp-865
unable to access bucket: 'materialsproject-parsed' key: 'chgcars/mp-1442070.json.gz' version: None error: An error occurred (NoSuchKey) when calling the GetObject operation: The specified key does not exist.
  2499/3231: mp-1013707
  2500/3231: mp-976727
unable to access bucket: 'materialsproject-parsed' key: 'chgcars/mp-1394471.json.gz' version: None error: An error occurred (NoSuchKey) when calling the GetObject operation: The specified key does not exist.
  2501/3231: mp-22704
  2502/3231: mp-977412
unable to access bucket: 'materialsproject-parsed' key: 'chgcars/mp-1659073.json.gz' version: None error: An error occurred (NoSuchKey) when calling the GetObject operation: The specified key does not exist.
  2503/3231: mp-1186068
unable to access bucket: 'materialsproject-parsed' key: 'chgcars/mp-1410088.json.gz' version: None error: An error occurred (NoSuchKey) when calling the GetObject operation: The specified key does not exist.
  2504/3231: mp-1184032
  2505/3231: mp-1206822
  2506/3231: mp-972222
  2507/3231: mp-14254
  2508/3231: mp-983539
  2509/3231: mp-30777
unable to access bucket: 'materialsproject-parsed' key: 'chgcars/mp-1412942.json.gz' version: None error: An error occurred (NoSuchKey) when calling the GetObject operation: The specified key does not exist.
  2510/3231: mp-1187623
unable to access bucket: 'materialsproject-parsed' key: 'chgcars/mp-1397751.json.gz' version: None error: An error occurred (NoSuchKey) when calling the GetObject operation: The specified key does not exist.
  2511/3231: mp-1184813
unable to access bucket: 'materialsproject-parsed' key: 'chgcars/mp-1421013.json.gz' version: None error: An error occurred (NoSuchKey) when calling the GetObject operation: The specified key does not exist.
  2512/3231: mp-1206985
  2513/3231: mp-1433326
  2514/3231: mp-31057
  2515/3231: mp-1031
  2516/3231: mp-1099246
unable to access bucket: 'materialsproject-parsed' key: 'chgcars/mp-1443515.json.gz' version: None error: An error occurred (NoSuchKey) when calling the GetObject operation: The specified key does not exist.
  2517/3231: mp-1185427
unable to access bucket: 'materialsproject-parsed' key: 'chgcars/mp-1421106.json.gz' version: None error: An error occurred (NoSuchKey) when calling the GetObject operation: The specified key does not exist.
  2518/3231: mp-1076642
unable to access bucket: 'materialsproject-parsed' key: 'chgcars/mp-1420087.json.gz' version: None error: An error occurred (NoSuchKey) when calling the GetObject operation: The specified key does not exist.
  2519/3231: mp-1183242
  2520/3231: mp-19025
  2521/3231: mp-8370
  2522/3231: mp-11566
unable to access bucket: 'materialsproject-parsed' key: 'chgcars/mp-1439076.json.gz' version: None error: An error occurred (NoSuchKey) when calling the GetObject operation: The specified key does not exist.
  2523/3231: mp-1020595
unable to access bucket: 'materialsproject-parsed' key: 'chgcars/mp-1410137.json.gz' version: None error: An error occurred (NoSuchKey) when calling the GetObject operation: The specified key does not exist.
  2524/3231: mp-1206402
  2525/3231: mp-1183755
  2526/3231: mp-1902
  2527/3231: mp-12598
unable to access bucket: 'materialsproject-parsed' key: 'chgcars/mp-1441696.json.gz' version: None error: An error occurred (NoSuchKey) when calling the GetObject operation: The specified key does not exist.
  2528/3231: mp-546200
  2529/3231: mp-1183703
unable to access bucket: 'materialsproject-parsed' key: 'chgcars/mp-1421807.json.gz' version: None error: An error occurred (NoSuchKey) when calling the GetObject operation: The specified key does not exist.
  2530/3231: mp-829
unable to access bucket: 'materialsproject-parsed' key: 'chgcars/mp-1440058.json.gz' version: None error: An error occurred (NoSuchKey) when calling the GetObject operation: The specified key does not exist.
  2531/3231: mp-972539
unable to access bucket: 'materialsproject-parsed' key: 'chgcars/mp-1392032.json.gz' version: None error: An error occurred (NoSuchKey) when calling the GetObject operation: The specified key does not exist.
  2532/3231: mp-10903
unable to access bucket: 'materialsproject-parsed' key: 'chgcars/mp-1439063.json.gz' version: None error: An error occurred (NoSuchKey) when calling the GetObject operation: The specified key does not exist.
  2533/3231: mp-11576
  2534/3231: mp-1016831
  2535/3231: mp-1013691
  2536/3231: mp-7223
  2537/3231: mp-1008554
  2538/3231: mp-1187089
unable to access bucket: 'materialsproject-parsed' key: 'chgcars/mp-1399689.json.gz' version: None error: An error occurred (NoSuchKey) when calling the GetObject operation: The specified key does not exist.
  2539/3231: mp-2515
  2540/3231: mp-13132
unable to access bucket: 'materialsproject-parsed' key: 'chgcars/mp-1424093.json.gz' version: None error: An error occurred (NoSuchKey) when calling the GetObject operation: The specified key does not exist.
  2541/3231: mp-2600
  2542/3231: mp-20941
unable to access bucket: 'materialsproject-parsed' key: 'chgcars/mp-1476025.json.gz' version: None error: An error occurred (NoSuchKey) when calling the GetObject operation: The specified key does not exist.
  2543/3231: mp-1183129
unable to access bucket: 'materialsproject-parsed' key: 'chgcars/mp-1413240.json.gz' version: None error: An error occurred (NoSuchKey) when calling the GetObject operation: The specified key does not exist.
  2544/3231: mp-1184128
unable to access bucket: 'materialsproject-parsed' key: 'chgcars/mp-1423453.json.gz' version: None error: An error occurred (NoSuchKey) when calling the GetObject operation: The specified key does not exist.
  2545/3231: mp-1187783
unable to access bucket: 'materialsproject-parsed' key: 'chgcars/mp-1432120.json.gz' version: None error: An error occurred (NoSuchKey) when calling the GetObject operation: The specified key does not exist.
  2546/3231: mp-1013543
unable to access bucket: 'materialsproject-parsed' key: 'chgcars/mp-1446047.json.gz' version: None error: An error occurred (NoSuchKey) when calling the GetObject operation: The specified key does not exist.
  2547/3231: mp-5893
  2548/3231: mp-7755
unable to access bucket: 'materialsproject-parsed' key: 'chgcars/mp-1442161.json.gz' version: None error: An error occurred (NoSuchKey) when calling the GetObject operation: The specified key does not exist.
  2549/3231: mp-1008985
  2550/3231: mp-1187578
  2551/3231: mp-1180619
  2552/3231: mp-1184597
unable to access bucket: 'materialsproject-parsed' key: 'chgcars/mp-1419314.json.gz' version: None error: An error occurred (NoSuchKey) when calling the GetObject operation: The specified key does not exist.
  2553/3231: mp-1064843
  2554/3231: mp-1186100
  2555/3231: mp-12983
  2556/3231: mp-1147742
unable to access bucket: 'materialsproject-parsed' key: 'chgcars/mp-1404529.json.gz' version: None error: An error occurred (NoSuchKey) when calling the GetObject operation: The specified key does not exist.
  2557/3231: mp-9040
unable to access bucket: 'materialsproject-parsed' key: 'chgcars/mp-1416215.json.gz' version: None error: An error occurred (NoSuchKey) when calling the GetObject operation: The specified key does not exist.
  2558/3231: mp-1019319
  2559/3231: mp-973891
  2560/3231: mp-1096800
unable to access bucket: 'materialsproject-parsed' key: 'chgcars/mp-1424964.json.gz' version: None error: An error occurred (NoSuchKey) when calling the GetObject operation: The specified key does not exist.
  2561/3231: mp-932
  2562/3231: mp-1007974
  2563/3231: mp-1183913
unable to access bucket: 'materialsproject-parsed' key: 'chgcars/mp-1411441.json.gz' version: None error: An error occurred (NoSuchKey) when calling the GetObject operation: The specified key does not exist.
  2564/3231: mp-1187665
  2565/3231: mp-1186471
  2566/3231: mp-1008931
  2567/3231: mp-1185344
unable to access bucket: 'materialsproject-parsed' key: 'chgcars/mp-1411404.json.gz' version: None error: An error occurred (NoSuchKey) when calling the GetObject operation: The specified key does not exist.
  2568/3231: mp-1013542
unable to access bucket: 'materialsproject-parsed' key: 'chgcars/mp-1402546.json.gz' version: None error: An error occurred (NoSuchKey) when calling the GetObject operation: The specified key does not exist.
  2569/3231: mp-972103
unable to access bucket: 'materialsproject-parsed' key: 'chgcars/mp-1428794.json.gz' version: None error: An error occurred (NoSuchKey) when calling the GetObject operation: The specified key does not exist.
  2570/3231: mp-1099588
unable to access bucket: 'materialsproject-parsed' key: 'chgcars/mp-1425019.json.gz' version: None error: An error occurred (NoSuchKey) when calling the GetObject operation: The specified key does not exist.
  2571/3231: mp-1120765
  2572/3231: mp-505622
  2573/3231: mp-1187182
  2574/3231: mp-1187250
unable to access bucket: 'materialsproject-parsed' key: 'chgcars/mp-1427567.json.gz' version: None error: An error occurred (NoSuchKey) when calling the GetObject operation: The specified key does not exist.
  2575/3231: mp-1183930
  2576/3231: mp-2393
unable to access bucket: 'materialsproject-parsed' key: 'chgcars/mp-1437715.json.gz' version: None error: An error occurred (NoSuchKey) when calling the GetObject operation: The specified key does not exist.
  2577/3231: mp-1183514
unable to access bucket: 'materialsproject-parsed' key: 'chgcars/mp-1388902.json.gz' version: None error: An error occurred (NoSuchKey) when calling the GetObject operation: The specified key does not exist.
  2578/3231: mp-1187655
  2579/3231: mp-21381
unable to access bucket: 'materialsproject-parsed' key: 'chgcars/mp-1438972.json.gz' version: None error: An error occurred (NoSuchKey) when calling the GetObject operation: The specified key does not exist.
  2580/3231: mp-1183558
unable to access bucket: 'materialsproject-parsed' key: 'chgcars/mp-1402739.json.gz' version: None error: An error occurred (NoSuchKey) when calling the GetObject operation: The specified key does not exist.
  2581/3231: mp-1013528
unable to access bucket: 'materialsproject-parsed' key: 'chgcars/mp-1399856.json.gz' version: None error: An error occurred (NoSuchKey) when calling the GetObject operation: The specified key does not exist.
  2582/3231: mp-1186922
unable to access bucket: 'materialsproject-parsed' key: 'chgcars/mp-1425096.json.gz' version: None error: An error occurred (NoSuchKey) when calling the GetObject operation: The specified key does not exist.
  2583/3231: mp-1016841
unable to access bucket: 'materialsproject-parsed' key: 'chgcars/mp-1424189.json.gz' version: None error: An error occurred (NoSuchKey) when calling the GetObject operation: The specified key does not exist.
  2584/3231: mp-1009483
  2585/3231: mp-1186300
  2586/3231: mp-3686
  2587/3231: mp-1183706
unable to access bucket: 'materialsproject-parsed' key: 'chgcars/mp-1384126.json.gz' version: None error: An error occurred (NoSuchKey) when calling the GetObject operation: The specified key does not exist.
  2588/3231: mp-1016826
unable to access bucket: 'materialsproject-parsed' key: 'chgcars/mp-1433628.json.gz' version: None error: An error occurred (NoSuchKey) when calling the GetObject operation: The specified key does not exist.
  2589/3231: mp-1186404
unable to access bucket: 'materialsproject-parsed' key: 'chgcars/mp-1433073.json.gz' version: None error: An error occurred (NoSuchKey) when calling the GetObject operation: The specified key does not exist.
  2590/3231: mp-755572
  2591/3231: mp-1184319
  2592/3231: mp-1183922
unable to access bucket: 'materialsproject-parsed' key: 'chgcars/mp-1385145.json.gz' version: None error: An error occurred (NoSuchKey) when calling the GetObject operation: The specified key does not exist.
  2593/3231: mp-1013555
unable to access bucket: 'materialsproject-parsed' key: 'chgcars/mp-1384717.json.gz' version: None error: An error occurred (NoSuchKey) when calling the GetObject operation: The specified key does not exist.
  2594/3231: mp-1099258
unable to access bucket: 'materialsproject-parsed' key: 'chgcars/mp-1399431.json.gz' version: None error: An error occurred (NoSuchKey) when calling the GetObject operation: The specified key does not exist.
  2595/3231: mp-1186326
  2596/3231: mp-1187914
unable to access bucket: 'materialsproject-parsed' key: 'chgcars/mp-1408761.json.gz' version: None error: An error occurred (NoSuchKey) when calling the GetObject operation: The specified key does not exist.
  2597/3231: mp-2417
unable to access bucket: 'materialsproject-parsed' key: 'chgcars/mp-1437982.json.gz' version: None error: An error occurred (NoSuchKey) when calling the GetObject operation: The specified key does not exist.
  2598/3231: mp-2316
  2599/3231: mp-1402304
unable to access bucket: 'materialsproject-parsed' key: 'chgcars/mp-1402304.json.gz' version: None error: An error occurred (NoSuchKey) when calling the GetObject operation: The specified key does not exist.
  2600/3231: mp-21392
  2601/3231: mp-1020591
unable to access bucket: 'materialsproject-parsed' key: 'chgcars/mp-1409173.json.gz' version: None error: An error occurred (NoSuchKey) when calling the GetObject operation: The specified key does not exist.
  2602/3231: mp-1184959
  2603/3231: mp-1187466
  2604/3231: mp-1013738
unable to access bucket: 'materialsproject-parsed' key: 'chgcars/mp-1403292.json.gz' version: None error: An error occurred (NoSuchKey) when calling the GetObject operation: The specified key does not exist.
  2605/3231: mp-1184733
unable to access bucket: 'materialsproject-parsed' key: 'chgcars/mp-1394410.json.gz' version: None error: An error occurred (NoSuchKey) when calling the GetObject operation: The specified key does not exist.
  2606/3231: mp-998196
  2607/3231: mp-21177
unable to access bucket: 'materialsproject-parsed' key: 'chgcars/mp-1440102.json.gz' version: None error: An error occurred (NoSuchKey) when calling the GetObject operation: The specified key does not exist.
  2608/3231: mp-862870
  2609/3231: mp-982245
  2610/3231: mp-1187168
unable to access bucket: 'materialsproject-parsed' key: 'chgcars/mp-1443116.json.gz' version: None error: An error occurred (NoSuchKey) when calling the GetObject operation: The specified key does not exist.
  2611/3231: mp-545712
  2612/3231: mp-1069346
  2613/3231: mp-29725
  2614/3231: mp-561598
  2615/3231: mp-975385
  2616/3231: mp-755300
unable to access bucket: 'materialsproject-parsed' key: 'chgcars/mp-1395033.json.gz' version: None error: An error occurred (NoSuchKey) when calling the GetObject operation: The specified key does not exist.
  2617/3231: mp-1183889
  2618/3231: mp-1183292
unable to access bucket: 'materialsproject-parsed' key: 'chgcars/mp-1397955.json.gz' version: None error: An error occurred (NoSuchKey) when calling the GetObject operation: The specified key does not exist.
  2619/3231: mp-3869
  2620/3231: mp-1183636
unable to access bucket: 'materialsproject-parsed' key: 'chgcars/mp-1412186.json.gz' version: None error: An error occurred (NoSuchKey) when calling the GetObject operation: The specified key does not exist.
  2621/3231: mp-1078554
unable to access bucket: 'materialsproject-parsed' key: 'chgcars/mp-1396096.json.gz' version: None error: An error occurred (NoSuchKey) when calling the GetObject operation: The specified key does not exist.
  2622/3231: mp-12593
unable to access bucket: 'materialsproject-parsed' key: 'chgcars/mp-1413043.json.gz' version: None error: An error occurred (NoSuchKey) when calling the GetObject operation: The specified key does not exist.
  2623/3231: mp-644483
unable to access bucket: 'materialsproject-parsed' key: 'chgcars/mp-1441734.json.gz' version: None error: An error occurred (NoSuchKey) when calling the GetObject operation: The specified key does not exist.
  2624/3231: mp-1186136
  2625/3231: mp-702
  2626/3231: mp-2781
unable to access bucket: 'materialsproject-parsed' key: 'chgcars/mp-1440295.json.gz' version: None error: An error occurred (NoSuchKey) when calling the GetObject operation: The specified key does not exist.
  2627/3231: mp-2757
unable to access bucket: 'materialsproject-parsed' key: 'chgcars/mp-1442104.json.gz' version: None error: An error occurred (NoSuchKey) when calling the GetObject operation: The specified key does not exist.
  2628/3231: mp-11822
unable to access bucket: 'materialsproject-parsed' key: 'chgcars/mp-1418421.json.gz' version: None error: An error occurred (NoSuchKey) when calling the GetObject operation: The specified key does not exist.
  2629/3231: mp-1187310
  2630/3231: mp-11364
  2631/3231: mp-20272
  2632/3231: mp-975159
  2633/3231: mp-1185303
unable to access bucket: 'materialsproject-parsed' key: 'chgcars/mp-1413995.json.gz' version: None error: An error occurred (NoSuchKey) when calling the GetObject operation: The specified key does not exist.
  2634/3231: mp-1184833
unable to access bucket: 'materialsproject-parsed' key: 'chgcars/mp-1406822.json.gz' version: None error: An error occurred (NoSuchKey) when calling the GetObject operation: The specified key does not exist.
  2635/3231: mp-4783
  2636/3231: mp-19840
unable to access bucket: 'materialsproject-parsed' key: 'chgcars/mp-1768557.json.gz' version: None error: An error occurred (NoSuchKey) when calling the GetObject operation: The specified key does not exist.
  2637/3231: mp-973818
  2638/3231: mp-1014214
  2639/3231: mp-2061
unable to access bucket: 'materialsproject-parsed' key: 'chgcars/mp-1438535.json.gz' version: None error: An error occurred (NoSuchKey) when calling the GetObject operation: The specified key does not exist.
  2640/3231: mp-1184150
unable to access bucket: 'materialsproject-parsed' key: 'chgcars/mp-1418106.json.gz' version: None error: An error occurred (NoSuchKey) when calling the GetObject operation: The specified key does not exist.
  2641/3231: mp-1187199
  2642/3231: mp-1207183
  2643/3231: mp-972978
unable to access bucket: 'materialsproject-parsed' key: 'chgcars/mp-1416579.json.gz' version: None error: An error occurred (NoSuchKey) when calling the GetObject operation: The specified key does not exist.
  2644/3231: mp-862970
unable to access bucket: 'materialsproject-parsed' key: 'chgcars/mp-1413360.json.gz' version: None error: An error occurred (NoSuchKey) when calling the GetObject operation: The specified key does not exist.
  2645/3231: mp-1183161
unable to access bucket: 'materialsproject-parsed' key: 'chgcars/mp-1422193.json.gz' version: None error: An error occurred (NoSuchKey) when calling the GetObject operation: The specified key does not exist.
  2646/3231: mp-1184488
  2647/3231: mp-28069
  2648/3231: mp-1185395
unable to access bucket: 'materialsproject-parsed' key: 'chgcars/mp-1410164.json.gz' version: None error: An error occurred (NoSuchKey) when calling the GetObject operation: The specified key does not exist.
  2649/3231: mp-1076128
  2650/3231: mp-1186756
  2651/3231: mp-1608
  2652/3231: mp-10134
  2653/3231: mp-7070
  2654/3231: mp-1062055
  2655/3231: mp-1571
  2656/3231: mp-1206123
unable to access bucket: 'materialsproject-parsed' key: 'chgcars/mp-1410243.json.gz' version: None error: An error occurred (NoSuchKey) when calling the GetObject operation: The specified key does not exist.
  2657/3231: mp-978506
  2658/3231: mp-975291
  2659/3231: mp-1184359
unable to access bucket: 'materialsproject-parsed' key: 'chgcars/mp-1433605.json.gz' version: None error: An error occurred (NoSuchKey) when calling the GetObject operation: The specified key does not exist.
  2660/3231: mp-21017
unable to access bucket: 'materialsproject-parsed' key: 'chgcars/mp-1504243.json.gz' version: None error: An error occurred (NoSuchKey) when calling the GetObject operation: The specified key does not exist.
  2661/3231: mp-7425
unable to access bucket: 'materialsproject-parsed' key: 'chgcars/mp-1440526.json.gz' version: None error: An error occurred (NoSuchKey) when calling the GetObject operation: The specified key does not exist.
  2662/3231: mp-10139
unable to access bucket: 'materialsproject-parsed' key: 'chgcars/mp-1438803.json.gz' version: None error: An error occurred (NoSuchKey) when calling the GetObject operation: The specified key does not exist.
  2663/3231: mp-10637
  2664/3231: mp-972367
  2665/3231: mp-978851
  2666/3231: mp-1076782
  2667/3231: mp-1016845
unable to access bucket: 'materialsproject-parsed' key: 'chgcars/mp-1413296.json.gz' version: None error: An error occurred (NoSuchKey) when calling the GetObject operation: The specified key does not exist.
  2668/3231: mp-1184855
  2669/3231: mp-20860
unable to access bucket: 'materialsproject-parsed' key: 'chgcars/mp-1439836.json.gz' version: None error: An error occurred (NoSuchKey) when calling the GetObject operation: The specified key does not exist.
  2670/3231: mp-1070242
unable to access bucket: 'materialsproject-parsed' key: 'chgcars/mp-1419119.json.gz' version: None error: An error occurred (NoSuchKey) when calling the GetObject operation: The specified key does not exist.
  2671/3231: mp-1014460
  2672/3231: mp-1067281
  2673/3231: mp-1017543
unable to access bucket: 'materialsproject-parsed' key: 'chgcars/mp-1427925.json.gz' version: None error: An error occurred (NoSuchKey) when calling the GetObject operation: The specified key does not exist.
  2674/3231: mp-1184641
  2675/3231: mp-1183159
unable to access bucket: 'materialsproject-parsed' key: 'chgcars/mp-1415329.json.gz' version: None error: An error occurred (NoSuchKey) when calling the GetObject operation: The specified key does not exist.
  2676/3231: mp-30083
  2677/3231: mp-11312
unable to access bucket: 'materialsproject-parsed' key: 'chgcars/mp-1441638.json.gz' version: None error: An error occurred (NoSuchKey) when calling the GetObject operation: The specified key does not exist.
  2678/3231: mp-19253
  2679/3231: mp-1018641
  2680/3231: mp-1183309
  2681/3231: mp-1187416
  2682/3231: mp-644246
  2683/3231: mp-1121
  2684/3231: mp-865181
  2685/3231: mp-1183840
unable to access bucket: 'materialsproject-parsed' key: 'chgcars/mp-1396948.json.gz' version: None error: An error occurred (NoSuchKey) when calling the GetObject operation: The specified key does not exist.
  2686/3231: mp-1188024
  2687/3231: mp-1183152
  2688/3231: mp-15660
unable to access bucket: 'materialsproject-parsed' key: 'chgcars/mp-1435766.json.gz' version: None error: An error occurred (NoSuchKey) when calling the GetObject operation: The specified key does not exist.
  2689/3231: mp-19035
  2690/3231: mp-1013709
  2691/3231: mp-3591
  2692/3231: mp-12599
unable to access bucket: 'materialsproject-parsed' key: 'chgcars/mp-1439498.json.gz' version: None error: An error occurred (NoSuchKey) when calling the GetObject operation: The specified key does not exist.
  2693/3231: mp-23201
  2694/3231: mp-23729
  2695/3231: mp-1005719
unable to access bucket: 'materialsproject-parsed' key: 'chgcars/mp-1773679.json.gz' version: None error: An error occurred (NoSuchKey) when calling the GetObject operation: The specified key does not exist.
  2696/3231: mp-1183623
  2697/3231: mp-11407
  2698/3231: mp-972422
unable to access bucket: 'materialsproject-parsed' key: 'chgcars/mp-1420083.json.gz' version: None error: An error occurred (NoSuchKey) when calling the GetObject operation: The specified key does not exist.
  2699/3231: mp-5663
  2700/3231: mp-7752
unable to access bucket: 'materialsproject-parsed' key: 'chgcars/mp-1435962.json.gz' version: None error: An error occurred (NoSuchKey) when calling the GetObject operation: The specified key does not exist.
  2701/3231: mp-1187519
unable to access bucket: 'materialsproject-parsed' key: 'chgcars/mp-1397118.json.gz' version: None error: An error occurred (NoSuchKey) when calling the GetObject operation: The specified key does not exist.
  2702/3231: mp-1068661
unable to access bucket: 'materialsproject-parsed' key: 'chgcars/mp-1441785.json.gz' version: None error: An error occurred (NoSuchKey) when calling the GetObject operation: The specified key does not exist.
  2703/3231: mp-10274
unable to access bucket: 'materialsproject-parsed' key: 'chgcars/mp-1422413.json.gz' version: None error: An error occurred (NoSuchKey) when calling the GetObject operation: The specified key does not exist.
  2704/3231: mp-1186948
unable to access bucket: 'materialsproject-parsed' key: 'chgcars/mp-1416277.json.gz' version: None error: An error occurred (NoSuchKey) when calling the GetObject operation: The specified key does not exist.
  2705/3231: mp-1185312
  2706/3231: mp-1187330
  2707/3231: mp-1185387
  2708/3231: mp-976446
  2709/3231: mp-977552
unable to access bucket: 'materialsproject-parsed' key: 'chgcars/mp-1422201.json.gz' version: None error: An error occurred (NoSuchKey) when calling the GetObject operation: The specified key does not exist.
  2710/3231: mp-1184599
unable to access bucket: 'materialsproject-parsed' key: 'chgcars/mp-1386705.json.gz' version: None error: An error occurred (NoSuchKey) when calling the GetObject operation: The specified key does not exist.
  2711/3231: mp-1187913
unable to access bucket: 'materialsproject-parsed' key: 'chgcars/mp-1433047.json.gz' version: None error: An error occurred (NoSuchKey) when calling the GetObject operation: The specified key does not exist.
  2712/3231: mp-19726
  2713/3231: mp-976848
  2714/3231: mp-11521
  2715/3231: mp-1335
unable to access bucket: 'materialsproject-parsed' key: 'chgcars/mp-1656270.json.gz' version: None error: An error occurred (NoSuchKey) when calling the GetObject operation: The specified key does not exist.
  2716/3231: mp-1076368
  2717/3231: mp-1186515
unable to access bucket: 'materialsproject-parsed' key: 'chgcars/mp-1475526.json.gz' version: None error: An error occurred (NoSuchKey) when calling the GetObject operation: The specified key does not exist.
  2718/3231: mp-832
  2719/3231: mp-22394
unable to access bucket: 'materialsproject-parsed' key: 'chgcars/mp-1441609.json.gz' version: None error: An error occurred (NoSuchKey) when calling the GetObject operation: The specified key does not exist.
  2720/3231: mp-557964
  2721/3231: mp-1207093
  2722/3231: mp-1094889
  2723/3231: mp-976247
unable to access bucket: 'materialsproject-parsed' key: 'chgcars/mp-1377784.json.gz' version: None error: An error occurred (NoSuchKey) when calling the GetObject operation: The specified key does not exist.
  2724/3231: mp-555123
  2725/3231: mp-558694
  2726/3231: mp-973156
unable to access bucket: 'materialsproject-parsed' key: 'chgcars/mp-1429374.json.gz' version: None error: An error occurred (NoSuchKey) when calling the GetObject operation: The specified key does not exist.
  2727/3231: mp-997585
  2728/3231: mp-981215
  2729/3231: mp-2796
unable to access bucket: 'materialsproject-parsed' key: 'chgcars/mp-1440096.json.gz' version: None error: An error occurred (NoSuchKey) when calling the GetObject operation: The specified key does not exist.
  2730/3231: mp-1070713
  2731/3231: mp-978962
unable to access bucket: 'materialsproject-parsed' key: 'chgcars/mp-1432235.json.gz' version: None error: An error occurred (NoSuchKey) when calling the GetObject operation: The specified key does not exist.
  2732/3231: mp-1183693
unable to access bucket: 'materialsproject-parsed' key: 'chgcars/mp-1771731.json.gz' version: None error: An error occurred (NoSuchKey) when calling the GetObject operation: The specified key does not exist.
  2733/3231: mp-20423
  2734/3231: mp-22364
  2735/3231: mp-11452
  2736/3231: mp-1185551
unable to access bucket: 'materialsproject-parsed' key: 'chgcars/mp-1403880.json.gz' version: None error: An error occurred (NoSuchKey) when calling the GetObject operation: The specified key does not exist.
  2737/3231: mp-1099253
unable to access bucket: 'materialsproject-parsed' key: 'chgcars/mp-1280921.json.gz' version: None error: An error occurred (NoSuchKey) when calling the GetObject operation: The specified key does not exist.
  2738/3231: mp-1434307
unable to access bucket: 'materialsproject-parsed' key: 'chgcars/mp-1434307.json.gz' version: None error: An error occurred (NoSuchKey) when calling the GetObject operation: The specified key does not exist.
  2739/3231: mp-600089
  2740/3231: mp-1183704
  2741/3231: mp-1487
  2742/3231: mp-1016829
unable to access bucket: 'materialsproject-parsed' key: 'chgcars/mp-1427871.json.gz' version: None error: An error occurred (NoSuchKey) when calling the GetObject operation: The specified key does not exist.
  2743/3231: mp-546910
  2744/3231: mp-16290
unable to access bucket: 'materialsproject-parsed' key: 'chgcars/mp-1438091.json.gz' version: None error: An error occurred (NoSuchKey) when calling the GetObject operation: The specified key does not exist.
  2745/3231: mp-2311
  2746/3231: mp-1103284
  2747/3231: mp-10279
  2748/3231: mp-375
  2749/3231: mp-971753
  2750/3231: mp-999189
  2751/3231: mp-2092
unable to access bucket: 'materialsproject-parsed' key: 'chgcars/mp-1440852.json.gz' version: None error: An error occurred (NoSuchKey) when calling the GetObject operation: The specified key does not exist.
  2752/3231: mp-1207180
unable to access bucket: 'materialsproject-parsed' key: 'chgcars/mp-1398297.json.gz' version: None error: An error occurred (NoSuchKey) when calling the GetObject operation: The specified key does not exist.
  2753/3231: mp-1069273
  2754/3231: mp-505534
  2755/3231: mp-1094726
unable to access bucket: 'materialsproject-parsed' key: 'chgcars/mp-1434693.json.gz' version: None error: An error occurred (NoSuchKey) when calling the GetObject operation: The specified key does not exist.
  2756/3231: mp-998897
  2757/3231: mp-21263
unable to access bucket: 'materialsproject-parsed' key: 'chgcars/mp-1440075.json.gz' version: None error: An error occurred (NoSuchKey) when calling the GetObject operation: The specified key does not exist.
  2758/3231: mp-1017558
  2759/3231: mp-1187569
  2760/3231: mp-10680
  2761/3231: mp-3022
  2762/3231: mp-979253
unable to access bucket: 'materialsproject-parsed' key: 'chgcars/mp-1398075.json.gz' version: None error: An error occurred (NoSuchKey) when calling the GetObject operation: The specified key does not exist.
  2763/3231: mp-1185544
unable to access bucket: 'materialsproject-parsed' key: 'chgcars/mp-1442893.json.gz' version: None error: An error occurred (NoSuchKey) when calling the GetObject operation: The specified key does not exist.
  2764/3231: mp-568544
unable to access bucket: 'materialsproject-parsed' key: 'chgcars/mp-1421063.json.gz' version: None error: An error occurred (NoSuchKey) when calling the GetObject operation: The specified key does not exist.
  2765/3231: mp-1014219
unable to access bucket: 'materialsproject-parsed' key: 'chgcars/mp-1426138.json.gz' version: None error: An error occurred (NoSuchKey) when calling the GetObject operation: The specified key does not exist.
  2766/3231: mp-4505
  2767/3231: mp-21233
  2768/3231: mp-1187636
unable to access bucket: 'materialsproject-parsed' key: 'chgcars/mp-1422315.json.gz' version: None error: An error occurred (NoSuchKey) when calling the GetObject operation: The specified key does not exist.
  2769/3231: mp-974505
unable to access bucket: 'materialsproject-parsed' key: 'chgcars/mp-1407956.json.gz' version: None error: An error occurred (NoSuchKey) when calling the GetObject operation: The specified key does not exist.
  2770/3231: mp-973960
  2771/3231: mp-1185420
  2772/3231: mp-1184942
  2773/3231: mp-1412687
unable to access bucket: 'materialsproject-parsed' key: 'chgcars/mp-1412687.json.gz' version: None error: An error occurred (NoSuchKey) when calling the GetObject operation: The specified key does not exist.
  2774/3231: mp-11572
  2775/3231: mp-862959
  2776/3231: mp-24419
  2777/3231: mp-1186126
  2778/3231: mp-984552
  2779/3231: mp-646
  2780/3231: mp-1185846
unable to access bucket: 'materialsproject-parsed' key: 'chgcars/mp-1424202.json.gz' version: None error: An error occurred (NoSuchKey) when calling the GetObject operation: The specified key does not exist.
  2781/3231: mp-1185051
unable to access bucket: 'materialsproject-parsed' key: 'chgcars/mp-1410074.json.gz' version: None error: An error occurred (NoSuchKey) when calling the GetObject operation: The specified key does not exist.
  2782/3231: mp-1184361
unable to access bucket: 'materialsproject-parsed' key: 'chgcars/mp-1432019.json.gz' version: None error: An error occurred (NoSuchKey) when calling the GetObject operation: The specified key does not exist.
  2783/3231: mp-1016886
  2784/3231: mp-5229
unable to access bucket: 'materialsproject-parsed' key: 'chgcars/mp-1440841.json.gz' version: None error: An error occurred (NoSuchKey) when calling the GetObject operation: The specified key does not exist.
  2785/3231: mp-973875
  2786/3231: mp-28171
  2787/3231: mp-836
  2788/3231: mp-1058331
  2789/3231: mp-1095176
  2790/3231: mp-1147710
  2791/3231: mp-1187285
  2792/3231: mp-1187220
  2793/3231: mp-28593
  2794/3231: mp-978797
unable to access bucket: 'materialsproject-parsed' key: 'chgcars/mp-1405062.json.gz' version: None error: An error occurred (NoSuchKey) when calling the GetObject operation: The specified key does not exist.
  2795/3231: mp-1013554
unable to access bucket: 'materialsproject-parsed' key: 'chgcars/mp-1404470.json.gz' version: None error: An error occurred (NoSuchKey) when calling the GetObject operation: The specified key does not exist.
  2796/3231: mp-21076
unable to access bucket: 'materialsproject-parsed' key: 'chgcars/mp-1768596.json.gz' version: None error: An error occurred (NoSuchKey) when calling the GetObject operation: The specified key does not exist.
  2797/3231: mp-1013562
  2798/3231: mp-1503976
unable to access bucket: 'materialsproject-parsed' key: 'chgcars/mp-1503976.json.gz' version: None error: An error occurred (NoSuchKey) when calling the GetObject operation: The specified key does not exist.
  2799/3231: mp-1186928
unable to access bucket: 'materialsproject-parsed' key: 'chgcars/mp-1418595.json.gz' version: None error: An error occurred (NoSuchKey) when calling the GetObject operation: The specified key does not exist.
  2800/3231: mp-559435
unable to access bucket: 'materialsproject-parsed' key: 'chgcars/mp-1271140.json.gz' version: None error: An error occurred (NoSuchKey) when calling the GetObject operation: The specified key does not exist.
  2801/3231: mp-981103
unable to access bucket: 'materialsproject-parsed' key: 'chgcars/mp-1403601.json.gz' version: None error: An error occurred (NoSuchKey) when calling the GetObject operation: The specified key does not exist.
  2802/3231: mp-1183534
unable to access bucket: 'materialsproject-parsed' key: 'chgcars/mp-1426568.json.gz' version: None error: An error occurred (NoSuchKey) when calling the GetObject operation: The specified key does not exist.
  2803/3231: mp-902
unable to access bucket: 'materialsproject-parsed' key: 'chgcars/mp-1439508.json.gz' version: None error: An error occurred (NoSuchKey) when calling the GetObject operation: The specified key does not exist.
  2804/3231: mp-976010
  2805/3231: mp-1009005
  2806/3231: mp-2126
  2807/3231: mp-1184065
unable to access bucket: 'materialsproject-parsed' key: 'chgcars/mp-1389478.json.gz' version: None error: An error occurred (NoSuchKey) when calling the GetObject operation: The specified key does not exist.
  2808/3231: mp-1186133
unable to access bucket: 'materialsproject-parsed' key: 'chgcars/mp-1425769.json.gz' version: None error: An error occurred (NoSuchKey) when calling the GetObject operation: The specified key does not exist.
  2809/3231: mp-20379
  2810/3231: mp-1206376
  2811/3231: mp-1184332
  2812/3231: mp-1009596
  2813/3231: mp-2502
  2814/3231: mp-7753
  2815/3231: mp-973068
unable to access bucket: 'materialsproject-parsed' key: 'chgcars/mp-1423074.json.gz' version: None error: An error occurred (NoSuchKey) when calling the GetObject operation: The specified key does not exist.
  2816/3231: mp-567454
unable to access bucket: 'materialsproject-parsed' key: 'chgcars/mp-1438134.json.gz' version: None error: An error occurred (NoSuchKey) when calling the GetObject operation: The specified key does not exist.
  2817/3231: mp-372
  2818/3231: mp-9833
  2819/3231: mp-1185009
  2820/3231: mp-1187570
unable to access bucket: 'materialsproject-parsed' key: 'chgcars/mp-1475578.json.gz' version: None error: An error occurred (NoSuchKey) when calling the GetObject operation: The specified key does not exist.
  2821/3231: mp-1186395
  2822/3231: mp-1183823
unable to access bucket: 'materialsproject-parsed' key: 'chgcars/mp-1426727.json.gz' version: None error: An error occurred (NoSuchKey) when calling the GetObject operation: The specified key does not exist.
  2823/3231: mp-975134
  2824/3231: mp-2615
  2825/3231: mp-1016833
  2826/3231: mp-1013529
unable to access bucket: 'materialsproject-parsed' key: 'chgcars/mp-1404868.json.gz' version: None error: An error occurred (NoSuchKey) when calling the GetObject operation: The specified key does not exist.
  2827/3231: mp-1187138
unable to access bucket: 'materialsproject-parsed' key: 'chgcars/mp-1444323.json.gz' version: None error: An error occurred (NoSuchKey) when calling the GetObject operation: The specified key does not exist.
  2828/3231: mp-10120
  2829/3231: mp-1185084
unable to access bucket: 'materialsproject-parsed' key: 'chgcars/mp-1413719.json.gz' version: None error: An error occurred (NoSuchKey) when calling the GetObject operation: The specified key does not exist.
  2830/3231: mp-979984
  2831/3231: mp-1183685
unable to access bucket: 'materialsproject-parsed' key: 'chgcars/mp-1395822.json.gz' version: None error: An error occurred (NoSuchKey) when calling the GetObject operation: The specified key does not exist.
  2832/3231: mp-1187737
unable to access bucket: 'materialsproject-parsed' key: 'chgcars/mp-1445389.json.gz' version: None error: An error occurred (NoSuchKey) when calling the GetObject operation: The specified key does not exist.
  2833/3231: mp-568705
unable to access bucket: 'materialsproject-parsed' key: 'chgcars/mp-1438984.json.gz' version: None error: An error occurred (NoSuchKey) when calling the GetObject operation: The specified key does not exist.
  2834/3231: mp-1013643
  2835/3231: mp-975045
  2836/3231: mp-982048
unable to access bucket: 'materialsproject-parsed' key: 'chgcars/mp-1420222.json.gz' version: None error: An error occurred (NoSuchKey) when calling the GetObject operation: The specified key does not exist.
  2837/3231: mp-1014316
unable to access bucket: 'materialsproject-parsed' key: 'chgcars/mp-1419075.json.gz' version: None error: An error occurred (NoSuchKey) when calling the GetObject operation: The specified key does not exist.
  2838/3231: mp-1184165
  2839/3231: mp-9834
  2840/3231: mp-672229
  2841/3231: mp-1184295
unable to access bucket: 'materialsproject-parsed' key: 'chgcars/mp-1393925.json.gz' version: None error: An error occurred (NoSuchKey) when calling the GetObject operation: The specified key does not exist.
  2842/3231: mp-1184578
unable to access bucket: 'materialsproject-parsed' key: 'chgcars/mp-1411587.json.gz' version: None error: An error occurred (NoSuchKey) when calling the GetObject operation: The specified key does not exist.
  2843/3231: mp-1185003
  2844/3231: mp-21850
unable to access bucket: 'materialsproject-parsed' key: 'chgcars/mp-1476006.json.gz' version: None error: An error occurred (NoSuchKey) when calling the GetObject operation: The specified key does not exist.
  2845/3231: mp-1247642
  2846/3231: mp-985282
unable to access bucket: 'materialsproject-parsed' key: 'chgcars/mp-1433690.json.gz' version: None error: An error occurred (NoSuchKey) when calling the GetObject operation: The specified key does not exist.
  2847/3231: mp-31149
  2848/3231: mp-11229
  2849/3231: mp-973466
  2850/3231: mp-2929
unable to access bucket: 'materialsproject-parsed' key: 'chgcars/mp-1438587.json.gz' version: None error: An error occurred (NoSuchKey) when calling the GetObject operation: The specified key does not exist.
  2851/3231: mp-16287
unable to access bucket: 'materialsproject-parsed' key: 'chgcars/mp-1441741.json.gz' version: None error: An error occurred (NoSuchKey) when calling the GetObject operation: The specified key does not exist.
  2852/3231: mp-1008923
  2853/3231: mp-21087
unable to access bucket: 'materialsproject-parsed' key: 'chgcars/mp-1476054.json.gz' version: None error: An error occurred (NoSuchKey) when calling the GetObject operation: The specified key does not exist.
  2854/3231: mp-27294
  2855/3231: mp-1184558
  2856/3231: mp-1158
unable to access bucket: 'materialsproject-parsed' key: 'chgcars/mp-1440189.json.gz' version: None error: An error occurred (NoSuchKey) when calling the GetObject operation: The specified key does not exist.
  2857/3231: mp-1183391
  2858/3231: mp-1183775
unable to access bucket: 'materialsproject-parsed' key: 'chgcars/mp-1426879.json.gz' version: None error: An error occurred (NoSuchKey) when calling the GetObject operation: The specified key does not exist.
  2859/3231: mp-23037
  2860/3231: mp-975427
unable to access bucket: 'materialsproject-parsed' key: 'chgcars/mp-1420069.json.gz' version: None error: An error occurred (NoSuchKey) when calling the GetObject operation: The specified key does not exist.
  2861/3231: mp-2210
  2862/3231: mp-1207568
  2863/3231: mp-635426
  2864/3231: mp-1183977
unable to access bucket: 'materialsproject-parsed' key: 'chgcars/mp-1427032.json.gz' version: None error: An error occurred (NoSuchKey) when calling the GetObject operation: The specified key does not exist.
  2865/3231: mp-1185237
  2866/3231: mp-1016849
  2867/3231: mp-979419
unable to access bucket: 'materialsproject-parsed' key: 'chgcars/mp-1400264.json.gz' version: None error: An error occurred (NoSuchKey) when calling the GetObject operation: The specified key does not exist.
  2868/3231: mp-639445
  2869/3231: mp-1096844
unable to access bucket: 'materialsproject-parsed' key: 'chgcars/mp-1411432.json.gz' version: None error: An error occurred (NoSuchKey) when calling the GetObject operation: The specified key does not exist.
  2870/3231: mp-977152
unable to access bucket: 'materialsproject-parsed' key: 'chgcars/mp-1406702.json.gz' version: None error: An error occurred (NoSuchKey) when calling the GetObject operation: The specified key does not exist.
  2871/3231: mp-1080187
  2872/3231: mp-973055
unable to access bucket: 'materialsproject-parsed' key: 'chgcars/mp-1430392.json.gz' version: None error: An error occurred (NoSuchKey) when calling the GetObject operation: The specified key does not exist.
  2873/3231: mp-20120
  2874/3231: mp-1020625
  2875/3231: mp-1079788
unable to access bucket: 'materialsproject-parsed' key: 'chgcars/mp-1386906.json.gz' version: None error: An error occurred (NoSuchKey) when calling the GetObject operation: The specified key does not exist.
  2876/3231: mp-1105655
  2877/3231: mp-20365
  2878/3231: mp-1184547
unable to access bucket: 'materialsproject-parsed' key: 'chgcars/mp-1504572.json.gz' version: None error: An error occurred (NoSuchKey) when calling the GetObject operation: The specified key does not exist.
  2879/3231: mp-1185310
  2880/3231: mp-1147674
unable to access bucket: 'materialsproject-parsed' key: 'chgcars/mp-1409703.json.gz' version: None error: An error occurred (NoSuchKey) when calling the GetObject operation: The specified key does not exist.
  2881/3231: mp-1016900
unable to access bucket: 'materialsproject-parsed' key: 'chgcars/mp-1429896.json.gz' version: None error: An error occurred (NoSuchKey) when calling the GetObject operation: The specified key does not exist.
  2882/3231: mp-1188025
  2883/3231: mp-1183142
  2884/3231: mp-1076927
  2885/3231: mp-1059160
unable to access bucket: 'materialsproject-parsed' key: 'chgcars/mp-1442162.json.gz' version: None error: An error occurred (NoSuchKey) when calling the GetObject operation: The specified key does not exist.
  2886/3231: mp-984357
  2887/3231: mp-1002105
unable to access bucket: 'materialsproject-parsed' key: 'chgcars/mp-1419504.json.gz' version: None error: An error occurred (NoSuchKey) when calling the GetObject operation: The specified key does not exist.
  2888/3231: mp-1213642
  2889/3231: mp-1186764
unable to access bucket: 'materialsproject-parsed' key: 'chgcars/mp-1422719.json.gz' version: None error: An error occurred (NoSuchKey) when calling the GetObject operation: The specified key does not exist.
  2890/3231: mp-20263
  2891/3231: mp-1183631
  2892/3231: mp-22664
unable to access bucket: 'materialsproject-parsed' key: 'chgcars/mp-1441936.json.gz' version: None error: An error occurred (NoSuchKey) when calling the GetObject operation: The specified key does not exist.
  2893/3231: mp-1078915
  2894/3231: mp-1002230
  2895/3231: mp-1100773
unable to access bucket: 'materialsproject-parsed' key: 'chgcars/mp-1418205.json.gz' version: None error: An error occurred (NoSuchKey) when calling the GetObject operation: The specified key does not exist.
  2896/3231: mp-1184059
unable to access bucket: 'materialsproject-parsed' key: 'chgcars/mp-1390564.json.gz' version: None error: An error occurred (NoSuchKey) when calling the GetObject operation: The specified key does not exist.
  2897/3231: mp-559946
  2898/3231: mp-1094904
  2899/3231: mp-2639
  2900/3231: mp-797
  2901/3231: mp-1039073
  2902/3231: mp-1187556
  2903/3231: mp-981313
unable to access bucket: 'materialsproject-parsed' key: 'chgcars/mp-1401185.json.gz' version: None error: An error occurred (NoSuchKey) when calling the GetObject operation: The specified key does not exist.
  2904/3231: mp-30343
unable to access bucket: 'materialsproject-parsed' key: 'chgcars/mp-1476153.json.gz' version: None error: An error occurred (NoSuchKey) when calling the GetObject operation: The specified key does not exist.
  2905/3231: mp-1016929
  2906/3231: mp-1007690
  2907/3231: mp-1186153
unable to access bucket: 'materialsproject-parsed' key: 'chgcars/mp-1433217.json.gz' version: None error: An error occurred (NoSuchKey) when calling the GetObject operation: The specified key does not exist.
  2908/3231: mp-570018
unable to access bucket: 'materialsproject-parsed' key: 'chgcars/mp-1413292.json.gz' version: None error: An error occurred (NoSuchKey) when calling the GetObject operation: The specified key does not exist.
  2909/3231: mp-1184445
  2910/3231: mp-974337
  2911/3231: mp-1183127
unable to access bucket: 'materialsproject-parsed' key: 'chgcars/mp-1415524.json.gz' version: None error: An error occurred (NoSuchKey) when calling the GetObject operation: The specified key does not exist.
  2912/3231: mp-21289
unable to access bucket: 'materialsproject-parsed' key: 'chgcars/mp-1438760.json.gz' version: None error: An error occurred (NoSuchKey) when calling the GetObject operation: The specified key does not exist.
  2913/3231: mp-1187023
  2914/3231: mp-571322
unable to access bucket: 'materialsproject-parsed' key: 'chgcars/mp-1412881.json.gz' version: None error: An error occurred (NoSuchKey) when calling the GetObject operation: The specified key does not exist.
  2915/3231: mp-18841
  2916/3231: mp-1187746
unable to access bucket: 'materialsproject-parsed' key: 'chgcars/mp-1420375.json.gz' version: None error: An error occurred (NoSuchKey) when calling the GetObject operation: The specified key does not exist.
  2917/3231: mp-1386
unable to access bucket: 'materialsproject-parsed' key: 'chgcars/mp-1438171.json.gz' version: None error: An error occurred (NoSuchKey) when calling the GetObject operation: The specified key does not exist.
  2918/3231: mp-20387
  2919/3231: mp-21215
unable to access bucket: 'materialsproject-parsed' key: 'chgcars/mp-1440226.json.gz' version: None error: An error occurred (NoSuchKey) when calling the GetObject operation: The specified key does not exist.
  2920/3231: mp-978287
  2921/3231: mp-1184864
  2922/3231: mp-1016883
unable to access bucket: 'materialsproject-parsed' key: 'chgcars/mp-1436352.json.gz' version: None error: An error occurred (NoSuchKey) when calling the GetObject operation: The specified key does not exist.
  2923/3231: mp-1186274
unable to access bucket: 'materialsproject-parsed' key: 'chgcars/mp-1445324.json.gz' version: None error: An error occurred (NoSuchKey) when calling the GetObject operation: The specified key does not exist.
  2924/3231: mp-1184385
  2925/3231: mp-971857
unable to access bucket: 'materialsproject-parsed' key: 'chgcars/mp-1420426.json.gz' version: None error: An error occurred (NoSuchKey) when calling the GetObject operation: The specified key does not exist.
  2926/3231: mp-975521
unable to access bucket: 'materialsproject-parsed' key: 'chgcars/mp-1422110.json.gz' version: None error: An error occurred (NoSuchKey) when calling the GetObject operation: The specified key does not exist.
  2927/3231: mp-20273
unable to access bucket: 'materialsproject-parsed' key: 'chgcars/mp-1434809.json.gz' version: None error: An error occurred (NoSuchKey) when calling the GetObject operation: The specified key does not exist.
  2928/3231: mp-1185485
  2929/3231: mp-1212650
  2930/3231: mp-21862
unable to access bucket: 'materialsproject-parsed' key: 'chgcars/mp-1441107.json.gz' version: None error: An error occurred (NoSuchKey) when calling the GetObject operation: The specified key does not exist.
  2931/3231: mp-1183132
unable to access bucket: 'materialsproject-parsed' key: 'chgcars/mp-1422498.json.gz' version: None error: An error occurred (NoSuchKey) when calling the GetObject operation: The specified key does not exist.
  2932/3231: mp-1183679
  2933/3231: mp-1184304
  2934/3231: mp-1185037
unable to access bucket: 'materialsproject-parsed' key: 'chgcars/mp-1390041.json.gz' version: None error: An error occurred (NoSuchKey) when calling the GetObject operation: The specified key does not exist.
  2935/3231: mp-1120722
  2936/3231: mp-1185851
unable to access bucket: 'materialsproject-parsed' key: 'chgcars/mp-1475488.json.gz' version: None error: An error occurred (NoSuchKey) when calling the GetObject operation: The specified key does not exist.
  2937/3231: mp-1187864
unable to access bucket: 'materialsproject-parsed' key: 'chgcars/mp-1773085.json.gz' version: None error: An error occurred (NoSuchKey) when calling the GetObject operation: The specified key does not exist.
  2938/3231: mp-1183923
  2939/3231: mp-10714
unable to access bucket: 'materialsproject-parsed' key: 'chgcars/mp-1441907.json.gz' version: None error: An error occurred (NoSuchKey) when calling the GetObject operation: The specified key does not exist.
  2940/3231: mp-1186505
unable to access bucket: 'materialsproject-parsed' key: 'chgcars/mp-1398176.json.gz' version: None error: An error occurred (NoSuchKey) when calling the GetObject operation: The specified key does not exist.
  2941/3231: mp-976949
  2942/3231: mp-12107
unable to access bucket: 'materialsproject-parsed' key: 'chgcars/mp-1437832.json.gz' version: None error: An error occurred (NoSuchKey) when calling the GetObject operation: The specified key does not exist.
  2943/3231: mp-1147740
  2944/3231: mp-2558
  2945/3231: mp-982975
unable to access bucket: 'materialsproject-parsed' key: 'chgcars/mp-1437242.json.gz' version: None error: An error occurred (NoSuchKey) when calling the GetObject operation: The specified key does not exist.
  2946/3231: mp-1184765
unable to access bucket: 'materialsproject-parsed' key: 'chgcars/mp-1426996.json.gz' version: None error: An error occurred (NoSuchKey) when calling the GetObject operation: The specified key does not exist.
  2947/3231: mp-1186348
  2948/3231: mp-213
  2949/3231: mp-21028
unable to access bucket: 'materialsproject-parsed' key: 'chgcars/mp-1425029.json.gz' version: None error: An error occurred (NoSuchKey) when calling the GetObject operation: The specified key does not exist.
  2950/3231: mp-754524
  2951/3231: mp-1183286
unable to access bucket: 'materialsproject-parsed' key: 'chgcars/mp-1433174.json.gz' version: None error: An error occurred (NoSuchKey) when calling the GetObject operation: The specified key does not exist.
  2952/3231: mp-1186421
  2953/3231: mp-1185529
unable to access bucket: 'materialsproject-parsed' key: 'chgcars/mp-1425273.json.gz' version: None error: An error occurred (NoSuchKey) when calling the GetObject operation: The specified key does not exist.
  2954/3231: mp-1013564
  2955/3231: mp-980946
unable to access bucket: 'materialsproject-parsed' key: 'chgcars/mp-1772302.json.gz' version: None error: An error occurred (NoSuchKey) when calling the GetObject operation: The specified key does not exist.
  2956/3231: mp-569382
unable to access bucket: 'materialsproject-parsed' key: 'chgcars/mp-1438405.json.gz' version: None error: An error occurred (NoSuchKey) when calling the GetObject operation: The specified key does not exist.
  2957/3231: mp-22246
unable to access bucket: 'materialsproject-parsed' key: 'chgcars/mp-1232655.json.gz' version: None error: An error occurred (NoSuchKey) when calling the GetObject operation: The specified key does not exist.
  2958/3231: mp-974631
  2959/3231: mp-1018627
unable to access bucket: 'materialsproject-parsed' key: 'chgcars/mp-1428326.json.gz' version: None error: An error occurred (NoSuchKey) when calling the GetObject operation: The specified key does not exist.
  2960/3231: mp-975208
unable to access bucket: 'materialsproject-parsed' key: 'chgcars/mp-1427372.json.gz' version: None error: An error occurred (NoSuchKey) when calling the GetObject operation: The specified key does not exist.
  2961/3231: mp-1183145
  2962/3231: mp-1185311
unable to access bucket: 'materialsproject-parsed' key: 'chgcars/mp-1418896.json.gz' version: None error: An error occurred (NoSuchKey) when calling the GetObject operation: The specified key does not exist.
  2963/3231: mp-975405
  2964/3231: mp-972827
  2965/3231: mp-1206991
unable to access bucket: 'materialsproject-parsed' key: 'chgcars/mp-1422739.json.gz' version: None error: An error occurred (NoSuchKey) when calling the GetObject operation: The specified key does not exist.
  2966/3231: mp-11240
unable to access bucket: 'materialsproject-parsed' key: 'chgcars/mp-1439635.json.gz' version: None error: An error occurred (NoSuchKey) when calling the GetObject operation: The specified key does not exist.
  2967/3231: mp-376
unable to access bucket: 'materialsproject-parsed' key: 'chgcars/mp-1439164.json.gz' version: None error: An error occurred (NoSuchKey) when calling the GetObject operation: The specified key does not exist.
  2968/3231: mp-1206773
  2969/3231: mp-1186773
unable to access bucket: 'materialsproject-parsed' key: 'chgcars/mp-1411283.json.gz' version: None error: An error occurred (NoSuchKey) when calling the GetObject operation: The specified key does not exist.
  2970/3231: mp-976799
  2971/3231: mp-978282
unable to access bucket: 'materialsproject-parsed' key: 'chgcars/mp-1433232.json.gz' version: None error: An error occurred (NoSuchKey) when calling the GetObject operation: The specified key does not exist.
  2972/3231: mp-1431697
unable to access bucket: 'materialsproject-parsed' key: 'chgcars/mp-1431697.json.gz' version: None error: An error occurred (NoSuchKey) when calling the GetObject operation: The specified key does not exist.
  2973/3231: mp-1094969
unable to access bucket: 'materialsproject-parsed' key: 'chgcars/mp-1422556.json.gz' version: None error: An error occurred (NoSuchKey) when calling the GetObject operation: The specified key does not exist.
  2974/3231: mp-1201591
unable to access bucket: 'materialsproject-parsed' key: 'chgcars/mp-1373830.json.gz' version: None error: An error occurred (NoSuchKey) when calling the GetObject operation: The specified key does not exist.
  2975/3231: mp-1020
unable to access bucket: 'materialsproject-parsed' key: 'chgcars/mp-1438966.json.gz' version: None error: An error occurred (NoSuchKey) when calling the GetObject operation: The specified key does not exist.
  2976/3231: mp-607223
  2977/3231: mp-1058798
unable to access bucket: 'materialsproject-parsed' key: 'chgcars/mp-1439245.json.gz' version: None error: An error occurred (NoSuchKey) when calling the GetObject operation: The specified key does not exist.
  2978/3231: mp-971700
unable to access bucket: 'materialsproject-parsed' key: 'chgcars/mp-1419173.json.gz' version: None error: An error occurred (NoSuchKey) when calling the GetObject operation: The specified key does not exist.
  2979/3231: mp-1186495
  2980/3231: mp-972160
  2981/3231: mp-976331
  2982/3231: mp-291
  2983/3231: mp-1021666
  2984/3231: mp-1076445
  2985/3231: mp-1184411
unable to access bucket: 'materialsproject-parsed' key: 'chgcars/mp-1437131.json.gz' version: None error: An error occurred (NoSuchKey) when calling the GetObject operation: The specified key does not exist.
  2986/3231: mp-2333
  2987/3231: mp-2696
  2988/3231: mp-1016999
  2989/3231: mp-580357
  2990/3231: mp-1009220
  2991/3231: mp-10280
  2992/3231: mp-1009485
  2993/3231: mp-998896
  2994/3231: mp-974511
unable to access bucket: 'materialsproject-parsed' key: 'chgcars/mp-1386026.json.gz' version: None error: An error occurred (NoSuchKey) when calling the GetObject operation: The specified key does not exist.
  2995/3231: mp-2573
unable to access bucket: 'materialsproject-parsed' key: 'chgcars/mp-1437954.json.gz' version: None error: An error occurred (NoSuchKey) when calling the GetObject operation: The specified key does not exist.
  2996/3231: mp-1232306
  2997/3231: mp-10270
  2998/3231: mp-1183489
  2999/3231: mp-985585
  3000/3231: mp-1016851
unable to access bucket: 'materialsproject-parsed' key: 'chgcars/mp-1436928.json.gz' version: None error: An error occurred (NoSuchKey) when calling the GetObject operation: The specified key does not exist.
  3001/3231: mp-11522
  3002/3231: mp-978994
unable to access bucket: 'materialsproject-parsed' key: 'chgcars/mp-1416909.json.gz' version: None error: An error occurred (NoSuchKey) when calling the GetObject operation: The specified key does not exist.
  3003/3231: mp-20229
unable to access bucket: 'materialsproject-parsed' key: 'chgcars/mp-1430622.json.gz' version: None error: An error occurred (NoSuchKey) when calling the GetObject operation: The specified key does not exist.
  3004/3231: mp-973738
  3005/3231: mp-1186742
  3006/3231: mp-1187797
  3007/3231: mp-998762
unable to access bucket: 'materialsproject-parsed' key: 'chgcars/mp-1425101.json.gz' version: None error: An error occurred (NoSuchKey) when calling the GetObject operation: The specified key does not exist.
  3008/3231: mp-1094867
unable to access bucket: 'materialsproject-parsed' key: 'chgcars/mp-1423484.json.gz' version: None error: An error occurred (NoSuchKey) when calling the GetObject operation: The specified key does not exist.
  3009/3231: mp-29243
  3010/3231: mp-265
  3011/3231: mp-11455
unable to access bucket: 'materialsproject-parsed' key: 'chgcars/mp-1439287.json.gz' version: None error: An error occurred (NoSuchKey) when calling the GetObject operation: The specified key does not exist.
  3012/3231: mp-10716
unable to access bucket: 'materialsproject-parsed' key: 'chgcars/mp-1442003.json.gz' version: None error: An error occurred (NoSuchKey) when calling the GetObject operation: The specified key does not exist.
  3013/3231: mp-861939
unable to access bucket: 'materialsproject-parsed' key: 'chgcars/mp-1396249.json.gz' version: None error: An error occurred (NoSuchKey) when calling the GetObject operation: The specified key does not exist.
  3014/3231: mp-978964
unable to access bucket: 'materialsproject-parsed' key: 'chgcars/mp-1394488.json.gz' version: None error: An error occurred (NoSuchKey) when calling the GetObject operation: The specified key does not exist.
  3015/3231: mp-975802
  3016/3231: mp-1185490
unable to access bucket: 'materialsproject-parsed' key: 'chgcars/mp-1431352.json.gz' version: None error: An error occurred (NoSuchKey) when calling the GetObject operation: The specified key does not exist.
  3017/3231: mp-1206772
  3018/3231: mp-1186329
unable to access bucket: 'materialsproject-parsed' key: 'chgcars/mp-1407811.json.gz' version: None error: An error occurred (NoSuchKey) when calling the GetObject operation: The specified key does not exist.
  3019/3231: mp-8102
  3020/3231: mp-1417649
  3021/3231: mp-11309
  3022/3231: mp-30858
  3023/3231: mp-975638
  3024/3231: mp-1187243
  3025/3231: mp-30856
unable to access bucket: 'materialsproject-parsed' key: 'chgcars/mp-1412937.json.gz' version: None error: An error occurred (NoSuchKey) when calling the GetObject operation: The specified key does not exist.
  3026/3231: mp-1184892
unable to access bucket: 'materialsproject-parsed' key: 'chgcars/mp-1436931.json.gz' version: None error: An error occurred (NoSuchKey) when calling the GetObject operation: The specified key does not exist.
  3027/3231: mp-1187788
unable to access bucket: 'materialsproject-parsed' key: 'chgcars/mp-1436415.json.gz' version: None error: An error occurred (NoSuchKey) when calling the GetObject operation: The specified key does not exist.
  3028/3231: mp-1214407
unable to access bucket: 'materialsproject-parsed' key: 'chgcars/mp-1426699.json.gz' version: None error: An error occurred (NoSuchKey) when calling the GetObject operation: The specified key does not exist.
  3029/3231: mp-364
  3030/3231: mp-22542
unable to access bucket: 'materialsproject-parsed' key: 'chgcars/mp-1417259.json.gz' version: None error: An error occurred (NoSuchKey) when calling the GetObject operation: The specified key does not exist.
  3031/3231: mp-29056
unable to access bucket: 'materialsproject-parsed' key: 'chgcars/mp-1348757.json.gz' version: None error: An error occurred (NoSuchKey) when calling the GetObject operation: The specified key does not exist.
  3032/3231: mp-976111
  3033/3231: mp-1184068
unable to access bucket: 'materialsproject-parsed' key: 'chgcars/mp-1427428.json.gz' version: None error: An error occurred (NoSuchKey) when calling the GetObject operation: The specified key does not exist.
  3034/3231: mp-10041
unable to access bucket: 'materialsproject-parsed' key: 'chgcars/mp-1432001.json.gz' version: None error: An error occurred (NoSuchKey) when calling the GetObject operation: The specified key does not exist.
  3035/3231: mp-640266
  3036/3231: mp-33032
  3037/3231: mp-1186670
unable to access bucket: 'materialsproject-parsed' key: 'chgcars/mp-1398220.json.gz' version: None error: An error occurred (NoSuchKey) when calling the GetObject operation: The specified key does not exist.
  3038/3231: mp-1104461
  3039/3231: mp-10869
  3040/3231: mp-974865
  3041/3231: mp-11575
  3042/3231: mp-1660
  3043/3231: mp-3163
  3044/3231: mp-15856
unable to access bucket: 'materialsproject-parsed' key: 'chgcars/mp-1441736.json.gz' version: None error: An error occurred (NoSuchKey) when calling the GetObject operation: The specified key does not exist.
  3045/3231: mp-20029
  3046/3231: mp-983230
  3047/3231: mp-1187535
  3048/3231: mp-1183162
unable to access bucket: 'materialsproject-parsed' key: 'chgcars/mp-1429401.json.gz' version: None error: An error occurred (NoSuchKey) when calling the GetObject operation: The specified key does not exist.
  3049/3231: mp-1184243
unable to access bucket: 'materialsproject-parsed' key: 'chgcars/mp-1417508.json.gz' version: None error: An error occurred (NoSuchKey) when calling the GetObject operation: The specified key does not exist.
  3050/3231: mp-1038837
unable to access bucket: 'materialsproject-parsed' key: 'chgcars/mp-1402860.json.gz' version: None error: An error occurred (NoSuchKey) when calling the GetObject operation: The specified key does not exist.
  3051/3231: mp-11651
  3052/3231: mp-1206443
unable to access bucket: 'materialsproject-parsed' key: 'chgcars/mp-1403112.json.gz' version: None error: An error occurred (NoSuchKey) when calling the GetObject operation: The specified key does not exist.
  3053/3231: mp-21844
unable to access bucket: 'materialsproject-parsed' key: 'chgcars/mp-1441465.json.gz' version: None error: An error occurred (NoSuchKey) when calling the GetObject operation: The specified key does not exist.
  3054/3231: mp-1080847
  3055/3231: mp-568319
  3056/3231: mp-977224
  3057/3231: mp-636328
  3058/3231: mp-1013547
unable to access bucket: 'materialsproject-parsed' key: 'chgcars/mp-1399177.json.gz' version: None error: An error occurred (NoSuchKey) when calling the GetObject operation: The specified key does not exist.
  3059/3231: mp-644203
  3060/3231: mp-1008489
  3061/3231: mp-1184210
unable to access bucket: 'materialsproject-parsed' key: 'chgcars/mp-1428683.json.gz' version: None error: An error occurred (NoSuchKey) when calling the GetObject operation: The specified key does not exist.
  3062/3231: mp-971706
  3063/3231: mp-20176
unable to access bucket: 'materialsproject-parsed' key: 'chgcars/mp-1438109.json.gz' version: None error: An error occurred (NoSuchKey) when calling the GetObject operation: The specified key does not exist.
  3064/3231: mp-1186774
unable to access bucket: 'materialsproject-parsed' key: 'chgcars/mp-1406726.json.gz' version: None error: An error occurred (NoSuchKey) when calling the GetObject operation: The specified key does not exist.
  3065/3231: mp-1977
unable to access bucket: 'materialsproject-parsed' key: 'chgcars/mp-1439725.json.gz' version: None error: An error occurred (NoSuchKey) when calling the GetObject operation: The specified key does not exist.
  3066/3231: mp-3323
  3067/3231: mp-1183686
unable to access bucket: 'materialsproject-parsed' key: 'chgcars/mp-1431438.json.gz' version: None error: An error occurred (NoSuchKey) when calling the GetObject operation: The specified key does not exist.
  3068/3231: mp-867165
unable to access bucket: 'materialsproject-parsed' key: 'chgcars/mp-1419538.json.gz' version: None error: An error occurred (NoSuchKey) when calling the GetObject operation: The specified key does not exist.
  3069/3231: mp-592
  3070/3231: mp-30479
  3071/3231: mp-1207081
  3072/3231: mp-1056900
unable to access bucket: 'materialsproject-parsed' key: 'chgcars/mp-1440698.json.gz' version: None error: An error occurred (NoSuchKey) when calling the GetObject operation: The specified key does not exist.
  3073/3231: mp-828
  3074/3231: mp-2179
unable to access bucket: 'materialsproject-parsed' key: 'chgcars/mp-1439953.json.gz' version: None error: An error occurred (NoSuchKey) when calling the GetObject operation: The specified key does not exist.
  3075/3231: mp-2167
unable to access bucket: 'materialsproject-parsed' key: 'chgcars/mp-1442207.json.gz' version: None error: An error occurred (NoSuchKey) when calling the GetObject operation: The specified key does not exist.
  3076/3231: mp-1062
  3077/3231: mp-10654
  3078/3231: mp-1206777
  3079/3231: mp-1183711
unable to access bucket: 'materialsproject-parsed' key: 'chgcars/mp-1402632.json.gz' version: None error: An error occurred (NoSuchKey) when calling the GetObject operation: The specified key does not exist.
  3080/3231: mp-1184913
  3081/3231: mp-1185497
  3082/3231: mp-20236
unable to access bucket: 'materialsproject-parsed' key: 'chgcars/mp-1439261.json.gz' version: None error: An error occurred (NoSuchKey) when calling the GetObject operation: The specified key does not exist.
  3083/3231: mp-978952
unable to access bucket: 'materialsproject-parsed' key: 'chgcars/mp-1414339.json.gz' version: None error: An error occurred (NoSuchKey) when calling the GetObject operation: The specified key does not exist.
  3084/3231: mp-979269
unable to access bucket: 'materialsproject-parsed' key: 'chgcars/mp-1434661.json.gz' version: None error: An error occurred (NoSuchKey) when calling the GetObject operation: The specified key does not exist.
  3085/3231: mp-21172
  3086/3231: mp-1186880
unable to access bucket: 'materialsproject-parsed' key: 'chgcars/mp-1402554.json.gz' version: None error: An error occurred (NoSuchKey) when calling the GetObject operation: The specified key does not exist.
  3087/3231: mp-7604
  3088/3231: mp-1006883
  3089/3231: mp-1183221
  3090/3231: mp-975296
unable to access bucket: 'materialsproject-parsed' key: 'chgcars/mp-1384158.json.gz' version: None error: An error occurred (NoSuchKey) when calling the GetObject operation: The specified key does not exist.
  3091/3231: mp-1187460
unable to access bucket: 'materialsproject-parsed' key: 'chgcars/mp-1427541.json.gz' version: None error: An error occurred (NoSuchKey) when calling the GetObject operation: The specified key does not exist.
  3092/3231: mp-1186106
  3093/3231: mp-1399724
unable to access bucket: 'materialsproject-parsed' key: 'chgcars/mp-1399724.json.gz' version: None error: An error occurred (NoSuchKey) when calling the GetObject operation: The specified key does not exist.
  3094/3231: mp-758371
unable to access bucket: 'materialsproject-parsed' key: 'chgcars/mp-1427358.json.gz' version: None error: An error occurred (NoSuchKey) when calling the GetObject operation: The specified key does not exist.
  3095/3231: mp-975057
  3096/3231: mp-3717
  3097/3231: mp-12753
  3098/3231: mp-2509
  3099/3231: mp-1183285
  3100/3231: mp-1094731
  3101/3231: mp-1206636
  3102/3231: mp-1183064
  3103/3231: mp-861873
unable to access bucket: 'materialsproject-parsed' key: 'chgcars/mp-1504390.json.gz' version: None error: An error occurred (NoSuchKey) when calling the GetObject operation: The specified key does not exist.
  3104/3231: mp-601833
unable to access bucket: 'materialsproject-parsed' key: 'chgcars/mp-1429725.json.gz' version: None error: An error occurred (NoSuchKey) when calling the GetObject operation: The specified key does not exist.
  3105/3231: mp-1187518
  3106/3231: mp-1185440
unable to access bucket: 'materialsproject-parsed' key: 'chgcars/mp-1414314.json.gz' version: None error: An error occurred (NoSuchKey) when calling the GetObject operation: The specified key does not exist.
  3107/3231: mp-1104
  3108/3231: mp-11483
  3109/3231: mp-1207169
  3110/3231: mp-1007657
unable to access bucket: 'materialsproject-parsed' key: 'chgcars/mp-1417036.json.gz' version: None error: An error occurred (NoSuchKey) when calling the GetObject operation: The specified key does not exist.
  3111/3231: mp-998147
  3112/3231: mp-7159
unable to access bucket: 'materialsproject-parsed' key: 'chgcars/mp-1475682.json.gz' version: None error: An error occurred (NoSuchKey) when calling the GetObject operation: The specified key does not exist.
  3113/3231: mp-1147771
  3114/3231: mp-1100771
unable to access bucket: 'materialsproject-parsed' key: 'chgcars/mp-1426870.json.gz' version: None error: An error occurred (NoSuchKey) when calling the GetObject operation: The specified key does not exist.
  3115/3231: mp-1008681
  3116/3231: mp-30728
  3117/3231: mp-977455
unable to access bucket: 'materialsproject-parsed' key: 'chgcars/mp-1384138.json.gz' version: None error: An error occurred (NoSuchKey) when calling the GetObject operation: The specified key does not exist.
  3118/3231: mp-1061123
  3119/3231: mp-20530
  3120/3231: mp-635
unable to access bucket: 'materialsproject-parsed' key: 'chgcars/mp-1439815.json.gz' version: None error: An error occurred (NoSuchKey) when calling the GetObject operation: The specified key does not exist.
  3121/3231: mp-22461
unable to access bucket: 'materialsproject-parsed' key: 'chgcars/mp-1412909.json.gz' version: None error: An error occurred (NoSuchKey) when calling the GetObject operation: The specified key does not exist.
  3122/3231: mp-1016852
  3123/3231: mp-1184033
  3124/3231: mp-1187998
unable to access bucket: 'materialsproject-parsed' key: 'chgcars/mp-1394210.json.gz' version: None error: An error occurred (NoSuchKey) when calling the GetObject operation: The specified key does not exist.
  3125/3231: mp-1183283
  3126/3231: mp-1183745
unable to access bucket: 'materialsproject-parsed' key: 'chgcars/mp-1444401.json.gz' version: None error: An error occurred (NoSuchKey) when calling the GetObject operation: The specified key does not exist.
  3127/3231: mp-20360
  3128/3231: mp-1183973
unable to access bucket: 'materialsproject-parsed' key: 'chgcars/mp-1421598.json.gz' version: None error: An error occurred (NoSuchKey) when calling the GetObject operation: The specified key does not exist.
  3129/3231: mp-1206907
  3130/3231: mp-4950
  3131/3231: mp-1186600
unable to access bucket: 'materialsproject-parsed' key: 'chgcars/mp-1422765.json.gz' version: None error: An error occurred (NoSuchKey) when calling the GetObject operation: The specified key does not exist.
  3132/3231: mp-1018638
  3133/3231: mp-1100784
unable to access bucket: 'materialsproject-parsed' key: 'chgcars/mp-1416601.json.gz' version: None error: An error occurred (NoSuchKey) when calling the GetObject operation: The specified key does not exist.
  3134/3231: mp-1040472
unable to access bucket: 'materialsproject-parsed' key: 'chgcars/mp-1504667.json.gz' version: None error: An error occurred (NoSuchKey) when calling the GetObject operation: The specified key does not exist.
  3135/3231: mp-976968
unable to access bucket: 'materialsproject-parsed' key: 'chgcars/mp-1427090.json.gz' version: None error: An error occurred (NoSuchKey) when calling the GetObject operation: The specified key does not exist.
  3136/3231: mp-1837
unable to access bucket: 'materialsproject-parsed' key: 'chgcars/mp-1476223.json.gz' version: None error: An error occurred (NoSuchKey) when calling the GetObject operation: The specified key does not exist.
  3137/3231: mp-974627
unable to access bucket: 'materialsproject-parsed' key: 'chgcars/mp-1398660.json.gz' version: None error: An error occurred (NoSuchKey) when calling the GetObject operation: The specified key does not exist.
  3138/3231: mp-983590
  3139/3231: mp-30362
unable to access bucket: 'materialsproject-parsed' key: 'chgcars/mp-1438312.json.gz' version: None error: An error occurred (NoSuchKey) when calling the GetObject operation: The specified key does not exist.
  3140/3231: mp-1184825
  3141/3231: mp-20978
unable to access bucket: 'materialsproject-parsed' key: 'chgcars/mp-1418472.json.gz' version: None error: An error occurred (NoSuchKey) when calling the GetObject operation: The specified key does not exist.
  3142/3231: mp-1187066
  3143/3231: mp-10061
  3144/3231: mp-1187400
  3145/3231: mp-1187065
  3146/3231: mp-11388
  3147/3231: mp-866006
unable to access bucket: 'materialsproject-parsed' key: 'chgcars/mp-1384486.json.gz' version: None error: An error occurred (NoSuchKey) when calling the GetObject operation: The specified key does not exist.
  3148/3231: mp-639774
  3149/3231: mp-976320
unable to access bucket: 'materialsproject-parsed' key: 'chgcars/mp-1434173.json.gz' version: None error: An error occurred (NoSuchKey) when calling the GetObject operation: The specified key does not exist.
  3150/3231: mp-9721
  3151/3231: mp-1187493
  3152/3231: mp-2093
  3153/3231: mp-1102998
  3154/3231: mp-8074
  3155/3231: mp-1060967
  3156/3231: mp-1021667
  3157/3231: mp-977123
unable to access bucket: 'materialsproject-parsed' key: 'chgcars/mp-1426668.json.gz' version: None error: An error occurred (NoSuchKey) when calling the GetObject operation: The specified key does not exist.
  3158/3231: mp-11249
unable to access bucket: 'materialsproject-parsed' key: 'chgcars/mp-1439627.json.gz' version: None error: An error occurred (NoSuchKey) when calling the GetObject operation: The specified key does not exist.
  3159/3231: mp-1040464
  3160/3231: mp-2303
  3161/3231: mp-18747
  3162/3231: mp-1100777
  3163/3231: mp-1245534
  3164/3231: mp-568727
  3165/3231: mp-21156
unable to access bucket: 'materialsproject-parsed' key: 'chgcars/mp-1438144.json.gz' version: None error: An error occurred (NoSuchKey) when calling the GetObject operation: The specified key does not exist.
  3166/3231: mp-12585
  3167/3231: mp-21035
  3168/3231: mp-863737
unable to access bucket: 'materialsproject-parsed' key: 'chgcars/mp-1411830.json.gz' version: None error: An error occurred (NoSuchKey) when calling the GetObject operation: The specified key does not exist.
  3169/3231: mp-971682
  3170/3231: mp-31055
  3171/3231: mp-1186551
  3172/3231: mp-11406
  3173/3231: mp-16728
  3174/3231: mp-1209766
unable to access bucket: 'materialsproject-parsed' key: 'chgcars/mp-1773365.json.gz' version: None error: An error occurred (NoSuchKey) when calling the GetObject operation: The specified key does not exist.
  3175/3231: mp-571491
  3176/3231: mp-10675
  3177/3231: mp-972066
  3178/3231: mp-2314
unable to access bucket: 'materialsproject-parsed' key: 'chgcars/mp-1439978.json.gz' version: None error: An error occurred (NoSuchKey) when calling the GetObject operation: The specified key does not exist.
  3179/3231: mp-2444
  3180/3231: mp-975312
unable to access bucket: 'materialsproject-parsed' key: 'chgcars/mp-1428793.json.gz' version: None error: An error occurred (NoSuchKey) when calling the GetObject operation: The specified key does not exist.
  3181/3231: mp-718
unable to access bucket: 'materialsproject-parsed' key: 'chgcars/mp-1440244.json.gz' version: None error: An error occurred (NoSuchKey) when calling the GetObject operation: The specified key does not exist.
  3182/3231: mp-977112
  3183/3231: mp-1018029
  3184/3231: mp-1183128
  3185/3231: mp-1187315
  3186/3231: mp-1076317
  3187/3231: mp-1099257
  3188/3231: mp-1184431
  3189/3231: mp-1187267
  3190/3231: mp-1101846
unable to access bucket: 'materialsproject-parsed' key: 'chgcars/mp-1390288.json.gz' version: None error: An error occurred (NoSuchKey) when calling the GetObject operation: The specified key does not exist.
  3191/3231: mp-998866
  3192/3231: mp-1016836
unable to access bucket: 'materialsproject-parsed' key: 'chgcars/mp-1418525.json.gz' version: None error: An error occurred (NoSuchKey) when calling the GetObject operation: The specified key does not exist.
  3193/3231: mp-11365
  3194/3231: mp-9061
  3195/3231: mp-10275
unable to access bucket: 'materialsproject-parsed' key: 'chgcars/mp-1428491.json.gz' version: None error: An error occurred (NoSuchKey) when calling the GetObject operation: The specified key does not exist.
  3196/3231: mp-1013558
  3197/3231: mp-1206323
  3198/3231: mp-983578
  3199/3231: mp-1186760
unable to access bucket: 'materialsproject-parsed' key: 'chgcars/mp-1428415.json.gz' version: None error: An error occurred (NoSuchKey) when calling the GetObject operation: The specified key does not exist.
  3200/3231: mp-1206341
unable to access bucket: 'materialsproject-parsed' key: 'chgcars/mp-1421542.json.gz' version: None error: An error occurred (NoSuchKey) when calling the GetObject operation: The specified key does not exist.
  3201/3231: mp-2212
  3202/3231: mp-1187049
  3203/3231: mp-1185693
  3204/3231: mp-1185847
  3205/3231: mp-1186877
  3206/3231: mp-1187582
  3207/3231: mp-1017563
  3208/3231: mp-1486
  3209/3231: mp-1186888
unable to access bucket: 'materialsproject-parsed' key: 'chgcars/mp-1657291.json.gz' version: None error: An error occurred (NoSuchKey) when calling the GetObject operation: The specified key does not exist.
  3210/3231: mp-972184
unable to access bucket: 'materialsproject-parsed' key: 'chgcars/mp-1417816.json.gz' version: None error: An error occurred (NoSuchKey) when calling the GetObject operation: The specified key does not exist.
  3211/3231: mp-19758
  3212/3231: mp-1184503
unable to access bucket: 'materialsproject-parsed' key: 'chgcars/mp-1391965.json.gz' version: None error: An error occurred (NoSuchKey) when calling the GetObject operation: The specified key does not exist.
  3213/3231: mp-506
  3214/3231: mp-1102716
  3215/3231: mp-973191
unable to access bucket: 'materialsproject-parsed' key: 'chgcars/mp-1422651.json.gz' version: None error: An error occurred (NoSuchKey) when calling the GetObject operation: The specified key does not exist.
  3216/3231: mp-1186696
unable to access bucket: 'materialsproject-parsed' key: 'chgcars/mp-1397120.json.gz' version: None error: An error occurred (NoSuchKey) when calling the GetObject operation: The specified key does not exist.
  3217/3231: mp-1184936
  3218/3231: mp-1187562
unable to access bucket: 'materialsproject-parsed' key: 'chgcars/mp-1413722.json.gz' version: None error: An error occurred (NoSuchKey) when calling the GetObject operation: The specified key does not exist.
  3219/3231: mp-1094724
  3220/3231: mp-979114
  3221/3231: mp-11516
  3222/3231: mp-1185925
unable to access bucket: 'materialsproject-parsed' key: 'chgcars/mp-1434425.json.gz' version: None error: An error occurred (NoSuchKey) when calling the GetObject operation: The specified key does not exist.
  3223/3231: mp-4079
  3224/3231: mp-30635
  3225/3231: mp-20943
  3226/3231: mp-1185187
unable to access bucket: 'materialsproject-parsed' key: 'chgcars/mp-1421934.json.gz' version: None error: An error occurred (NoSuchKey) when calling the GetObject operation: The specified key does not exist.
  3227/3231: mp-11563
unable to access bucket: 'materialsproject-parsed' key: 'chgcars/mp-1439217.json.gz' version: None error: An error occurred (NoSuchKey) when calling the GetObject operation: The specified key does not exist.
  3228/3231: mp-2607
  3229/3231: mp-1184571
unable to access bucket: 'materialsproject-parsed' key: 'chgcars/mp-1428320.json.gz' version: None error: An error occurred (NoSuchKey) when calling the GetObject operation: The specified key does not exist.
  3230/3231: mp-865120
unable to access bucket: 'materialsproject-parsed' key: 'chgcars/mp-1413922.json.gz' version: None error: An error occurred (NoSuchKey) when calling the GetObject operation: The specified key does not exist.
  3231/3231: mp-19868
unable to access bucket: 'materialsproject-parsed' key: 'chgcars/mp-1440178.json.gz' version: None error: An error occurred (NoSuchKey) when calling the GetObject operation: The specified key does not exist.
Done.
Initializing on rank 0 with environment {'master_port': '29500', 'master_addr': 'localhost', 'world_size': 1, 'group_rank': 0}
Loading checkpoint ./models/charge3net_mp.pt
[2026-06-30 18:31:07,600][hydra.experimental.callbacks.LogJobReturnCallback][INFO] - Succeeded with return value: None
