Querying MP for rocksalt materials with charge density...
Found 8941 rocksalt materials
8883 have task IDs in map
Downloading CHGCARs...
  1/8883: mp-975814
  2/8883: mp-1185341
unable to access bucket: 'materialsproject-parsed' key: 'chgcars/mp-1387279.json.gz' version: None error: An error occurred (NoSuchKey) when calling the GetObject operation: The specified key does not exist.
  3/8883: mp-556487
unable to access bucket: 'materialsproject-parsed' key: 'chgcars/mp-1425369.json.gz' version: None error: An error occurred (NoSuchKey) when calling the GetObject operation: The specified key does not exist.
  4/8883: mp-864653
unable to access bucket: 'materialsproject-parsed' key: 'chgcars/mp-1414353.json.gz' version: None error: An error occurred (NoSuchKey) when calling the GetObject operation: The specified key does not exist.
  5/8883: mp-31187
  6/8883: mp-861734
unable to access bucket: 'materialsproject-parsed' key: 'chgcars/mp-1385282.json.gz' version: None error: An error occurred (NoSuchKey) when calling the GetObject operation: The specified key does not exist.
  7/8883: mp-1112360
unable to access bucket: 'materialsproject-parsed' key: 'chgcars/mp-1396260.json.gz' version: None error: An error occurred (NoSuchKey) when calling the GetObject operation: The specified key does not exist.
  8/8883: mp-1113213
  9/8883: mp-1228414
  10/8883: mp-2458
  11/8883: mp-865032
unable to access bucket: 'materialsproject-parsed' key: 'chgcars/mp-1504567.json.gz' version: None error: An error occurred (NoSuchKey) when calling the GetObject operation: The specified key does not exist.
  12/8883: mp-1111884
unable to access bucket: 'materialsproject-parsed' key: 'chgcars/mp-1383576.json.gz' version: None error: An error occurred (NoSuchKey) when calling the GetObject operation: The specified key does not exist.
  13/8883: mp-4583
  14/8883: mp-940
  15/8883: mp-1079835
  16/8883: mp-983362
  17/8883: mp-3539
  18/8883: mp-865867
  19/8883: mp-865869
unable to access bucket: 'materialsproject-parsed' key: 'chgcars/mp-1431900.json.gz' version: None error: An error occurred (NoSuchKey) when calling the GetObject operation: The specified key does not exist.
  20/8883: mp-864734
  21/8883: mp-1183548
unable to access bucket: 'materialsproject-parsed' key: 'chgcars/mp-1413484.json.gz' version: None error: An error occurred (NoSuchKey) when calling the GetObject operation: The specified key does not exist.
  22/8883: mp-1206593
  23/8883: mp-864923
  24/8883: mp-1113735
  25/8883: mp-861886
unable to access bucket: 'materialsproject-parsed' key: 'chgcars/mp-1415532.json.gz' version: None error: An error occurred (NoSuchKey) when calling the GetObject operation: The specified key does not exist.
  26/8883: mp-977435
  27/8883: mp-867811
unable to access bucket: 'materialsproject-parsed' key: 'chgcars/mp-1400897.json.gz' version: None error: An error occurred (NoSuchKey) when calling the GetObject operation: The specified key does not exist.
  28/8883: mp-1194261
unable to access bucket: 'materialsproject-parsed' key: 'chgcars/mp-1443282.json.gz' version: None error: An error occurred (NoSuchKey) when calling the GetObject operation: The specified key does not exist.
  29/8883: mp-1187217
unable to access bucket: 'materialsproject-parsed' key: 'chgcars/mp-1433952.json.gz' version: None error: An error occurred (NoSuchKey) when calling the GetObject operation: The specified key does not exist.
  30/8883: mp-983062
unable to access bucket: 'materialsproject-parsed' key: 'chgcars/mp-1387907.json.gz' version: None error: An error occurred (NoSuchKey) when calling the GetObject operation: The specified key does not exist.
  31/8883: mp-510403
unable to access bucket: 'materialsproject-parsed' key: 'chgcars/mp-1442177.json.gz' version: None error: An error occurred (NoSuchKey) when calling the GetObject operation: The specified key does not exist.
  32/8883: mp-862914
unable to access bucket: 'materialsproject-parsed' key: 'chgcars/mp-1416399.json.gz' version: None error: An error occurred (NoSuchKey) when calling the GetObject operation: The specified key does not exist.
  33/8883: mp-976334
  34/8883: mp-1113707
unable to access bucket: 'materialsproject-parsed' key: 'chgcars/mp-1402933.json.gz' version: None error: An error occurred (NoSuchKey) when calling the GetObject operation: The specified key does not exist.
  35/8883: mp-865744
  36/8883: mp-864940
unable to access bucket: 'materialsproject-parsed' key: 'chgcars/mp-1425134.json.gz' version: None error: An error occurred (NoSuchKey) when calling the GetObject operation: The specified key does not exist.
  37/8883: mp-1111186
  38/8883: mp-28525
  39/8883: mp-21084
  40/8883: mp-974990
unable to access bucket: 'materialsproject-parsed' key: 'chgcars/mp-1406899.json.gz' version: None error: An error occurred (NoSuchKey) when calling the GetObject operation: The specified key does not exist.
  41/8883: mp-1114017
  42/8883: mp-1058019
  43/8883: mp-864668
unable to access bucket: 'materialsproject-parsed' key: 'chgcars/mp-1420851.json.gz' version: None error: An error occurred (NoSuchKey) when calling the GetObject operation: The specified key does not exist.
  44/8883: mp-996944
  45/8883: mp-1228384
unable to access bucket: 'materialsproject-parsed' key: 'chgcars/mp-1405624.json.gz' version: None error: An error occurred (NoSuchKey) when calling the GetObject operation: The specified key does not exist.
  46/8883: mp-1227741
unable to access bucket: 'materialsproject-parsed' key: 'chgcars/mp-1410104.json.gz' version: None error: An error occurred (NoSuchKey) when calling the GetObject operation: The specified key does not exist.
  47/8883: mp-862757
unable to access bucket: 'materialsproject-parsed' key: 'chgcars/mp-1435288.json.gz' version: None error: An error occurred (NoSuchKey) when calling the GetObject operation: The specified key does not exist.
  48/8883: mp-640562
  49/8883: mp-862917
  50/8883: mp-1186343
unable to access bucket: 'materialsproject-parsed' key: 'chgcars/mp-1443448.json.gz' version: None error: An error occurred (NoSuchKey) when calling the GetObject operation: The specified key does not exist.
  51/8883: mp-866121
  52/8883: mp-1001600
unable to access bucket: 'materialsproject-parsed' key: 'chgcars/mp-1429106.json.gz' version: None error: An error occurred (NoSuchKey) when calling the GetObject operation: The specified key does not exist.
  53/8883: mp-864878
unable to access bucket: 'materialsproject-parsed' key: 'chgcars/mp-1422072.json.gz' version: None error: An error occurred (NoSuchKey) when calling the GetObject operation: The specified key does not exist.
  54/8883: mp-1110819
  55/8883: mp-865563
  56/8883: mp-1111671
unable to access bucket: 'materialsproject-parsed' key: 'chgcars/mp-1388962.json.gz' version: None error: An error occurred (NoSuchKey) when calling the GetObject operation: The specified key does not exist.
  57/8883: mp-20017
  58/8883: mp-865486
  59/8883: mp-973841
  60/8883: mp-979433
  61/8883: mp-1185926
  62/8883: mp-1008225
  63/8883: mp-867142
unable to access bucket: 'materialsproject-parsed' key: 'chgcars/mp-1430104.json.gz' version: None error: An error occurred (NoSuchKey) when calling the GetObject operation: The specified key does not exist.
  64/8883: mp-864597
unable to access bucket: 'materialsproject-parsed' key: 'chgcars/mp-1430640.json.gz' version: None error: An error occurred (NoSuchKey) when calling the GetObject operation: The specified key does not exist.
  65/8883: mp-1187111
  66/8883: mp-1111139
unable to access bucket: 'materialsproject-parsed' key: 'chgcars/mp-1383352.json.gz' version: None error: An error occurred (NoSuchKey) when calling the GetObject operation: The specified key does not exist.
  67/8883: mp-1078506
unable to access bucket: 'materialsproject-parsed' key: 'chgcars/mp-1772262.json.gz' version: None error: An error occurred (NoSuchKey) when calling the GetObject operation: The specified key does not exist.
  68/8883: mp-3337
  69/8883: mp-989578
  70/8883: mp-1185379
  71/8883: mp-1111277
unable to access bucket: 'materialsproject-parsed' key: 'chgcars/mp-1390165.json.gz' version: None error: An error occurred (NoSuchKey) when calling the GetObject operation: The specified key does not exist.
  72/8883: mp-1186292
unable to access bucket: 'materialsproject-parsed' key: 'chgcars/mp-1427548.json.gz' version: None error: An error occurred (NoSuchKey) when calling the GetObject operation: The specified key does not exist.
  73/8883: mp-864961
unable to access bucket: 'materialsproject-parsed' key: 'chgcars/mp-1413687.json.gz' version: None error: An error occurred (NoSuchKey) when calling the GetObject operation: The specified key does not exist.
  74/8883: mp-1186575
unable to access bucket: 'materialsproject-parsed' key: 'chgcars/mp-1437252.json.gz' version: None error: An error occurred (NoSuchKey) when calling the GetObject operation: The specified key does not exist.
  75/8883: mp-1186257
  76/8883: mp-1184620
unable to access bucket: 'materialsproject-parsed' key: 'chgcars/mp-1424208.json.gz' version: None error: An error occurred (NoSuchKey) when calling the GetObject operation: The specified key does not exist.
  77/8883: mp-1959
unable to access bucket: 'materialsproject-parsed' key: 'chgcars/mp-1773470.json.gz' version: None error: An error occurred (NoSuchKey) when calling the GetObject operation: The specified key does not exist.
  78/8883: mp-867186
  79/8883: mp-1038831
  80/8883: mp-862376
  81/8883: mp-1114122
unable to access bucket: 'materialsproject-parsed' key: 'chgcars/mp-1402711.json.gz' version: None error: An error occurred (NoSuchKey) when calling the GetObject operation: The specified key does not exist.
  82/8883: mp-1186310
unable to access bucket: 'materialsproject-parsed' key: 'chgcars/mp-1425915.json.gz' version: None error: An error occurred (NoSuchKey) when calling the GetObject operation: The specified key does not exist.
  83/8883: mp-1111820
  84/8883: mp-1186958
unable to access bucket: 'materialsproject-parsed' key: 'chgcars/mp-1428391.json.gz' version: None error: An error occurred (NoSuchKey) when calling the GetObject operation: The specified key does not exist.
  85/8883: mp-1186430
  86/8883: mp-30340
unable to access bucket: 'materialsproject-parsed' key: 'chgcars/mp-1438076.json.gz' version: None error: An error occurred (NoSuchKey) when calling the GetObject operation: The specified key does not exist.
  87/8883: mp-631465
  88/8883: mp-867913
unable to access bucket: 'materialsproject-parsed' key: 'chgcars/mp-1425795.json.gz' version: None error: An error occurred (NoSuchKey) when calling the GetObject operation: The specified key does not exist.
  89/8883: mp-1111713
unable to access bucket: 'materialsproject-parsed' key: 'chgcars/mp-1385273.json.gz' version: None error: An error occurred (NoSuchKey) when calling the GetObject operation: The specified key does not exist.
  90/8883: mp-753668
  91/8883: mp-1112793
  92/8883: mp-1114152
  93/8883: mp-865738
unable to access bucket: 'materialsproject-parsed' key: 'chgcars/mp-1425072.json.gz' version: None error: An error occurred (NoSuchKey) when calling the GetObject operation: The specified key does not exist.
  94/8883: mp-1111932
  95/8883: mp-1184568
unable to access bucket: 'materialsproject-parsed' key: 'chgcars/mp-1425896.json.gz' version: None error: An error occurred (NoSuchKey) when calling the GetObject operation: The specified key does not exist.
  96/8883: mp-1184914
  97/8883: mp-977535
unable to access bucket: 'materialsproject-parsed' key: 'chgcars/mp-1430718.json.gz' version: None error: An error occurred (NoSuchKey) when calling the GetObject operation: The specified key does not exist.
  98/8883: mp-864670
unable to access bucket: 'materialsproject-parsed' key: 'chgcars/mp-1415136.json.gz' version: None error: An error occurred (NoSuchKey) when calling the GetObject operation: The specified key does not exist.
  99/8883: mp-1187208
unable to access bucket: 'materialsproject-parsed' key: 'chgcars/mp-1446383.json.gz' version: None error: An error occurred (NoSuchKey) when calling the GetObject operation: The specified key does not exist.
  100/8883: mp-1112603
  101/8883: mp-6192
unable to access bucket: 'materialsproject-parsed' key: 'chgcars/mp-1420285.json.gz' version: None error: An error occurred (NoSuchKey) when calling the GetObject operation: The specified key does not exist.
  102/8883: mp-861894
unable to access bucket: 'materialsproject-parsed' key: 'chgcars/mp-1415116.json.gz' version: None error: An error occurred (NoSuchKey) when calling the GetObject operation: The specified key does not exist.
  103/8883: mp-1111319
unable to access bucket: 'materialsproject-parsed' key: 'chgcars/mp-1444991.json.gz' version: None error: An error occurred (NoSuchKey) when calling the GetObject operation: The specified key does not exist.
  104/8883: mp-1185559
  105/8883: mp-867802
unable to access bucket: 'materialsproject-parsed' key: 'chgcars/mp-1393034.json.gz' version: None error: An error occurred (NoSuchKey) when calling the GetObject operation: The specified key does not exist.
  106/8883: mp-1110835
  107/8883: mp-867310
unable to access bucket: 'materialsproject-parsed' key: 'chgcars/mp-1385686.json.gz' version: None error: An error occurred (NoSuchKey) when calling the GetObject operation: The specified key does not exist.
  108/8883: mp-972957
  109/8883: mp-1187270
unable to access bucket: 'materialsproject-parsed' key: 'chgcars/mp-1504717.json.gz' version: None error: An error occurred (NoSuchKey) when calling the GetObject operation: The specified key does not exist.
  110/8883: mp-1094614
  111/8883: mp-1110895
  112/8883: mp-1114193
  113/8883: mp-1183312
unable to access bucket: 'materialsproject-parsed' key: 'chgcars/mp-1396986.json.gz' version: None error: An error occurred (NoSuchKey) when calling the GetObject operation: The specified key does not exist.
  114/8883: mp-1187188
unable to access bucket: 'materialsproject-parsed' key: 'chgcars/mp-1402796.json.gz' version: None error: An error occurred (NoSuchKey) when calling the GetObject operation: The specified key does not exist.
  115/8883: mp-865602
unable to access bucket: 'materialsproject-parsed' key: 'chgcars/mp-1414721.json.gz' version: None error: An error occurred (NoSuchKey) when calling the GetObject operation: The specified key does not exist.
  116/8883: mp-1112234
  117/8883: mp-1184415
unable to access bucket: 'materialsproject-parsed' key: 'chgcars/mp-1410109.json.gz' version: None error: An error occurred (NoSuchKey) when calling the GetObject operation: The specified key does not exist.
  118/8883: mp-1185662
unable to access bucket: 'materialsproject-parsed' key: 'chgcars/mp-1435756.json.gz' version: None error: An error occurred (NoSuchKey) when calling the GetObject operation: The specified key does not exist.
  119/8883: mp-863674
  120/8883: mp-1185028
  121/8883: mp-862727
  122/8883: mp-1206592
  123/8883: mp-1186603
unable to access bucket: 'materialsproject-parsed' key: 'chgcars/mp-1419847.json.gz' version: None error: An error occurred (NoSuchKey) when calling the GetObject operation: The specified key does not exist.
  124/8883: mp-570379
  125/8883: mp-867207
unable to access bucket: 'materialsproject-parsed' key: 'chgcars/mp-1407338.json.gz' version: None error: An error occurred (NoSuchKey) when calling the GetObject operation: The specified key does not exist.
  126/8883: mp-1058586
  127/8883: mp-1232424
  128/8883: mp-984048
unable to access bucket: 'materialsproject-parsed' key: 'chgcars/mp-1411053.json.gz' version: None error: An error occurred (NoSuchKey) when calling the GetObject operation: The specified key does not exist.
  129/8883: mp-865518
unable to access bucket: 'materialsproject-parsed' key: 'chgcars/mp-1407581.json.gz' version: None error: An error occurred (NoSuchKey) when calling the GetObject operation: The specified key does not exist.
  130/8883: mp-1192183
unable to access bucket: 'materialsproject-parsed' key: 'chgcars/mp-1375176.json.gz' version: None error: An error occurred (NoSuchKey) when calling the GetObject operation: The specified key does not exist.
  131/8883: mp-22919
  132/8883: mp-866229
  133/8883: mp-8638
unable to access bucket: 'materialsproject-parsed' key: 'chgcars/mp-1436849.json.gz' version: None error: An error occurred (NoSuchKey) when calling the GetObject operation: The specified key does not exist.
  134/8883: mp-571513
unable to access bucket: 'materialsproject-parsed' key: 'chgcars/mp-1431458.json.gz' version: None error: An error occurred (NoSuchKey) when calling the GetObject operation: The specified key does not exist.
  135/8883: mp-976943
  136/8883: mp-989547
  137/8883: mp-866015
unable to access bucket: 'materialsproject-parsed' key: 'chgcars/mp-1436066.json.gz' version: None error: An error occurred (NoSuchKey) when calling the GetObject operation: The specified key does not exist.
  138/8883: mp-866115
  139/8883: mp-1187964
  140/8883: mp-1112064
  141/8883: mp-3499
  142/8883: mp-1110801
unable to access bucket: 'materialsproject-parsed' key: 'chgcars/mp-1398459.json.gz' version: None error: An error occurred (NoSuchKey) when calling the GetObject operation: The specified key does not exist.
  143/8883: mp-1112197
unable to access bucket: 'materialsproject-parsed' key: 'chgcars/mp-1375534.json.gz' version: None error: An error occurred (NoSuchKey) when calling the GetObject operation: The specified key does not exist.
  144/8883: mp-973143
unable to access bucket: 'materialsproject-parsed' key: 'chgcars/mp-1384848.json.gz' version: None error: An error occurred (NoSuchKey) when calling the GetObject operation: The specified key does not exist.
  145/8883: mp-865067
  146/8883: mp-1184856
  147/8883: mp-972960
  148/8883: mp-979430
unable to access bucket: 'materialsproject-parsed' key: 'chgcars/mp-1437369.json.gz' version: None error: An error occurred (NoSuchKey) when calling the GetObject operation: The specified key does not exist.
  149/8883: mp-976260
  150/8883: mp-1205597
  151/8883: mp-1105542
  152/8883: mp-1187078
unable to access bucket: 'materialsproject-parsed' key: 'chgcars/mp-1773151.json.gz' version: None error: An error occurred (NoSuchKey) when calling the GetObject operation: The specified key does not exist.
  153/8883: mp-862702
  154/8883: mp-862264
unable to access bucket: 'materialsproject-parsed' key: 'chgcars/mp-1418368.json.gz' version: None error: An error occurred (NoSuchKey) when calling the GetObject operation: The specified key does not exist.
  155/8883: mp-1187520
unable to access bucket: 'materialsproject-parsed' key: 'chgcars/mp-1420335.json.gz' version: None error: An error occurred (NoSuchKey) when calling the GetObject operation: The specified key does not exist.
  156/8883: mp-1187435
  157/8883: mp-1212173
unable to access bucket: 'materialsproject-parsed' key: 'chgcars/mp-1379448.json.gz' version: None error: An error occurred (NoSuchKey) when calling the GetObject operation: The specified key does not exist.
  158/8883: mp-1184390
  159/8883: mp-545735
unable to access bucket: 'materialsproject-parsed' key: 'chgcars/mp-1437172.json.gz' version: None error: An error occurred (NoSuchKey) when calling the GetObject operation: The specified key does not exist.
  160/8883: mp-1194136
  161/8883: mp-1186802
unable to access bucket: 'materialsproject-parsed' key: 'chgcars/mp-1396407.json.gz' version: None error: An error occurred (NoSuchKey) when calling the GetObject operation: The specified key does not exist.
  162/8883: mp-1185407
  163/8883: mp-1112523
  164/8883: mp-864673
unable to access bucket: 'materialsproject-parsed' key: 'chgcars/mp-1432677.json.gz' version: None error: An error occurred (NoSuchKey) when calling the GetObject operation: The specified key does not exist.
  165/8883: mp-867805
  166/8883: mp-972424
unable to access bucket: 'materialsproject-parsed' key: 'chgcars/mp-1433102.json.gz' version: None error: An error occurred (NoSuchKey) when calling the GetObject operation: The specified key does not exist.
  167/8883: mp-1096955
  168/8883: mp-865808
unable to access bucket: 'materialsproject-parsed' key: 'chgcars/mp-1419064.json.gz' version: None error: An error occurred (NoSuchKey) when calling the GetObject operation: The specified key does not exist.
  169/8883: mp-862958
unable to access bucket: 'materialsproject-parsed' key: 'chgcars/mp-1426086.json.gz' version: None error: An error occurred (NoSuchKey) when calling the GetObject operation: The specified key does not exist.
  170/8883: mp-1186624
  171/8883: mp-1184769
  172/8883: mp-1113539
  173/8883: mp-684673
  174/8883: mp-867157
unable to access bucket: 'materialsproject-parsed' key: 'chgcars/mp-1421254.json.gz' version: None error: An error occurred (NoSuchKey) when calling the GetObject operation: The specified key does not exist.
  175/8883: mp-1185286
unable to access bucket: 'materialsproject-parsed' key: 'chgcars/mp-1414135.json.gz' version: None error: An error occurred (NoSuchKey) when calling the GetObject operation: The specified key does not exist.
  176/8883: mp-865304
unable to access bucket: 'materialsproject-parsed' key: 'chgcars/mp-1419019.json.gz' version: None error: An error occurred (NoSuchKey) when calling the GetObject operation: The specified key does not exist.
  177/8883: mp-865954
unable to access bucket: 'materialsproject-parsed' key: 'chgcars/mp-1400664.json.gz' version: None error: An error occurred (NoSuchKey) when calling the GetObject operation: The specified key does not exist.
  178/8883: mp-1112893
  179/8883: mp-1111241
unable to access bucket: 'materialsproject-parsed' key: 'chgcars/mp-1443572.json.gz' version: None error: An error occurred (NoSuchKey) when calling the GetObject operation: The specified key does not exist.
  180/8883: mp-864782
  181/8883: mp-1112787
  182/8883: mp-21608
unable to access bucket: 'materialsproject-parsed' key: 'chgcars/mp-1388074.json.gz' version: None error: An error occurred (NoSuchKey) when calling the GetObject operation: The specified key does not exist.
  183/8883: mp-989590
  184/8883: mp-1062620
unable to access bucket: 'materialsproject-parsed' key: 'chgcars/mp-1441718.json.gz' version: None error: An error occurred (NoSuchKey) when calling the GetObject operation: The specified key does not exist.
  185/8883: mp-862819
  186/8883: mp-1008376
  187/8883: mp-1188031
  188/8883: mp-976311
unable to access bucket: 'materialsproject-parsed' key: 'chgcars/mp-1423944.json.gz' version: None error: An error occurred (NoSuchKey) when calling the GetObject operation: The specified key does not exist.
  189/8883: mp-866170
  190/8883: mp-861599
unable to access bucket: 'materialsproject-parsed' key: 'chgcars/mp-1444623.json.gz' version: None error: An error occurred (NoSuchKey) when calling the GetObject operation: The specified key does not exist.
  191/8883: mp-2343
  192/8883: mp-1186644
  193/8883: mp-1186187
unable to access bucket: 'materialsproject-parsed' key: 'chgcars/mp-1442976.json.gz' version: None error: An error occurred (NoSuchKey) when calling the GetObject operation: The specified key does not exist.
  194/8883: mp-1113732
unable to access bucket: 'materialsproject-parsed' key: 'chgcars/mp-1444504.json.gz' version: None error: An error occurred (NoSuchKey) when calling the GetObject operation: The specified key does not exist.
  195/8883: mp-159
unable to access bucket: 'materialsproject-parsed' key: 'chgcars/mp-1440165.json.gz' version: None error: An error occurred (NoSuchKey) when calling the GetObject operation: The specified key does not exist.
  196/8883: mp-866107
unable to access bucket: 'materialsproject-parsed' key: 'chgcars/mp-1428012.json.gz' version: None error: An error occurred (NoSuchKey) when calling the GetObject operation: The specified key does not exist.
  197/8883: mp-1113150
  198/8883: mp-1183106
  199/8883: mp-1110834
unable to access bucket: 'materialsproject-parsed' key: 'chgcars/mp-1446544.json.gz' version: None error: An error occurred (NoSuchKey) when calling the GetObject operation: The specified key does not exist.
  200/8883: mp-1186064
unable to access bucket: 'materialsproject-parsed' key: 'chgcars/mp-1427217.json.gz' version: None error: An error occurred (NoSuchKey) when calling the GetObject operation: The specified key does not exist.
  201/8883: mp-31169
unable to access bucket: 'materialsproject-parsed' key: 'chgcars/mp-1438226.json.gz' version: None error: An error occurred (NoSuchKey) when calling the GetObject operation: The specified key does not exist.
  202/8883: mp-1187656
unable to access bucket: 'materialsproject-parsed' key: 'chgcars/mp-1430353.json.gz' version: None error: An error occurred (NoSuchKey) when calling the GetObject operation: The specified key does not exist.
  203/8883: mp-1191885
  204/8883: mp-1185115
  205/8883: mp-978515
  206/8883: mp-1110588
  207/8883: mp-863250
unable to access bucket: 'materialsproject-parsed' key: 'chgcars/mp-1413720.json.gz' version: None error: An error occurred (NoSuchKey) when calling the GetObject operation: The specified key does not exist.
  208/8883: mp-1185843
unable to access bucket: 'materialsproject-parsed' key: 'chgcars/mp-1435136.json.gz' version: None error: An error occurred (NoSuchKey) when calling the GetObject operation: The specified key does not exist.
  209/8883: mp-1111651
  210/8883: mp-2927
unable to access bucket: 'materialsproject-parsed' key: 'chgcars/mp-1439589.json.gz' version: None error: An error occurred (NoSuchKey) when calling the GetObject operation: The specified key does not exist.
  211/8883: mp-1113930
  212/8883: mp-866289
unable to access bucket: 'materialsproject-parsed' key: 'chgcars/mp-1388075.json.gz' version: None error: An error occurred (NoSuchKey) when calling the GetObject operation: The specified key does not exist.
  213/8883: mp-1104585
unable to access bucket: 'materialsproject-parsed' key: 'chgcars/mp-1435122.json.gz' version: None error: An error occurred (NoSuchKey) when calling the GetObject operation: The specified key does not exist.
  214/8883: mp-863681
unable to access bucket: 'materialsproject-parsed' key: 'chgcars/mp-1392608.json.gz' version: None error: An error occurred (NoSuchKey) when calling the GetObject operation: The specified key does not exist.
  215/8883: mp-2306
  216/8883: mp-1007854
  217/8883: mp-1185079
unable to access bucket: 'materialsproject-parsed' key: 'chgcars/mp-1394347.json.gz' version: None error: An error occurred (NoSuchKey) when calling the GetObject operation: The specified key does not exist.
  218/8883: mp-862909
unable to access bucket: 'materialsproject-parsed' key: 'chgcars/mp-1418699.json.gz' version: None error: An error occurred (NoSuchKey) when calling the GetObject operation: The specified key does not exist.
  219/8883: mp-1110911
  220/8883: mp-1113578
  221/8883: mp-1187954
  222/8883: mp-1184158
  223/8883: mp-862943
unable to access bucket: 'materialsproject-parsed' key: 'chgcars/mp-1424588.json.gz' version: None error: An error occurred (NoSuchKey) when calling the GetObject operation: The specified key does not exist.
  224/8883: mp-22503
  225/8883: mp-622041
unable to access bucket: 'materialsproject-parsed' key: 'chgcars/mp-1441170.json.gz' version: None error: An error occurred (NoSuchKey) when calling the GetObject operation: The specified key does not exist.
  226/8883: mp-1111541
  227/8883: mp-1186458
  228/8883: mp-976008
unable to access bucket: 'materialsproject-parsed' key: 'chgcars/mp-1432069.json.gz' version: None error: An error occurred (NoSuchKey) when calling the GetObject operation: The specified key does not exist.
  229/8883: mp-866094
unable to access bucket: 'materialsproject-parsed' key: 'chgcars/mp-1419018.json.gz' version: None error: An error occurred (NoSuchKey) when calling the GetObject operation: The specified key does not exist.
  230/8883: mp-865108
unable to access bucket: 'materialsproject-parsed' key: 'chgcars/mp-1420178.json.gz' version: None error: An error occurred (NoSuchKey) when calling the GetObject operation: The specified key does not exist.
  231/8883: mp-977553
unable to access bucket: 'materialsproject-parsed' key: 'chgcars/mp-1414676.json.gz' version: None error: An error occurred (NoSuchKey) when calling the GetObject operation: The specified key does not exist.
  232/8883: mp-1186560
  233/8883: mp-1186436
unable to access bucket: 'materialsproject-parsed' key: 'chgcars/mp-1425983.json.gz' version: None error: An error occurred (NoSuchKey) when calling the GetObject operation: The specified key does not exist.
  234/8883: mp-867251
  235/8883: mp-1110668
  236/8883: mp-864741
unable to access bucket: 'materialsproject-parsed' key: 'chgcars/mp-1403013.json.gz' version: None error: An error occurred (NoSuchKey) when calling the GetObject operation: The specified key does not exist.
  237/8883: mp-1193450
  238/8883: mp-1185182
  239/8883: mp-1110767
  240/8883: mp-865114
  241/8883: mp-973757
unable to access bucket: 'materialsproject-parsed' key: 'chgcars/mp-1420590.json.gz' version: None error: An error occurred (NoSuchKey) when calling the GetObject operation: The specified key does not exist.
  242/8883: mp-1110836
unable to access bucket: 'materialsproject-parsed' key: 'chgcars/mp-1383586.json.gz' version: None error: An error occurred (NoSuchKey) when calling the GetObject operation: The specified key does not exist.
  243/8883: mp-865681
  244/8883: mp-1114181
  245/8883: mp-1187008
  246/8883: mp-631345
  247/8883: mp-864622
unable to access bucket: 'materialsproject-parsed' key: 'chgcars/mp-1418568.json.gz' version: None error: An error occurred (NoSuchKey) when calling the GetObject operation: The specified key does not exist.
  248/8883: mp-643002
  249/8883: mp-1112069
  250/8883: mp-16501
  251/8883: mp-1110704
  252/8883: mp-864674
  253/8883: mp-1186569
  254/8883: mp-11512
unable to access bucket: 'materialsproject-parsed' key: 'chgcars/mp-1412946.json.gz' version: None error: An error occurred (NoSuchKey) when calling the GetObject operation: The specified key does not exist.
  255/8883: mp-1447
  256/8883: mp-1112068
unable to access bucket: 'materialsproject-parsed' key: 'chgcars/mp-1407582.json.gz' version: None error: An error occurred (NoSuchKey) when calling the GetObject operation: The specified key does not exist.
  257/8883: mp-1206591
  258/8883: mp-27882
  259/8883: mp-862945
  260/8883: mp-1185824
unable to access bucket: 'materialsproject-parsed' key: 'chgcars/mp-1419647.json.gz' version: None error: An error occurred (NoSuchKey) when calling the GetObject operation: The specified key does not exist.
  261/8883: mp-977538
unable to access bucket: 'materialsproject-parsed' key: 'chgcars/mp-1429450.json.gz' version: None error: An error occurred (NoSuchKey) when calling the GetObject operation: The specified key does not exist.
  262/8883: mp-1205480
  263/8883: mp-1193078
unable to access bucket: 'materialsproject-parsed' key: 'chgcars/mp-1388127.json.gz' version: None error: An error occurred (NoSuchKey) when calling the GetObject operation: The specified key does not exist.
  264/8883: mp-11490
  265/8883: mp-865749
unable to access bucket: 'materialsproject-parsed' key: 'chgcars/mp-1426155.json.gz' version: None error: An error occurred (NoSuchKey) when calling the GetObject operation: The specified key does not exist.
  266/8883: mp-1193083
  267/8883: mp-865483
unable to access bucket: 'materialsproject-parsed' key: 'chgcars/mp-1437386.json.gz' version: None error: An error occurred (NoSuchKey) when calling the GetObject operation: The specified key does not exist.
  268/8883: mp-1185465
unable to access bucket: 'materialsproject-parsed' key: 'chgcars/mp-1425086.json.gz' version: None error: An error occurred (NoSuchKey) when calling the GetObject operation: The specified key does not exist.
  269/8883: mp-1184242
unable to access bucket: 'materialsproject-parsed' key: 'chgcars/mp-1435938.json.gz' version: None error: An error occurred (NoSuchKey) when calling the GetObject operation: The specified key does not exist.
  270/8883: mp-977110
unable to access bucket: 'materialsproject-parsed' key: 'chgcars/mp-1432192.json.gz' version: None error: An error occurred (NoSuchKey) when calling the GetObject operation: The specified key does not exist.
  271/8883: mp-1205895
  272/8883: mp-1113327
unable to access bucket: 'materialsproject-parsed' key: 'chgcars/mp-1400205.json.gz' version: None error: An error occurred (NoSuchKey) when calling the GetObject operation: The specified key does not exist.
  273/8883: mp-28145
  274/8883: mp-865944
  275/8883: mp-1111523
  276/8883: mp-1018017
  277/8883: mp-24288
  278/8883: mp-973141
unable to access bucket: 'materialsproject-parsed' key: 'chgcars/mp-1429101.json.gz' version: None error: An error occurred (NoSuchKey) when calling the GetObject operation: The specified key does not exist.
  279/8883: mp-865783
unable to access bucket: 'materialsproject-parsed' key: 'chgcars/mp-1433487.json.gz' version: None error: An error occurred (NoSuchKey) when calling the GetObject operation: The specified key does not exist.
  280/8883: mp-1113202
  281/8883: mp-866180
  282/8883: mp-1187846
unable to access bucket: 'materialsproject-parsed' key: 'chgcars/mp-1416684.json.gz' version: None error: An error occurred (NoSuchKey) when calling the GetObject operation: The specified key does not exist.
  283/8883: mp-1205796
  284/8883: mp-631340
unable to access bucket: 'materialsproject-parsed' key: 'chgcars/mp-1394324.json.gz' version: None error: An error occurred (NoSuchKey) when calling the GetObject operation: The specified key does not exist.
  285/8883: mp-1112121
  286/8883: mp-1110634
  287/8883: mp-977409
  288/8883: mp-1110831
  289/8883: mp-865659
unable to access bucket: 'materialsproject-parsed' key: 'chgcars/mp-1424355.json.gz' version: None error: An error occurred (NoSuchKey) when calling the GetObject operation: The specified key does not exist.
  290/8883: mp-1113621
  291/8883: mp-1147673
  292/8883: mp-1206057
  293/8883: mp-1113655
  294/8883: mp-1183552
unable to access bucket: 'materialsproject-parsed' key: 'chgcars/mp-1423633.json.gz' version: None error: An error occurred (NoSuchKey) when calling the GetObject operation: The specified key does not exist.
  295/8883: mp-1110628
unable to access bucket: 'materialsproject-parsed' key: 'chgcars/mp-1383085.json.gz' version: None error: An error occurred (NoSuchKey) when calling the GetObject operation: The specified key does not exist.
  296/8883: mp-867848
unable to access bucket: 'materialsproject-parsed' key: 'chgcars/mp-1431843.json.gz' version: None error: An error occurred (NoSuchKey) when calling the GetObject operation: The specified key does not exist.
  297/8883: mp-1110655
  298/8883: mp-1227082
unable to access bucket: 'materialsproject-parsed' key: 'chgcars/mp-1402797.json.gz' version: None error: An error occurred (NoSuchKey) when calling the GetObject operation: The specified key does not exist.
  299/8883: mp-1079517
unable to access bucket: 'materialsproject-parsed' key: 'chgcars/mp-1395524.json.gz' version: None error: An error occurred (NoSuchKey) when calling the GetObject operation: The specified key does not exist.
  300/8883: mp-134
unable to access bucket: 'materialsproject-parsed' key: 'chgcars/mp-1441016.json.gz' version: None error: An error occurred (NoSuchKey) when calling the GetObject operation: The specified key does not exist.
  301/8883: mp-1111379
  302/8883: mp-33018
  303/8883: mp-1184999
unable to access bucket: 'materialsproject-parsed' key: 'chgcars/mp-1429935.json.gz' version: None error: An error occurred (NoSuchKey) when calling the GetObject operation: The specified key does not exist.
  304/8883: mp-1113008
  305/8883: mp-989562
unable to access bucket: 'materialsproject-parsed' key: 'chgcars/mp-1406579.json.gz' version: None error: An error occurred (NoSuchKey) when calling the GetObject operation: The specified key does not exist.
  306/8883: mp-1111783
  307/8883: mp-865010
unable to access bucket: 'materialsproject-parsed' key: 'chgcars/mp-1415397.json.gz' version: None error: An error occurred (NoSuchKey) when calling the GetObject operation: The specified key does not exist.
  308/8883: mp-977363
unable to access bucket: 'materialsproject-parsed' key: 'chgcars/mp-1419942.json.gz' version: None error: An error occurred (NoSuchKey) when calling the GetObject operation: The specified key does not exist.
  309/8883: mp-865882
  310/8883: mp-1186480
  311/8883: mp-981539
unable to access bucket: 'materialsproject-parsed' key: 'chgcars/mp-1413863.json.gz' version: None error: An error occurred (NoSuchKey) when calling the GetObject operation: The specified key does not exist.
  312/8883: mp-24412
  313/8883: mp-1113309
unable to access bucket: 'materialsproject-parsed' key: 'chgcars/mp-1443942.json.gz' version: None error: An error occurred (NoSuchKey) when calling the GetObject operation: The specified key does not exist.
  314/8883: mp-1187363
  315/8883: mp-1111304
unable to access bucket: 'materialsproject-parsed' key: 'chgcars/mp-1410493.json.gz' version: None error: An error occurred (NoSuchKey) when calling the GetObject operation: The specified key does not exist.
  316/8883: mp-1186228
unable to access bucket: 'materialsproject-parsed' key: 'chgcars/mp-1416364.json.gz' version: None error: An error occurred (NoSuchKey) when calling the GetObject operation: The specified key does not exist.
  317/8883: mp-1110859
  318/8883: mp-1111085
  319/8883: mp-1110719
  320/8883: mp-21475
unable to access bucket: 'materialsproject-parsed' key: 'chgcars/mp-1438495.json.gz' version: None error: An error occurred (NoSuchKey) when calling the GetObject operation: The specified key does not exist.
  321/8883: mp-1112652
  322/8883: mp-1192839
  323/8883: mp-973886
  324/8883: mp-972626
  325/8883: mp-983154
  326/8883: mp-2732
  327/8883: mp-2807
  328/8883: mp-6135
  329/8883: mp-1186177
  330/8883: mp-1206257
  331/8883: mp-557533
  332/8883: mp-1205684
unable to access bucket: 'materialsproject-parsed' key: 'chgcars/mp-1410326.json.gz' version: None error: An error occurred (NoSuchKey) when calling the GetObject operation: The specified key does not exist.
  333/8883: mp-1206372
  334/8883: mp-919
unable to access bucket: 'materialsproject-parsed' key: 'chgcars/mp-1440338.json.gz' version: None error: An error occurred (NoSuchKey) when calling the GetObject operation: The specified key does not exist.
  335/8883: mp-972493
  336/8883: mp-1187195
unable to access bucket: 'materialsproject-parsed' key: 'chgcars/mp-1436548.json.gz' version: None error: An error occurred (NoSuchKey) when calling the GetObject operation: The specified key does not exist.
  337/8883: mp-976412
unable to access bucket: 'materialsproject-parsed' key: 'chgcars/mp-1415314.json.gz' version: None error: An error occurred (NoSuchKey) when calling the GetObject operation: The specified key does not exist.
  338/8883: mp-1039249
unable to access bucket: 'materialsproject-parsed' key: 'chgcars/mp-1404195.json.gz' version: None error: An error occurred (NoSuchKey) when calling the GetObject operation: The specified key does not exist.
  339/8883: mp-1184056
  340/8883: mp-20463
  341/8883: mp-975013
unable to access bucket: 'materialsproject-parsed' key: 'chgcars/mp-1446551.json.gz' version: None error: An error occurred (NoSuchKey) when calling the GetObject operation: The specified key does not exist.
  342/8883: mp-867810
unable to access bucket: 'materialsproject-parsed' key: 'chgcars/mp-1427391.json.gz' version: None error: An error occurred (NoSuchKey) when calling the GetObject operation: The specified key does not exist.
  343/8883: mp-1212451
  344/8883: mp-1111113
unable to access bucket: 'materialsproject-parsed' key: 'chgcars/mp-1384908.json.gz' version: None error: An error occurred (NoSuchKey) when calling the GetObject operation: The specified key does not exist.
  345/8883: mp-1186141
unable to access bucket: 'materialsproject-parsed' key: 'chgcars/mp-1405782.json.gz' version: None error: An error occurred (NoSuchKey) when calling the GetObject operation: The specified key does not exist.
  346/8883: mp-1187251
unable to access bucket: 'materialsproject-parsed' key: 'chgcars/mp-1433432.json.gz' version: None error: An error occurred (NoSuchKey) when calling the GetObject operation: The specified key does not exist.
  347/8883: mp-866178
  348/8883: mp-1187445
unable to access bucket: 'materialsproject-parsed' key: 'chgcars/mp-1413314.json.gz' version: None error: An error occurred (NoSuchKey) when calling the GetObject operation: The specified key does not exist.
  349/8883: mp-865607
unable to access bucket: 'materialsproject-parsed' key: 'chgcars/mp-1436746.json.gz' version: None error: An error occurred (NoSuchKey) when calling the GetObject operation: The specified key does not exist.
  350/8883: mp-1185363
unable to access bucket: 'materialsproject-parsed' key: 'chgcars/mp-1435852.json.gz' version: None error: An error occurred (NoSuchKey) when calling the GetObject operation: The specified key does not exist.
  351/8883: mp-22610
  352/8883: mp-1183861
  353/8883: mp-1183882
  354/8883: mp-1187944
  355/8883: mp-2191
unable to access bucket: 'materialsproject-parsed' key: 'chgcars/mp-1440831.json.gz' version: None error: An error occurred (NoSuchKey) when calling the GetObject operation: The specified key does not exist.
  356/8883: mp-1113030
  357/8883: mp-1110606
  358/8883: mp-505791
  359/8883: mp-1187565
unable to access bucket: 'materialsproject-parsed' key: 'chgcars/mp-1416715.json.gz' version: None error: An error occurred (NoSuchKey) when calling the GetObject operation: The specified key does not exist.
  360/8883: mp-973847
  361/8883: mp-1114007
  362/8883: mp-1352
  363/8883: mp-1185767
unable to access bucket: 'materialsproject-parsed' key: 'chgcars/mp-1432130.json.gz' version: None error: An error occurred (NoSuchKey) when calling the GetObject operation: The specified key does not exist.
  364/8883: mp-1185902
  365/8883: mp-1113660
  366/8883: mp-1187378
unable to access bucket: 'materialsproject-parsed' key: 'chgcars/mp-1430830.json.gz' version: None error: An error occurred (NoSuchKey) when calling the GetObject operation: The specified key does not exist.
  367/8883: mp-865661
unable to access bucket: 'materialsproject-parsed' key: 'chgcars/mp-1413495.json.gz' version: None error: An error occurred (NoSuchKey) when calling the GetObject operation: The specified key does not exist.
  368/8883: mp-1112527
  369/8883: mp-865639
  370/8883: mp-1184955
unable to access bucket: 'materialsproject-parsed' key: 'chgcars/mp-1425079.json.gz' version: None error: An error occurred (NoSuchKey) when calling the GetObject operation: The specified key does not exist.
  371/8883: mp-1185413
unable to access bucket: 'materialsproject-parsed' key: 'chgcars/mp-1418517.json.gz' version: None error: An error occurred (NoSuchKey) when calling the GetObject operation: The specified key does not exist.
  372/8883: mp-1113063
  373/8883: mp-1206365
unable to access bucket: 'materialsproject-parsed' key: 'chgcars/mp-1437509.json.gz' version: None error: An error occurred (NoSuchKey) when calling the GetObject operation: The specified key does not exist.
  374/8883: mp-1185541
  375/8883: mp-1205847
  376/8883: mp-1113050
unable to access bucket: 'materialsproject-parsed' key: 'chgcars/mp-1409146.json.gz' version: None error: An error occurred (NoSuchKey) when calling the GetObject operation: The specified key does not exist.
  377/8883: mp-862370
  378/8883: mp-861932
unable to access bucket: 'materialsproject-parsed' key: 'chgcars/mp-1431836.json.gz' version: None error: An error occurred (NoSuchKey) when calling the GetObject operation: The specified key does not exist.
  379/8883: mp-1112340
  380/8883: mp-1110918
  381/8883: mp-1193847
unable to access bucket: 'materialsproject-parsed' key: 'chgcars/mp-1400472.json.gz' version: None error: An error occurred (NoSuchKey) when calling the GetObject operation: The specified key does not exist.
  382/8883: mp-722281
  383/8883: mp-101
  384/8883: mp-1110671
  385/8883: mp-1232419
unable to access bucket: 'materialsproject-parsed' key: 'chgcars/mp-1384226.json.gz' version: None error: An error occurred (NoSuchKey) when calling the GetObject operation: The specified key does not exist.
  386/8883: mp-862555
  387/8883: mp-972119
  388/8883: mp-862705
unable to access bucket: 'materialsproject-parsed' key: 'chgcars/mp-1427791.json.gz' version: None error: An error occurred (NoSuchKey) when calling the GetObject operation: The specified key does not exist.
  389/8883: mp-1111449
unable to access bucket: 'materialsproject-parsed' key: 'chgcars/mp-1444734.json.gz' version: None error: An error occurred (NoSuchKey) when calling the GetObject operation: The specified key does not exist.
  390/8883: mp-631333
  391/8883: mp-18977
  392/8883: mp-1111924
  393/8883: mp-1183541
  394/8883: mp-971924
  395/8883: mp-1111472
unable to access bucket: 'materialsproject-parsed' key: 'chgcars/mp-1396178.json.gz' version: None error: An error occurred (NoSuchKey) when calling the GetObject operation: The specified key does not exist.
  396/8883: mp-865579
  397/8883: mp-1112920
  398/8883: mp-1112022
  399/8883: mp-1180839
  400/8883: mp-864983
unable to access bucket: 'materialsproject-parsed' key: 'chgcars/mp-1771751.json.gz' version: None error: An error occurred (NoSuchKey) when calling the GetObject operation: The specified key does not exist.
  401/8883: mp-1183510
  402/8883: mp-726178
  403/8883: mp-1067817
unable to access bucket: 'materialsproject-parsed' key: 'chgcars/mp-1300540.json.gz' version: None error: An error occurred (NoSuchKey) when calling the GetObject operation: The specified key does not exist.
  404/8883: mp-977378
  405/8883: mp-1207120
unable to access bucket: 'materialsproject-parsed' key: 'chgcars/mp-1401596.json.gz' version: None error: An error occurred (NoSuchKey) when calling the GetObject operation: The specified key does not exist.
  406/8883: mp-1214905
unable to access bucket: 'materialsproject-parsed' key: 'chgcars/mp-1343942.json.gz' version: None error: An error occurred (NoSuchKey) when calling the GetObject operation: The specified key does not exist.
  407/8883: mp-1110865
  408/8883: mp-977239
unable to access bucket: 'materialsproject-parsed' key: 'chgcars/mp-1432570.json.gz' version: None error: An error occurred (NoSuchKey) when calling the GetObject operation: The specified key does not exist.
  409/8883: mp-1112947
  410/8883: mp-1112146
  411/8883: mp-862721
unable to access bucket: 'materialsproject-parsed' key: 'chgcars/mp-1397003.json.gz' version: None error: An error occurred (NoSuchKey) when calling the GetObject operation: The specified key does not exist.
  412/8883: mp-1186767
unable to access bucket: 'materialsproject-parsed' key: 'chgcars/mp-1403449.json.gz' version: None error: An error occurred (NoSuchKey) when calling the GetObject operation: The specified key does not exist.
  413/8883: mp-973126
  414/8883: mp-1232235
unable to access bucket: 'materialsproject-parsed' key: 'chgcars/mp-1424798.json.gz' version: None error: An error occurred (NoSuchKey) when calling the GetObject operation: The specified key does not exist.
  415/8883: mp-1111274
unable to access bucket: 'materialsproject-parsed' key: 'chgcars/mp-1386258.json.gz' version: None error: An error occurred (NoSuchKey) when calling the GetObject operation: The specified key does not exist.
  416/8883: mp-2199
  417/8883: mp-866031
  418/8883: mp-989528
unable to access bucket: 'materialsproject-parsed' key: 'chgcars/mp-1408432.json.gz' version: None error: An error occurred (NoSuchKey) when calling the GetObject operation: The specified key does not exist.
  419/8883: mp-864761
  420/8883: mp-1079998
  421/8883: mp-861726
unable to access bucket: 'materialsproject-parsed' key: 'chgcars/mp-1418210.json.gz' version: None error: An error occurred (NoSuchKey) when calling the GetObject operation: The specified key does not exist.
  422/8883: mp-976863
  423/8883: mp-13175
unable to access bucket: 'materialsproject-parsed' key: 'chgcars/mp-1429426.json.gz' version: None error: An error occurred (NoSuchKey) when calling the GetObject operation: The specified key does not exist.
  424/8883: mp-1111280
unable to access bucket: 'materialsproject-parsed' key: 'chgcars/mp-1405983.json.gz' version: None error: An error occurred (NoSuchKey) when calling the GetObject operation: The specified key does not exist.
  425/8883: mp-1207426
unable to access bucket: 'materialsproject-parsed' key: 'chgcars/mp-1345730.json.gz' version: None error: An error occurred (NoSuchKey) when calling the GetObject operation: The specified key does not exist.
  426/8883: mp-1112657
  427/8883: mp-2647124
  428/8883: mp-550274
  429/8883: mp-1112933
unable to access bucket: 'materialsproject-parsed' key: 'chgcars/mp-1369052.json.gz' version: None error: An error occurred (NoSuchKey) when calling the GetObject operation: The specified key does not exist.
  430/8883: mp-1114078
unable to access bucket: 'materialsproject-parsed' key: 'chgcars/mp-1400113.json.gz' version: None error: An error occurred (NoSuchKey) when calling the GetObject operation: The specified key does not exist.
  431/8883: mp-1114001
unable to access bucket: 'materialsproject-parsed' key: 'chgcars/mp-1383379.json.gz' version: None error: An error occurred (NoSuchKey) when calling the GetObject operation: The specified key does not exist.
  432/8883: mp-1111108
  433/8883: mp-1112345
unable to access bucket: 'materialsproject-parsed' key: 'chgcars/mp-1407636.json.gz' version: None error: An error occurred (NoSuchKey) when calling the GetObject operation: The specified key does not exist.
  434/8883: mp-22184
unable to access bucket: 'materialsproject-parsed' key: 'chgcars/mp-2267981.json.gz' version: None error: An error occurred (NoSuchKey) when calling the GetObject operation: The specified key does not exist.
  435/8883: mp-1110753
  436/8883: mp-974949
unable to access bucket: 'materialsproject-parsed' key: 'chgcars/mp-1403622.json.gz' version: None error: An error occurred (NoSuchKey) when calling the GetObject operation: The specified key does not exist.
  437/8883: mp-1183594
unable to access bucket: 'materialsproject-parsed' key: 'chgcars/mp-1397318.json.gz' version: None error: An error occurred (NoSuchKey) when calling the GetObject operation: The specified key does not exist.
  438/8883: mp-1062676
  439/8883: mp-6609
  440/8883: mp-1187134
unable to access bucket: 'materialsproject-parsed' key: 'chgcars/mp-1409022.json.gz' version: None error: An error occurred (NoSuchKey) when calling the GetObject operation: The specified key does not exist.
  441/8883: mp-1111200
unable to access bucket: 'materialsproject-parsed' key: 'chgcars/mp-1333518.json.gz' version: None error: An error occurred (NoSuchKey) when calling the GetObject operation: The specified key does not exist.
  442/8883: mp-631880
  443/8883: mp-861888
  444/8883: mp-10157
unable to access bucket: 'materialsproject-parsed' key: 'chgcars/mp-1439616.json.gz' version: None error: An error occurred (NoSuchKey) when calling the GetObject operation: The specified key does not exist.
  445/8883: mp-861909
  446/8883: mp-865974
unable to access bucket: 'materialsproject-parsed' key: 'chgcars/mp-1443393.json.gz' version: None error: An error occurred (NoSuchKey) when calling the GetObject operation: The specified key does not exist.
  447/8883: mp-1113832
  448/8883: mp-862681
unable to access bucket: 'materialsproject-parsed' key: 'chgcars/mp-1425179.json.gz' version: None error: An error occurred (NoSuchKey) when calling the GetObject operation: The specified key does not exist.
  449/8883: mp-1147688
  450/8883: mp-19159
unable to access bucket: 'materialsproject-parsed' key: 'chgcars/mp-1428032.json.gz' version: None error: An error occurred (NoSuchKey) when calling the GetObject operation: The specified key does not exist.
  451/8883: mp-864999
  452/8883: mp-1184893
  453/8883: mp-19091
  454/8883: mp-541853
unable to access bucket: 'materialsproject-parsed' key: 'chgcars/mp-1427257.json.gz' version: None error: An error occurred (NoSuchKey) when calling the GetObject operation: The specified key does not exist.
  455/8883: mp-1079096
  456/8883: mp-862873
  457/8883: mp-1184605
  458/8883: mp-867761
  459/8883: mp-1111410
  460/8883: mp-631304
  461/8883: mp-1205742
  462/8883: mp-542951
  463/8883: mp-1111373
  464/8883: mp-1206097
unable to access bucket: 'materialsproject-parsed' key: 'chgcars/mp-1390592.json.gz' version: None error: An error occurred (NoSuchKey) when calling the GetObject operation: The specified key does not exist.
  465/8883: mp-864781
unable to access bucket: 'materialsproject-parsed' key: 'chgcars/mp-1423748.json.gz' version: None error: An error occurred (NoSuchKey) when calling the GetObject operation: The specified key does not exist.
  466/8883: mp-867109
  467/8883: mp-1110876
  468/8883: mp-2546
  469/8883: mp-862837
unable to access bucket: 'materialsproject-parsed' key: 'chgcars/mp-1423429.json.gz' version: None error: An error occurred (NoSuchKey) when calling the GetObject operation: The specified key does not exist.
  470/8883: mp-1076925
  471/8883: mp-1207126
  472/8883: mp-1111715
  473/8883: mp-1184363
unable to access bucket: 'materialsproject-parsed' key: 'chgcars/mp-1425468.json.gz' version: None error: An error occurred (NoSuchKey) when calling the GetObject operation: The specified key does not exist.
  474/8883: mp-976155
  475/8883: mp-978885
  476/8883: mp-20813
  477/8883: mp-1011695
  478/8883: mp-980647
unable to access bucket: 'materialsproject-parsed' key: 'chgcars/mp-1383168.json.gz' version: None error: An error occurred (NoSuchKey) when calling the GetObject operation: The specified key does not exist.
  479/8883: mp-1184580
  480/8883: mp-1111711
  481/8883: mp-1186953
  482/8883: mp-977593
  483/8883: mp-5419
unable to access bucket: 'materialsproject-parsed' key: 'chgcars/mp-1438496.json.gz' version: None error: An error occurred (NoSuchKey) when calling the GetObject operation: The specified key does not exist.
  484/8883: mp-1187684
  485/8883: mp-865715
  486/8883: mp-569639
  487/8883: mp-1110847
  488/8883: mp-864625
  489/8883: mp-971705
  490/8883: mp-1112887
  491/8883: mp-1193985
  492/8883: mp-807
unable to access bucket: 'materialsproject-parsed' key: 'chgcars/mp-1439765.json.gz' version: None error: An error occurred (NoSuchKey) when calling the GetObject operation: The specified key does not exist.
  493/8883: mp-1112141
unable to access bucket: 'materialsproject-parsed' key: 'chgcars/mp-1372765.json.gz' version: None error: An error occurred (NoSuchKey) when calling the GetObject operation: The specified key does not exist.
  494/8883: mp-862631
unable to access bucket: 'materialsproject-parsed' key: 'chgcars/mp-1384691.json.gz' version: None error: An error occurred (NoSuchKey) when calling the GetObject operation: The specified key does not exist.
  495/8883: mp-569440
unable to access bucket: 'materialsproject-parsed' key: 'chgcars/mp-1438391.json.gz' version: None error: An error occurred (NoSuchKey) when calling the GetObject operation: The specified key does not exist.
  496/8883: mp-865445
  497/8883: mp-6985
  498/8883: mp-1185587
  499/8883: mp-862937
unable to access bucket: 'materialsproject-parsed' key: 'chgcars/mp-1424527.json.gz' version: None error: An error occurred (NoSuchKey) when calling the GetObject operation: The specified key does not exist.
  500/8883: mp-864760
unable to access bucket: 'materialsproject-parsed' key: 'chgcars/mp-1416815.json.gz' version: None error: An error occurred (NoSuchKey) when calling the GetObject operation: The specified key does not exist.
  501/8883: mp-1185511
  502/8883: mp-1112032
  503/8883: mp-865046
  504/8883: mp-867773
unable to access bucket: 'materialsproject-parsed' key: 'chgcars/mp-1436125.json.gz' version: None error: An error occurred (NoSuchKey) when calling the GetObject operation: The specified key does not exist.
  505/8883: mp-1113863
  506/8883: mp-867239
unable to access bucket: 'materialsproject-parsed' key: 'chgcars/mp-1411831.json.gz' version: None error: An error occurred (NoSuchKey) when calling the GetObject operation: The specified key does not exist.
  507/8883: mp-1110579
  508/8883: mp-1114137
unable to access bucket: 'materialsproject-parsed' key: 'chgcars/mp-1389571.json.gz' version: None error: An error occurred (NoSuchKey) when calling the GetObject operation: The specified key does not exist.
  509/8883: mp-867850
unable to access bucket: 'materialsproject-parsed' key: 'chgcars/mp-1770724.json.gz' version: None error: An error occurred (NoSuchKey) when calling the GetObject operation: The specified key does not exist.
  510/8883: mp-1147677
  511/8883: mp-865915
unable to access bucket: 'materialsproject-parsed' key: 'chgcars/mp-1435013.json.gz' version: None error: An error occurred (NoSuchKey) when calling the GetObject operation: The specified key does not exist.
  512/8883: mp-1113925
  513/8883: mp-1110915
  514/8883: mp-1184667
  515/8883: mp-1183637
  516/8883: mp-1185749
  517/8883: mp-865442
unable to access bucket: 'materialsproject-parsed' key: 'chgcars/mp-1431989.json.gz' version: None error: An error occurred (NoSuchKey) when calling the GetObject operation: The specified key does not exist.
  518/8883: mp-2083
  519/8883: mp-542996
unable to access bucket: 'materialsproject-parsed' key: 'chgcars/mp-1389226.json.gz' version: None error: An error occurred (NoSuchKey) when calling the GetObject operation: The specified key does not exist.
  520/8883: mp-1113091
  521/8883: mp-978266
unable to access bucket: 'materialsproject-parsed' key: 'chgcars/mp-1433414.json.gz' version: None error: An error occurred (NoSuchKey) when calling the GetObject operation: The specified key does not exist.
  522/8883: mp-1114105
  523/8883: mp-1186577
  524/8883: mp-568537
unable to access bucket: 'materialsproject-parsed' key: 'chgcars/mp-1438249.json.gz' version: None error: An error occurred (NoSuchKey) when calling the GetObject operation: The specified key does not exist.
  525/8883: mp-27839
unable to access bucket: 'materialsproject-parsed' key: 'chgcars/mp-1423061.json.gz' version: None error: An error occurred (NoSuchKey) when calling the GetObject operation: The specified key does not exist.
  526/8883: mp-864926
unable to access bucket: 'materialsproject-parsed' key: 'chgcars/mp-1426324.json.gz' version: None error: An error occurred (NoSuchKey) when calling the GetObject operation: The specified key does not exist.
  527/8883: mp-865904
  528/8883: mp-978984
unable to access bucket: 'materialsproject-parsed' key: 'chgcars/mp-1435821.json.gz' version: None error: An error occurred (NoSuchKey) when calling the GetObject operation: The specified key does not exist.
  529/8883: mp-1110899
  530/8883: mp-38489
unable to access bucket: 'materialsproject-parsed' key: 'chgcars/mp-1768751.json.gz' version: None error: An error occurred (NoSuchKey) when calling the GetObject operation: The specified key does not exist.
  531/8883: mp-1187702
unable to access bucket: 'materialsproject-parsed' key: 'chgcars/mp-1436235.json.gz' version: None error: An error occurred (NoSuchKey) when calling the GetObject operation: The specified key does not exist.
  532/8883: mp-1185487
unable to access bucket: 'materialsproject-parsed' key: 'chgcars/mp-1436542.json.gz' version: None error: An error occurred (NoSuchKey) when calling the GetObject operation: The specified key does not exist.
  533/8883: mp-1185450
  534/8883: mp-14036
  535/8883: mp-863705
  536/8883: mp-570528
  537/8883: mp-865892
  538/8883: mp-977550
unable to access bucket: 'materialsproject-parsed' key: 'chgcars/mp-1428044.json.gz' version: None error: An error occurred (NoSuchKey) when calling the GetObject operation: The specified key does not exist.
  539/8883: mp-1183569
  540/8883: mp-1184835
  541/8883: mp-1185617
  542/8883: mp-1194036
  543/8883: mp-1187200
  544/8883: mp-862300
unable to access bucket: 'materialsproject-parsed' key: 'chgcars/mp-1415741.json.gz' version: None error: An error occurred (NoSuchKey) when calling the GetObject operation: The specified key does not exist.
  545/8883: mp-867905
unable to access bucket: 'materialsproject-parsed' key: 'chgcars/mp-1417157.json.gz' version: None error: An error occurred (NoSuchKey) when calling the GetObject operation: The specified key does not exist.
  546/8883: mp-1111145
  547/8883: mp-1111074
unable to access bucket: 'materialsproject-parsed' key: 'chgcars/mp-1444747.json.gz' version: None error: An error occurred (NoSuchKey) when calling the GetObject operation: The specified key does not exist.
  548/8883: mp-16358
unable to access bucket: 'materialsproject-parsed' key: 'chgcars/mp-1438581.json.gz' version: None error: An error occurred (NoSuchKey) when calling the GetObject operation: The specified key does not exist.
  549/8883: mp-862936
unable to access bucket: 'materialsproject-parsed' key: 'chgcars/mp-1433166.json.gz' version: None error: An error occurred (NoSuchKey) when calling the GetObject operation: The specified key does not exist.
  550/8883: mp-1113146
  551/8883: mp-862379
  552/8883: mp-865110
unable to access bucket: 'materialsproject-parsed' key: 'chgcars/mp-1429484.json.gz' version: None error: An error occurred (NoSuchKey) when calling the GetObject operation: The specified key does not exist.
  553/8883: mp-631355
  554/8883: mp-1111673
  555/8883: mp-582883
unable to access bucket: 'materialsproject-parsed' key: 'chgcars/mp-1354948.json.gz' version: None error: An error occurred (NoSuchKey) when calling the GetObject operation: The specified key does not exist.
  556/8883: mp-1185183
  557/8883: mp-974310
unable to access bucket: 'materialsproject-parsed' key: 'chgcars/mp-1425681.json.gz' version: None error: An error occurred (NoSuchKey) when calling the GetObject operation: The specified key does not exist.
  558/8883: mp-545659
unable to access bucket: 'materialsproject-parsed' key: 'chgcars/mp-1418024.json.gz' version: None error: An error occurred (NoSuchKey) when calling the GetObject operation: The specified key does not exist.
  559/8883: mp-13322
  560/8883: mp-971754
unable to access bucket: 'materialsproject-parsed' key: 'chgcars/mp-1426973.json.gz' version: None error: An error occurred (NoSuchKey) when calling the GetObject operation: The specified key does not exist.
  561/8883: mp-865150
unable to access bucket: 'materialsproject-parsed' key: 'chgcars/mp-1420265.json.gz' version: None error: An error occurred (NoSuchKey) when calling the GetObject operation: The specified key does not exist.
  562/8883: mp-1187764
  563/8883: mp-1187269
  564/8883: mp-861625
  565/8883: mp-22029
  566/8883: mp-1218817
unable to access bucket: 'materialsproject-parsed' key: 'chgcars/mp-1444866.json.gz' version: None error: An error occurred (NoSuchKey) when calling the GetObject operation: The specified key does not exist.
  567/8883: mp-1080017
  568/8883: mp-1112027
unable to access bucket: 'materialsproject-parsed' key: 'chgcars/mp-1405837.json.gz' version: None error: An error occurred (NoSuchKey) when calling the GetObject operation: The specified key does not exist.
  569/8883: mp-865123
unable to access bucket: 'materialsproject-parsed' key: 'chgcars/mp-1433746.json.gz' version: None error: An error occurred (NoSuchKey) when calling the GetObject operation: The specified key does not exist.
  570/8883: mp-1187370
  571/8883: mp-1183808
  572/8883: mp-977454
unable to access bucket: 'materialsproject-parsed' key: 'chgcars/mp-1434249.json.gz' version: None error: An error occurred (NoSuchKey) when calling the GetObject operation: The specified key does not exist.
  573/8883: mp-981541
  574/8883: mp-1916
unable to access bucket: 'materialsproject-parsed' key: 'chgcars/mp-1442226.json.gz' version: None error: An error occurred (NoSuchKey) when calling the GetObject operation: The specified key does not exist.
  575/8883: mp-1079272
  576/8883: mp-1185508
  577/8883: mp-862838
unable to access bucket: 'materialsproject-parsed' key: 'chgcars/mp-1428102.json.gz' version: None error: An error occurred (NoSuchKey) when calling the GetObject operation: The specified key does not exist.
  578/8883: mp-977352
unable to access bucket: 'materialsproject-parsed' key: 'chgcars/mp-1434600.json.gz' version: None error: An error occurred (NoSuchKey) when calling the GetObject operation: The specified key does not exist.
  579/8883: mp-863729
  580/8883: mp-1183166
unable to access bucket: 'materialsproject-parsed' key: 'chgcars/mp-1425732.json.gz' version: None error: An error occurred (NoSuchKey) when calling the GetObject operation: The specified key does not exist.
  581/8883: mp-864803
  582/8883: mp-1111217
  583/8883: mp-1009730
  584/8883: mp-1219284
  585/8883: mp-1186003
  586/8883: mp-865745
unable to access bucket: 'materialsproject-parsed' key: 'chgcars/mp-1771661.json.gz' version: None error: An error occurred (NoSuchKey) when calling the GetObject operation: The specified key does not exist.
  587/8883: mp-1183199
unable to access bucket: 'materialsproject-parsed' key: 'chgcars/mp-1434411.json.gz' version: None error: An error occurred (NoSuchKey) when calling the GetObject operation: The specified key does not exist.
  588/8883: mp-1111688
  589/8883: mp-1114178
unable to access bucket: 'materialsproject-parsed' key: 'chgcars/mp-1332663.json.gz' version: None error: An error occurred (NoSuchKey) when calling the GetObject operation: The specified key does not exist.
  590/8883: mp-1110879
unable to access bucket: 'materialsproject-parsed' key: 'chgcars/mp-1445649.json.gz' version: None error: An error occurred (NoSuchKey) when calling the GetObject operation: The specified key does not exist.
  591/8883: mp-865728
  592/8883: mp-867882
unable to access bucket: 'materialsproject-parsed' key: 'chgcars/mp-1437120.json.gz' version: None error: An error occurred (NoSuchKey) when calling the GetObject operation: The specified key does not exist.
  593/8883: mp-1113281
  594/8883: mp-1185894
unable to access bucket: 'materialsproject-parsed' key: 'chgcars/mp-1421071.json.gz' version: None error: An error occurred (NoSuchKey) when calling the GetObject operation: The specified key does not exist.
  595/8883: mp-1111352
unable to access bucket: 'materialsproject-parsed' key: 'chgcars/mp-1404089.json.gz' version: None error: An error occurred (NoSuchKey) when calling the GetObject operation: The specified key does not exist.
  596/8883: mp-27834
  597/8883: mp-1186209
unable to access bucket: 'materialsproject-parsed' key: 'chgcars/mp-1407765.json.gz' version: None error: An error occurred (NoSuchKey) when calling the GetObject operation: The specified key does not exist.
  598/8883: mp-979417
unable to access bucket: 'materialsproject-parsed' key: 'chgcars/mp-1435255.json.gz' version: None error: An error occurred (NoSuchKey) when calling the GetObject operation: The specified key does not exist.
  599/8883: mp-1205760
unable to access bucket: 'materialsproject-parsed' key: 'chgcars/mp-1397315.json.gz' version: None error: An error occurred (NoSuchKey) when calling the GetObject operation: The specified key does not exist.
  600/8883: mp-640158
unable to access bucket: 'materialsproject-parsed' key: 'chgcars/mp-1397664.json.gz' version: None error: An error occurred (NoSuchKey) when calling the GetObject operation: The specified key does not exist.
  601/8883: mp-865494
unable to access bucket: 'materialsproject-parsed' key: 'chgcars/mp-1425986.json.gz' version: None error: An error occurred (NoSuchKey) when calling the GetObject operation: The specified key does not exist.
  602/8883: mp-865431
unable to access bucket: 'materialsproject-parsed' key: 'chgcars/mp-1428682.json.gz' version: None error: An error occurred (NoSuchKey) when calling the GetObject operation: The specified key does not exist.
  603/8883: mp-865580
  604/8883: mp-972623
  605/8883: mp-865382
  606/8883: mp-7163
  607/8883: mp-867364
unable to access bucket: 'materialsproject-parsed' key: 'chgcars/mp-1416190.json.gz' version: None error: An error occurred (NoSuchKey) when calling the GetObject operation: The specified key does not exist.
  608/8883: mp-2853
unable to access bucket: 'materialsproject-parsed' key: 'chgcars/mp-1442253.json.gz' version: None error: An error occurred (NoSuchKey) when calling the GetObject operation: The specified key does not exist.
  609/8883: mp-752735
unable to access bucket: 'materialsproject-parsed' key: 'chgcars/mp-1414712.json.gz' version: None error: An error occurred (NoSuchKey) when calling the GetObject operation: The specified key does not exist.
  610/8883: mp-1186935
  611/8883: mp-972633
  612/8883: mp-1187800
unable to access bucket: 'materialsproject-parsed' key: 'chgcars/mp-1403018.json.gz' version: None error: An error occurred (NoSuchKey) when calling the GetObject operation: The specified key does not exist.
  613/8883: mp-1110575
unable to access bucket: 'materialsproject-parsed' key: 'chgcars/mp-1403680.json.gz' version: None error: An error occurred (NoSuchKey) when calling the GetObject operation: The specified key does not exist.
  614/8883: mp-1207398
unable to access bucket: 'materialsproject-parsed' key: 'chgcars/mp-1375732.json.gz' version: None error: An error occurred (NoSuchKey) when calling the GetObject operation: The specified key does not exist.
  615/8883: mp-1112212
unable to access bucket: 'materialsproject-parsed' key: 'chgcars/mp-1399367.json.gz' version: None error: An error occurred (NoSuchKey) when calling the GetObject operation: The specified key does not exist.
  616/8883: mp-865982
unable to access bucket: 'materialsproject-parsed' key: 'chgcars/mp-1406151.json.gz' version: None error: An error occurred (NoSuchKey) when calling the GetObject operation: The specified key does not exist.
  617/8883: mp-1186519
unable to access bucket: 'materialsproject-parsed' key: 'chgcars/mp-1384292.json.gz' version: None error: An error occurred (NoSuchKey) when calling the GetObject operation: The specified key does not exist.
  618/8883: mp-1205907
unable to access bucket: 'materialsproject-parsed' key: 'chgcars/mp-1411184.json.gz' version: None error: An error occurred (NoSuchKey) when calling the GetObject operation: The specified key does not exist.
  619/8883: mp-862553
unable to access bucket: 'materialsproject-parsed' key: 'chgcars/mp-1415068.json.gz' version: None error: An error occurred (NoSuchKey) when calling the GetObject operation: The specified key does not exist.
  620/8883: mp-21171
  621/8883: mp-1112010
  622/8883: mp-1112193
unable to access bucket: 'materialsproject-parsed' key: 'chgcars/mp-1398682.json.gz' version: None error: An error occurred (NoSuchKey) when calling the GetObject operation: The specified key does not exist.
  623/8883: mp-1112129
  624/8883: mp-1187721
  625/8883: mp-11492
  626/8883: mp-999187
unable to access bucket: 'materialsproject-parsed' key: 'chgcars/mp-1419660.json.gz' version: None error: An error occurred (NoSuchKey) when calling the GetObject operation: The specified key does not exist.
  627/8883: mp-20567
unable to access bucket: 'materialsproject-parsed' key: 'chgcars/mp-1412896.json.gz' version: None error: An error occurred (NoSuchKey) when calling the GetObject operation: The specified key does not exist.
  628/8883: mp-867115
unable to access bucket: 'materialsproject-parsed' key: 'chgcars/mp-1435954.json.gz' version: None error: An error occurred (NoSuchKey) when calling the GetObject operation: The specified key does not exist.
  629/8883: mp-1111995
  630/8883: mp-866040
  631/8883: mp-864898
  632/8883: mp-867191
  633/8883: mp-1183328
  634/8883: mp-1232425
  635/8883: mp-865968
unable to access bucket: 'materialsproject-parsed' key: 'chgcars/mp-1419183.json.gz' version: None error: An error occurred (NoSuchKey) when calling the GetObject operation: The specified key does not exist.
  636/8883: mp-862698
unable to access bucket: 'materialsproject-parsed' key: 'chgcars/mp-1399708.json.gz' version: None error: An error occurred (NoSuchKey) when calling the GetObject operation: The specified key does not exist.
  637/8883: mp-1185602
  638/8883: mp-1111896
unable to access bucket: 'materialsproject-parsed' key: 'chgcars/mp-1412218.json.gz' version: None error: An error occurred (NoSuchKey) when calling the GetObject operation: The specified key does not exist.
  639/8883: mp-866013
unable to access bucket: 'materialsproject-parsed' key: 'chgcars/mp-1429158.json.gz' version: None error: An error occurred (NoSuchKey) when calling the GetObject operation: The specified key does not exist.
  640/8883: mp-1111303
  641/8883: mp-1184994
unable to access bucket: 'materialsproject-parsed' key: 'chgcars/mp-1383110.json.gz' version: None error: An error occurred (NoSuchKey) when calling the GetObject operation: The specified key does not exist.
  642/8883: mp-1094471
unable to access bucket: 'materialsproject-parsed' key: 'chgcars/mp-1404694.json.gz' version: None error: An error occurred (NoSuchKey) when calling the GetObject operation: The specified key does not exist.
  643/8883: mp-1112505
  644/8883: mp-1111369
  645/8883: mp-865993
unable to access bucket: 'materialsproject-parsed' key: 'chgcars/mp-1424815.json.gz' version: None error: An error occurred (NoSuchKey) when calling the GetObject operation: The specified key does not exist.
  646/8883: mp-1184403
  647/8883: mp-1183463
  648/8883: mp-1183073
unable to access bucket: 'materialsproject-parsed' key: 'chgcars/mp-1393877.json.gz' version: None error: An error occurred (NoSuchKey) when calling the GetObject operation: The specified key does not exist.
  649/8883: mp-1113420
  650/8883: mp-977062
unable to access bucket: 'materialsproject-parsed' key: 'chgcars/mp-1384318.json.gz' version: None error: An error occurred (NoSuchKey) when calling the GetObject operation: The specified key does not exist.
  651/8883: mp-1185512
unable to access bucket: 'materialsproject-parsed' key: 'chgcars/mp-1430455.json.gz' version: None error: An error occurred (NoSuchKey) when calling the GetObject operation: The specified key does not exist.
  652/8883: mp-1184124
  653/8883: mp-1187850
unable to access bucket: 'materialsproject-parsed' key: 'chgcars/mp-1421956.json.gz' version: None error: An error occurred (NoSuchKey) when calling the GetObject operation: The specified key does not exist.
  654/8883: mp-1205685
unable to access bucket: 'materialsproject-parsed' key: 'chgcars/mp-1388489.json.gz' version: None error: An error occurred (NoSuchKey) when calling the GetObject operation: The specified key does not exist.
  655/8883: mp-931
  656/8883: mp-1066751
unable to access bucket: 'materialsproject-parsed' key: 'chgcars/mp-1424535.json.gz' version: None error: An error occurred (NoSuchKey) when calling the GetObject operation: The specified key does not exist.
  657/8883: mp-1185107
  658/8883: mp-1111253
unable to access bucket: 'materialsproject-parsed' key: 'chgcars/mp-1408889.json.gz' version: None error: An error occurred (NoSuchKey) when calling the GetObject operation: The specified key does not exist.
  659/8883: mp-1110809
unable to access bucket: 'materialsproject-parsed' key: 'chgcars/mp-1409067.json.gz' version: None error: An error occurred (NoSuchKey) when calling the GetObject operation: The specified key does not exist.
  660/8883: mp-1110928
  661/8883: mp-1111109
unable to access bucket: 'materialsproject-parsed' key: 'chgcars/mp-1401543.json.gz' version: None error: An error occurred (NoSuchKey) when calling the GetObject operation: The specified key does not exist.
  662/8883: mp-13935
  663/8883: mp-865306
unable to access bucket: 'materialsproject-parsed' key: 'chgcars/mp-1430507.json.gz' version: None error: An error occurred (NoSuchKey) when calling the GetObject operation: The specified key does not exist.
  664/8883: mp-989567
unable to access bucket: 'materialsproject-parsed' key: 'chgcars/mp-1392861.json.gz' version: None error: An error occurred (NoSuchKey) when calling the GetObject operation: The specified key does not exist.
  665/8883: mp-1112551
unable to access bucket: 'materialsproject-parsed' key: 'chgcars/mp-1392298.json.gz' version: None error: An error occurred (NoSuchKey) when calling the GetObject operation: The specified key does not exist.
  666/8883: mp-864744
unable to access bucket: 'materialsproject-parsed' key: 'chgcars/mp-1421143.json.gz' version: None error: An error occurred (NoSuchKey) when calling the GetObject operation: The specified key does not exist.
  667/8883: mp-865654
unable to access bucket: 'materialsproject-parsed' key: 'chgcars/mp-1386249.json.gz' version: None error: An error occurred (NoSuchKey) when calling the GetObject operation: The specified key does not exist.
  668/8883: mp-976259
  669/8883: mp-1112048
  670/8883: mp-989536
unable to access bucket: 'materialsproject-parsed' key: 'chgcars/mp-1408791.json.gz' version: None error: An error occurred (NoSuchKey) when calling the GetObject operation: The specified key does not exist.
  671/8883: mp-13136
unable to access bucket: 'materialsproject-parsed' key: 'chgcars/mp-1442078.json.gz' version: None error: An error occurred (NoSuchKey) when calling the GetObject operation: The specified key does not exist.
  672/8883: mp-977575
  673/8883: mp-1184887
  674/8883: mp-1227285
unable to access bucket: 'materialsproject-parsed' key: 'chgcars/mp-1418557.json.gz' version: None error: An error occurred (NoSuchKey) when calling the GetObject operation: The specified key does not exist.
  675/8883: mp-866082
unable to access bucket: 'materialsproject-parsed' key: 'chgcars/mp-1426258.json.gz' version: None error: An error occurred (NoSuchKey) when calling the GetObject operation: The specified key does not exist.
  676/8883: mp-865223
  677/8883: mp-23231
  678/8883: mp-1120775
  679/8883: mp-571126
unable to access bucket: 'materialsproject-parsed' key: 'chgcars/mp-1429130.json.gz' version: None error: An error occurred (NoSuchKey) when calling the GetObject operation: The specified key does not exist.
  680/8883: mp-979437
unable to access bucket: 'materialsproject-parsed' key: 'chgcars/mp-1427732.json.gz' version: None error: An error occurred (NoSuchKey) when calling the GetObject operation: The specified key does not exist.
  681/8883: mp-862824
unable to access bucket: 'materialsproject-parsed' key: 'chgcars/mp-1398820.json.gz' version: None error: An error occurred (NoSuchKey) when calling the GetObject operation: The specified key does not exist.
  682/8883: mp-981512
unable to access bucket: 'materialsproject-parsed' key: 'chgcars/mp-1427314.json.gz' version: None error: An error occurred (NoSuchKey) when calling the GetObject operation: The specified key does not exist.
  683/8883: mp-580631
  684/8883: mp-510374
  685/8883: mp-1183466
unable to access bucket: 'materialsproject-parsed' key: 'chgcars/mp-1390842.json.gz' version: None error: An error occurred (NoSuchKey) when calling the GetObject operation: The specified key does not exist.
  686/8883: mp-1187367
unable to access bucket: 'materialsproject-parsed' key: 'chgcars/mp-1431448.json.gz' version: None error: An error occurred (NoSuchKey) when calling the GetObject operation: The specified key does not exist.
  687/8883: mp-867869
unable to access bucket: 'materialsproject-parsed' key: 'chgcars/mp-1442751.json.gz' version: None error: An error occurred (NoSuchKey) when calling the GetObject operation: The specified key does not exist.
  688/8883: mp-1113355
  689/8883: mp-1184408
unable to access bucket: 'materialsproject-parsed' key: 'chgcars/mp-1774384.json.gz' version: None error: An error occurred (NoSuchKey) when calling the GetObject operation: The specified key does not exist.
  690/8883: mp-1185293
unable to access bucket: 'materialsproject-parsed' key: 'chgcars/mp-1395952.json.gz' version: None error: An error occurred (NoSuchKey) when calling the GetObject operation: The specified key does not exist.
  691/8883: mp-865905
unable to access bucket: 'materialsproject-parsed' key: 'chgcars/mp-1391330.json.gz' version: None error: An error occurred (NoSuchKey) when calling the GetObject operation: The specified key does not exist.
  692/8883: mp-1184560
unable to access bucket: 'materialsproject-parsed' key: 'chgcars/mp-1436742.json.gz' version: None error: An error occurred (NoSuchKey) when calling the GetObject operation: The specified key does not exist.
  693/8883: mp-1184647
  694/8883: mp-1184470
  695/8883: mp-861501
unable to access bucket: 'materialsproject-parsed' key: 'chgcars/mp-1397626.json.gz' version: None error: An error occurred (NoSuchKey) when calling the GetObject operation: The specified key does not exist.
  696/8883: mp-973456
  697/8883: mp-1001602
unable to access bucket: 'materialsproject-parsed' key: 'chgcars/mp-1400968.json.gz' version: None error: An error occurred (NoSuchKey) when calling the GetObject operation: The specified key does not exist.
  698/8883: mp-1186015
  699/8883: mp-1176
unable to access bucket: 'materialsproject-parsed' key: 'chgcars/mp-1442296.json.gz' version: None error: An error occurred (NoSuchKey) when calling the GetObject operation: The specified key does not exist.
  700/8883: mp-1038778
unable to access bucket: 'materialsproject-parsed' key: 'chgcars/mp-1410362.json.gz' version: None error: An error occurred (NoSuchKey) when calling the GetObject operation: The specified key does not exist.
  701/8883: mp-560071
  702/8883: mp-865829
  703/8883: mp-1183588
  704/8883: mp-1184333
  705/8883: mp-31173
  706/8883: mp-18981
  707/8883: mp-1184561
unable to access bucket: 'materialsproject-parsed' key: 'chgcars/mp-1435726.json.gz' version: None error: An error occurred (NoSuchKey) when calling the GetObject operation: The specified key does not exist.
  708/8883: mp-1186566
unable to access bucket: 'materialsproject-parsed' key: 'chgcars/mp-1406260.json.gz' version: None error: An error occurred (NoSuchKey) when calling the GetObject operation: The specified key does not exist.
  709/8883: mp-862599
unable to access bucket: 'materialsproject-parsed' key: 'chgcars/mp-1475666.json.gz' version: None error: An error occurred (NoSuchKey) when calling the GetObject operation: The specified key does not exist.
  710/8883: mp-1112344
  711/8883: mp-1112167
  712/8883: mp-865569
unable to access bucket: 'materialsproject-parsed' key: 'chgcars/mp-1424954.json.gz' version: None error: An error occurred (NoSuchKey) when calling the GetObject operation: The specified key does not exist.
  713/8883: mp-1180444
  714/8883: mp-1205706
  715/8883: mp-1111833
  716/8883: mp-976330
  717/8883: mp-973887
unable to access bucket: 'materialsproject-parsed' key: 'chgcars/mp-1419965.json.gz' version: None error: An error occurred (NoSuchKey) when calling the GetObject operation: The specified key does not exist.
  718/8883: mp-1112106
  719/8883: mp-1111290
  720/8883: mp-1187803
  721/8883: mp-1008275
  722/8883: mp-1111425
  723/8883: mp-1186330
  724/8883: mp-1110567
  725/8883: mp-974221
unable to access bucket: 'materialsproject-parsed' key: 'chgcars/mp-1425708.json.gz' version: None error: An error occurred (NoSuchKey) when calling the GetObject operation: The specified key does not exist.
  726/8883: mp-1185977
unable to access bucket: 'materialsproject-parsed' key: 'chgcars/mp-1433205.json.gz' version: None error: An error occurred (NoSuchKey) when calling the GetObject operation: The specified key does not exist.
  727/8883: mp-973278
unable to access bucket: 'materialsproject-parsed' key: 'chgcars/mp-1386266.json.gz' version: None error: An error occurred (NoSuchKey) when calling the GetObject operation: The specified key does not exist.
  728/8883: mp-1110672
unable to access bucket: 'materialsproject-parsed' key: 'chgcars/mp-1443080.json.gz' version: None error: An error occurred (NoSuchKey) when calling the GetObject operation: The specified key does not exist.
  729/8883: mp-1111895
unable to access bucket: 'materialsproject-parsed' key: 'chgcars/mp-1443129.json.gz' version: None error: An error occurred (NoSuchKey) when calling the GetObject operation: The specified key does not exist.
  730/8883: mp-1111590
  731/8883: mp-1111977
  732/8883: mp-10018
unable to access bucket: 'materialsproject-parsed' key: 'chgcars/mp-1476022.json.gz' version: None error: An error occurred (NoSuchKey) when calling the GetObject operation: The specified key does not exist.
  733/8883: mp-972866
  734/8883: mp-864601
unable to access bucket: 'materialsproject-parsed' key: 'chgcars/mp-1420071.json.gz' version: None error: An error occurred (NoSuchKey) when calling the GetObject operation: The specified key does not exist.
  735/8883: mp-1185782
  736/8883: mp-867211
unable to access bucket: 'materialsproject-parsed' key: 'chgcars/mp-1418006.json.gz' version: None error: An error occurred (NoSuchKey) when calling the GetObject operation: The specified key does not exist.
  737/8883: mp-865753
  738/8883: mp-866011
  739/8883: mp-1183179
unable to access bucket: 'materialsproject-parsed' key: 'chgcars/mp-1387006.json.gz' version: None error: An error occurred (NoSuchKey) when calling the GetObject operation: The specified key does not exist.
  740/8883: mp-864953
  741/8883: mp-1960
unable to access bucket: 'materialsproject-parsed' key: 'chgcars/mp-1440823.json.gz' version: None error: An error occurred (NoSuchKey) when calling the GetObject operation: The specified key does not exist.
  742/8883: mp-866169
  743/8883: mp-1187071
unable to access bucket: 'materialsproject-parsed' key: 'chgcars/mp-1429288.json.gz' version: None error: An error occurred (NoSuchKey) when calling the GetObject operation: The specified key does not exist.
  744/8883: mp-1187170
  745/8883: mp-1078601
unable to access bucket: 'materialsproject-parsed' key: 'chgcars/mp-1406124.json.gz' version: None error: An error occurred (NoSuchKey) when calling the GetObject operation: The specified key does not exist.
  746/8883: mp-1184458
  747/8883: mp-1187713
unable to access bucket: 'materialsproject-parsed' key: 'chgcars/mp-1419692.json.gz' version: None error: An error occurred (NoSuchKey) when calling the GetObject operation: The specified key does not exist.
  748/8883: mp-1112258
  749/8883: mp-1183898
unable to access bucket: 'materialsproject-parsed' key: 'chgcars/mp-1384518.json.gz' version: None error: An error occurred (NoSuchKey) when calling the GetObject operation: The specified key does not exist.
  750/8883: mp-862972
  751/8883: mp-2232822
  752/8883: mp-1113305
  753/8883: mp-1110610
  754/8883: mp-1186298
unable to access bucket: 'materialsproject-parsed' key: 'chgcars/mp-1418785.json.gz' version: None error: An error occurred (NoSuchKey) when calling the GetObject operation: The specified key does not exist.
  755/8883: mp-1186659
unable to access bucket: 'materialsproject-parsed' key: 'chgcars/mp-1400388.json.gz' version: None error: An error occurred (NoSuchKey) when calling the GetObject operation: The specified key does not exist.
  756/8883: mp-834
unable to access bucket: 'materialsproject-parsed' key: 'chgcars/mp-1440967.json.gz' version: None error: An error occurred (NoSuchKey) when calling the GetObject operation: The specified key does not exist.
  757/8883: mp-631547
unable to access bucket: 'materialsproject-parsed' key: 'chgcars/mp-1387469.json.gz' version: None error: An error occurred (NoSuchKey) when calling the GetObject operation: The specified key does not exist.
  758/8883: mp-1187196
  759/8883: mp-862903
  760/8883: mp-1084762
  761/8883: mp-560710
unable to access bucket: 'materialsproject-parsed' key: 'chgcars/mp-1420887.json.gz' version: None error: An error occurred (NoSuchKey) when calling the GetObject operation: The specified key does not exist.
  762/8883: mp-863676
  763/8883: mp-1112024
  764/8883: mp-1079477
unable to access bucket: 'materialsproject-parsed' key: 'chgcars/mp-1298310.json.gz' version: None error: An error occurred (NoSuchKey) when calling the GetObject operation: The specified key does not exist.
  765/8883: mp-861660
unable to access bucket: 'materialsproject-parsed' key: 'chgcars/mp-1419999.json.gz' version: None error: An error occurred (NoSuchKey) when calling the GetObject operation: The specified key does not exist.
  766/8883: mp-972601
unable to access bucket: 'materialsproject-parsed' key: 'chgcars/mp-1400418.json.gz' version: None error: An error occurred (NoSuchKey) when calling the GetObject operation: The specified key does not exist.
  767/8883: mp-978662
  768/8883: mp-984784
  769/8883: mp-983425
unable to access bucket: 'materialsproject-parsed' key: 'chgcars/mp-1421318.json.gz' version: None error: An error occurred (NoSuchKey) when calling the GetObject operation: The specified key does not exist.
  770/8883: mp-30395
unable to access bucket: 'materialsproject-parsed' key: 'chgcars/mp-1441621.json.gz' version: None error: An error occurred (NoSuchKey) when calling the GetObject operation: The specified key does not exist.
  771/8883: mp-2559
unable to access bucket: 'materialsproject-parsed' key: 'chgcars/mp-1419284.json.gz' version: None error: An error occurred (NoSuchKey) when calling the GetObject operation: The specified key does not exist.
  772/8883: mp-1110864
  773/8883: mp-1185294
  774/8883: mp-867904
unable to access bucket: 'materialsproject-parsed' key: 'chgcars/mp-1417942.json.gz' version: None error: An error occurred (NoSuchKey) when calling the GetObject operation: The specified key does not exist.
  775/8883: mp-1111360
unable to access bucket: 'materialsproject-parsed' key: 'chgcars/mp-1408414.json.gz' version: None error: An error occurred (NoSuchKey) when calling the GetObject operation: The specified key does not exist.
  776/8883: mp-862992
unable to access bucket: 'materialsproject-parsed' key: 'chgcars/mp-1436373.json.gz' version: None error: An error occurred (NoSuchKey) when calling the GetObject operation: The specified key does not exist.
  777/8883: mp-867922
unable to access bucket: 'materialsproject-parsed' key: 'chgcars/mp-1420788.json.gz' version: None error: An error occurred (NoSuchKey) when calling the GetObject operation: The specified key does not exist.
  778/8883: mp-1185424
  779/8883: mp-30079
unable to access bucket: 'materialsproject-parsed' key: 'chgcars/mp-1414874.json.gz' version: None error: An error occurred (NoSuchKey) when calling the GetObject operation: The specified key does not exist.
  780/8883: mp-867835
unable to access bucket: 'materialsproject-parsed' key: 'chgcars/mp-1432442.json.gz' version: None error: An error occurred (NoSuchKey) when calling the GetObject operation: The specified key does not exist.
  781/8883: mp-1094443
unable to access bucket: 'materialsproject-parsed' key: 'chgcars/mp-1401562.json.gz' version: None error: An error occurred (NoSuchKey) when calling the GetObject operation: The specified key does not exist.
  782/8883: mp-865284
  783/8883: mp-8772
unable to access bucket: 'materialsproject-parsed' key: 'chgcars/mp-1415531.json.gz' version: None error: An error occurred (NoSuchKey) when calling the GetObject operation: The specified key does not exist.
  784/8883: mp-1209962
  785/8883: mp-865514
unable to access bucket: 'materialsproject-parsed' key: 'chgcars/mp-1412137.json.gz' version: None error: An error occurred (NoSuchKey) when calling the GetObject operation: The specified key does not exist.
  786/8883: mp-1186194
  787/8883: mp-752683
unable to access bucket: 'materialsproject-parsed' key: 'chgcars/mp-1296477.json.gz' version: None error: An error occurred (NoSuchKey) when calling the GetObject operation: The specified key does not exist.
  788/8883: mp-1192643
unable to access bucket: 'materialsproject-parsed' key: 'chgcars/mp-1404093.json.gz' version: None error: An error occurred (NoSuchKey) when calling the GetObject operation: The specified key does not exist.
  789/8883: mp-1104905
unable to access bucket: 'materialsproject-parsed' key: 'chgcars/mp-1426335.json.gz' version: None error: An error occurred (NoSuchKey) when calling the GetObject operation: The specified key does not exist.
  790/8883: mp-863686
  791/8883: mp-1183796
unable to access bucket: 'materialsproject-parsed' key: 'chgcars/mp-1412565.json.gz' version: None error: An error occurred (NoSuchKey) when calling the GetObject operation: The specified key does not exist.
  792/8883: mp-1087513
unable to access bucket: 'materialsproject-parsed' key: 'chgcars/mp-1431990.json.gz' version: None error: An error occurred (NoSuchKey) when calling the GetObject operation: The specified key does not exist.
  793/8883: mp-1186017
  794/8883: mp-1113067
  795/8883: mp-1207415
unable to access bucket: 'materialsproject-parsed' key: 'chgcars/mp-1345475.json.gz' version: None error: An error occurred (NoSuchKey) when calling the GetObject operation: The specified key does not exist.
  796/8883: mp-972204
unable to access bucket: 'materialsproject-parsed' key: 'chgcars/mp-1443876.json.gz' version: None error: An error occurred (NoSuchKey) when calling the GetObject operation: The specified key does not exist.
  797/8883: mp-556320
  798/8883: mp-867795
  799/8883: mp-979424
unable to access bucket: 'materialsproject-parsed' key: 'chgcars/mp-1419104.json.gz' version: None error: An error occurred (NoSuchKey) when calling the GetObject operation: The specified key does not exist.
  800/8883: mp-866292
  801/8883: mp-910
unable to access bucket: 'materialsproject-parsed' key: 'chgcars/mp-1440938.json.gz' version: None error: An error occurred (NoSuchKey) when calling the GetObject operation: The specified key does not exist.
  802/8883: mp-1185309
  803/8883: mp-1187876
unable to access bucket: 'materialsproject-parsed' key: 'chgcars/mp-1422723.json.gz' version: None error: An error occurred (NoSuchKey) when calling the GetObject operation: The specified key does not exist.
  804/8883: mp-30592
  805/8883: mp-19904
unable to access bucket: 'materialsproject-parsed' key: 'chgcars/mp-1441691.json.gz' version: None error: An error occurred (NoSuchKey) when calling the GetObject operation: The specified key does not exist.
  806/8883: mp-976600
unable to access bucket: 'materialsproject-parsed' key: 'chgcars/mp-1411653.json.gz' version: None error: An error occurred (NoSuchKey) when calling the GetObject operation: The specified key does not exist.
  807/8883: mp-1112439
  808/8883: mp-1183800
  809/8883: mp-1183812
unable to access bucket: 'materialsproject-parsed' key: 'chgcars/mp-1442928.json.gz' version: None error: An error occurred (NoSuchKey) when calling the GetObject operation: The specified key does not exist.
  810/8883: mp-30069
  811/8883: mp-977181
  812/8883: mp-1184970
  813/8883: mp-1111244
  814/8883: mp-997616
unable to access bucket: 'materialsproject-parsed' key: 'chgcars/mp-1504001.json.gz' version: None error: An error occurred (NoSuchKey) when calling the GetObject operation: The specified key does not exist.
  815/8883: mp-865043
unable to access bucket: 'materialsproject-parsed' key: 'chgcars/mp-1414934.json.gz' version: None error: An error occurred (NoSuchKey) when calling the GetObject operation: The specified key does not exist.
  816/8883: mp-1432
  817/8883: mp-1183547
  818/8883: mp-867267
unable to access bucket: 'materialsproject-parsed' key: 'chgcars/mp-1426933.json.gz' version: None error: An error occurred (NoSuchKey) when calling the GetObject operation: The specified key does not exist.
  819/8883: mp-977544
unable to access bucket: 'materialsproject-parsed' key: 'chgcars/mp-1426140.json.gz' version: None error: An error occurred (NoSuchKey) when calling the GetObject operation: The specified key does not exist.
  820/8883: mp-571386
  821/8883: mp-1111231
  822/8883: mp-978796
unable to access bucket: 'materialsproject-parsed' key: 'chgcars/mp-1436128.json.gz' version: None error: An error occurred (NoSuchKey) when calling the GetObject operation: The specified key does not exist.
  823/8883: mp-1186399
  824/8883: mp-2599
  825/8883: mp-865490
unable to access bucket: 'materialsproject-parsed' key: 'chgcars/mp-1396367.json.gz' version: None error: An error occurred (NoSuchKey) when calling the GetObject operation: The specified key does not exist.
  826/8883: mp-1110772
  827/8883: mp-1207642
  828/8883: mp-22731
  829/8883: mp-1079026
unable to access bucket: 'materialsproject-parsed' key: 'chgcars/mp-1434987.json.gz' version: None error: An error occurred (NoSuchKey) when calling the GetObject operation: The specified key does not exist.
  830/8883: mp-24096
unable to access bucket: 'materialsproject-parsed' key: 'chgcars/mp-1442247.json.gz' version: None error: An error occurred (NoSuchKey) when calling the GetObject operation: The specified key does not exist.
  831/8883: mp-622990
  832/8883: mp-1184618
  833/8883: mp-981208
  834/8883: mp-1184598
unable to access bucket: 'materialsproject-parsed' key: 'chgcars/mp-1421347.json.gz' version: None error: An error occurred (NoSuchKey) when calling the GetObject operation: The specified key does not exist.
  835/8883: mp-1185162
  836/8883: mp-1186674
unable to access bucket: 'materialsproject-parsed' key: 'chgcars/mp-1422856.json.gz' version: None error: An error occurred (NoSuchKey) when calling the GetObject operation: The specified key does not exist.
  837/8883: mp-30419
  838/8883: mp-1113336
  839/8883: mp-865506
  840/8883: mp-644504
  841/8883: mp-1002222
  842/8883: mp-861994
  843/8883: mp-1218705
unable to access bucket: 'materialsproject-parsed' key: 'chgcars/mp-1286596.json.gz' version: None error: An error occurred (NoSuchKey) when calling the GetObject operation: The specified key does not exist.
  844/8883: mp-1186950
unable to access bucket: 'materialsproject-parsed' key: 'chgcars/mp-1429651.json.gz' version: None error: An error occurred (NoSuchKey) when calling the GetObject operation: The specified key does not exist.
  845/8883: mp-5149
  846/8883: mp-1185027
unable to access bucket: 'materialsproject-parsed' key: 'chgcars/mp-1393875.json.gz' version: None error: An error occurred (NoSuchKey) when calling the GetObject operation: The specified key does not exist.
  847/8883: mp-1185217
unable to access bucket: 'materialsproject-parsed' key: 'chgcars/mp-1385376.json.gz' version: None error: An error occurred (NoSuchKey) when calling the GetObject operation: The specified key does not exist.
  848/8883: mp-1207222
  849/8883: mp-863760
  850/8883: mp-979429
unable to access bucket: 'materialsproject-parsed' key: 'chgcars/mp-1424434.json.gz' version: None error: An error occurred (NoSuchKey) when calling the GetObject operation: The specified key does not exist.
  851/8883: mp-1218750
unable to access bucket: 'materialsproject-parsed' key: 'chgcars/mp-1401523.json.gz' version: None error: An error occurred (NoSuchKey) when calling the GetObject operation: The specified key does not exist.
  852/8883: mp-2350
unable to access bucket: 'materialsproject-parsed' key: 'chgcars/mp-1440995.json.gz' version: None error: An error occurred (NoSuchKey) when calling the GetObject operation: The specified key does not exist.
  853/8883: mp-1111165
  854/8883: mp-1188182
  855/8883: mp-863739
  856/8883: mp-863671
unable to access bucket: 'materialsproject-parsed' key: 'chgcars/mp-1428518.json.gz' version: None error: An error occurred (NoSuchKey) when calling the GetObject operation: The specified key does not exist.
  857/8883: mp-1110674
unable to access bucket: 'materialsproject-parsed' key: 'chgcars/mp-1384583.json.gz' version: None error: An error occurred (NoSuchKey) when calling the GetObject operation: The specified key does not exist.
  858/8883: mp-1185452
  859/8883: mp-1185467
  860/8883: mp-1185422
unable to access bucket: 'materialsproject-parsed' key: 'chgcars/mp-1390190.json.gz' version: None error: An error occurred (NoSuchKey) when calling the GetObject operation: The specified key does not exist.
  861/8883: mp-10898
  862/8883: mp-1215272
  863/8883: mp-24285
  864/8883: mp-1184144
  865/8883: mp-1110737
unable to access bucket: 'materialsproject-parsed' key: 'chgcars/mp-1385427.json.gz' version: None error: An error occurred (NoSuchKey) when calling the GetObject operation: The specified key does not exist.
  866/8883: mp-1111483
  867/8883: mp-1111686
  868/8883: mp-1111828
  869/8883: mp-1207196
unable to access bucket: 'materialsproject-parsed' key: 'chgcars/mp-1385896.json.gz' version: None error: An error occurred (NoSuchKey) when calling the GetObject operation: The specified key does not exist.
  870/8883: mp-1111204
  871/8883: mp-1186255
unable to access bucket: 'materialsproject-parsed' key: 'chgcars/mp-1393312.json.gz' version: None error: An error occurred (NoSuchKey) when calling the GetObject operation: The specified key does not exist.
  872/8883: mp-1110617
  873/8883: mp-865964
  874/8883: mp-862933
unable to access bucket: 'materialsproject-parsed' key: 'chgcars/mp-1433584.json.gz' version: None error: An error occurred (NoSuchKey) when calling the GetObject operation: The specified key does not exist.
  875/8883: mp-1186804
  876/8883: mp-1187155
unable to access bucket: 'materialsproject-parsed' key: 'chgcars/mp-1443198.json.gz' version: None error: An error occurred (NoSuchKey) when calling the GetObject operation: The specified key does not exist.
  877/8883: mp-976143
unable to access bucket: 'materialsproject-parsed' key: 'chgcars/mp-1429327.json.gz' version: None error: An error occurred (NoSuchKey) when calling the GetObject operation: The specified key does not exist.
  878/8883: mp-1205676
  879/8883: mp-973353
unable to access bucket: 'materialsproject-parsed' key: 'chgcars/mp-1428554.json.gz' version: None error: An error occurred (NoSuchKey) when calling the GetObject operation: The specified key does not exist.
  880/8883: mp-1184111
  881/8883: mp-861644
  882/8883: mp-862923
unable to access bucket: 'materialsproject-parsed' key: 'chgcars/mp-1431050.json.gz' version: None error: An error occurred (NoSuchKey) when calling the GetObject operation: The specified key does not exist.
  883/8883: mp-631481
unable to access bucket: 'materialsproject-parsed' key: 'chgcars/mp-1405891.json.gz' version: None error: An error occurred (NoSuchKey) when calling the GetObject operation: The specified key does not exist.
  884/8883: mp-1186618
unable to access bucket: 'materialsproject-parsed' key: 'chgcars/mp-1418632.json.gz' version: None error: An error occurred (NoSuchKey) when calling the GetObject operation: The specified key does not exist.
  885/8883: mp-1112483
  886/8883: mp-972649
  887/8883: mp-1186956
unable to access bucket: 'materialsproject-parsed' key: 'chgcars/mp-1430685.json.gz' version: None error: An error occurred (NoSuchKey) when calling the GetObject operation: The specified key does not exist.
  888/8883: mp-992141
  889/8883: mp-1183625
  890/8883: mp-1110884
  891/8883: mp-1183879
unable to access bucket: 'materialsproject-parsed' key: 'chgcars/mp-1404423.json.gz' version: None error: An error occurred (NoSuchKey) when calling the GetObject operation: The specified key does not exist.
  892/8883: mp-1187420
unable to access bucket: 'materialsproject-parsed' key: 'chgcars/mp-1415386.json.gz' version: None error: An error occurred (NoSuchKey) when calling the GetObject operation: The specified key does not exist.
  893/8883: mp-1183060
unable to access bucket: 'materialsproject-parsed' key: 'chgcars/mp-1423854.json.gz' version: None error: An error occurred (NoSuchKey) when calling the GetObject operation: The specified key does not exist.
  894/8883: mp-1186295
unable to access bucket: 'materialsproject-parsed' key: 'chgcars/mp-1425361.json.gz' version: None error: An error occurred (NoSuchKey) when calling the GetObject operation: The specified key does not exist.
  895/8883: mp-862831
unable to access bucket: 'materialsproject-parsed' key: 'chgcars/mp-1433760.json.gz' version: None error: An error occurred (NoSuchKey) when calling the GetObject operation: The specified key does not exist.
  896/8883: mp-27829
  897/8883: mp-1112432
unable to access bucket: 'materialsproject-parsed' key: 'chgcars/mp-1444377.json.gz' version: None error: An error occurred (NoSuchKey) when calling the GetObject operation: The specified key does not exist.
  898/8883: mp-1110906
  899/8883: mp-1111092
  900/8883: mp-570442
unable to access bucket: 'materialsproject-parsed' key: 'chgcars/mp-1445007.json.gz' version: None error: An error occurred (NoSuchKey) when calling the GetObject operation: The specified key does not exist.
  901/8883: mp-861657
  902/8883: mp-1183491
  903/8883: mp-1185444
unable to access bucket: 'materialsproject-parsed' key: 'chgcars/mp-1384122.json.gz' version: None error: An error occurred (NoSuchKey) when calling the GetObject operation: The specified key does not exist.
  904/8883: mp-974943
  905/8883: mp-1114023
unable to access bucket: 'materialsproject-parsed' key: 'chgcars/mp-1392955.json.gz' version: None error: An error occurred (NoSuchKey) when calling the GetObject operation: The specified key does not exist.
  906/8883: mp-1111453
  907/8883: mp-983583
  908/8883: mp-861896
unable to access bucket: 'materialsproject-parsed' key: 'chgcars/mp-1431002.json.gz' version: None error: An error occurred (NoSuchKey) when calling the GetObject operation: The specified key does not exist.
  909/8883: mp-1112020
unable to access bucket: 'materialsproject-parsed' key: 'chgcars/mp-1345948.json.gz' version: None error: An error occurred (NoSuchKey) when calling the GetObject operation: The specified key does not exist.
  910/8883: mp-3504
  911/8883: mp-1205591
unable to access bucket: 'materialsproject-parsed' key: 'chgcars/mp-1444960.json.gz' version: None error: An error occurred (NoSuchKey) when calling the GetObject operation: The specified key does not exist.
  912/8883: mp-864839
  913/8883: mp-1111125
  914/8883: mp-1192910
unable to access bucket: 'materialsproject-parsed' key: 'chgcars/mp-1394239.json.gz' version: None error: An error occurred (NoSuchKey) when calling the GetObject operation: The specified key does not exist.
  915/8883: mp-1187575
unable to access bucket: 'materialsproject-parsed' key: 'chgcars/mp-1431722.json.gz' version: None error: An error occurred (NoSuchKey) when calling the GetObject operation: The specified key does not exist.
  916/8883: mp-975028
unable to access bucket: 'materialsproject-parsed' key: 'chgcars/mp-1395825.json.gz' version: None error: An error occurred (NoSuchKey) when calling the GetObject operation: The specified key does not exist.
  917/8883: mp-1113320
  918/8883: mp-1187724
unable to access bucket: 'materialsproject-parsed' key: 'chgcars/mp-1415620.json.gz' version: None error: An error occurred (NoSuchKey) when calling the GetObject operation: The specified key does not exist.
  919/8883: mp-983586
unable to access bucket: 'materialsproject-parsed' key: 'chgcars/mp-1391534.json.gz' version: None error: An error occurred (NoSuchKey) when calling the GetObject operation: The specified key does not exist.
  920/8883: mp-1187245
  921/8883: mp-865001
  922/8883: mp-1110818
  923/8883: mp-867204
unable to access bucket: 'materialsproject-parsed' key: 'chgcars/mp-1421051.json.gz' version: None error: An error occurred (NoSuchKey) when calling the GetObject operation: The specified key does not exist.
  924/8883: mp-1186478
  925/8883: mp-1110804
  926/8883: mp-971826
  927/8883: mp-867274
  928/8883: mp-1280
unable to access bucket: 'materialsproject-parsed' key: 'chgcars/mp-1440221.json.gz' version: None error: An error occurred (NoSuchKey) when calling the GetObject operation: The specified key does not exist.
  929/8883: mp-641595
unable to access bucket: 'materialsproject-parsed' key: 'chgcars/mp-1667060.json.gz' version: None error: An error occurred (NoSuchKey) when calling the GetObject operation: The specified key does not exist.
  930/8883: mp-1112518
  931/8883: mp-548615
  932/8883: mp-1187276
  933/8883: mp-1218376
  934/8883: mp-758835
  935/8883: mp-1113428
unable to access bucket: 'materialsproject-parsed' key: 'chgcars/mp-1395105.json.gz' version: None error: An error occurred (NoSuchKey) when calling the GetObject operation: The specified key does not exist.
  936/8883: mp-989595
unable to access bucket: 'materialsproject-parsed' key: 'chgcars/mp-1391285.json.gz' version: None error: An error occurred (NoSuchKey) when calling the GetObject operation: The specified key does not exist.
  937/8883: mp-13797
  938/8883: mp-1186026
unable to access bucket: 'materialsproject-parsed' key: 'chgcars/mp-1430518.json.gz' version: None error: An error occurred (NoSuchKey) when calling the GetObject operation: The specified key does not exist.
  939/8883: mp-1565
unable to access bucket: 'materialsproject-parsed' key: 'chgcars/mp-1440669.json.gz' version: None error: An error occurred (NoSuchKey) when calling the GetObject operation: The specified key does not exist.
  940/8883: mp-867222
unable to access bucket: 'materialsproject-parsed' key: 'chgcars/mp-1416397.json.gz' version: None error: An error occurred (NoSuchKey) when calling the GetObject operation: The specified key does not exist.
  941/8883: mp-861661
unable to access bucket: 'materialsproject-parsed' key: 'chgcars/mp-1424555.json.gz' version: None error: An error occurred (NoSuchKey) when calling the GetObject operation: The specified key does not exist.
  942/8883: mp-975883
  943/8883: mp-1113855
unable to access bucket: 'materialsproject-parsed' key: 'chgcars/mp-1389117.json.gz' version: None error: An error occurred (NoSuchKey) when calling the GetObject operation: The specified key does not exist.
  944/8883: mp-1206506
  945/8883: mp-1184074
  946/8883: mp-1187432
  947/8883: mp-1185615
  948/8883: mp-1561
  949/8883: mp-849053
  950/8883: mp-1111972
unable to access bucket: 'materialsproject-parsed' key: 'chgcars/mp-1386010.json.gz' version: None error: An error occurred (NoSuchKey) when calling the GetObject operation: The specified key does not exist.
  951/8883: mp-1185972
  952/8883: mp-1113753
unable to access bucket: 'materialsproject-parsed' key: 'chgcars/mp-1405486.json.gz' version: None error: An error occurred (NoSuchKey) when calling the GetObject operation: The specified key does not exist.
  953/8883: mp-981233
  954/8883: mp-867803
  955/8883: mp-1111397
  956/8883: mp-1183904
unable to access bucket: 'materialsproject-parsed' key: 'chgcars/mp-1388113.json.gz' version: None error: An error occurred (NoSuchKey) when calling the GetObject operation: The specified key does not exist.
  957/8883: mp-559563
  958/8883: mp-1748
unable to access bucket: 'materialsproject-parsed' key: 'chgcars/mp-1440614.json.gz' version: None error: An error occurred (NoSuchKey) when calling the GetObject operation: The specified key does not exist.
  959/8883: mp-18829
unable to access bucket: 'materialsproject-parsed' key: 'chgcars/mp-1419472.json.gz' version: None error: An error occurred (NoSuchKey) when calling the GetObject operation: The specified key does not exist.
  960/8883: mp-866026
unable to access bucket: 'materialsproject-parsed' key: 'chgcars/mp-1425213.json.gz' version: None error: An error occurred (NoSuchKey) when calling the GetObject operation: The specified key does not exist.
  961/8883: mp-865931
unable to access bucket: 'materialsproject-parsed' key: 'chgcars/mp-1420126.json.gz' version: None error: An error occurred (NoSuchKey) when calling the GetObject operation: The specified key does not exist.
  962/8883: mp-972935
  963/8883: mp-1186946
  964/8883: mp-414
unable to access bucket: 'materialsproject-parsed' key: 'chgcars/mp-1439314.json.gz' version: None error: An error occurred (NoSuchKey) when calling the GetObject operation: The specified key does not exist.
  965/8883: mp-1187464
  966/8883: mp-1111712
  967/8883: mp-81
  968/8883: mp-1110868
  969/8883: mp-1114161
unable to access bucket: 'materialsproject-parsed' key: 'chgcars/mp-1333271.json.gz' version: None error: An error occurred (NoSuchKey) when calling the GetObject operation: The specified key does not exist.
  970/8883: mp-1183935
  971/8883: mp-579605
unable to access bucket: 'materialsproject-parsed' key: 'chgcars/mp-1504600.json.gz' version: None error: An error occurred (NoSuchKey) when calling the GetObject operation: The specified key does not exist.
  972/8883: mp-1110569
unable to access bucket: 'materialsproject-parsed' key: 'chgcars/mp-1445493.json.gz' version: None error: An error occurred (NoSuchKey) when calling the GetObject operation: The specified key does not exist.
  973/8883: mp-1110596
unable to access bucket: 'materialsproject-parsed' key: 'chgcars/mp-1402272.json.gz' version: None error: An error occurred (NoSuchKey) when calling the GetObject operation: The specified key does not exist.
  974/8883: mp-1111943
  975/8883: mp-1009221
unable to access bucket: 'materialsproject-parsed' key: 'chgcars/mp-1436964.json.gz' version: None error: An error occurred (NoSuchKey) when calling the GetObject operation: The specified key does not exist.
  976/8883: mp-1111100
  977/8883: mp-1113464
  978/8883: mp-979934
  979/8883: mp-1185381
unable to access bucket: 'materialsproject-parsed' key: 'chgcars/mp-1431901.json.gz' version: None error: An error occurred (NoSuchKey) when calling the GetObject operation: The specified key does not exist.
  980/8883: mp-1223208
unable to access bucket: 'materialsproject-parsed' key: 'chgcars/mp-1407969.json.gz' version: None error: An error occurred (NoSuchKey) when calling the GetObject operation: The specified key does not exist.
  981/8883: mp-1185499
unable to access bucket: 'materialsproject-parsed' key: 'chgcars/mp-1424111.json.gz' version: None error: An error occurred (NoSuchKey) when calling the GetObject operation: The specified key does not exist.
  982/8883: mp-555506
  983/8883: mp-23
  984/8883: mp-1112350
  985/8883: mp-980669
unable to access bucket: 'materialsproject-parsed' key: 'chgcars/mp-1413759.json.gz' version: None error: An error occurred (NoSuchKey) when calling the GetObject operation: The specified key does not exist.
  986/8883: mp-865175
unable to access bucket: 'materialsproject-parsed' key: 'chgcars/mp-1774162.json.gz' version: None error: An error occurred (NoSuchKey) when calling the GetObject operation: The specified key does not exist.
  987/8883: mp-867270
  988/8883: mp-1185403
unable to access bucket: 'materialsproject-parsed' key: 'chgcars/mp-1420783.json.gz' version: None error: An error occurred (NoSuchKey) when calling the GetObject operation: The specified key does not exist.
  989/8883: mp-1207137
unable to access bucket: 'materialsproject-parsed' key: 'chgcars/mp-1414430.json.gz' version: None error: An error occurred (NoSuchKey) when calling the GetObject operation: The specified key does not exist.
  990/8883: mp-861877
unable to access bucket: 'materialsproject-parsed' key: 'chgcars/mp-1420662.json.gz' version: None error: An error occurred (NoSuchKey) when calling the GetObject operation: The specified key does not exist.
  991/8883: mp-867173
unable to access bucket: 'materialsproject-parsed' key: 'chgcars/mp-1389132.json.gz' version: None error: An error occurred (NoSuchKey) when calling the GetObject operation: The specified key does not exist.
  992/8883: mp-1183578
unable to access bucket: 'materialsproject-parsed' key: 'chgcars/mp-1437142.json.gz' version: None error: An error occurred (NoSuchKey) when calling the GetObject operation: The specified key does not exist.
  993/8883: mp-1187710
  994/8883: mp-867918
  995/8883: mp-865885
  996/8883: mp-1110604
  997/8883: mp-1183450
unable to access bucket: 'materialsproject-parsed' key: 'chgcars/mp-1433612.json.gz' version: None error: An error occurred (NoSuchKey) when calling the GetObject operation: The specified key does not exist.
  998/8883: mp-1183071
unable to access bucket: 'materialsproject-parsed' key: 'chgcars/mp-1413101.json.gz' version: None error: An error occurred (NoSuchKey) when calling the GetObject operation: The specified key does not exist.
  999/8883: mp-862876
unable to access bucket: 'materialsproject-parsed' key: 'chgcars/mp-1422803.json.gz' version: None error: An error occurred (NoSuchKey) when calling the GetObject operation: The specified key does not exist.
  1000/8883: mp-1110979
  1001/8883: mp-865896
unable to access bucket: 'materialsproject-parsed' key: 'chgcars/mp-1419653.json.gz' version: None error: An error occurred (NoSuchKey) when calling the GetObject operation: The specified key does not exist.
  1002/8883: mp-1208277
unable to access bucket: 'materialsproject-parsed' key: 'chgcars/mp-1345338.json.gz' version: None error: An error occurred (NoSuchKey) when calling the GetObject operation: The specified key does not exist.
  1003/8883: mp-1187897
unable to access bucket: 'materialsproject-parsed' key: 'chgcars/mp-1410213.json.gz' version: None error: An error occurred (NoSuchKey) when calling the GetObject operation: The specified key does not exist.
  1004/8883: mp-1194289
unable to access bucket: 'materialsproject-parsed' key: 'chgcars/mp-1427523.json.gz' version: None error: An error occurred (NoSuchKey) when calling the GetObject operation: The specified key does not exist.
  1005/8883: mp-1111005
unable to access bucket: 'materialsproject-parsed' key: 'chgcars/mp-1395819.json.gz' version: None error: An error occurred (NoSuchKey) when calling the GetObject operation: The specified key does not exist.
  1006/8883: mp-867295
  1007/8883: mp-1187175
  1008/8883: mp-866204
  1009/8883: mp-1111367
  1010/8883: mp-631522
  1011/8883: mp-3909
  1012/8883: mp-1184376
unable to access bucket: 'materialsproject-parsed' key: 'chgcars/mp-1403874.json.gz' version: None error: An error occurred (NoSuchKey) when calling the GetObject operation: The specified key does not exist.
  1013/8883: mp-1205945
unable to access bucket: 'materialsproject-parsed' key: 'chgcars/mp-1442912.json.gz' version: None error: An error occurred (NoSuchKey) when calling the GetObject operation: The specified key does not exist.
  1014/8883: mp-1185029
unable to access bucket: 'materialsproject-parsed' key: 'chgcars/mp-1383331.json.gz' version: None error: An error occurred (NoSuchKey) when calling the GetObject operation: The specified key does not exist.
  1015/8883: mp-560956
  1016/8883: mp-862335
unable to access bucket: 'materialsproject-parsed' key: 'chgcars/mp-1429880.json.gz' version: None error: An error occurred (NoSuchKey) when calling the GetObject operation: The specified key does not exist.
  1017/8883: mp-1112502
  1018/8883: mp-1110754
  1019/8883: mp-1113935
  1020/8883: mp-865877
unable to access bucket: 'materialsproject-parsed' key: 'chgcars/mp-1430801.json.gz' version: None error: An error occurred (NoSuchKey) when calling the GetObject operation: The specified key does not exist.
  1021/8883: mp-1186570
unable to access bucket: 'materialsproject-parsed' key: 'chgcars/mp-1406082.json.gz' version: None error: An error occurred (NoSuchKey) when calling the GetObject operation: The specified key does not exist.
  1022/8883: mp-19127
unable to access bucket: 'materialsproject-parsed' key: 'chgcars/mp-1286325.json.gz' version: None error: An error occurred (NoSuchKey) when calling the GetObject operation: The specified key does not exist.
  1023/8883: mp-979751
unable to access bucket: 'materialsproject-parsed' key: 'chgcars/mp-1658938.json.gz' version: None error: An error occurred (NoSuchKey) when calling the GetObject operation: The specified key does not exist.
  1024/8883: mp-1185466
unable to access bucket: 'materialsproject-parsed' key: 'chgcars/mp-1422155.json.gz' version: None error: An error occurred (NoSuchKey) when calling the GetObject operation: The specified key does not exist.
  1025/8883: mp-1185510
  1026/8883: mp-1187694
  1027/8883: mp-1111168
unable to access bucket: 'materialsproject-parsed' key: 'chgcars/mp-1411411.json.gz' version: None error: An error occurred (NoSuchKey) when calling the GetObject operation: The specified key does not exist.
  1028/8883: mp-974634
unable to access bucket: 'materialsproject-parsed' key: 'chgcars/mp-1414172.json.gz' version: None error: An error occurred (NoSuchKey) when calling the GetObject operation: The specified key does not exist.
  1029/8883: mp-1112227
unable to access bucket: 'materialsproject-parsed' key: 'chgcars/mp-1407904.json.gz' version: None error: An error occurred (NoSuchKey) when calling the GetObject operation: The specified key does not exist.
  1030/8883: mp-1185018
unable to access bucket: 'materialsproject-parsed' key: 'chgcars/mp-1420921.json.gz' version: None error: An error occurred (NoSuchKey) when calling the GetObject operation: The specified key does not exist.
  1031/8883: mp-865919
unable to access bucket: 'materialsproject-parsed' key: 'chgcars/mp-1430368.json.gz' version: None error: An error occurred (NoSuchKey) when calling the GetObject operation: The specified key does not exist.
  1032/8883: mp-863702
  1033/8883: mp-1111089
unable to access bucket: 'materialsproject-parsed' key: 'chgcars/mp-1446317.json.gz' version: None error: An error occurred (NoSuchKey) when calling the GetObject operation: The specified key does not exist.
  1034/8883: mp-1039270
  1035/8883: mp-1006887
  1036/8883: mp-1208033
  1037/8883: mp-1113344
  1038/8883: mp-982663
unable to access bucket: 'materialsproject-parsed' key: 'chgcars/mp-1386270.json.gz' version: None error: An error occurred (NoSuchKey) when calling the GetObject operation: The specified key does not exist.
  1039/8883: mp-973430
unable to access bucket: 'materialsproject-parsed' key: 'chgcars/mp-1419910.json.gz' version: None error: An error occurred (NoSuchKey) when calling the GetObject operation: The specified key does not exist.
  1040/8883: mp-1186233
unable to access bucket: 'materialsproject-parsed' key: 'chgcars/mp-1424844.json.gz' version: None error: An error occurred (NoSuchKey) when calling the GetObject operation: The specified key does not exist.
  1041/8883: mp-1111096
unable to access bucket: 'materialsproject-parsed' key: 'chgcars/mp-1394089.json.gz' version: None error: An error occurred (NoSuchKey) when calling the GetObject operation: The specified key does not exist.
  1042/8883: mp-864787
  1043/8883: mp-1111208
unable to access bucket: 'materialsproject-parsed' key: 'chgcars/mp-1394819.json.gz' version: None error: An error occurred (NoSuchKey) when calling the GetObject operation: The specified key does not exist.
  1044/8883: mp-1110580
unable to access bucket: 'materialsproject-parsed' key: 'chgcars/mp-1392265.json.gz' version: None error: An error occurred (NoSuchKey) when calling the GetObject operation: The specified key does not exist.
  1045/8883: mp-1184607
  1046/8883: mp-1186729
unable to access bucket: 'materialsproject-parsed' key: 'chgcars/mp-1389576.json.gz' version: None error: An error occurred (NoSuchKey) when calling the GetObject operation: The specified key does not exist.
  1047/8883: mp-861978
  1048/8883: mp-1187607
  1049/8883: mp-1184534
  1050/8883: mp-862635
  1051/8883: mp-867307
  1052/8883: mp-24153
unable to access bucket: 'materialsproject-parsed' key: 'chgcars/mp-1442015.json.gz' version: None error: An error occurred (NoSuchKey) when calling the GetObject operation: The specified key does not exist.
  1053/8883: mp-998965
unable to access bucket: 'materialsproject-parsed' key: 'chgcars/mp-1658177.json.gz' version: None error: An error occurred (NoSuchKey) when calling the GetObject operation: The specified key does not exist.
  1054/8883: mp-865859
  1055/8883: mp-977563
  1056/8883: mp-866085
  1057/8883: mp-1111785
  1058/8883: mp-1112203
  1059/8883: mp-1114103
unable to access bucket: 'materialsproject-parsed' key: 'chgcars/mp-1379784.json.gz' version: None error: An error occurred (NoSuchKey) when calling the GetObject operation: The specified key does not exist.
  1060/8883: mp-1187935
unable to access bucket: 'materialsproject-parsed' key: 'chgcars/mp-1415406.json.gz' version: None error: An error occurred (NoSuchKey) when calling the GetObject operation: The specified key does not exist.
  1061/8883: mp-867223
  1062/8883: mp-14549
  1063/8883: mp-1187720
  1064/8883: mp-989570
  1065/8883: mp-1113633
  1066/8883: mp-1102
  1067/8883: mp-1114011
  1068/8883: mp-862654
unable to access bucket: 'materialsproject-parsed' key: 'chgcars/mp-1417557.json.gz' version: None error: An error occurred (NoSuchKey) when calling the GetObject operation: The specified key does not exist.
  1069/8883: mp-977567
unable to access bucket: 'materialsproject-parsed' key: 'chgcars/mp-1475939.json.gz' version: None error: An error occurred (NoSuchKey) when calling the GetObject operation: The specified key does not exist.
  1070/8883: mp-1184595
  1071/8883: mp-1111211
unable to access bucket: 'materialsproject-parsed' key: 'chgcars/mp-1385146.json.gz' version: None error: An error occurred (NoSuchKey) when calling the GetObject operation: The specified key does not exist.
  1072/8883: mp-972528
  1073/8883: mp-865545
  1074/8883: mp-978558
  1075/8883: mp-1185609
unable to access bucket: 'materialsproject-parsed' key: 'chgcars/mp-1401702.json.gz' version: None error: An error occurred (NoSuchKey) when calling the GetObject operation: The specified key does not exist.
  1076/8883: mp-984355
unable to access bucket: 'materialsproject-parsed' key: 'chgcars/mp-1415729.json.gz' version: None error: An error occurred (NoSuchKey) when calling the GetObject operation: The specified key does not exist.
  1077/8883: mp-1110909
  1078/8883: mp-1184098
  1079/8883: mp-1187933
unable to access bucket: 'materialsproject-parsed' key: 'chgcars/mp-1504733.json.gz' version: None error: An error occurred (NoSuchKey) when calling the GetObject operation: The specified key does not exist.
  1080/8883: mp-1111622
unable to access bucket: 'materialsproject-parsed' key: 'chgcars/mp-1389510.json.gz' version: None error: An error occurred (NoSuchKey) when calling the GetObject operation: The specified key does not exist.
  1081/8883: mp-980068
unable to access bucket: 'materialsproject-parsed' key: 'chgcars/mp-1415880.json.gz' version: None error: An error occurred (NoSuchKey) when calling the GetObject operation: The specified key does not exist.
  1082/8883: mp-1184340
  1083/8883: mp-1208970
  1084/8883: mp-1110670
  1085/8883: mp-1113117
unable to access bucket: 'materialsproject-parsed' key: 'chgcars/mp-1392020.json.gz' version: None error: An error occurred (NoSuchKey) when calling the GetObject operation: The specified key does not exist.
  1086/8883: mp-866163
  1087/8883: mp-865936
  1088/8883: mp-1183163
unable to access bucket: 'materialsproject-parsed' key: 'chgcars/mp-1420992.json.gz' version: None error: An error occurred (NoSuchKey) when calling the GetObject operation: The specified key does not exist.
  1089/8883: mp-1113232
  1090/8883: mp-7331
  1091/8883: mp-1111282
  1092/8883: mp-1184217
  1093/8883: mp-867293
  1094/8883: mp-1112058
  1095/8883: mp-23108
  1096/8883: mp-1187253
  1097/8883: mp-1188083
unable to access bucket: 'materialsproject-parsed' key: 'chgcars/mp-1774268.json.gz' version: None error: An error occurred (NoSuchKey) when calling the GetObject operation: The specified key does not exist.
  1098/8883: mp-1112630
  1099/8883: mp-1110829
unable to access bucket: 'materialsproject-parsed' key: 'chgcars/mp-1443373.json.gz' version: None error: An error occurred (NoSuchKey) when calling the GetObject operation: The specified key does not exist.
  1100/8883: mp-1112633
unable to access bucket: 'materialsproject-parsed' key: 'chgcars/mp-1384311.json.gz' version: None error: An error occurred (NoSuchKey) when calling the GetObject operation: The specified key does not exist.
  1101/8883: mp-867748
unable to access bucket: 'materialsproject-parsed' key: 'chgcars/mp-1420189.json.gz' version: None error: An error occurred (NoSuchKey) when calling the GetObject operation: The specified key does not exist.
  1102/8883: mp-1080670
  1103/8883: mp-1112670
  1104/8883: mp-1187955
  1105/8883: mp-1060435
unable to access bucket: 'materialsproject-parsed' key: 'chgcars/mp-1431859.json.gz' version: None error: An error occurred (NoSuchKey) when calling the GetObject operation: The specified key does not exist.
  1106/8883: mp-1184880
unable to access bucket: 'materialsproject-parsed' key: 'chgcars/mp-1384487.json.gz' version: None error: An error occurred (NoSuchKey) when calling the GetObject operation: The specified key does not exist.
  1107/8883: mp-1205823
  1108/8883: mp-1185331
unable to access bucket: 'materialsproject-parsed' key: 'chgcars/mp-1434223.json.gz' version: None error: An error occurred (NoSuchKey) when calling the GetObject operation: The specified key does not exist.
  1109/8883: mp-1111288
  1110/8883: mp-865899
  1111/8883: mp-866009
unable to access bucket: 'materialsproject-parsed' key: 'chgcars/mp-1425446.json.gz' version: None error: An error occurred (NoSuchKey) when calling the GetObject operation: The specified key does not exist.
  1112/8883: mp-976122
unable to access bucket: 'materialsproject-parsed' key: 'chgcars/mp-1434454.json.gz' version: None error: An error occurred (NoSuchKey) when calling the GetObject operation: The specified key does not exist.
  1113/8883: mp-972174
unable to access bucket: 'materialsproject-parsed' key: 'chgcars/mp-1414518.json.gz' version: None error: An error occurred (NoSuchKey) when calling the GetObject operation: The specified key does not exist.
  1114/8883: mp-865921
  1115/8883: mp-983236
  1116/8883: mp-1186419
  1117/8883: mp-1112484
  1118/8883: mp-1183187
unable to access bucket: 'materialsproject-parsed' key: 'chgcars/mp-1399032.json.gz' version: None error: An error occurred (NoSuchKey) when calling the GetObject operation: The specified key does not exist.
  1119/8883: mp-1111078
unable to access bucket: 'materialsproject-parsed' key: 'chgcars/mp-1389945.json.gz' version: None error: An error occurred (NoSuchKey) when calling the GetObject operation: The specified key does not exist.
  1120/8883: mp-867176
unable to access bucket: 'materialsproject-parsed' key: 'chgcars/mp-1415061.json.gz' version: None error: An error occurred (NoSuchKey) when calling the GetObject operation: The specified key does not exist.
  1121/8883: mp-1186123
  1122/8883: mp-975512
  1123/8883: mp-1184424
unable to access bucket: 'materialsproject-parsed' key: 'chgcars/mp-1430377.json.gz' version: None error: An error occurred (NoSuchKey) when calling the GetObject operation: The specified key does not exist.
  1124/8883: mp-982010
unable to access bucket: 'materialsproject-parsed' key: 'chgcars/mp-1412270.json.gz' version: None error: An error occurred (NoSuchKey) when calling the GetObject operation: The specified key does not exist.
  1125/8883: mp-1100779
  1126/8883: mp-1186135
unable to access bucket: 'materialsproject-parsed' key: 'chgcars/mp-1422462.json.gz' version: None error: An error occurred (NoSuchKey) when calling the GetObject operation: The specified key does not exist.
  1127/8883: mp-1192616
  1128/8883: mp-979987
  1129/8883: mp-862536
unable to access bucket: 'materialsproject-parsed' key: 'chgcars/mp-1408970.json.gz' version: None error: An error occurred (NoSuchKey) when calling the GetObject operation: The specified key does not exist.
  1130/8883: mp-862968
  1131/8883: mp-627
  1132/8883: mp-11947
  1133/8883: mp-1057437
  1134/8883: mp-865873
  1135/8883: mp-978100
unable to access bucket: 'materialsproject-parsed' key: 'chgcars/mp-1390585.json.gz' version: None error: An error occurred (NoSuchKey) when calling the GetObject operation: The specified key does not exist.
  1136/8883: mp-862911
  1137/8883: mp-979045
unable to access bucket: 'materialsproject-parsed' key: 'chgcars/mp-1425761.json.gz' version: None error: An error occurred (NoSuchKey) when calling the GetObject operation: The specified key does not exist.
  1138/8883: mp-1113149
unable to access bucket: 'materialsproject-parsed' key: 'chgcars/mp-1443938.json.gz' version: None error: An error occurred (NoSuchKey) when calling the GetObject operation: The specified key does not exist.
  1139/8883: mp-1207118
  1140/8883: mp-1187585
unable to access bucket: 'materialsproject-parsed' key: 'chgcars/mp-1416926.json.gz' version: None error: An error occurred (NoSuchKey) when calling the GetObject operation: The specified key does not exist.
  1141/8883: mp-1114168
  1142/8883: mp-861499
  1143/8883: mp-977441
unable to access bucket: 'materialsproject-parsed' key: 'chgcars/mp-1418701.json.gz' version: None error: An error occurred (NoSuchKey) when calling the GetObject operation: The specified key does not exist.
  1144/8883: mp-1185944
  1145/8883: mp-1282
  1146/8883: mp-1672
  1147/8883: mp-1183182
unable to access bucket: 'materialsproject-parsed' key: 'chgcars/mp-1434789.json.gz' version: None error: An error occurred (NoSuchKey) when calling the GetObject operation: The specified key does not exist.
  1148/8883: mp-22673
unable to access bucket: 'materialsproject-parsed' key: 'chgcars/mp-1439199.json.gz' version: None error: An error occurred (NoSuchKey) when calling the GetObject operation: The specified key does not exist.
  1149/8883: mp-5077
  1150/8883: mp-1113295
  1151/8883: mp-971982
unable to access bucket: 'materialsproject-parsed' key: 'chgcars/mp-1504679.json.gz' version: None error: An error occurred (NoSuchKey) when calling the GetObject operation: The specified key does not exist.
  1152/8883: mp-24227
  1153/8883: mp-865038
unable to access bucket: 'materialsproject-parsed' key: 'chgcars/mp-1427183.json.gz' version: None error: An error occurred (NoSuchKey) when calling the GetObject operation: The specified key does not exist.
  1154/8883: mp-864598
unable to access bucket: 'materialsproject-parsed' key: 'chgcars/mp-1435787.json.gz' version: None error: An error occurred (NoSuchKey) when calling the GetObject operation: The specified key does not exist.
  1155/8883: mp-976743
  1156/8883: mp-1184223
unable to access bucket: 'materialsproject-parsed' key: 'chgcars/mp-1430245.json.gz' version: None error: An error occurred (NoSuchKey) when calling the GetObject operation: The specified key does not exist.
  1157/8883: mp-1110698
  1158/8883: mp-978833
unable to access bucket: 'materialsproject-parsed' key: 'chgcars/mp-1426946.json.gz' version: None error: An error occurred (NoSuchKey) when calling the GetObject operation: The specified key does not exist.
  1159/8883: mp-1185462
  1160/8883: mp-1186992
  1161/8883: mp-1215690
  1162/8883: mp-1057286
  1163/8883: mp-862883
unable to access bucket: 'materialsproject-parsed' key: 'chgcars/mp-1427646.json.gz' version: None error: An error occurred (NoSuchKey) when calling the GetObject operation: The specified key does not exist.
  1164/8883: mp-865965
unable to access bucket: 'materialsproject-parsed' key: 'chgcars/mp-1432082.json.gz' version: None error: An error occurred (NoSuchKey) when calling the GetObject operation: The specified key does not exist.
  1165/8883: mp-1185138
unable to access bucket: 'materialsproject-parsed' key: 'chgcars/mp-1413464.json.gz' version: None error: An error occurred (NoSuchKey) when calling the GetObject operation: The specified key does not exist.
  1166/8883: mp-1080110
  1167/8883: mp-1111939
  1168/8883: mp-1112473
unable to access bucket: 'materialsproject-parsed' key: 'chgcars/mp-1396547.json.gz' version: None error: An error occurred (NoSuchKey) when calling the GetObject operation: The specified key does not exist.
  1169/8883: mp-21148
  1170/8883: mp-1185242
  1171/8883: mp-11293
  1172/8883: mp-866164
  1173/8883: mp-862312
  1174/8883: mp-753304
  1175/8883: mp-1111404
unable to access bucket: 'materialsproject-parsed' key: 'chgcars/mp-1383677.json.gz' version: None error: An error occurred (NoSuchKey) when calling the GetObject operation: The specified key does not exist.
  1176/8883: mp-1184643
  1177/8883: mp-672689
unable to access bucket: 'materialsproject-parsed' key: 'chgcars/mp-1409283.json.gz' version: None error: An error occurred (NoSuchKey) when calling the GetObject operation: The specified key does not exist.
  1178/8883: mp-976148
  1179/8883: mp-1018160
unable to access bucket: 'materialsproject-parsed' key: 'chgcars/mp-1422591.json.gz' version: None error: An error occurred (NoSuchKey) when calling the GetObject operation: The specified key does not exist.
  1180/8883: mp-634751
  1181/8883: mp-1184851
unable to access bucket: 'materialsproject-parsed' key: 'chgcars/mp-1395847.json.gz' version: None error: An error occurred (NoSuchKey) when calling the GetObject operation: The specified key does not exist.
  1182/8883: mp-567200
  1183/8883: mp-9413
  1184/8883: mp-1185306
unable to access bucket: 'materialsproject-parsed' key: 'chgcars/mp-1413468.json.gz' version: None error: An error occurred (NoSuchKey) when calling the GetObject operation: The specified key does not exist.
  1185/8883: mp-865898
  1186/8883: mp-862545
  1187/8883: mp-1187130
unable to access bucket: 'materialsproject-parsed' key: 'chgcars/mp-1445285.json.gz' version: None error: An error occurred (NoSuchKey) when calling the GetObject operation: The specified key does not exist.
  1188/8883: mp-1185062
unable to access bucket: 'materialsproject-parsed' key: 'chgcars/mp-1443677.json.gz' version: None error: An error occurred (NoSuchKey) when calling the GetObject operation: The specified key does not exist.
  1189/8883: mp-1112290
  1190/8883: mp-862905
  1191/8883: mp-989548
  1192/8883: mp-865248
unable to access bucket: 'materialsproject-parsed' key: 'chgcars/mp-1436315.json.gz' version: None error: An error occurred (NoSuchKey) when calling the GetObject operation: The specified key does not exist.
  1193/8883: mp-1187492
unable to access bucket: 'materialsproject-parsed' key: 'chgcars/mp-1418915.json.gz' version: None error: An error occurred (NoSuchKey) when calling the GetObject operation: The specified key does not exist.
  1194/8883: mp-2014
  1195/8883: mp-973285
  1196/8883: mp-1110816
unable to access bucket: 'materialsproject-parsed' key: 'chgcars/mp-1372080.json.gz' version: None error: An error occurred (NoSuchKey) when calling the GetObject operation: The specified key does not exist.
  1197/8883: mp-867897
  1198/8883: mp-1184867
  1199/8883: mp-989541
unable to access bucket: 'materialsproject-parsed' key: 'chgcars/mp-1390789.json.gz' version: None error: An error occurred (NoSuchKey) when calling the GetObject operation: The specified key does not exist.
  1200/8883: mp-1186556
unable to access bucket: 'materialsproject-parsed' key: 'chgcars/mp-1399549.json.gz' version: None error: An error occurred (NoSuchKey) when calling the GetObject operation: The specified key does not exist.
  1201/8883: mp-1184823
  1202/8883: mp-989605
  1203/8883: mp-1113917
unable to access bucket: 'materialsproject-parsed' key: 'chgcars/mp-1404544.json.gz' version: None error: An error occurred (NoSuchKey) when calling the GetObject operation: The specified key does not exist.
  1204/8883: mp-1113387
  1205/8883: mp-865145
  1206/8883: mp-1056955
unable to access bucket: 'materialsproject-parsed' key: 'chgcars/mp-1421918.json.gz' version: None error: An error occurred (NoSuchKey) when calling the GetObject operation: The specified key does not exist.
  1207/8883: mp-631532
unable to access bucket: 'materialsproject-parsed' key: 'chgcars/mp-1423926.json.gz' version: None error: An error occurred (NoSuchKey) when calling the GetObject operation: The specified key does not exist.
  1208/8883: mp-865833
unable to access bucket: 'materialsproject-parsed' key: 'chgcars/mp-1418341.json.gz' version: None error: An error occurred (NoSuchKey) when calling the GetObject operation: The specified key does not exist.
  1209/8883: mp-1209503
  1210/8883: mp-1111340
unable to access bucket: 'materialsproject-parsed' key: 'chgcars/mp-1404506.json.gz' version: None error: An error occurred (NoSuchKey) when calling the GetObject operation: The specified key does not exist.
  1211/8883: mp-1184624
  1212/8883: mp-864772
  1213/8883: mp-1206883
  1214/8883: mp-1183074
  1215/8883: mp-1186553
unable to access bucket: 'materialsproject-parsed' key: 'chgcars/mp-1416912.json.gz' version: None error: An error occurred (NoSuchKey) when calling the GetObject operation: The specified key does not exist.
  1216/8883: mp-1114259
unable to access bucket: 'materialsproject-parsed' key: 'chgcars/mp-1442763.json.gz' version: None error: An error occurred (NoSuchKey) when calling the GetObject operation: The specified key does not exist.
  1217/8883: mp-865080
  1218/8883: mp-1205883
unable to access bucket: 'materialsproject-parsed' key: 'chgcars/mp-1392777.json.gz' version: None error: An error occurred (NoSuchKey) when calling the GetObject operation: The specified key does not exist.
  1219/8883: mp-1112900
  1220/8883: mp-977407
  1221/8883: mp-981311
unable to access bucket: 'materialsproject-parsed' key: 'chgcars/mp-1398287.json.gz' version: None error: An error occurred (NoSuchKey) when calling the GetObject operation: The specified key does not exist.
  1222/8883: mp-1112158
unable to access bucket: 'materialsproject-parsed' key: 'chgcars/mp-1405460.json.gz' version: None error: An error occurred (NoSuchKey) when calling the GetObject operation: The specified key does not exist.
  1223/8883: mp-973606
  1224/8883: mp-1186592
  1225/8883: mp-975896
unable to access bucket: 'materialsproject-parsed' key: 'chgcars/mp-1408317.json.gz' version: None error: An error occurred (NoSuchKey) when calling the GetObject operation: The specified key does not exist.
  1226/8883: mp-1186352
  1227/8883: mp-1110880
  1228/8883: mp-1186937
unable to access bucket: 'materialsproject-parsed' key: 'chgcars/mp-1419839.json.gz' version: None error: An error occurred (NoSuchKey) when calling the GetObject operation: The specified key does not exist.
  1229/8883: mp-814
unable to access bucket: 'materialsproject-parsed' key: 'chgcars/mp-1439211.json.gz' version: None error: An error occurred (NoSuchKey) when calling the GetObject operation: The specified key does not exist.
  1230/8883: mp-865326
unable to access bucket: 'materialsproject-parsed' key: 'chgcars/mp-1417998.json.gz' version: None error: An error occurred (NoSuchKey) when calling the GetObject operation: The specified key does not exist.
  1231/8883: mp-1009733
  1232/8883: mp-973940
unable to access bucket: 'materialsproject-parsed' key: 'chgcars/mp-1434430.json.gz' version: None error: An error occurred (NoSuchKey) when calling the GetObject operation: The specified key does not exist.
  1233/8883: mp-1112945
  1234/8883: mp-22463
  1235/8883: mp-1110871
  1236/8883: mp-867275
  1237/8883: mp-1186185
  1238/8883: mp-1206245
  1239/8883: mp-867798
unable to access bucket: 'materialsproject-parsed' key: 'chgcars/mp-1397650.json.gz' version: None error: An error occurred (NoSuchKey) when calling the GetObject operation: The specified key does not exist.
  1240/8883: mp-1205757
  1241/8883: mp-1187070
  1242/8883: mp-1193281
  1243/8883: mp-866045
  1244/8883: mp-866191
unable to access bucket: 'materialsproject-parsed' key: 'chgcars/mp-1429084.json.gz' version: None error: An error occurred (NoSuchKey) when calling the GetObject operation: The specified key does not exist.
  1245/8883: mp-24092
unable to access bucket: 'materialsproject-parsed' key: 'chgcars/mp-1439970.json.gz' version: None error: An error occurred (NoSuchKey) when calling the GetObject operation: The specified key does not exist.
  1246/8883: mp-569028
  1247/8883: mp-867867
unable to access bucket: 'materialsproject-parsed' key: 'chgcars/mp-1423422.json.gz' version: None error: An error occurred (NoSuchKey) when calling the GetObject operation: The specified key does not exist.
  1248/8883: mp-1188878
unable to access bucket: 'materialsproject-parsed' key: 'chgcars/mp-1986029.json.gz' version: None error: An error occurred (NoSuchKey) when calling the GetObject operation: The specified key does not exist.
  1249/8883: mp-1194145
unable to access bucket: 'materialsproject-parsed' key: 'chgcars/mp-1396709.json.gz' version: None error: An error occurred (NoSuchKey) when calling the GetObject operation: The specified key does not exist.
  1250/8883: mp-980948
  1251/8883: mp-984704
unable to access bucket: 'materialsproject-parsed' key: 'chgcars/mp-1429797.json.gz' version: None error: An error occurred (NoSuchKey) when calling the GetObject operation: The specified key does not exist.
  1252/8883: mp-11236
  1253/8883: mp-862744
unable to access bucket: 'materialsproject-parsed' key: 'chgcars/mp-1431961.json.gz' version: None error: An error occurred (NoSuchKey) when calling the GetObject operation: The specified key does not exist.
  1254/8883: mp-1183555
unable to access bucket: 'materialsproject-parsed' key: 'chgcars/mp-1431038.json.gz' version: None error: An error occurred (NoSuchKey) when calling the GetObject operation: The specified key does not exist.
  1255/8883: mp-1187630
unable to access bucket: 'materialsproject-parsed' key: 'chgcars/mp-1413214.json.gz' version: None error: An error occurred (NoSuchKey) when calling the GetObject operation: The specified key does not exist.
  1256/8883: mp-1184166
  1257/8883: mp-978538
  1258/8883: mp-1112126
  1259/8883: mp-1207874
  1260/8883: mp-1183093
  1261/8883: mp-1112030
  1262/8883: mp-1114188
unable to access bucket: 'materialsproject-parsed' key: 'chgcars/mp-1368409.json.gz' version: None error: An error occurred (NoSuchKey) when calling the GetObject operation: The specified key does not exist.
  1263/8883: mp-1112690
  1264/8883: mp-1206036
  1265/8883: mp-2863
  1266/8883: mp-977537
unable to access bucket: 'materialsproject-parsed' key: 'chgcars/mp-1420883.json.gz' version: None error: An error occurred (NoSuchKey) when calling the GetObject operation: The specified key does not exist.
  1267/8883: mp-23903
unable to access bucket: 'materialsproject-parsed' key: 'chgcars/mp-1440332.json.gz' version: None error: An error occurred (NoSuchKey) when calling the GetObject operation: The specified key does not exist.
  1268/8883: mp-1187922
  1269/8883: mp-861977
  1270/8883: mp-982730
unable to access bucket: 'materialsproject-parsed' key: 'chgcars/mp-1418470.json.gz' version: None error: An error occurred (NoSuchKey) when calling the GetObject operation: The specified key does not exist.
  1271/8883: mp-989584
unable to access bucket: 'materialsproject-parsed' key: 'chgcars/mp-1443441.json.gz' version: None error: An error occurred (NoSuchKey) when calling the GetObject operation: The specified key does not exist.
  1272/8883: mp-1184437
  1273/8883: mp-1112882
  1274/8883: mp-865299
unable to access bucket: 'materialsproject-parsed' key: 'chgcars/mp-1435335.json.gz' version: None error: An error occurred (NoSuchKey) when calling the GetObject operation: The specified key does not exist.
  1275/8883: mp-972640
unable to access bucket: 'materialsproject-parsed' key: 'chgcars/mp-1416312.json.gz' version: None error: An error occurred (NoSuchKey) when calling the GetObject operation: The specified key does not exist.
  1276/8883: mp-865066
unable to access bucket: 'materialsproject-parsed' key: 'chgcars/mp-1443221.json.gz' version: None error: An error occurred (NoSuchKey) when calling the GetObject operation: The specified key does not exist.
  1277/8883: mp-1110625
  1278/8883: mp-1186684
unable to access bucket: 'materialsproject-parsed' key: 'chgcars/mp-1430708.json.gz' version: None error: An error occurred (NoSuchKey) when calling the GetObject operation: The specified key does not exist.
  1279/8883: mp-1100763
  1280/8883: mp-1187437
  1281/8883: mp-7889
  1282/8883: mp-1206438
  1283/8883: mp-1187041
  1284/8883: mp-862814
unable to access bucket: 'materialsproject-parsed' key: 'chgcars/mp-1385690.json.gz' version: None error: An error occurred (NoSuchKey) when calling the GetObject operation: The specified key does not exist.
  1285/8883: mp-1185445
  1286/8883: mp-1186254
unable to access bucket: 'materialsproject-parsed' key: 'chgcars/mp-1397423.json.gz' version: None error: An error occurred (NoSuchKey) when calling the GetObject operation: The specified key does not exist.
  1287/8883: mp-1183763
unable to access bucket: 'materialsproject-parsed' key: 'chgcars/mp-1391123.json.gz' version: None error: An error occurred (NoSuchKey) when calling the GetObject operation: The specified key does not exist.
  1288/8883: mp-568059
  1289/8883: mp-1112071
  1290/8883: mp-1205751
unable to access bucket: 'materialsproject-parsed' key: 'chgcars/mp-1393955.json.gz' version: None error: An error occurred (NoSuchKey) when calling the GetObject operation: The specified key does not exist.
  1291/8883: mp-1185372
unable to access bucket: 'materialsproject-parsed' key: 'chgcars/mp-1426430.json.gz' version: None error: An error occurred (NoSuchKey) when calling the GetObject operation: The specified key does not exist.
  1292/8883: mp-1184318
  1293/8883: mp-867909
unable to access bucket: 'materialsproject-parsed' key: 'chgcars/mp-1426013.json.gz' version: None error: An error occurred (NoSuchKey) when calling the GetObject operation: The specified key does not exist.
  1294/8883: mp-1112647
unable to access bucket: 'materialsproject-parsed' key: 'chgcars/mp-1345919.json.gz' version: None error: An error occurred (NoSuchKey) when calling the GetObject operation: The specified key does not exist.
  1295/8883: mp-864807
  1296/8883: mp-1185375
  1297/8883: mp-504603
  1298/8883: mp-1184136
unable to access bucket: 'materialsproject-parsed' key: 'chgcars/mp-1436253.json.gz' version: None error: An error occurred (NoSuchKey) when calling the GetObject operation: The specified key does not exist.
  1299/8883: mp-861506
  1300/8883: mp-1186665
  1301/8883: mp-1186188
  1302/8883: mp-1110656
unable to access bucket: 'materialsproject-parsed' key: 'chgcars/mp-1383439.json.gz' version: None error: An error occurred (NoSuchKey) when calling the GetObject operation: The specified key does not exist.
  1303/8883: mp-1192799
  1304/8883: mp-1114046
  1305/8883: mp-1112334
  1306/8883: mp-1228393
  1307/8883: mp-1111605
unable to access bucket: 'materialsproject-parsed' key: 'chgcars/mp-1394919.json.gz' version: None error: An error occurred (NoSuchKey) when calling the GetObject operation: The specified key does not exist.
  1308/8883: mp-1110898
  1309/8883: mp-1110777
  1310/8883: mp-1205542
  1311/8883: mp-972540
unable to access bucket: 'materialsproject-parsed' key: 'chgcars/mp-1419795.json.gz' version: None error: An error occurred (NoSuchKey) when calling the GetObject operation: The specified key does not exist.
  1312/8883: mp-1184865
unable to access bucket: 'materialsproject-parsed' key: 'chgcars/mp-1415268.json.gz' version: None error: An error occurred (NoSuchKey) when calling the GetObject operation: The specified key does not exist.
  1313/8883: mp-3464
  1314/8883: mp-866037
  1315/8883: mp-1184691
unable to access bucket: 'materialsproject-parsed' key: 'chgcars/mp-1420288.json.gz' version: None error: An error occurred (NoSuchKey) when calling the GetObject operation: The specified key does not exist.
  1316/8883: mp-1111786
  1317/8883: mp-1110842
  1318/8883: mp-866063
unable to access bucket: 'materialsproject-parsed' key: 'chgcars/mp-1385638.json.gz' version: None error: An error occurred (NoSuchKey) when calling the GetObject operation: The specified key does not exist.
  1319/8883: mp-1215427
  1320/8883: mp-1183135
unable to access bucket: 'materialsproject-parsed' key: 'chgcars/mp-1435315.json.gz' version: None error: An error occurred (NoSuchKey) when calling the GetObject operation: The specified key does not exist.
  1321/8883: mp-1187473
  1322/8883: mp-1039454
unable to access bucket: 'materialsproject-parsed' key: 'chgcars/mp-1391119.json.gz' version: None error: An error occurred (NoSuchKey) when calling the GetObject operation: The specified key does not exist.
  1323/8883: mp-974387
unable to access bucket: 'materialsproject-parsed' key: 'chgcars/mp-1388673.json.gz' version: None error: An error occurred (NoSuchKey) when calling the GetObject operation: The specified key does not exist.
  1324/8883: mp-560963
unable to access bucket: 'materialsproject-parsed' key: 'chgcars/mp-1413454.json.gz' version: None error: An error occurred (NoSuchKey) when calling the GetObject operation: The specified key does not exist.
  1325/8883: mp-1205939
unable to access bucket: 'materialsproject-parsed' key: 'chgcars/mp-1390830.json.gz' version: None error: An error occurred (NoSuchKey) when calling the GetObject operation: The specified key does not exist.
  1326/8883: mp-1186679
  1327/8883: mp-1110682
  1328/8883: mp-1187854
unable to access bucket: 'materialsproject-parsed' key: 'chgcars/mp-1385458.json.gz' version: None error: An error occurred (NoSuchKey) when calling the GetObject operation: The specified key does not exist.
  1329/8883: mp-864857
unable to access bucket: 'materialsproject-parsed' key: 'chgcars/mp-1422416.json.gz' version: None error: An error occurred (NoSuchKey) when calling the GetObject operation: The specified key does not exist.
  1330/8883: mp-974883
  1331/8883: mp-977393
unable to access bucket: 'materialsproject-parsed' key: 'chgcars/mp-1435051.json.gz' version: None error: An error occurred (NoSuchKey) when calling the GetObject operation: The specified key does not exist.
  1332/8883: mp-866069
unable to access bucket: 'materialsproject-parsed' key: 'chgcars/mp-1436307.json.gz' version: None error: An error occurred (NoSuchKey) when calling the GetObject operation: The specified key does not exist.
  1333/8883: mp-973402
unable to access bucket: 'materialsproject-parsed' key: 'chgcars/mp-1504882.json.gz' version: None error: An error occurred (NoSuchKey) when calling the GetObject operation: The specified key does not exist.
  1334/8883: mp-1062711
  1335/8883: mp-23513
  1336/8883: mp-1111550
  1337/8883: mp-1113037
  1338/8883: mp-866034
  1339/8883: mp-1111475
  1340/8883: mp-1183167
unable to access bucket: 'materialsproject-parsed' key: 'chgcars/mp-1437290.json.gz' version: None error: An error occurred (NoSuchKey) when calling the GetObject operation: The specified key does not exist.
  1341/8883: mp-1114240
  1342/8883: mp-1186583
unable to access bucket: 'materialsproject-parsed' key: 'chgcars/mp-1429905.json.gz' version: None error: An error occurred (NoSuchKey) when calling the GetObject operation: The specified key does not exist.
  1343/8883: mp-1183243
  1344/8883: mp-865356
unable to access bucket: 'materialsproject-parsed' key: 'chgcars/mp-1436973.json.gz' version: None error: An error occurred (NoSuchKey) when calling the GetObject operation: The specified key does not exist.
  1345/8883: mp-866185
unable to access bucket: 'materialsproject-parsed' key: 'chgcars/mp-1416598.json.gz' version: None error: An error occurred (NoSuchKey) when calling the GetObject operation: The specified key does not exist.
  1346/8883: mp-1112272
  1347/8883: mp-1183207
  1348/8883: mp-861908
  1349/8883: mp-1205790
  1350/8883: mp-1185505
  1351/8883: mp-631586
  1352/8883: mp-1186208
unable to access bucket: 'materialsproject-parsed' key: 'chgcars/mp-1415024.json.gz' version: None error: An error occurred (NoSuchKey) when calling the GetObject operation: The specified key does not exist.
  1353/8883: mp-866295
unable to access bucket: 'materialsproject-parsed' key: 'chgcars/mp-1437036.json.gz' version: None error: An error occurred (NoSuchKey) when calling the GetObject operation: The specified key does not exist.
  1354/8883: mp-1113300
  1355/8883: mp-1078988
  1356/8883: mp-867249
unable to access bucket: 'materialsproject-parsed' key: 'chgcars/mp-1504038.json.gz' version: None error: An error occurred (NoSuchKey) when calling the GetObject operation: The specified key does not exist.
  1357/8883: mp-865925
  1358/8883: mp-1111045
  1359/8883: mp-1218012
  1360/8883: mp-1113906
  1361/8883: mp-1112195
  1362/8883: mp-1184290
  1363/8883: mp-1209332
  1364/8883: mp-865495
  1365/8883: mp-864840
  1366/8883: mp-1185141
unable to access bucket: 'materialsproject-parsed' key: 'chgcars/mp-1390187.json.gz' version: None error: An error occurred (NoSuchKey) when calling the GetObject operation: The specified key does not exist.
  1367/8883: mp-867283
unable to access bucket: 'materialsproject-parsed' key: 'chgcars/mp-1504088.json.gz' version: None error: An error occurred (NoSuchKey) when calling the GetObject operation: The specified key does not exist.
  1368/8883: mp-982929
  1369/8883: mp-1111710
  1370/8883: mp-980044
unable to access bucket: 'materialsproject-parsed' key: 'chgcars/mp-1409084.json.gz' version: None error: An error occurred (NoSuchKey) when calling the GetObject operation: The specified key does not exist.
  1371/8883: mp-1187127
unable to access bucket: 'materialsproject-parsed' key: 'chgcars/mp-1385247.json.gz' version: None error: An error occurred (NoSuchKey) when calling the GetObject operation: The specified key does not exist.
  1372/8883: mp-972536
  1373/8883: mp-983388
unable to access bucket: 'materialsproject-parsed' key: 'chgcars/mp-1390078.json.gz' version: None error: An error occurred (NoSuchKey) when calling the GetObject operation: The specified key does not exist.
  1374/8883: mp-1110566
  1375/8883: mp-865797
unable to access bucket: 'materialsproject-parsed' key: 'chgcars/mp-1429344.json.gz' version: None error: An error occurred (NoSuchKey) when calling the GetObject operation: The specified key does not exist.
  1376/8883: mp-981393
unable to access bucket: 'materialsproject-parsed' key: 'chgcars/mp-1425799.json.gz' version: None error: An error occurred (NoSuchKey) when calling the GetObject operation: The specified key does not exist.
  1377/8883: mp-1184715
  1378/8883: mp-861913
  1379/8883: mp-975920
unable to access bucket: 'materialsproject-parsed' key: 'chgcars/mp-1414678.json.gz' version: None error: An error occurred (NoSuchKey) when calling the GetObject operation: The specified key does not exist.
  1380/8883: mp-1112918
  1381/8883: mp-868003
  1382/8883: mp-1112784
unable to access bucket: 'materialsproject-parsed' key: 'chgcars/mp-1367922.json.gz' version: None error: An error occurred (NoSuchKey) when calling the GetObject operation: The specified key does not exist.
  1383/8883: mp-1110810
  1384/8883: mp-1811
  1385/8883: mp-862996
  1386/8883: mp-1185267
unable to access bucket: 'materialsproject-parsed' key: 'chgcars/mp-1422910.json.gz' version: None error: An error occurred (NoSuchKey) when calling the GetObject operation: The specified key does not exist.
  1387/8883: mp-1110824
unable to access bucket: 'materialsproject-parsed' key: 'chgcars/mp-1328941.json.gz' version: None error: An error occurred (NoSuchKey) when calling the GetObject operation: The specified key does not exist.
  1388/8883: mp-862737
unable to access bucket: 'materialsproject-parsed' key: 'chgcars/mp-1420282.json.gz' version: None error: An error occurred (NoSuchKey) when calling the GetObject operation: The specified key does not exist.
  1389/8883: mp-861667
unable to access bucket: 'materialsproject-parsed' key: 'chgcars/mp-1413138.json.gz' version: None error: An error occurred (NoSuchKey) when calling the GetObject operation: The specified key does not exist.
  1390/8883: mp-862713
unable to access bucket: 'materialsproject-parsed' key: 'chgcars/mp-1423109.json.gz' version: None error: An error occurred (NoSuchKey) when calling the GetObject operation: The specified key does not exist.
  1391/8883: mp-1187601
  1392/8883: mp-865127
unable to access bucket: 'materialsproject-parsed' key: 'chgcars/mp-1387682.json.gz' version: None error: An error occurred (NoSuchKey) when calling the GetObject operation: The specified key does not exist.
  1393/8883: mp-999473
unable to access bucket: 'materialsproject-parsed' key: 'chgcars/mp-1426216.json.gz' version: None error: An error occurred (NoSuchKey) when calling the GetObject operation: The specified key does not exist.
  1394/8883: mp-1187604
unable to access bucket: 'materialsproject-parsed' key: 'chgcars/mp-1394263.json.gz' version: None error: An error occurred (NoSuchKey) when calling the GetObject operation: The specified key does not exist.
  1395/8883: mp-14294
  1396/8883: mp-972882
  1397/8883: mp-1183500
unable to access bucket: 'materialsproject-parsed' key: 'chgcars/mp-1400335.json.gz' version: None error: An error occurred (NoSuchKey) when calling the GetObject operation: The specified key does not exist.
  1398/8883: mp-1110577
unable to access bucket: 'materialsproject-parsed' key: 'chgcars/mp-1444942.json.gz' version: None error: An error occurred (NoSuchKey) when calling the GetObject operation: The specified key does not exist.
  1399/8883: mp-1112055
unable to access bucket: 'materialsproject-parsed' key: 'chgcars/mp-1394145.json.gz' version: None error: An error occurred (NoSuchKey) when calling the GetObject operation: The specified key does not exist.
  1400/8883: mp-1112279
  1401/8883: mp-1110825
  1402/8883: mp-3042
  1403/8883: mp-1183462
unable to access bucket: 'materialsproject-parsed' key: 'chgcars/mp-1432167.json.gz' version: None error: An error occurred (NoSuchKey) when calling the GetObject operation: The specified key does not exist.
  1404/8883: mp-862445
unable to access bucket: 'materialsproject-parsed' key: 'chgcars/mp-1425262.json.gz' version: None error: An error occurred (NoSuchKey) when calling the GetObject operation: The specified key does not exist.
  1405/8883: mp-1113502
unable to access bucket: 'materialsproject-parsed' key: 'chgcars/mp-1332498.json.gz' version: None error: An error occurred (NoSuchKey) when calling the GetObject operation: The specified key does not exist.
  1406/8883: mp-1187706
unable to access bucket: 'materialsproject-parsed' key: 'chgcars/mp-1424171.json.gz' version: None error: An error occurred (NoSuchKey) when calling the GetObject operation: The specified key does not exist.
  1407/8883: mp-989532
unable to access bucket: 'materialsproject-parsed' key: 'chgcars/mp-1385674.json.gz' version: None error: An error occurred (NoSuchKey) when calling the GetObject operation: The specified key does not exist.
  1408/8883: mp-864600
unable to access bucket: 'materialsproject-parsed' key: 'chgcars/mp-1426459.json.gz' version: None error: An error occurred (NoSuchKey) when calling the GetObject operation: The specified key does not exist.
  1409/8883: mp-21391
unable to access bucket: 'materialsproject-parsed' key: 'chgcars/mp-1439310.json.gz' version: None error: An error occurred (NoSuchKey) when calling the GetObject operation: The specified key does not exist.
  1410/8883: mp-542728
unable to access bucket: 'materialsproject-parsed' key: 'chgcars/mp-1382264.json.gz' version: None error: An error occurred (NoSuchKey) when calling the GetObject operation: The specified key does not exist.
  1411/8883: mp-1187932
  1412/8883: mp-865854
  1413/8883: mp-1111142
  1414/8883: mp-1186941
unable to access bucket: 'materialsproject-parsed' key: 'chgcars/mp-1418390.json.gz' version: None error: An error occurred (NoSuchKey) when calling the GetObject operation: The specified key does not exist.
  1415/8883: mp-974565
unable to access bucket: 'materialsproject-parsed' key: 'chgcars/mp-1431211.json.gz' version: None error: An error occurred (NoSuchKey) when calling the GetObject operation: The specified key does not exist.
  1416/8883: mp-1039170
  1417/8883: mp-1094358
  1418/8883: mp-1112025
unable to access bucket: 'materialsproject-parsed' key: 'chgcars/mp-1388358.json.gz' version: None error: An error occurred (NoSuchKey) when calling the GetObject operation: The specified key does not exist.
  1419/8883: mp-865811
unable to access bucket: 'materialsproject-parsed' key: 'chgcars/mp-1424196.json.gz' version: None error: An error occurred (NoSuchKey) when calling the GetObject operation: The specified key does not exist.
  1420/8883: mp-3498
unable to access bucket: 'materialsproject-parsed' key: 'chgcars/mp-1437561.json.gz' version: None error: An error occurred (NoSuchKey) when calling the GetObject operation: The specified key does not exist.
  1421/8883: mp-1205992
  1422/8883: mp-1112268
unable to access bucket: 'materialsproject-parsed' key: 'chgcars/mp-1390878.json.gz' version: None error: An error occurred (NoSuchKey) when calling the GetObject operation: The specified key does not exist.
  1423/8883: mp-1111791
  1424/8883: mp-1187609
unable to access bucket: 'materialsproject-parsed' key: 'chgcars/mp-1429323.json.gz' version: None error: An error occurred (NoSuchKey) when calling the GetObject operation: The specified key does not exist.
  1425/8883: mp-1110940
  1426/8883: mp-1112988
  1427/8883: mp-24151
unable to access bucket: 'materialsproject-parsed' key: 'chgcars/mp-1439585.json.gz' version: None error: An error occurred (NoSuchKey) when calling the GetObject operation: The specified key does not exist.
  1428/8883: mp-570166
  1429/8883: mp-1112359
  1430/8883: mp-862733
unable to access bucket: 'materialsproject-parsed' key: 'chgcars/mp-1426992.json.gz' version: None error: An error occurred (NoSuchKey) when calling the GetObject operation: The specified key does not exist.
  1431/8883: mp-1205698
  1432/8883: mp-2489
  1433/8883: mp-862368
  1434/8883: mp-1193644
unable to access bucket: 'materialsproject-parsed' key: 'chgcars/mp-1392373.json.gz' version: None error: An error occurred (NoSuchKey) when calling the GetObject operation: The specified key does not exist.
  1435/8883: mp-1111620
  1436/8883: mp-1188003
unable to access bucket: 'materialsproject-parsed' key: 'chgcars/mp-1437345.json.gz' version: None error: An error occurred (NoSuchKey) when calling the GetObject operation: The specified key does not exist.
  1437/8883: mp-980069
unable to access bucket: 'materialsproject-parsed' key: 'chgcars/mp-1432359.json.gz' version: None error: An error occurred (NoSuchKey) when calling the GetObject operation: The specified key does not exist.
  1438/8883: mp-1183416
unable to access bucket: 'materialsproject-parsed' key: 'chgcars/mp-1432455.json.gz' version: None error: An error occurred (NoSuchKey) when calling the GetObject operation: The specified key does not exist.
  1439/8883: mp-1186454
unable to access bucket: 'materialsproject-parsed' key: 'chgcars/mp-1431344.json.gz' version: None error: An error occurred (NoSuchKey) when calling the GetObject operation: The specified key does not exist.
  1440/8883: mp-1187238
unable to access bucket: 'materialsproject-parsed' key: 'chgcars/mp-1657987.json.gz' version: None error: An error occurred (NoSuchKey) when calling the GetObject operation: The specified key does not exist.
  1441/8883: mp-1110886
unable to access bucket: 'materialsproject-parsed' key: 'chgcars/mp-1408922.json.gz' version: None error: An error occurred (NoSuchKey) when calling the GetObject operation: The specified key does not exist.
  1442/8883: mp-1112066
  1443/8883: mp-1185986
  1444/8883: mp-22947
  1445/8883: mp-1228305
  1446/8883: mp-867258
  1447/8883: mp-1187203
unable to access bucket: 'materialsproject-parsed' key: 'chgcars/mp-1421088.json.gz' version: None error: An error occurred (NoSuchKey) when calling the GetObject operation: The specified key does not exist.
  1448/8883: mp-862836
  1449/8883: mp-979425
  1450/8883: mp-1184827
unable to access bucket: 'materialsproject-parsed' key: 'chgcars/mp-1419253.json.gz' version: None error: An error occurred (NoSuchKey) when calling the GetObject operation: The specified key does not exist.
  1451/8883: mp-863667
  1452/8883: mp-1178936
unable to access bucket: 'materialsproject-parsed' key: 'chgcars/mp-1414288.json.gz' version: None error: An error occurred (NoSuchKey) when calling the GetObject operation: The specified key does not exist.
  1453/8883: mp-1227844
  1454/8883: mp-1205924
  1455/8883: mp-12087
  1456/8883: mp-2566
  1457/8883: mp-1187612
unable to access bucket: 'materialsproject-parsed' key: 'chgcars/mp-1504620.json.gz' version: None error: An error occurred (NoSuchKey) when calling the GetObject operation: The specified key does not exist.
  1458/8883: mp-1205512
  1459/8883: mp-567465
  1460/8883: mp-1112407
  1461/8883: mp-1187891
  1462/8883: mp-1186203
unable to access bucket: 'materialsproject-parsed' key: 'chgcars/mp-1475741.json.gz' version: None error: An error occurred (NoSuchKey) when calling the GetObject operation: The specified key does not exist.
  1463/8883: mp-865709
  1464/8883: mp-22319
unable to access bucket: 'materialsproject-parsed' key: 'chgcars/mp-1425450.json.gz' version: None error: An error occurred (NoSuchKey) when calling the GetObject operation: The specified key does not exist.
  1465/8883: mp-753139
  1466/8883: mp-865888
unable to access bucket: 'materialsproject-parsed' key: 'chgcars/mp-1433592.json.gz' version: None error: An error occurred (NoSuchKey) when calling the GetObject operation: The specified key does not exist.
  1467/8883: mp-976125
  1468/8883: mp-864908
unable to access bucket: 'materialsproject-parsed' key: 'chgcars/mp-1413254.json.gz' version: None error: An error occurred (NoSuchKey) when calling the GetObject operation: The specified key does not exist.
  1469/8883: mp-979989
unable to access bucket: 'materialsproject-parsed' key: 'chgcars/mp-1414322.json.gz' version: None error: An error occurred (NoSuchKey) when calling the GetObject operation: The specified key does not exist.
  1470/8883: mp-1111082
  1471/8883: mp-978522
  1472/8883: mp-1185984
unable to access bucket: 'materialsproject-parsed' key: 'chgcars/mp-1426749.json.gz' version: None error: An error occurred (NoSuchKey) when calling the GetObject operation: The specified key does not exist.
  1473/8883: mp-867178
unable to access bucket: 'materialsproject-parsed' key: 'chgcars/mp-1432840.json.gz' version: None error: An error occurred (NoSuchKey) when calling the GetObject operation: The specified key does not exist.
  1474/8883: mp-862957
  1475/8883: mp-1110642
  1476/8883: mp-1186646
  1477/8883: mp-1110922
  1478/8883: mp-1183301
unable to access bucket: 'materialsproject-parsed' key: 'chgcars/mp-1396380.json.gz' version: None error: An error occurred (NoSuchKey) when calling the GetObject operation: The specified key does not exist.
  1479/8883: mp-1111616
  1480/8883: mp-862926
  1481/8883: mp-1111487
  1482/8883: mp-1112225
unable to access bucket: 'materialsproject-parsed' key: 'chgcars/mp-1407395.json.gz' version: None error: An error occurred (NoSuchKey) when calling the GetObject operation: The specified key does not exist.
  1483/8883: mp-1184673
unable to access bucket: 'materialsproject-parsed' key: 'chgcars/mp-1423932.json.gz' version: None error: An error occurred (NoSuchKey) when calling the GetObject operation: The specified key does not exist.
  1484/8883: mp-1191852
  1485/8883: mp-867857
  1486/8883: mp-23137
  1487/8883: mp-999296
unable to access bucket: 'materialsproject-parsed' key: 'chgcars/mp-1430468.json.gz' version: None error: An error occurred (NoSuchKey) when calling the GetObject operation: The specified key does not exist.
  1488/8883: mp-10123
unable to access bucket: 'materialsproject-parsed' key: 'chgcars/mp-1432154.json.gz' version: None error: An error occurred (NoSuchKey) when calling the GetObject operation: The specified key does not exist.
  1489/8883: mp-1227951
unable to access bucket: 'materialsproject-parsed' key: 'chgcars/mp-1408350.json.gz' version: None error: An error occurred (NoSuchKey) when calling the GetObject operation: The specified key does not exist.
  1490/8883: mp-865995
  1491/8883: mp-4972
  1492/8883: mp-1059264
  1493/8883: mp-1113068
  1494/8883: mp-1183101
  1495/8883: mp-1186623
unable to access bucket: 'materialsproject-parsed' key: 'chgcars/mp-1387389.json.gz' version: None error: An error occurred (NoSuchKey) when calling the GetObject operation: The specified key does not exist.
  1496/8883: mp-1187806
  1497/8883: mp-862955
  1498/8883: mp-1205725
  1499/8883: mp-1228073
  1500/8883: mp-2759
  1501/8883: mp-1113711
  1502/8883: mp-1183810
  1503/8883: mp-1186073
  1504/8883: mp-1187003
  1505/8883: mp-4552
  1506/8883: mp-1184202
  1507/8883: mp-866143
unable to access bucket: 'materialsproject-parsed' key: 'chgcars/mp-1421060.json.gz' version: None error: An error occurred (NoSuchKey) when calling the GetObject operation: The specified key does not exist.
  1508/8883: mp-648
  1509/8883: mp-1110740
  1510/8883: mp-1187785
  1511/8883: mp-1185016
  1512/8883: mp-867277
  1513/8883: mp-1184104
  1514/8883: mp-979427
unable to access bucket: 'materialsproject-parsed' key: 'chgcars/mp-1418528.json.gz' version: None error: An error occurred (NoSuchKey) when calling the GetObject operation: The specified key does not exist.
  1515/8883: mp-865148
unable to access bucket: 'materialsproject-parsed' key: 'chgcars/mp-1392779.json.gz' version: None error: An error occurred (NoSuchKey) when calling the GetObject operation: The specified key does not exist.
  1516/8883: mp-1205947
unable to access bucket: 'materialsproject-parsed' key: 'chgcars/mp-1385320.json.gz' version: None error: An error occurred (NoSuchKey) when calling the GetObject operation: The specified key does not exist.
  1517/8883: mp-1193188
  1518/8883: mp-1111937
  1519/8883: mp-1079126
  1520/8883: mp-862740
  1521/8883: mp-1224930
  1522/8883: mp-22441
  1523/8883: mp-867304
unable to access bucket: 'materialsproject-parsed' key: 'chgcars/mp-1656145.json.gz' version: None error: An error occurred (NoSuchKey) when calling the GetObject operation: The specified key does not exist.
  1524/8883: mp-972275
unable to access bucket: 'materialsproject-parsed' key: 'chgcars/mp-1433158.json.gz' version: None error: An error occurred (NoSuchKey) when calling the GetObject operation: The specified key does not exist.
  1525/8883: mp-642273
unable to access bucket: 'materialsproject-parsed' key: 'chgcars/mp-1388675.json.gz' version: None error: An error occurred (NoSuchKey) when calling the GetObject operation: The specified key does not exist.
  1526/8883: mp-1110969
  1527/8883: mp-1186107
  1528/8883: mp-1078952
  1529/8883: mp-1205964
unable to access bucket: 'materialsproject-parsed' key: 'chgcars/mp-1389393.json.gz' version: None error: An error occurred (NoSuchKey) when calling the GetObject operation: The specified key does not exist.
  1530/8883: mp-1002187
  1531/8883: mp-22685
unable to access bucket: 'materialsproject-parsed' key: 'chgcars/mp-1439146.json.gz' version: None error: An error occurred (NoSuchKey) when calling the GetObject operation: The specified key does not exist.
  1532/8883: mp-1185975
unable to access bucket: 'materialsproject-parsed' key: 'chgcars/mp-1413438.json.gz' version: None error: An error occurred (NoSuchKey) when calling the GetObject operation: The specified key does not exist.
  1533/8883: mp-1111993
  1534/8883: mp-1110779
  1535/8883: mp-1184057
  1536/8883: mp-1094636
unable to access bucket: 'materialsproject-parsed' key: 'chgcars/mp-1411293.json.gz' version: None error: An error occurred (NoSuchKey) when calling the GetObject operation: The specified key does not exist.
  1537/8883: mp-1183185
unable to access bucket: 'materialsproject-parsed' key: 'chgcars/mp-1425296.json.gz' version: None error: An error occurred (NoSuchKey) when calling the GetObject operation: The specified key does not exist.
  1538/8883: mp-1187871
  1539/8883: mp-972046
unable to access bucket: 'materialsproject-parsed' key: 'chgcars/mp-1395421.json.gz' version: None error: An error occurred (NoSuchKey) when calling the GetObject operation: The specified key does not exist.
  1540/8883: mp-975789
unable to access bucket: 'materialsproject-parsed' key: 'chgcars/mp-1436345.json.gz' version: None error: An error occurred (NoSuchKey) when calling the GetObject operation: The specified key does not exist.
  1541/8883: mp-862548
unable to access bucket: 'materialsproject-parsed' key: 'chgcars/mp-1419363.json.gz' version: None error: An error occurred (NoSuchKey) when calling the GetObject operation: The specified key does not exist.
  1542/8883: mp-1179679
  1543/8883: mp-978560
unable to access bucket: 'materialsproject-parsed' key: 'chgcars/mp-1424391.json.gz' version: None error: An error occurred (NoSuchKey) when calling the GetObject operation: The specified key does not exist.
  1544/8883: mp-10740
unable to access bucket: 'materialsproject-parsed' key: 'chgcars/mp-1440330.json.gz' version: None error: An error occurred (NoSuchKey) when calling the GetObject operation: The specified key does not exist.
  1545/8883: mp-2175
unable to access bucket: 'materialsproject-parsed' key: 'chgcars/mp-1440357.json.gz' version: None error: An error occurred (NoSuchKey) when calling the GetObject operation: The specified key does not exist.
  1546/8883: mp-1184221
  1547/8883: mp-866126
unable to access bucket: 'materialsproject-parsed' key: 'chgcars/mp-1418010.json.gz' version: None error: An error occurred (NoSuchKey) when calling the GetObject operation: The specified key does not exist.
  1548/8883: mp-865158
unable to access bucket: 'materialsproject-parsed' key: 'chgcars/mp-1504177.json.gz' version: None error: An error occurred (NoSuchKey) when calling the GetObject operation: The specified key does not exist.
  1549/8883: mp-1112211
  1550/8883: mp-979967
unable to access bucket: 'materialsproject-parsed' key: 'chgcars/mp-1421102.json.gz' version: None error: An error occurred (NoSuchKey) when calling the GetObject operation: The specified key does not exist.
  1551/8883: mp-1194066
unable to access bucket: 'materialsproject-parsed' key: 'chgcars/mp-1430429.json.gz' version: None error: An error occurred (NoSuchKey) when calling the GetObject operation: The specified key does not exist.
  1552/8883: mp-568917
  1553/8883: mp-1057084
  1554/8883: mp-1184070
  1555/8883: mp-641775
  1556/8883: mp-867834
unable to access bucket: 'materialsproject-parsed' key: 'chgcars/mp-1427441.json.gz' version: None error: An error occurred (NoSuchKey) when calling the GetObject operation: The specified key does not exist.
  1557/8883: mp-1113179
  1558/8883: mp-1213780
  1559/8883: mp-866193
  1560/8883: mp-1183533
unable to access bucket: 'materialsproject-parsed' key: 'chgcars/mp-1398390.json.gz' version: None error: An error occurred (NoSuchKey) when calling the GetObject operation: The specified key does not exist.
  1561/8883: mp-980392
unable to access bucket: 'materialsproject-parsed' key: 'chgcars/mp-1425070.json.gz' version: None error: An error occurred (NoSuchKey) when calling the GetObject operation: The specified key does not exist.
  1562/8883: mp-865953
unable to access bucket: 'materialsproject-parsed' key: 'chgcars/mp-1429295.json.gz' version: None error: An error occurred (NoSuchKey) when calling the GetObject operation: The specified key does not exist.
  1563/8883: mp-19971
  1564/8883: mp-1184748
  1565/8883: mp-861624
  1566/8883: mp-1110987
unable to access bucket: 'materialsproject-parsed' key: 'chgcars/mp-1391185.json.gz' version: None error: An error occurred (NoSuchKey) when calling the GetObject operation: The specified key does not exist.
  1567/8883: mp-1114115
  1568/8883: mp-1183640
unable to access bucket: 'materialsproject-parsed' key: 'chgcars/mp-1417337.json.gz' version: None error: An error occurred (NoSuchKey) when calling the GetObject operation: The specified key does not exist.
  1569/8883: mp-1187646
unable to access bucket: 'materialsproject-parsed' key: 'chgcars/mp-1413183.json.gz' version: None error: An error occurred (NoSuchKey) when calling the GetObject operation: The specified key does not exist.
  1570/8883: mp-1189460
unable to access bucket: 'materialsproject-parsed' key: 'chgcars/mp-1432315.json.gz' version: None error: An error occurred (NoSuchKey) when calling the GetObject operation: The specified key does not exist.
  1571/8883: mp-865756
unable to access bucket: 'materialsproject-parsed' key: 'chgcars/mp-1475782.json.gz' version: None error: An error occurred (NoSuchKey) when calling the GetObject operation: The specified key does not exist.
  1572/8883: mp-1207085
  1573/8883: mp-1112270
unable to access bucket: 'materialsproject-parsed' key: 'chgcars/mp-1410226.json.gz' version: None error: An error occurred (NoSuchKey) when calling the GetObject operation: The specified key does not exist.
  1574/8883: mp-865004
  1575/8883: mp-1185285
  1576/8883: mp-1193674
unable to access bucket: 'materialsproject-parsed' key: 'chgcars/mp-1387264.json.gz' version: None error: An error occurred (NoSuchKey) when calling the GetObject operation: The specified key does not exist.
  1577/8883: mp-973432
unable to access bucket: 'materialsproject-parsed' key: 'chgcars/mp-1475868.json.gz' version: None error: An error occurred (NoSuchKey) when calling the GetObject operation: The specified key does not exist.
  1578/8883: mp-1186379
unable to access bucket: 'materialsproject-parsed' key: 'chgcars/mp-1410064.json.gz' version: None error: An error occurred (NoSuchKey) when calling the GetObject operation: The specified key does not exist.
  1579/8883: mp-865463
unable to access bucket: 'materialsproject-parsed' key: 'chgcars/mp-1436321.json.gz' version: None error: An error occurred (NoSuchKey) when calling the GetObject operation: The specified key does not exist.
  1580/8883: mp-24650
unable to access bucket: 'materialsproject-parsed' key: 'chgcars/mp-1442055.json.gz' version: None error: An error occurred (NoSuchKey) when calling the GetObject operation: The specified key does not exist.
  1581/8883: mp-20116
  1582/8883: mp-540957
  1583/8883: mp-862752
unable to access bucket: 'materialsproject-parsed' key: 'chgcars/mp-1504900.json.gz' version: None error: An error occurred (NoSuchKey) when calling the GetObject operation: The specified key does not exist.
  1584/8883: mp-863690
unable to access bucket: 'materialsproject-parsed' key: 'chgcars/mp-1436552.json.gz' version: None error: An error occurred (NoSuchKey) when calling the GetObject operation: The specified key does not exist.
  1585/8883: mp-989517
unable to access bucket: 'materialsproject-parsed' key: 'chgcars/mp-1386483.json.gz' version: None error: An error occurred (NoSuchKey) when calling the GetObject operation: The specified key does not exist.
  1586/8883: mp-1186664
unable to access bucket: 'materialsproject-parsed' key: 'chgcars/mp-1429020.json.gz' version: None error: An error occurred (NoSuchKey) when calling the GetObject operation: The specified key does not exist.
  1587/8883: mp-973771
  1588/8883: mp-977578
unable to access bucket: 'materialsproject-parsed' key: 'chgcars/mp-1504093.json.gz' version: None error: An error occurred (NoSuchKey) when calling the GetObject operation: The specified key does not exist.
  1589/8883: mp-866203
  1590/8883: mp-22903
  1591/8883: mp-1187877
unable to access bucket: 'materialsproject-parsed' key: 'chgcars/mp-1435791.json.gz' version: None error: An error occurred (NoSuchKey) when calling the GetObject operation: The specified key does not exist.
  1592/8883: mp-22862
  1593/8883: mp-866226
unable to access bucket: 'materialsproject-parsed' key: 'chgcars/mp-1424482.json.gz' version: None error: An error occurred (NoSuchKey) when calling the GetObject operation: The specified key does not exist.
  1594/8883: mp-1206282
  1595/8883: mp-867225
unable to access bucket: 'materialsproject-parsed' key: 'chgcars/mp-1424228.json.gz' version: None error: An error occurred (NoSuchKey) when calling the GetObject operation: The specified key does not exist.
  1596/8883: mp-1110945
unable to access bucket: 'materialsproject-parsed' key: 'chgcars/mp-1375567.json.gz' version: None error: An error occurred (NoSuchKey) when calling the GetObject operation: The specified key does not exist.
  1597/8883: mp-864650
unable to access bucket: 'materialsproject-parsed' key: 'chgcars/mp-1444034.json.gz' version: None error: An error occurred (NoSuchKey) when calling the GetObject operation: The specified key does not exist.
  1598/8883: mp-863673
unable to access bucket: 'materialsproject-parsed' key: 'chgcars/mp-1422563.json.gz' version: None error: An error occurred (NoSuchKey) when calling the GetObject operation: The specified key does not exist.
  1599/8883: mp-977283
unable to access bucket: 'materialsproject-parsed' key: 'chgcars/mp-1414205.json.gz' version: None error: An error occurred (NoSuchKey) when calling the GetObject operation: The specified key does not exist.
  1600/8883: mp-1112208
unable to access bucket: 'materialsproject-parsed' key: 'chgcars/mp-1392870.json.gz' version: None error: An error occurred (NoSuchKey) when calling the GetObject operation: The specified key does not exist.
  1601/8883: mp-1185048
unable to access bucket: 'materialsproject-parsed' key: 'chgcars/mp-1388103.json.gz' version: None error: An error occurred (NoSuchKey) when calling the GetObject operation: The specified key does not exist.
  1602/8883: mp-1111454
unable to access bucket: 'materialsproject-parsed' key: 'chgcars/mp-1390983.json.gz' version: None error: An error occurred (NoSuchKey) when calling the GetObject operation: The specified key does not exist.
  1603/8883: mp-1111002
  1604/8883: mp-999439
  1605/8883: mp-980206
unable to access bucket: 'materialsproject-parsed' key: 'chgcars/mp-1418491.json.gz' version: None error: An error occurred (NoSuchKey) when calling the GetObject operation: The specified key does not exist.
  1606/8883: mp-1184370
  1607/8883: mp-14088
  1608/8883: mp-1181796
unable to access bucket: 'materialsproject-parsed' key: 'chgcars/mp-1982384.json.gz' version: None error: An error occurred (NoSuchKey) when calling the GetObject operation: The specified key does not exist.
  1609/8883: mp-1187859
  1610/8883: mp-1186308
unable to access bucket: 'materialsproject-parsed' key: 'chgcars/mp-1437370.json.gz' version: None error: An error occurred (NoSuchKey) when calling the GetObject operation: The specified key does not exist.
  1611/8883: mp-1185446
unable to access bucket: 'materialsproject-parsed' key: 'chgcars/mp-1426265.json.gz' version: None error: An error occurred (NoSuchKey) when calling the GetObject operation: The specified key does not exist.
  1612/8883: mp-865420
  1613/8883: mp-978544
unable to access bucket: 'materialsproject-parsed' key: 'chgcars/mp-1436718.json.gz' version: None error: An error occurred (NoSuchKey) when calling the GetObject operation: The specified key does not exist.
  1614/8883: mp-1112338
  1615/8883: mp-1185960
  1616/8883: mp-1205554
  1617/8883: mp-1206106
  1618/8883: mp-1111427
unable to access bucket: 'materialsproject-parsed' key: 'chgcars/mp-1412235.json.gz' version: None error: An error occurred (NoSuchKey) when calling the GetObject operation: The specified key does not exist.
  1619/8883: mp-1111189
  1620/8883: mp-977115
unable to access bucket: 'materialsproject-parsed' key: 'chgcars/mp-1385628.json.gz' version: None error: An error occurred (NoSuchKey) when calling the GetObject operation: The specified key does not exist.
  1621/8883: mp-1184909
  1622/8883: mp-1193912
  1623/8883: mp-13898
  1624/8883: mp-23465
  1625/8883: mp-1110870
  1626/8883: mp-1113039
  1627/8883: mp-1110728
  1628/8883: mp-1183121
  1629/8883: mp-972071
  1630/8883: mp-863740
unable to access bucket: 'materialsproject-parsed' key: 'chgcars/mp-1415389.json.gz' version: None error: An error occurred (NoSuchKey) when calling the GetObject operation: The specified key does not exist.
  1631/8883: mp-567580
  1632/8883: mp-996941
unable to access bucket: 'materialsproject-parsed' key: 'chgcars/mp-1399195.json.gz' version: None error: An error occurred (NoSuchKey) when calling the GetObject operation: The specified key does not exist.
  1633/8883: mp-1110967
  1634/8883: mp-1112414
unable to access bucket: 'materialsproject-parsed' key: 'chgcars/mp-1394092.json.gz' version: None error: An error occurred (NoSuchKey) when calling the GetObject operation: The specified key does not exist.
  1635/8883: mp-1188015
  1636/8883: mp-865536
  1637/8883: mp-1018013
unable to access bucket: 'materialsproject-parsed' key: 'chgcars/mp-1425725.json.gz' version: None error: An error occurred (NoSuchKey) when calling the GetObject operation: The specified key does not exist.
  1638/8883: mp-989527
unable to access bucket: 'materialsproject-parsed' key: 'chgcars/mp-1393246.json.gz' version: None error: An error occurred (NoSuchKey) when calling the GetObject operation: The specified key does not exist.
  1639/8883: mp-862833
unable to access bucket: 'materialsproject-parsed' key: 'chgcars/mp-1417500.json.gz' version: None error: An error occurred (NoSuchKey) when calling the GetObject operation: The specified key does not exist.
  1640/8883: mp-1187463
  1641/8883: mp-1766
unable to access bucket: 'materialsproject-parsed' key: 'chgcars/mp-1440028.json.gz' version: None error: An error occurred (NoSuchKey) when calling the GetObject operation: The specified key does not exist.
  1642/8883: mp-979420
  1643/8883: mp-1112904
  1644/8883: mp-1185092
  1645/8883: mp-2143
  1646/8883: mp-1184837
unable to access bucket: 'materialsproject-parsed' key: 'chgcars/mp-1393883.json.gz' version: None error: An error occurred (NoSuchKey) when calling the GetObject operation: The specified key does not exist.
  1647/8883: mp-1111245
  1648/8883: mp-1192795
unable to access bucket: 'materialsproject-parsed' key: 'chgcars/mp-1394779.json.gz' version: None error: An error occurred (NoSuchKey) when calling the GetObject operation: The specified key does not exist.
  1649/8883: mp-1147705
  1650/8883: mp-980661
  1651/8883: mp-862725
unable to access bucket: 'materialsproject-parsed' key: 'chgcars/mp-1432423.json.gz' version: None error: An error occurred (NoSuchKey) when calling the GetObject operation: The specified key does not exist.
  1652/8883: mp-1132
unable to access bucket: 'materialsproject-parsed' key: 'chgcars/mp-1440904.json.gz' version: None error: An error occurred (NoSuchKey) when calling the GetObject operation: The specified key does not exist.
  1653/8883: mp-1187730
unable to access bucket: 'materialsproject-parsed' key: 'chgcars/mp-1425364.json.gz' version: None error: An error occurred (NoSuchKey) when calling the GetObject operation: The specified key does not exist.
  1654/8883: mp-1078203
unable to access bucket: 'materialsproject-parsed' key: 'chgcars/mp-1411393.json.gz' version: None error: An error occurred (NoSuchKey) when calling the GetObject operation: The specified key does not exist.
  1655/8883: mp-1059357
  1656/8883: mp-1186793
  1657/8883: mp-862556
unable to access bucket: 'materialsproject-parsed' key: 'chgcars/mp-1437118.json.gz' version: None error: An error occurred (NoSuchKey) when calling the GetObject operation: The specified key does not exist.
  1658/8883: mp-1183191
unable to access bucket: 'materialsproject-parsed' key: 'chgcars/mp-1421774.json.gz' version: None error: An error occurred (NoSuchKey) when calling the GetObject operation: The specified key does not exist.
  1659/8883: mp-1193971
  1660/8883: mp-1184602
unable to access bucket: 'materialsproject-parsed' key: 'chgcars/mp-1413856.json.gz' version: None error: An error occurred (NoSuchKey) when calling the GetObject operation: The specified key does not exist.
  1661/8883: mp-20534
  1662/8883: mp-866221
  1663/8883: mp-867914
unable to access bucket: 'materialsproject-parsed' key: 'chgcars/mp-1425676.json.gz' version: None error: An error occurred (NoSuchKey) when calling the GetObject operation: The specified key does not exist.
  1664/8883: mp-1111844
unable to access bucket: 'materialsproject-parsed' key: 'chgcars/mp-1412731.json.gz' version: None error: An error occurred (NoSuchKey) when calling the GetObject operation: The specified key does not exist.
  1665/8883: mp-24658
unable to access bucket: 'materialsproject-parsed' key: 'chgcars/mp-1442233.json.gz' version: None error: An error occurred (NoSuchKey) when calling the GetObject operation: The specified key does not exist.
  1666/8883: mp-1186681
  1667/8883: mp-1113901
  1668/8883: mp-1187242
  1669/8883: mp-1111618
  1670/8883: mp-1187153
unable to access bucket: 'materialsproject-parsed' key: 'chgcars/mp-1394167.json.gz' version: None error: An error occurred (NoSuchKey) when calling the GetObject operation: The specified key does not exist.
  1671/8883: mp-1185933
unable to access bucket: 'materialsproject-parsed' key: 'chgcars/mp-1418676.json.gz' version: None error: An error occurred (NoSuchKey) when calling the GetObject operation: The specified key does not exist.
  1672/8883: mp-23295
  1673/8883: mp-504729
unable to access bucket: 'materialsproject-parsed' key: 'chgcars/mp-1413899.json.gz' version: None error: An error occurred (NoSuchKey) when calling the GetObject operation: The specified key does not exist.
  1674/8883: mp-30062
  1675/8883: mp-631374
unable to access bucket: 'materialsproject-parsed' key: 'chgcars/mp-1417370.json.gz' version: None error: An error occurred (NoSuchKey) when calling the GetObject operation: The specified key does not exist.
  1676/8883: mp-1111222
unable to access bucket: 'materialsproject-parsed' key: 'chgcars/mp-1373748.json.gz' version: None error: An error occurred (NoSuchKey) when calling the GetObject operation: The specified key does not exist.
  1677/8883: mp-1113264
  1678/8883: mp-29551
  1679/8883: mp-864927
unable to access bucket: 'materialsproject-parsed' key: 'chgcars/mp-1429325.json.gz' version: None error: An error occurred (NoSuchKey) when calling the GetObject operation: The specified key does not exist.
  1680/8883: mp-1112754
  1681/8883: mp-1187931
  1682/8883: mp-1189040
  1683/8883: mp-1114003
unable to access bucket: 'materialsproject-parsed' key: 'chgcars/mp-1384836.json.gz' version: None error: An error occurred (NoSuchKey) when calling the GetObject operation: The specified key does not exist.
  1684/8883: mp-974816
  1685/8883: mp-978910
  1686/8883: mp-866152
  1687/8883: mp-1111795
unable to access bucket: 'materialsproject-parsed' key: 'chgcars/mp-1367542.json.gz' version: None error: An error occurred (NoSuchKey) when calling the GetObject operation: The specified key does not exist.
  1688/8883: mp-3657
  1689/8883: mp-556417
  1690/8883: mp-983555
unable to access bucket: 'materialsproject-parsed' key: 'chgcars/mp-1429826.json.gz' version: None error: An error occurred (NoSuchKey) when calling the GetObject operation: The specified key does not exist.
  1691/8883: mp-1111665
  1692/8883: mp-864924
unable to access bucket: 'materialsproject-parsed' key: 'chgcars/mp-1431720.json.gz' version: None error: An error occurred (NoSuchKey) when calling the GetObject operation: The specified key does not exist.
  1693/8883: mp-1017516
  1694/8883: mp-1192934
  1695/8883: mp-867325
  1696/8883: mp-865161
unable to access bucket: 'materialsproject-parsed' key: 'chgcars/mp-1420754.json.gz' version: None error: An error occurred (NoSuchKey) when calling the GetObject operation: The specified key does not exist.
  1697/8883: mp-30376
unable to access bucket: 'materialsproject-parsed' key: 'chgcars/mp-1438323.json.gz' version: None error: An error occurred (NoSuchKey) when calling the GetObject operation: The specified key does not exist.
  1698/8883: mp-1111532
  1699/8883: mp-981365
unable to access bucket: 'materialsproject-parsed' key: 'chgcars/mp-1432791.json.gz' version: None error: An error occurred (NoSuchKey) when calling the GetObject operation: The specified key does not exist.
  1700/8883: mp-1185335
unable to access bucket: 'materialsproject-parsed' key: 'chgcars/mp-1392920.json.gz' version: None error: An error occurred (NoSuchKey) when calling the GetObject operation: The specified key does not exist.
  1701/8883: mp-1186492
unable to access bucket: 'materialsproject-parsed' key: 'chgcars/mp-1408743.json.gz' version: None error: An error occurred (NoSuchKey) when calling the GetObject operation: The specified key does not exist.
  1702/8883: mp-643279
unable to access bucket: 'materialsproject-parsed' key: 'chgcars/mp-1419252.json.gz' version: None error: An error occurred (NoSuchKey) when calling the GetObject operation: The specified key does not exist.
  1703/8883: mp-989644
  1704/8883: mp-989516
  1705/8883: mp-973979
  1706/8883: mp-1110953
unable to access bucket: 'materialsproject-parsed' key: 'chgcars/mp-1376463.json.gz' version: None error: An error occurred (NoSuchKey) when calling the GetObject operation: The specified key does not exist.
  1707/8883: mp-1111223
  1708/8883: mp-866284
unable to access bucket: 'materialsproject-parsed' key: 'chgcars/mp-1387683.json.gz' version: None error: An error occurred (NoSuchKey) when calling the GetObject operation: The specified key does not exist.
  1709/8883: mp-13254
  1710/8883: mp-1185437
unable to access bucket: 'materialsproject-parsed' key: 'chgcars/mp-1387456.json.gz' version: None error: An error occurred (NoSuchKey) when calling the GetObject operation: The specified key does not exist.
  1711/8883: mp-19852
unable to access bucket: 'materialsproject-parsed' key: 'chgcars/mp-1425233.json.gz' version: None error: An error occurred (NoSuchKey) when calling the GetObject operation: The specified key does not exist.
  1712/8883: mp-568562
  1713/8883: mp-1184621
unable to access bucket: 'materialsproject-parsed' key: 'chgcars/mp-1432782.json.gz' version: None error: An error occurred (NoSuchKey) when calling the GetObject operation: The specified key does not exist.
  1714/8883: mp-1114074
  1715/8883: mp-864696
unable to access bucket: 'materialsproject-parsed' key: 'chgcars/mp-1411311.json.gz' version: None error: An error occurred (NoSuchKey) when calling the GetObject operation: The specified key does not exist.
  1716/8883: mp-631346
  1717/8883: mp-1110975
  1718/8883: mp-12580
  1719/8883: mp-1187329
  1720/8883: mp-8426
unable to access bucket: 'materialsproject-parsed' key: 'chgcars/mp-1437892.json.gz' version: None error: An error occurred (NoSuchKey) when calling the GetObject operation: The specified key does not exist.
  1721/8883: mp-1078185
  1722/8883: mp-1111984
  1723/8883: mp-866014
unable to access bucket: 'materialsproject-parsed' key: 'chgcars/mp-1414585.json.gz' version: None error: An error occurred (NoSuchKey) when calling the GetObject operation: The specified key does not exist.
  1724/8883: mp-864947
unable to access bucket: 'materialsproject-parsed' key: 'chgcars/mp-1429936.json.gz' version: None error: An error occurred (NoSuchKey) when calling the GetObject operation: The specified key does not exist.
  1725/8883: mp-1186309
unable to access bucket: 'materialsproject-parsed' key: 'chgcars/mp-1388600.json.gz' version: None error: An error occurred (NoSuchKey) when calling the GetObject operation: The specified key does not exist.
  1726/8883: mp-13560
  1727/8883: mp-1112894
  1728/8883: mp-1110797
  1729/8883: mp-975515
unable to access bucket: 'materialsproject-parsed' key: 'chgcars/mp-1413369.json.gz' version: None error: An error occurred (NoSuchKey) when calling the GetObject operation: The specified key does not exist.
  1730/8883: mp-1187740
  1731/8883: mp-865649
unable to access bucket: 'materialsproject-parsed' key: 'chgcars/mp-1433312.json.gz' version: None error: An error occurred (NoSuchKey) when calling the GetObject operation: The specified key does not exist.
  1732/8883: mp-865655
unable to access bucket: 'materialsproject-parsed' key: 'chgcars/mp-1413530.json.gz' version: None error: An error occurred (NoSuchKey) when calling the GetObject operation: The specified key does not exist.
  1733/8883: mp-977413
  1734/8883: mp-1059621
unable to access bucket: 'materialsproject-parsed' key: 'chgcars/mp-1438561.json.gz' version: None error: An error occurred (NoSuchKey) when calling the GetObject operation: The specified key does not exist.
  1735/8883: mp-1112170
unable to access bucket: 'materialsproject-parsed' key: 'chgcars/mp-1412144.json.gz' version: None error: An error occurred (NoSuchKey) when calling the GetObject operation: The specified key does not exist.
  1736/8883: mp-1192498
unable to access bucket: 'materialsproject-parsed' key: 'chgcars/mp-1405702.json.gz' version: None error: An error occurred (NoSuchKey) when calling the GetObject operation: The specified key does not exist.
  1737/8883: mp-559633
  1738/8883: mp-984104
  1739/8883: mp-972061
unable to access bucket: 'materialsproject-parsed' key: 'chgcars/mp-1416191.json.gz' version: None error: An error occurred (NoSuchKey) when calling the GetObject operation: The specified key does not exist.
  1740/8883: mp-861902
  1741/8883: mp-975656
unable to access bucket: 'materialsproject-parsed' key: 'chgcars/mp-1445596.json.gz' version: None error: An error occurred (NoSuchKey) when calling the GetObject operation: The specified key does not exist.
  1742/8883: mp-1112029
  1743/8883: mp-23067
  1744/8883: mp-1183507
unable to access bucket: 'materialsproject-parsed' key: 'chgcars/mp-1437037.json.gz' version: None error: An error occurred (NoSuchKey) when calling the GetObject operation: The specified key does not exist.
  1745/8883: mp-1110736
  1746/8883: mp-1187345
  1747/8883: mp-865225
unable to access bucket: 'materialsproject-parsed' key: 'chgcars/mp-1433470.json.gz' version: None error: An error occurred (NoSuchKey) when calling the GetObject operation: The specified key does not exist.
  1748/8883: mp-14223
  1749/8883: mp-1110691
  1750/8883: mp-1111119
unable to access bucket: 'materialsproject-parsed' key: 'chgcars/mp-1398385.json.gz' version: None error: An error occurred (NoSuchKey) when calling the GetObject operation: The specified key does not exist.
  1751/8883: mp-865339
unable to access bucket: 'materialsproject-parsed' key: 'chgcars/mp-1422503.json.gz' version: None error: An error occurred (NoSuchKey) when calling the GetObject operation: The specified key does not exist.
  1752/8883: mp-864963
  1753/8883: mp-982069
  1754/8883: mp-1187422
  1755/8883: mp-974523
unable to access bucket: 'materialsproject-parsed' key: 'chgcars/mp-1422123.json.gz' version: None error: An error occurred (NoSuchKey) when calling the GetObject operation: The specified key does not exist.
  1756/8883: mp-1183791
  1757/8883: mp-861869
unable to access bucket: 'materialsproject-parsed' key: 'chgcars/mp-1435980.json.gz' version: None error: An error occurred (NoSuchKey) when calling the GetObject operation: The specified key does not exist.
  1758/8883: mp-1185439
unable to access bucket: 'materialsproject-parsed' key: 'chgcars/mp-1433902.json.gz' version: None error: An error occurred (NoSuchKey) when calling the GetObject operation: The specified key does not exist.
  1759/8883: mp-1186598
  1760/8883: mp-1114668
  1761/8883: mp-12730
  1762/8883: mp-867896
  1763/8883: mp-865021
  1764/8883: mp-1110731
  1765/8883: mp-19830
unable to access bucket: 'materialsproject-parsed' key: 'chgcars/mp-1440897.json.gz' version: None error: An error occurred (NoSuchKey) when calling the GetObject operation: The specified key does not exist.
  1766/8883: mp-1111320
  1767/8883: mp-1184499
unable to access bucket: 'materialsproject-parsed' key: 'chgcars/mp-1667019.json.gz' version: None error: An error occurred (NoSuchKey) when calling the GetObject operation: The specified key does not exist.
  1768/8883: mp-1205701
  1769/8883: mp-10131
  1770/8883: mp-631389
unable to access bucket: 'materialsproject-parsed' key: 'chgcars/mp-1432422.json.gz' version: None error: An error occurred (NoSuchKey) when calling the GetObject operation: The specified key does not exist.
  1771/8883: mp-1184524
unable to access bucket: 'materialsproject-parsed' key: 'chgcars/mp-1427570.json.gz' version: None error: An error occurred (NoSuchKey) when calling the GetObject operation: The specified key does not exist.
  1772/8883: mp-1185447
  1773/8883: mp-1113623
  1774/8883: mp-1186944
unable to access bucket: 'materialsproject-parsed' key: 'chgcars/mp-1419883.json.gz' version: None error: An error occurred (NoSuchKey) when calling the GetObject operation: The specified key does not exist.
  1775/8883: mp-1112693
unable to access bucket: 'materialsproject-parsed' key: 'chgcars/mp-1401794.json.gz' version: None error: An error occurred (NoSuchKey) when calling the GetObject operation: The specified key does not exist.
  1776/8883: mp-10378
  1777/8883: mp-1111781
  1778/8883: mp-1205856
  1779/8883: mp-1186678
unable to access bucket: 'materialsproject-parsed' key: 'chgcars/mp-1419918.json.gz' version: None error: An error occurred (NoSuchKey) when calling the GetObject operation: The specified key does not exist.
  1780/8883: mp-865302
  1781/8883: mp-864932
  1782/8883: mp-1111649
  1783/8883: mp-1183457
  1784/8883: mp-1113651
  1785/8883: mp-1209116
  1786/8883: mp-653429
  1787/8883: mp-1112016
unable to access bucket: 'materialsproject-parsed' key: 'chgcars/mp-1371746.json.gz' version: None error: An error occurred (NoSuchKey) when calling the GetObject operation: The specified key does not exist.
  1788/8883: mp-1187956
unable to access bucket: 'materialsproject-parsed' key: 'chgcars/mp-1401247.json.gz' version: None error: An error occurred (NoSuchKey) when calling the GetObject operation: The specified key does not exist.
  1789/8883: mp-861664
  1790/8883: mp-862874
  1791/8883: mp-996945
unable to access bucket: 'materialsproject-parsed' key: 'chgcars/mp-1401736.json.gz' version: None error: An error occurred (NoSuchKey) when calling the GetObject operation: The specified key does not exist.
  1792/8883: mp-867338
unable to access bucket: 'materialsproject-parsed' key: 'chgcars/mp-1432871.json.gz' version: None error: An error occurred (NoSuchKey) when calling the GetObject operation: The specified key does not exist.
  1793/8883: mp-1112061
  1794/8883: mp-1111486
  1795/8883: mp-1113047
  1796/8883: mp-1206448
  1797/8883: mp-1184872
  1798/8883: mp-865977
  1799/8883: mp-1183485
unable to access bucket: 'materialsproject-parsed' key: 'chgcars/mp-1411394.json.gz' version: None error: An error occurred (NoSuchKey) when calling the GetObject operation: The specified key does not exist.
  1800/8883: mp-1184818
unable to access bucket: 'materialsproject-parsed' key: 'chgcars/mp-1436895.json.gz' version: None error: An error occurred (NoSuchKey) when calling the GetObject operation: The specified key does not exist.
  1801/8883: mp-865803
  1802/8883: mp-1184224
  1803/8883: mp-1111399
unable to access bucket: 'materialsproject-parsed' key: 'chgcars/mp-1395208.json.gz' version: None error: An error occurred (NoSuchKey) when calling the GetObject operation: The specified key does not exist.
  1804/8883: mp-1228332
  1805/8883: mp-1111214
  1806/8883: mp-980191
unable to access bucket: 'materialsproject-parsed' key: 'chgcars/mp-1401323.json.gz' version: None error: An error occurred (NoSuchKey) when calling the GetObject operation: The specified key does not exist.
  1807/8883: mp-864936
unable to access bucket: 'materialsproject-parsed' key: 'chgcars/mp-1434418.json.gz' version: None error: An error occurred (NoSuchKey) when calling the GetObject operation: The specified key does not exist.
  1808/8883: mp-1184366
unable to access bucket: 'materialsproject-parsed' key: 'chgcars/mp-1430478.json.gz' version: None error: An error occurred (NoSuchKey) when calling the GetObject operation: The specified key does not exist.
  1809/8883: mp-864834
  1810/8883: mp-867344
  1811/8883: mp-865460
  1812/8883: mp-865523
unable to access bucket: 'materialsproject-parsed' key: 'chgcars/mp-1415617.json.gz' version: None error: An error occurred (NoSuchKey) when calling the GetObject operation: The specified key does not exist.
  1813/8883: mp-1001785
unable to access bucket: 'materialsproject-parsed' key: 'chgcars/mp-1423179.json.gz' version: None error: An error occurred (NoSuchKey) when calling the GetObject operation: The specified key does not exist.
  1814/8883: mp-6492
  1815/8883: mp-865422
unable to access bucket: 'materialsproject-parsed' key: 'chgcars/mp-1410478.json.gz' version: None error: An error occurred (NoSuchKey) when calling the GetObject operation: The specified key does not exist.
  1816/8883: mp-866088
unable to access bucket: 'materialsproject-parsed' key: 'chgcars/mp-1426843.json.gz' version: None error: An error occurred (NoSuchKey) when calling the GetObject operation: The specified key does not exist.
  1817/8883: mp-1110934
  1818/8883: mp-1114106
unable to access bucket: 'materialsproject-parsed' key: 'chgcars/mp-1378724.json.gz' version: None error: An error occurred (NoSuchKey) when calling the GetObject operation: The specified key does not exist.
  1819/8883: mp-864968
  1820/8883: mp-1110595
unable to access bucket: 'materialsproject-parsed' key: 'chgcars/mp-1387856.json.gz' version: None error: An error occurred (NoSuchKey) when calling the GetObject operation: The specified key does not exist.
  1821/8883: mp-1183781
unable to access bucket: 'materialsproject-parsed' key: 'chgcars/mp-1424617.json.gz' version: None error: An error occurred (NoSuchKey) when calling the GetObject operation: The specified key does not exist.
  1822/8883: mp-24289
unable to access bucket: 'materialsproject-parsed' key: 'chgcars/mp-1440079.json.gz' version: None error: An error occurred (NoSuchKey) when calling the GetObject operation: The specified key does not exist.
  1823/8883: mp-865318
  1824/8883: mp-1110620
  1825/8883: mp-1110869
  1826/8883: mp-1110597
  1827/8883: mp-975176
  1828/8883: mp-1009555
unable to access bucket: 'materialsproject-parsed' key: 'chgcars/mp-1659087.json.gz' version: None error: An error occurred (NoSuchKey) when calling the GetObject operation: The specified key does not exist.
  1829/8883: mp-636619
  1830/8883: mp-973089
  1831/8883: mp-1110820
  1832/8883: mp-1110808
  1833/8883: mp-863726
unable to access bucket: 'materialsproject-parsed' key: 'chgcars/mp-1504802.json.gz' version: None error: An error occurred (NoSuchKey) when calling the GetObject operation: The specified key does not exist.
  1834/8883: mp-865076
unable to access bucket: 'materialsproject-parsed' key: 'chgcars/mp-1433639.json.gz' version: None error: An error occurred (NoSuchKey) when calling the GetObject operation: The specified key does not exist.
  1835/8883: mp-15635
unable to access bucket: 'materialsproject-parsed' key: 'chgcars/mp-1428976.json.gz' version: None error: An error occurred (NoSuchKey) when calling the GetObject operation: The specified key does not exist.
  1836/8883: mp-30569
unable to access bucket: 'materialsproject-parsed' key: 'chgcars/mp-1658092.json.gz' version: None error: An error occurred (NoSuchKey) when calling the GetObject operation: The specified key does not exist.
  1837/8883: mp-866227
unable to access bucket: 'materialsproject-parsed' key: 'chgcars/mp-1416941.json.gz' version: None error: An error occurred (NoSuchKey) when calling the GetObject operation: The specified key does not exist.
  1838/8883: mp-1112326
  1839/8883: mp-1110721
  1840/8883: mp-1183722
unable to access bucket: 'materialsproject-parsed' key: 'chgcars/mp-1402798.json.gz' version: None error: An error occurred (NoSuchKey) when calling the GetObject operation: The specified key does not exist.
  1841/8883: mp-1113384
  1842/8883: mp-21175
  1843/8883: mp-1112304
  1844/8883: mp-1113560
  1845/8883: mp-1186335
unable to access bucket: 'materialsproject-parsed' key: 'chgcars/mp-1411148.json.gz' version: None error: An error occurred (NoSuchKey) when calling the GetObject operation: The specified key does not exist.
  1846/8883: mp-865789
unable to access bucket: 'materialsproject-parsed' key: 'chgcars/mp-1434277.json.gz' version: None error: An error occurred (NoSuchKey) when calling the GetObject operation: The specified key does not exist.
  1847/8883: mp-1113029
  1848/8883: mp-1184689
  1849/8883: mp-1205535
unable to access bucket: 'materialsproject-parsed' key: 'chgcars/mp-1405485.json.gz' version: None error: An error occurred (NoSuchKey) when calling the GetObject operation: The specified key does not exist.
  1850/8883: mp-1206873
  1851/8883: mp-1072204
  1852/8883: mp-510401
  1853/8883: mp-1206530
  1854/8883: mp-2352
  1855/8883: mp-1110803
  1856/8883: mp-982667
unable to access bucket: 'materialsproject-parsed' key: 'chgcars/mp-1433226.json.gz' version: None error: An error occurred (NoSuchKey) when calling the GetObject operation: The specified key does not exist.
  1857/8883: mp-1186102
unable to access bucket: 'materialsproject-parsed' key: 'chgcars/mp-1428080.json.gz' version: None error: An error occurred (NoSuchKey) when calling the GetObject operation: The specified key does not exist.
  1858/8883: mp-19717
  1859/8883: mp-866153
unable to access bucket: 'materialsproject-parsed' key: 'chgcars/mp-1384508.json.gz' version: None error: An error occurred (NoSuchKey) when calling the GetObject operation: The specified key does not exist.
  1860/8883: mp-977372
  1861/8883: mp-1183617
unable to access bucket: 'materialsproject-parsed' key: 'chgcars/mp-1425505.json.gz' version: None error: An error occurred (NoSuchKey) when calling the GetObject operation: The specified key does not exist.
  1862/8883: mp-862758
unable to access bucket: 'materialsproject-parsed' key: 'chgcars/mp-1422935.json.gz' version: None error: An error occurred (NoSuchKey) when calling the GetObject operation: The specified key does not exist.
  1863/8883: mp-1193176
  1864/8883: mp-1186306
  1865/8883: mp-21394
  1866/8883: mp-1078205
unable to access bucket: 'materialsproject-parsed' key: 'chgcars/mp-1420203.json.gz' version: None error: An error occurred (NoSuchKey) when calling the GetObject operation: The specified key does not exist.
  1867/8883: mp-1206369
  1868/8883: mp-1112515
  1869/8883: mp-1110756
  1870/8883: mp-1113403
unable to access bucket: 'materialsproject-parsed' key: 'chgcars/mp-1444997.json.gz' version: None error: An error occurred (NoSuchKey) when calling the GetObject operation: The specified key does not exist.
  1871/8883: mp-977445
  1872/8883: mp-1187651
  1873/8883: mp-1111234
  1874/8883: mp-1111719
  1875/8883: mp-27832
  1876/8883: mp-865924
unable to access bucket: 'materialsproject-parsed' key: 'chgcars/mp-1419508.json.gz' version: None error: An error occurred (NoSuchKey) when calling the GetObject operation: The specified key does not exist.
  1877/8883: mp-1114026
unable to access bucket: 'materialsproject-parsed' key: 'chgcars/mp-1390486.json.gz' version: None error: An error occurred (NoSuchKey) when calling the GetObject operation: The specified key does not exist.
  1878/8883: mp-1185624
  1879/8883: mp-30234
  1880/8883: mp-1186006
  1881/8883: mp-862367
unable to access bucket: 'materialsproject-parsed' key: 'chgcars/mp-1418533.json.gz' version: None error: An error occurred (NoSuchKey) when calling the GetObject operation: The specified key does not exist.
  1882/8883: mp-7817
unable to access bucket: 'materialsproject-parsed' key: 'chgcars/mp-1435658.json.gz' version: None error: An error occurred (NoSuchKey) when calling the GetObject operation: The specified key does not exist.
  1883/8883: mp-1066394
unable to access bucket: 'materialsproject-parsed' key: 'chgcars/mp-1421794.json.gz' version: None error: An error occurred (NoSuchKey) when calling the GetObject operation: The specified key does not exist.
  1884/8883: mp-1206146
  1885/8883: mp-984335
unable to access bucket: 'materialsproject-parsed' key: 'chgcars/mp-1428031.json.gz' version: None error: An error occurred (NoSuchKey) when calling the GetObject operation: The specified key does not exist.
  1886/8883: mp-1207432
  1887/8883: mp-1205731
  1888/8883: mp-864808
unable to access bucket: 'materialsproject-parsed' key: 'chgcars/mp-1414491.json.gz' version: None error: An error occurred (NoSuchKey) when calling the GetObject operation: The specified key does not exist.
  1889/8883: mp-1185980
  1890/8883: mp-1111259
  1891/8883: mp-30350
  1892/8883: mp-1111197
  1893/8883: mp-1184609
unable to access bucket: 'materialsproject-parsed' key: 'chgcars/mp-1417659.json.gz' version: None error: An error occurred (NoSuchKey) when calling the GetObject operation: The specified key does not exist.
  1894/8883: mp-866183
  1895/8883: mp-865215
unable to access bucket: 'materialsproject-parsed' key: 'chgcars/mp-1422088.json.gz' version: None error: An error occurred (NoSuchKey) when calling the GetObject operation: The specified key does not exist.
  1896/8883: mp-976343
  1897/8883: mp-3648
unable to access bucket: 'materialsproject-parsed' key: 'chgcars/mp-1476077.json.gz' version: None error: An error occurred (NoSuchKey) when calling the GetObject operation: The specified key does not exist.
  1898/8883: mp-973572
unable to access bucket: 'materialsproject-parsed' key: 'chgcars/mp-1444927.json.gz' version: None error: An error occurred (NoSuchKey) when calling the GetObject operation: The specified key does not exist.
  1899/8883: mp-1039180
  1900/8883: mp-865338
  1901/8883: mp-862743
unable to access bucket: 'materialsproject-parsed' key: 'chgcars/mp-1414182.json.gz' version: None error: An error occurred (NoSuchKey) when calling the GetObject operation: The specified key does not exist.
  1902/8883: mp-838
  1903/8883: mp-1111448
  1904/8883: mp-1205962
  1905/8883: mp-971922
  1906/8883: mp-972415
  1907/8883: mp-977422
  1908/8883: mp-1185368
unable to access bucket: 'materialsproject-parsed' key: 'chgcars/mp-1418972.json.gz' version: None error: An error occurred (NoSuchKey) when calling the GetObject operation: The specified key does not exist.
  1909/8883: mp-1111952
  1910/8883: mp-557664
  1911/8883: mp-862700
  1912/8883: mp-1186771
unable to access bucket: 'materialsproject-parsed' key: 'chgcars/mp-1409391.json.gz' version: None error: An error occurred (NoSuchKey) when calling the GetObject operation: The specified key does not exist.
  1913/8883: mp-1111284
unable to access bucket: 'materialsproject-parsed' key: 'chgcars/mp-1406871.json.gz' version: None error: An error occurred (NoSuchKey) when calling the GetObject operation: The specified key does not exist.
  1914/8883: mp-865202
unable to access bucket: 'materialsproject-parsed' key: 'chgcars/mp-1431487.json.gz' version: None error: An error occurred (NoSuchKey) when calling the GetObject operation: The specified key does not exist.
  1915/8883: mp-1184078
unable to access bucket: 'materialsproject-parsed' key: 'chgcars/mp-1415590.json.gz' version: None error: An error occurred (NoSuchKey) when calling the GetObject operation: The specified key does not exist.
  1916/8883: mp-1525
unable to access bucket: 'materialsproject-parsed' key: 'chgcars/mp-1442241.json.gz' version: None error: An error occurred (NoSuchKey) when calling the GetObject operation: The specified key does not exist.
  1917/8883: mp-865369
unable to access bucket: 'materialsproject-parsed' key: 'chgcars/mp-1432033.json.gz' version: None error: An error occurred (NoSuchKey) when calling the GetObject operation: The specified key does not exist.
  1918/8883: mp-866089
unable to access bucket: 'materialsproject-parsed' key: 'chgcars/mp-1397018.json.gz' version: None error: An error occurred (NoSuchKey) when calling the GetObject operation: The specified key does not exist.
  1919/8883: mp-866220
unable to access bucket: 'materialsproject-parsed' key: 'chgcars/mp-1435261.json.gz' version: None error: An error occurred (NoSuchKey) when calling the GetObject operation: The specified key does not exist.
  1920/8883: mp-1009755
  1921/8883: mp-1110702
  1922/8883: mp-1183881
  1923/8883: mp-1185248
unable to access bucket: 'materialsproject-parsed' key: 'chgcars/mp-1446552.json.gz' version: None error: An error occurred (NoSuchKey) when calling the GetObject operation: The specified key does not exist.
  1924/8883: mp-1205667
  1925/8883: mp-1184896
unable to access bucket: 'materialsproject-parsed' key: 'chgcars/mp-1399118.json.gz' version: None error: An error occurred (NoSuchKey) when calling the GetObject operation: The specified key does not exist.
  1926/8883: mp-1057758
  1927/8883: mp-1111279
  1928/8883: mp-1187928
unable to access bucket: 'materialsproject-parsed' key: 'chgcars/mp-1434414.json.gz' version: None error: An error occurred (NoSuchKey) when calling the GetObject operation: The specified key does not exist.
  1929/8883: mp-1205836
  1930/8883: mp-1079871
  1931/8883: mp-861951
  1932/8883: mp-862774
unable to access bucket: 'materialsproject-parsed' key: 'chgcars/mp-1424068.json.gz' version: None error: An error occurred (NoSuchKey) when calling the GetObject operation: The specified key does not exist.
  1933/8883: mp-1112466
  1934/8883: mp-1193995
  1935/8883: mp-2493
  1936/8883: mp-672680
  1937/8883: mp-864882
unable to access bucket: 'materialsproject-parsed' key: 'chgcars/mp-1416821.json.gz' version: None error: An error occurred (NoSuchKey) when calling the GetObject operation: The specified key does not exist.
  1938/8883: mp-1111733
unable to access bucket: 'materialsproject-parsed' key: 'chgcars/mp-1395347.json.gz' version: None error: An error occurred (NoSuchKey) when calling the GetObject operation: The specified key does not exist.
  1939/8883: mp-866059
unable to access bucket: 'materialsproject-parsed' key: 'chgcars/mp-1772364.json.gz' version: None error: An error occurred (NoSuchKey) when calling the GetObject operation: The specified key does not exist.
  1940/8883: mp-1094092
unable to access bucket: 'materialsproject-parsed' key: 'chgcars/mp-1446089.json.gz' version: None error: An error occurred (NoSuchKey) when calling the GetObject operation: The specified key does not exist.
  1941/8883: mp-8643
  1942/8883: mp-999123
  1943/8883: mp-1111426
  1944/8883: mp-1205639
  1945/8883: mp-973343
  1946/8883: mp-1193200
  1947/8883: mp-1186249
unable to access bucket: 'materialsproject-parsed' key: 'chgcars/mp-1391350.json.gz' version: None error: An error occurred (NoSuchKey) when calling the GetObject operation: The specified key does not exist.
  1948/8883: mp-1112940
  1949/8883: mp-975578
  1950/8883: mp-1110657
unable to access bucket: 'materialsproject-parsed' key: 'chgcars/mp-1394420.json.gz' version: None error: An error occurred (NoSuchKey) when calling the GetObject operation: The specified key does not exist.
  1951/8883: mp-975049
  1952/8883: mp-1007
unable to access bucket: 'materialsproject-parsed' key: 'chgcars/mp-1440783.json.gz' version: None error: An error occurred (NoSuchKey) when calling the GetObject operation: The specified key does not exist.
  1953/8883: mp-864743
unable to access bucket: 'materialsproject-parsed' key: 'chgcars/mp-1442906.json.gz' version: None error: An error occurred (NoSuchKey) when calling the GetObject operation: The specified key does not exist.
  1954/8883: mp-1213199
  1955/8883: mp-1110972
  1956/8883: mp-1110662
unable to access bucket: 'materialsproject-parsed' key: 'chgcars/mp-1400857.json.gz' version: None error: An error occurred (NoSuchKey) when calling the GetObject operation: The specified key does not exist.
  1957/8883: mp-18904
  1958/8883: mp-864614
  1959/8883: mp-864922
unable to access bucket: 'materialsproject-parsed' key: 'chgcars/mp-1430481.json.gz' version: None error: An error occurred (NoSuchKey) when calling the GetObject operation: The specified key does not exist.
  1960/8883: mp-1080537
  1961/8883: mp-1189828
  1962/8883: mp-10660
unable to access bucket: 'materialsproject-parsed' key: 'chgcars/mp-1439961.json.gz' version: None error: An error occurred (NoSuchKey) when calling the GetObject operation: The specified key does not exist.
  1963/8883: mp-989569
  1964/8883: mp-865309
  1965/8883: mp-979917
  1966/8883: mp-10752
unable to access bucket: 'materialsproject-parsed' key: 'chgcars/mp-1439965.json.gz' version: None error: An error occurred (NoSuchKey) when calling the GetObject operation: The specified key does not exist.
  1967/8883: mp-1100770
unable to access bucket: 'materialsproject-parsed' key: 'chgcars/mp-1390279.json.gz' version: None error: An error occurred (NoSuchKey) when calling the GetObject operation: The specified key does not exist.
  1968/8883: mp-1147689
  1969/8883: mp-1111331
  1970/8883: mp-1646
  1971/8883: mp-862879
  1972/8883: mp-1183758
  1973/8883: mp-20966
  1974/8883: mp-1111641
  1975/8883: mp-1111928
unable to access bucket: 'materialsproject-parsed' key: 'chgcars/mp-1444849.json.gz' version: None error: An error occurred (NoSuchKey) when calling the GetObject operation: The specified key does not exist.
  1976/8883: mp-1112916
  1977/8883: mp-867271
  1978/8883: mp-1111366
  1979/8883: mp-29008
  1980/8883: mp-864762
  1981/8883: mp-1206007
unable to access bucket: 'materialsproject-parsed' key: 'chgcars/mp-1405459.json.gz' version: None error: An error occurred (NoSuchKey) when calling the GetObject operation: The specified key does not exist.
  1982/8883: mp-1187036
  1983/8883: mp-865446
unable to access bucket: 'materialsproject-parsed' key: 'chgcars/mp-1432020.json.gz' version: None error: An error occurred (NoSuchKey) when calling the GetObject operation: The specified key does not exist.
  1984/8883: mp-1114153
unable to access bucket: 'materialsproject-parsed' key: 'chgcars/mp-1347652.json.gz' version: None error: An error occurred (NoSuchKey) when calling the GetObject operation: The specified key does not exist.
  1985/8883: mp-1183820
  1986/8883: mp-975929
unable to access bucket: 'materialsproject-parsed' key: 'chgcars/mp-1427295.json.gz' version: None error: An error occurred (NoSuchKey) when calling the GetObject operation: The specified key does not exist.
  1987/8883: mp-1184886
  1988/8883: mp-1186431
  1989/8883: mp-1184847
  1990/8883: mp-977354
unable to access bucket: 'materialsproject-parsed' key: 'chgcars/mp-1431154.json.gz' version: None error: An error occurred (NoSuchKey) when calling the GetObject operation: The specified key does not exist.
  1991/8883: mp-1110769
  1992/8883: mp-862902
unable to access bucket: 'materialsproject-parsed' key: 'chgcars/mp-1417481.json.gz' version: None error: An error occurred (NoSuchKey) when calling the GetObject operation: The specified key does not exist.
  1993/8883: mp-862742
  1994/8883: mp-1185143
  1995/8883: mp-19258
  1996/8883: mp-1094244
unable to access bucket: 'materialsproject-parsed' key: 'chgcars/mp-1405067.json.gz' version: None error: An error occurred (NoSuchKey) when calling the GetObject operation: The specified key does not exist.
  1997/8883: mp-1080753
  1998/8883: mp-1113670
  1999/8883: mp-1111511
  2000/8883: mp-977415
unable to access bucket: 'materialsproject-parsed' key: 'chgcars/mp-1475490.json.gz' version: None error: An error occurred (NoSuchKey) when calling the GetObject operation: The specified key does not exist.
  2001/8883: mp-1111670
  2002/8883: mp-1113476
  2003/8883: mp-1184973
  2004/8883: mp-614444
unable to access bucket: 'materialsproject-parsed' key: 'chgcars/mp-1414028.json.gz' version: None error: An error occurred (NoSuchKey) when calling the GetObject operation: The specified key does not exist.
  2005/8883: mp-867812
  2006/8883: mp-1110578
unable to access bucket: 'materialsproject-parsed' key: 'chgcars/mp-1411451.json.gz' version: None error: An error occurred (NoSuchKey) when calling the GetObject operation: The specified key does not exist.
  2007/8883: mp-1186768
  2008/8883: mp-863249
unable to access bucket: 'materialsproject-parsed' key: 'chgcars/mp-1410428.json.gz' version: None error: An error occurred (NoSuchKey) when calling the GetObject operation: The specified key does not exist.
  2009/8883: mp-867807
  2010/8883: mp-1112659
  2011/8883: mp-1185421
  2012/8883: mp-1110743
  2013/8883: mp-865883
unable to access bucket: 'materialsproject-parsed' key: 'chgcars/mp-1386763.json.gz' version: None error: An error occurred (NoSuchKey) when calling the GetObject operation: The specified key does not exist.
  2014/8883: mp-863734
unable to access bucket: 'materialsproject-parsed' key: 'chgcars/mp-1428832.json.gz' version: None error: An error occurred (NoSuchKey) when calling the GetObject operation: The specified key does not exist.
  2015/8883: mp-865472
unable to access bucket: 'materialsproject-parsed' key: 'chgcars/mp-1432654.json.gz' version: None error: An error occurred (NoSuchKey) when calling the GetObject operation: The specified key does not exist.
  2016/8883: mp-1207130
  2017/8883: mp-1111019
  2018/8883: mp-1211650
  2019/8883: mp-973964
unable to access bucket: 'materialsproject-parsed' key: 'chgcars/mp-1423611.json.gz' version: None error: An error occurred (NoSuchKey) when calling the GetObject operation: The specified key does not exist.
  2020/8883: mp-1063314
unable to access bucket: 'materialsproject-parsed' key: 'chgcars/mp-1437622.json.gz' version: None error: An error occurred (NoSuchKey) when calling the GetObject operation: The specified key does not exist.
  2021/8883: mp-1112592
  2022/8883: mp-1110570
  2023/8883: mp-1111062
unable to access bucket: 'materialsproject-parsed' key: 'chgcars/mp-1400368.json.gz' version: None error: An error occurred (NoSuchKey) when calling the GetObject operation: The specified key does not exist.
  2024/8883: mp-28110
  2025/8883: mp-975609
unable to access bucket: 'materialsproject-parsed' key: 'chgcars/mp-1416847.json.gz' version: None error: An error occurred (NoSuchKey) when calling the GetObject operation: The specified key does not exist.
  2026/8883: mp-862891
unable to access bucket: 'materialsproject-parsed' key: 'chgcars/mp-1428737.json.gz' version: None error: An error occurred (NoSuchKey) when calling the GetObject operation: The specified key does not exist.
  2027/8883: mp-978805
  2028/8883: mp-975886
unable to access bucket: 'materialsproject-parsed' key: 'chgcars/mp-1426978.json.gz' version: None error: An error occurred (NoSuchKey) when calling the GetObject operation: The specified key does not exist.
  2029/8883: mp-1144
  2030/8883: mp-976220
unable to access bucket: 'materialsproject-parsed' key: 'chgcars/mp-1431326.json.gz' version: None error: An error occurred (NoSuchKey) when calling the GetObject operation: The specified key does not exist.
  2031/8883: mp-542583
unable to access bucket: 'materialsproject-parsed' key: 'chgcars/mp-1442249.json.gz' version: None error: An error occurred (NoSuchKey) when calling the GetObject operation: The specified key does not exist.
  2032/8883: mp-989540
unable to access bucket: 'materialsproject-parsed' key: 'chgcars/mp-1386440.json.gz' version: None error: An error occurred (NoSuchKey) when calling the GetObject operation: The specified key does not exist.
  2033/8883: mp-1112113
  2034/8883: mp-861935
unable to access bucket: 'materialsproject-parsed' key: 'chgcars/mp-1433866.json.gz' version: None error: An error occurred (NoSuchKey) when calling the GetObject operation: The specified key does not exist.
  2035/8883: mp-974417
unable to access bucket: 'materialsproject-parsed' key: 'chgcars/mp-1395513.json.gz' version: None error: An error occurred (NoSuchKey) when calling the GetObject operation: The specified key does not exist.
  2036/8883: mp-1185386
  2037/8883: mp-866016
  2038/8883: mp-1110746
  2039/8883: mp-1111063
  2040/8883: mp-1674
  2041/8883: mp-1211429
unable to access bucket: 'materialsproject-parsed' key: 'chgcars/mp-1374547.json.gz' version: None error: An error occurred (NoSuchKey) when calling the GetObject operation: The specified key does not exist.
  2042/8883: mp-979940
  2043/8883: mp-1183906
  2044/8883: mp-1110750
  2045/8883: mp-1188052
unable to access bucket: 'materialsproject-parsed' key: 'chgcars/mp-1415279.json.gz' version: None error: An error occurred (NoSuchKey) when calling the GetObject operation: The specified key does not exist.
  2046/8883: mp-867114
  2047/8883: mp-1113287
  2048/8883: mp-1113963
unable to access bucket: 'materialsproject-parsed' key: 'chgcars/mp-1385546.json.gz' version: None error: An error occurred (NoSuchKey) when calling the GetObject operation: The specified key does not exist.
  2049/8883: mp-30482
  2050/8883: mp-972396
  2051/8883: mp-867817
  2052/8883: mp-1207116
  2053/8883: mp-631420
unable to access bucket: 'materialsproject-parsed' key: 'chgcars/mp-1428831.json.gz' version: None error: An error occurred (NoSuchKey) when calling the GetObject operation: The specified key does not exist.
  2054/8883: mp-644281
  2055/8883: mp-1094520
  2056/8883: mp-1111490
  2057/8883: mp-1187939
unable to access bucket: 'materialsproject-parsed' key: 'chgcars/mp-1419922.json.gz' version: None error: An error occurred (NoSuchKey) when calling the GetObject operation: The specified key does not exist.
  2058/8883: mp-976114
  2059/8883: mp-979073
unable to access bucket: 'materialsproject-parsed' key: 'chgcars/mp-1427329.json.gz' version: None error: An error occurred (NoSuchKey) when calling the GetObject operation: The specified key does not exist.
  2060/8883: mp-1110891
  2061/8883: mp-1187233
unable to access bucket: 'materialsproject-parsed' key: 'chgcars/mp-1384944.json.gz' version: None error: An error occurred (NoSuchKey) when calling the GetObject operation: The specified key does not exist.
  2062/8883: mp-989537
  2063/8883: mp-1228308
unable to access bucket: 'materialsproject-parsed' key: 'chgcars/mp-1402935.json.gz' version: None error: An error occurred (NoSuchKey) when calling the GetObject operation: The specified key does not exist.
  2064/8883: mp-1113374
  2065/8883: mp-1110694
  2066/8883: mp-1111493
  2067/8883: mp-20228
  2068/8883: mp-30044
  2069/8883: mp-1185274
  2070/8883: mp-1186001
  2071/8883: mp-1187583
unable to access bucket: 'materialsproject-parsed' key: 'chgcars/mp-1416072.json.gz' version: None error: An error occurred (NoSuchKey) when calling the GetObject operation: The specified key does not exist.
  2072/8883: mp-979935
  2073/8883: mp-1113908
  2074/8883: mp-1206378
  2075/8883: mp-1112788
  2076/8883: mp-1183818
  2077/8883: mp-23059
  2078/8883: mp-973170
  2079/8883: mp-979965
unable to access bucket: 'materialsproject-parsed' key: 'chgcars/mp-1445302.json.gz' version: None error: An error occurred (NoSuchKey) when calling the GetObject operation: The specified key does not exist.
  2080/8883: mp-1110875
unable to access bucket: 'materialsproject-parsed' key: 'chgcars/mp-1410758.json.gz' version: None error: An error occurred (NoSuchKey) when calling the GetObject operation: The specified key does not exist.
  2081/8883: mp-982015
  2082/8883: mp-975518
unable to access bucket: 'materialsproject-parsed' key: 'chgcars/mp-1428292.json.gz' version: None error: An error occurred (NoSuchKey) when calling the GetObject operation: The specified key does not exist.
  2083/8883: mp-976256
unable to access bucket: 'materialsproject-parsed' key: 'chgcars/mp-1422323.json.gz' version: None error: An error occurred (NoSuchKey) when calling the GetObject operation: The specified key does not exist.
  2084/8883: mp-1114154
  2085/8883: mp-1197322
  2086/8883: mp-865126
  2087/8883: mp-1110690
  2088/8883: mp-553896
  2089/8883: mp-1205670
unable to access bucket: 'materialsproject-parsed' key: 'chgcars/mp-1391066.json.gz' version: None error: An error occurred (NoSuchKey) when calling the GetObject operation: The specified key does not exist.
  2090/8883: mp-8224
  2091/8883: mp-863665
  2092/8883: mp-1110630
  2093/8883: mp-973779
  2094/8883: mp-867138
unable to access bucket: 'materialsproject-parsed' key: 'chgcars/mp-1425104.json.gz' version: None error: An error occurred (NoSuchKey) when calling the GetObject operation: The specified key does not exist.
  2095/8883: mp-972236
unable to access bucket: 'materialsproject-parsed' key: 'chgcars/mp-1433912.json.gz' version: None error: An error occurred (NoSuchKey) when calling the GetObject operation: The specified key does not exist.
  2096/8883: mp-1112503
unable to access bucket: 'materialsproject-parsed' key: 'chgcars/mp-1411117.json.gz' version: None error: An error occurred (NoSuchKey) when calling the GetObject operation: The specified key does not exist.
  2097/8883: mp-1186939
  2098/8883: mp-862829
unable to access bucket: 'materialsproject-parsed' key: 'chgcars/mp-1429175.json.gz' version: None error: An error occurred (NoSuchKey) when calling the GetObject operation: The specified key does not exist.
  2099/8883: mp-1111938
  2100/8883: mp-1187757
unable to access bucket: 'materialsproject-parsed' key: 'chgcars/mp-1416515.json.gz' version: None error: An error occurred (NoSuchKey) when calling the GetObject operation: The specified key does not exist.
  2101/8883: mp-1110646
  2102/8883: mp-8633
  2103/8883: mp-1184832
unable to access bucket: 'materialsproject-parsed' key: 'chgcars/mp-1416600.json.gz' version: None error: An error occurred (NoSuchKey) when calling the GetObject operation: The specified key does not exist.
  2104/8883: mp-862297
unable to access bucket: 'materialsproject-parsed' key: 'chgcars/mp-1428902.json.gz' version: None error: An error occurred (NoSuchKey) when calling the GetObject operation: The specified key does not exist.
  2105/8883: mp-978973
unable to access bucket: 'materialsproject-parsed' key: 'chgcars/mp-1428498.json.gz' version: None error: An error occurred (NoSuchKey) when calling the GetObject operation: The specified key does not exist.
  2106/8883: mp-1184559
unable to access bucket: 'materialsproject-parsed' key: 'chgcars/mp-1414198.json.gz' version: None error: An error occurred (NoSuchKey) when calling the GetObject operation: The specified key does not exist.
  2107/8883: mp-1113319
unable to access bucket: 'materialsproject-parsed' key: 'chgcars/mp-1385131.json.gz' version: None error: An error occurred (NoSuchKey) when calling the GetObject operation: The specified key does not exist.
  2108/8883: mp-1111132
  2109/8883: mp-1113597
  2110/8883: mp-1186201
unable to access bucket: 'materialsproject-parsed' key: 'chgcars/mp-1384876.json.gz' version: None error: An error occurred (NoSuchKey) when calling the GetObject operation: The specified key does not exist.
  2111/8883: mp-1111509
  2112/8883: mp-21009
  2113/8883: mp-1100765
  2114/8883: mp-2612
unable to access bucket: 'materialsproject-parsed' key: 'chgcars/mp-1440909.json.gz' version: None error: An error occurred (NoSuchKey) when calling the GetObject operation: The specified key does not exist.
  2115/8883: mp-1206748
  2116/8883: mp-1187603
unable to access bucket: 'materialsproject-parsed' key: 'chgcars/mp-1420204.json.gz' version: None error: An error occurred (NoSuchKey) when calling the GetObject operation: The specified key does not exist.
  2117/8883: mp-1110685
  2118/8883: mp-1112595
unable to access bucket: 'materialsproject-parsed' key: 'chgcars/mp-1410776.json.gz' version: None error: An error occurred (NoSuchKey) when calling the GetObject operation: The specified key does not exist.
  2119/8883: mp-865828
unable to access bucket: 'materialsproject-parsed' key: 'chgcars/mp-1419780.json.gz' version: None error: An error occurred (NoSuchKey) when calling the GetObject operation: The specified key does not exist.
  2120/8883: mp-1110946
unable to access bucket: 'materialsproject-parsed' key: 'chgcars/mp-1391966.json.gz' version: None error: An error occurred (NoSuchKey) when calling the GetObject operation: The specified key does not exist.
  2121/8883: mp-1185419
  2122/8883: mp-1187461
unable to access bucket: 'materialsproject-parsed' key: 'chgcars/mp-1274633.json.gz' version: None error: An error occurred (NoSuchKey) when calling the GetObject operation: The specified key does not exist.
  2123/8883: mp-1183884
  2124/8883: mp-862423
unable to access bucket: 'materialsproject-parsed' key: 'chgcars/mp-1433128.json.gz' version: None error: An error occurred (NoSuchKey) when calling the GetObject operation: The specified key does not exist.
  2125/8883: mp-1186977
  2126/8883: mp-1094257
  2127/8883: mp-864930
  2128/8883: mp-1186466
  2129/8883: mp-1112284
unable to access bucket: 'materialsproject-parsed' key: 'chgcars/mp-1404664.json.gz' version: None error: An error occurred (NoSuchKey) when calling the GetObject operation: The specified key does not exist.
  2130/8883: mp-972997
unable to access bucket: 'materialsproject-parsed' key: 'chgcars/mp-1433105.json.gz' version: None error: An error occurred (NoSuchKey) when calling the GetObject operation: The specified key does not exist.
  2131/8883: mp-1111822
  2132/8883: mp-16730
unable to access bucket: 'materialsproject-parsed' key: 'chgcars/mp-1381556.json.gz' version: None error: An error occurred (NoSuchKey) when calling the GetObject operation: The specified key does not exist.
  2133/8883: mp-608555
  2134/8883: mp-1113861
  2135/8883: mp-1112524
  2136/8883: mp-10887
  2137/8883: mp-1110974
  2138/8883: mp-865381
unable to access bucket: 'materialsproject-parsed' key: 'chgcars/mp-1424411.json.gz' version: None error: An error occurred (NoSuchKey) when calling the GetObject operation: The specified key does not exist.
  2139/8883: mp-973636
  2140/8883: mp-546339
  2141/8883: mp-1113924
  2142/8883: mp-1113854
  2143/8883: mp-1114039
  2144/8883: mp-1114173
unable to access bucket: 'materialsproject-parsed' key: 'chgcars/mp-1367912.json.gz' version: None error: An error occurred (NoSuchKey) when calling the GetObject operation: The specified key does not exist.
  2145/8883: mp-1110897
  2146/8883: mp-1112492
  2147/8883: mp-1186641
unable to access bucket: 'materialsproject-parsed' key: 'chgcars/mp-1388793.json.gz' version: None error: An error occurred (NoSuchKey) when calling the GetObject operation: The specified key does not exist.
  2148/8883: mp-567942
  2149/8883: mp-1111708
  2150/8883: mp-1186486
  2151/8883: mp-636232
  2152/8883: mp-1183165
unable to access bucket: 'materialsproject-parsed' key: 'chgcars/mp-1413072.json.gz' version: None error: An error occurred (NoSuchKey) when calling the GetObject operation: The specified key does not exist.
  2153/8883: mp-862684
  2154/8883: mp-1186253
  2155/8883: mp-5382
unable to access bucket: 'materialsproject-parsed' key: 'chgcars/mp-1419586.json.gz' version: None error: An error occurred (NoSuchKey) when calling the GetObject operation: The specified key does not exist.
  2156/8883: mp-1112288
  2157/8883: mp-974770
unable to access bucket: 'materialsproject-parsed' key: 'chgcars/mp-1437301.json.gz' version: None error: An error occurred (NoSuchKey) when calling the GetObject operation: The specified key does not exist.
  2158/8883: mp-1113506
  2159/8883: mp-1113040
  2160/8883: mp-1110576
  2161/8883: mp-1112949
  2162/8883: mp-1111780
  2163/8883: mp-1111009
unable to access bucket: 'materialsproject-parsed' key: 'chgcars/mp-1383749.json.gz' version: None error: An error occurred (NoSuchKey) when calling the GetObject operation: The specified key does not exist.
  2164/8883: mp-861672
unable to access bucket: 'materialsproject-parsed' key: 'chgcars/mp-1413171.json.gz' version: None error: An error occurred (NoSuchKey) when calling the GetObject operation: The specified key does not exist.
  2165/8883: mp-974748
unable to access bucket: 'materialsproject-parsed' key: 'chgcars/mp-1408838.json.gz' version: None error: An error occurred (NoSuchKey) when calling the GetObject operation: The specified key does not exist.
  2166/8883: mp-1200955
unable to access bucket: 'materialsproject-parsed' key: 'chgcars/mp-1354114.json.gz' version: None error: An error occurred (NoSuchKey) when calling the GetObject operation: The specified key does not exist.
  2167/8883: mp-1206644
unable to access bucket: 'materialsproject-parsed' key: 'chgcars/mp-1443603.json.gz' version: None error: An error occurred (NoSuchKey) when calling the GetObject operation: The specified key does not exist.
  2168/8883: mp-1185472
unable to access bucket: 'materialsproject-parsed' key: 'chgcars/mp-1391956.json.gz' version: None error: An error occurred (NoSuchKey) when calling the GetObject operation: The specified key does not exist.
  2169/8883: mp-1111856
  2170/8883: mp-1112836
  2171/8883: mp-1206029
unable to access bucket: 'materialsproject-parsed' key: 'chgcars/mp-1411609.json.gz' version: None error: An error occurred (NoSuchKey) when calling the GetObject operation: The specified key does not exist.
  2172/8883: mp-1113205
  2173/8883: mp-1183814
  2174/8883: mp-1184981
  2175/8883: mp-866061
unable to access bucket: 'materialsproject-parsed' key: 'chgcars/mp-1420412.json.gz' version: None error: An error occurred (NoSuchKey) when calling the GetObject operation: The specified key does not exist.
  2176/8883: mp-978555
unable to access bucket: 'materialsproject-parsed' key: 'chgcars/mp-1434914.json.gz' version: None error: An error occurred (NoSuchKey) when calling the GetObject operation: The specified key does not exist.
  2177/8883: mp-1112318
  2178/8883: mp-241
  2179/8883: mp-1111982
  2180/8883: mp-973786
unable to access bucket: 'materialsproject-parsed' key: 'chgcars/mp-1431835.json.gz' version: None error: An error occurred (NoSuchKey) when calling the GetObject operation: The specified key does not exist.
  2181/8883: mp-1110710
  2182/8883: mp-865525
  2183/8883: mp-1111272
  2184/8883: mp-1025456
unable to access bucket: 'materialsproject-parsed' key: 'chgcars/mp-1388167.json.gz' version: None error: An error occurred (NoSuchKey) when calling the GetObject operation: The specified key does not exist.
  2185/8883: mp-1187628
unable to access bucket: 'materialsproject-parsed' key: 'chgcars/mp-1419671.json.gz' version: None error: An error occurred (NoSuchKey) when calling the GetObject operation: The specified key does not exist.
  2186/8883: mp-866158
unable to access bucket: 'materialsproject-parsed' key: 'chgcars/mp-1432434.json.gz' version: None error: An error occurred (NoSuchKey) when calling the GetObject operation: The specified key does not exist.
  2187/8883: mp-1111099
  2188/8883: mp-1186065
  2189/8883: mp-865041
unable to access bucket: 'materialsproject-parsed' key: 'chgcars/mp-1434436.json.gz' version: None error: An error occurred (NoSuchKey) when calling the GetObject operation: The specified key does not exist.
  2190/8883: mp-22912
  2191/8883: mp-1110763
  2192/8883: mp-1021674
  2193/8883: mp-1185436
unable to access bucket: 'materialsproject-parsed' key: 'chgcars/mp-1433970.json.gz' version: None error: An error occurred (NoSuchKey) when calling the GetObject operation: The specified key does not exist.
  2194/8883: mp-1206901
unable to access bucket: 'materialsproject-parsed' key: 'chgcars/mp-1395981.json.gz' version: None error: An error occurred (NoSuchKey) when calling the GetObject operation: The specified key does not exist.
  2195/8883: mp-690789
  2196/8883: mp-1112199
unable to access bucket: 'materialsproject-parsed' key: 'chgcars/mp-1385485.json.gz' version: None error: An error occurred (NoSuchKey) when calling the GetObject operation: The specified key does not exist.
  2197/8883: mp-1184263
  2198/8883: mp-865226
  2199/8883: mp-1187274
unable to access bucket: 'materialsproject-parsed' key: 'chgcars/mp-1413329.json.gz' version: None error: An error occurred (NoSuchKey) when calling the GetObject operation: The specified key does not exist.
  2200/8883: mp-1111041
unable to access bucket: 'materialsproject-parsed' key: 'chgcars/mp-1366565.json.gz' version: None error: An error occurred (NoSuchKey) when calling the GetObject operation: The specified key does not exist.
  2201/8883: mp-1114398
  2202/8883: mp-1192877
  2203/8883: mp-1111827
  2204/8883: mp-632724
  2205/8883: mp-1184762
unable to access bucket: 'materialsproject-parsed' key: 'chgcars/mp-1407700.json.gz' version: None error: An error occurred (NoSuchKey) when calling the GetObject operation: The specified key does not exist.
  2206/8883: mp-1185432
  2207/8883: mp-867137
unable to access bucket: 'materialsproject-parsed' key: 'chgcars/mp-1429045.json.gz' version: None error: An error occurred (NoSuchKey) when calling the GetObject operation: The specified key does not exist.
  2208/8883: mp-1095109
  2209/8883: mp-865184
unable to access bucket: 'materialsproject-parsed' key: 'chgcars/mp-1426068.json.gz' version: None error: An error occurred (NoSuchKey) when calling the GetObject operation: The specified key does not exist.
  2210/8883: mp-865023
  2211/8883: mp-1187840
unable to access bucket: 'materialsproject-parsed' key: 'chgcars/mp-1390932.json.gz' version: None error: An error occurred (NoSuchKey) when calling the GetObject operation: The specified key does not exist.
  2212/8883: mp-984702
  2213/8883: mp-1193845
  2214/8883: mp-1184201
unable to access bucket: 'materialsproject-parsed' key: 'chgcars/mp-1379046.json.gz' version: None error: An error occurred (NoSuchKey) when calling the GetObject operation: The specified key does not exist.
  2215/8883: mp-1112086
  2216/8883: mp-1185503
  2217/8883: mp-862722
  2218/8883: mp-865895
unable to access bucket: 'materialsproject-parsed' key: 'chgcars/mp-1418851.json.gz' version: None error: An error occurred (NoSuchKey) when calling the GetObject operation: The specified key does not exist.
  2219/8883: mp-2520
  2220/8883: mp-1111061
  2221/8883: mp-3623
  2222/8883: mp-979074
  2223/8883: mp-1185321
unable to access bucket: 'materialsproject-parsed' key: 'chgcars/mp-1423018.json.gz' version: None error: An error occurred (NoSuchKey) when calling the GetObject operation: The specified key does not exist.
  2224/8883: mp-1186477
  2225/8883: mp-973614
unable to access bucket: 'materialsproject-parsed' key: 'chgcars/mp-1398086.json.gz' version: None error: An error occurred (NoSuchKey) when calling the GetObject operation: The specified key does not exist.
  2226/8883: mp-862934
  2227/8883: mp-1110968
  2228/8883: mp-11718
unable to access bucket: 'materialsproject-parsed' key: 'chgcars/mp-1432118.json.gz' version: None error: An error occurred (NoSuchKey) when calling the GetObject operation: The specified key does not exist.
  2229/8883: mp-862965
unable to access bucket: 'materialsproject-parsed' key: 'chgcars/mp-1427522.json.gz' version: None error: An error occurred (NoSuchKey) when calling the GetObject operation: The specified key does not exist.
  2230/8883: mp-862931
unable to access bucket: 'materialsproject-parsed' key: 'chgcars/mp-1423559.json.gz' version: None error: An error occurred (NoSuchKey) when calling the GetObject operation: The specified key does not exist.
  2231/8883: mp-862706
  2232/8883: mp-27125
  2233/8883: mp-865113
  2234/8883: mp-1111419
  2235/8883: mp-9349
  2236/8883: mp-971921
  2237/8883: mp-1184393
unable to access bucket: 'materialsproject-parsed' key: 'chgcars/mp-1431234.json.gz' version: None error: An error occurred (NoSuchKey) when calling the GetObject operation: The specified key does not exist.
  2238/8883: mp-864984
unable to access bucket: 'materialsproject-parsed' key: 'chgcars/mp-1431636.json.gz' version: None error: An error occurred (NoSuchKey) when calling the GetObject operation: The specified key does not exist.
  2239/8883: mp-866137
unable to access bucket: 'materialsproject-parsed' key: 'chgcars/mp-1475934.json.gz' version: None error: An error occurred (NoSuchKey) when calling the GetObject operation: The specified key does not exist.
  2240/8883: mp-1114032
  2241/8883: mp-1111091
unable to access bucket: 'materialsproject-parsed' key: 'chgcars/mp-1443902.json.gz' version: None error: An error occurred (NoSuchKey) when calling the GetObject operation: The specified key does not exist.
  2242/8883: mp-1187098
  2243/8883: mp-8635
  2244/8883: mp-1111821
  2245/8883: mp-865987
  2246/8883: mp-867873
  2247/8883: mp-1227065
unable to access bucket: 'materialsproject-parsed' key: 'chgcars/mp-1386511.json.gz' version: None error: An error occurred (NoSuchKey) when calling the GetObject operation: The specified key does not exist.
  2248/8883: mp-867117
unable to access bucket: 'materialsproject-parsed' key: 'chgcars/mp-1431833.json.gz' version: None error: An error occurred (NoSuchKey) when calling the GetObject operation: The specified key does not exist.
  2249/8883: mp-976884
unable to access bucket: 'materialsproject-parsed' key: 'chgcars/mp-1417251.json.gz' version: None error: An error occurred (NoSuchKey) when calling the GetObject operation: The specified key does not exist.
  2250/8883: mp-1113673
  2251/8883: mp-1184218
  2252/8883: mp-865796
unable to access bucket: 'materialsproject-parsed' key: 'chgcars/mp-1424796.json.gz' version: None error: An error occurred (NoSuchKey) when calling the GetObject operation: The specified key does not exist.
  2253/8883: mp-865651
  2254/8883: mp-983444
  2255/8883: mp-865368
  2256/8883: mp-1205605
unable to access bucket: 'materialsproject-parsed' key: 'chgcars/mp-1391219.json.gz' version: None error: An error occurred (NoSuchKey) when calling the GetObject operation: The specified key does not exist.
  2257/8883: mp-865210
unable to access bucket: 'materialsproject-parsed' key: 'chgcars/mp-1414770.json.gz' version: None error: An error occurred (NoSuchKey) when calling the GetObject operation: The specified key does not exist.
  2258/8883: mp-1183158
  2259/8883: mp-1228086
  2260/8883: mp-554168
  2261/8883: mp-568880
  2262/8883: mp-1184152
unable to access bucket: 'materialsproject-parsed' key: 'chgcars/mp-1419192.json.gz' version: None error: An error occurred (NoSuchKey) when calling the GetObject operation: The specified key does not exist.
  2263/8883: mp-1111184
  2264/8883: mp-865840
unable to access bucket: 'materialsproject-parsed' key: 'chgcars/mp-1433013.json.gz' version: None error: An error occurred (NoSuchKey) when calling the GetObject operation: The specified key does not exist.
  2265/8883: mp-1186616
unable to access bucket: 'materialsproject-parsed' key: 'chgcars/mp-1419580.json.gz' version: None error: An error occurred (NoSuchKey) when calling the GetObject operation: The specified key does not exist.
  2266/8883: mp-1187770
unable to access bucket: 'materialsproject-parsed' key: 'chgcars/mp-1427534.json.gz' version: None error: An error occurred (NoSuchKey) when calling the GetObject operation: The specified key does not exist.
  2267/8883: mp-1184648
  2268/8883: mp-22037
  2269/8883: mp-1188046
unable to access bucket: 'materialsproject-parsed' key: 'chgcars/mp-1417266.json.gz' version: None error: An error occurred (NoSuchKey) when calling the GetObject operation: The specified key does not exist.
  2270/8883: mp-1183803
unable to access bucket: 'materialsproject-parsed' key: 'chgcars/mp-1446062.json.gz' version: None error: An error occurred (NoSuchKey) when calling the GetObject operation: The specified key does not exist.
  2271/8883: mp-1111314
  2272/8883: mp-1203312
unable to access bucket: 'materialsproject-parsed' key: 'chgcars/mp-1361232.json.gz' version: None error: An error occurred (NoSuchKey) when calling the GetObject operation: The specified key does not exist.
  2273/8883: mp-865109
  2274/8883: mp-976447
  2275/8883: mp-1111341
unable to access bucket: 'materialsproject-parsed' key: 'chgcars/mp-1444366.json.gz' version: None error: An error occurred (NoSuchKey) when calling the GetObject operation: The specified key does not exist.
  2276/8883: mp-1186966
unable to access bucket: 'materialsproject-parsed' key: 'chgcars/mp-1402215.json.gz' version: None error: An error occurred (NoSuchKey) when calling the GetObject operation: The specified key does not exist.
  2277/8883: mp-977566
unable to access bucket: 'materialsproject-parsed' key: 'chgcars/mp-1431010.json.gz' version: None error: An error occurred (NoSuchKey) when calling the GetObject operation: The specified key does not exist.
  2278/8883: mp-1183419
unable to access bucket: 'materialsproject-parsed' key: 'chgcars/mp-1421490.json.gz' version: None error: An error occurred (NoSuchKey) when calling the GetObject operation: The specified key does not exist.
  2279/8883: mp-1014264
  2280/8883: mp-989511
  2281/8883: mp-865090
  2282/8883: mp-865590
unable to access bucket: 'materialsproject-parsed' key: 'chgcars/mp-1771534.json.gz' version: None error: An error occurred (NoSuchKey) when calling the GetObject operation: The specified key does not exist.
  2283/8883: mp-30759
  2284/8883: mp-865842
  2285/8883: mp-1183531
unable to access bucket: 'materialsproject-parsed' key: 'chgcars/mp-1428650.json.gz' version: None error: An error occurred (NoSuchKey) when calling the GetObject operation: The specified key does not exist.
  2286/8883: mp-614502
  2287/8883: mp-1111368
unable to access bucket: 'materialsproject-parsed' key: 'chgcars/mp-1400597.json.gz' version: None error: An error occurred (NoSuchKey) when calling the GetObject operation: The specified key does not exist.
  2288/8883: mp-7473
  2289/8883: mp-974065
unable to access bucket: 'materialsproject-parsed' key: 'chgcars/mp-1416183.json.gz' version: None error: An error occurred (NoSuchKey) when calling the GetObject operation: The specified key does not exist.
  2290/8883: mp-1114034
unable to access bucket: 'materialsproject-parsed' key: 'chgcars/mp-1393707.json.gz' version: None error: An error occurred (NoSuchKey) when calling the GetObject operation: The specified key does not exist.
  2291/8883: mp-21075
  2292/8883: mp-862975
unable to access bucket: 'materialsproject-parsed' key: 'chgcars/mp-1435254.json.gz' version: None error: An error occurred (NoSuchKey) when calling the GetObject operation: The specified key does not exist.
  2293/8883: mp-864907
unable to access bucket: 'materialsproject-parsed' key: 'chgcars/mp-1431081.json.gz' version: None error: An error occurred (NoSuchKey) when calling the GetObject operation: The specified key does not exist.
  2294/8883: mp-862360
unable to access bucket: 'materialsproject-parsed' key: 'chgcars/mp-1445565.json.gz' version: None error: An error occurred (NoSuchKey) when calling the GetObject operation: The specified key does not exist.
  2295/8883: mp-8414
unable to access bucket: 'materialsproject-parsed' key: 'chgcars/mp-1504822.json.gz' version: None error: An error occurred (NoSuchKey) when calling the GetObject operation: The specified key does not exist.
  2296/8883: mp-4897
  2297/8883: mp-1111396
  2298/8883: mp-1183173
unable to access bucket: 'materialsproject-parsed' key: 'chgcars/mp-1504057.json.gz' version: None error: An error occurred (NoSuchKey) when calling the GetObject operation: The specified key does not exist.
  2299/8883: mp-1192447
  2300/8883: mp-1112343
unable to access bucket: 'materialsproject-parsed' key: 'chgcars/mp-1389921.json.gz' version: None error: An error occurred (NoSuchKey) when calling the GetObject operation: The specified key does not exist.
  2301/8883: mp-864784
  2302/8883: mp-867924
  2303/8883: mp-568333
  2304/8883: mp-976289
unable to access bucket: 'materialsproject-parsed' key: 'chgcars/mp-1415327.json.gz' version: None error: An error occurred (NoSuchKey) when calling the GetObject operation: The specified key does not exist.
  2305/8883: mp-726732
unable to access bucket: 'materialsproject-parsed' key: 'chgcars/mp-1424119.json.gz' version: None error: An error occurred (NoSuchKey) when calling the GetObject operation: The specified key does not exist.
  2306/8883: mp-1114167
  2307/8883: mp-1206954
  2308/8883: mp-1112631
  2309/8883: mp-863733
unable to access bucket: 'materialsproject-parsed' key: 'chgcars/mp-1419245.json.gz' version: None error: An error occurred (NoSuchKey) when calling the GetObject operation: The specified key does not exist.
  2310/8883: mp-505781
  2311/8883: mp-31170
unable to access bucket: 'materialsproject-parsed' key: 'chgcars/mp-1441656.json.gz' version: None error: An error occurred (NoSuchKey) when calling the GetObject operation: The specified key does not exist.
  2312/8883: mp-1214229
  2313/8883: mp-1187179
unable to access bucket: 'materialsproject-parsed' key: 'chgcars/mp-1393720.json.gz' version: None error: An error occurred (NoSuchKey) when calling the GetObject operation: The specified key does not exist.
  2314/8883: mp-556353
  2315/8883: mp-1193149
  2316/8883: mp-1112341
  2317/8883: mp-567362
  2318/8883: mp-1111505
  2319/8883: mp-865142
unable to access bucket: 'materialsproject-parsed' key: 'chgcars/mp-1433057.json.gz' version: None error: An error occurred (NoSuchKey) when calling the GetObject operation: The specified key does not exist.
  2320/8883: mp-9935
unable to access bucket: 'materialsproject-parsed' key: 'chgcars/mp-1439536.json.gz' version: None error: An error occurred (NoSuchKey) when calling the GetObject operation: The specified key does not exist.
  2321/8883: mp-861966
  2322/8883: mp-977396
unable to access bucket: 'materialsproject-parsed' key: 'chgcars/mp-1400855.json.gz' version: None error: An error occurred (NoSuchKey) when calling the GetObject operation: The specified key does not exist.
  2323/8883: mp-983566
unable to access bucket: 'materialsproject-parsed' key: 'chgcars/mp-1402473.json.gz' version: None error: An error occurred (NoSuchKey) when calling the GetObject operation: The specified key does not exist.
  2324/8883: mp-977140
  2325/8883: mp-1111176
  2326/8883: mp-1110568
  2327/8883: mp-972048
  2328/8883: mp-631412
unable to access bucket: 'materialsproject-parsed' key: 'chgcars/mp-1383204.json.gz' version: None error: An error occurred (NoSuchKey) when calling the GetObject operation: The specified key does not exist.
  2329/8883: mp-1187307
  2330/8883: mp-865200
  2331/8883: mp-1110621
  2332/8883: mp-20158
  2333/8883: mp-978912
  2334/8883: mp-861498
unable to access bucket: 'materialsproject-parsed' key: 'chgcars/mp-1388992.json.gz' version: None error: An error occurred (NoSuchKey) when calling the GetObject operation: The specified key does not exist.
  2335/8883: mp-1111569
unable to access bucket: 'materialsproject-parsed' key: 'chgcars/mp-1387919.json.gz' version: None error: An error occurred (NoSuchKey) when calling the GetObject operation: The specified key does not exist.
  2336/8883: mp-1110982
unable to access bucket: 'materialsproject-parsed' key: 'chgcars/mp-1407248.json.gz' version: None error: An error occurred (NoSuchKey) when calling the GetObject operation: The specified key does not exist.
  2337/8883: mp-865173
  2338/8883: mp-631553
  2339/8883: mp-1113585
unable to access bucket: 'materialsproject-parsed' key: 'chgcars/mp-1446635.json.gz' version: None error: An error occurred (NoSuchKey) when calling the GetObject operation: The specified key does not exist.
  2340/8883: mp-977551
unable to access bucket: 'materialsproject-parsed' key: 'chgcars/mp-1389888.json.gz' version: None error: An error occurred (NoSuchKey) when calling the GetObject operation: The specified key does not exist.
  2341/8883: mp-1113076
  2342/8883: mp-1078887
unable to access bucket: 'materialsproject-parsed' key: 'chgcars/mp-1282237.json.gz' version: None error: An error occurred (NoSuchKey) when calling the GetObject operation: The specified key does not exist.
  2343/8883: mp-866206
unable to access bucket: 'materialsproject-parsed' key: 'chgcars/mp-1422542.json.gz' version: None error: An error occurred (NoSuchKey) when calling the GetObject operation: The specified key does not exist.
  2344/8883: mp-1185292
  2345/8883: mp-863251
unable to access bucket: 'materialsproject-parsed' key: 'chgcars/mp-1399025.json.gz' version: None error: An error occurred (NoSuchKey) when calling the GetObject operation: The specified key does not exist.
  2346/8883: mp-867915
unable to access bucket: 'materialsproject-parsed' key: 'chgcars/mp-1419776.json.gz' version: None error: An error occurred (NoSuchKey) when calling the GetObject operation: The specified key does not exist.
  2347/8883: mp-865082
unable to access bucket: 'materialsproject-parsed' key: 'chgcars/mp-1417909.json.gz' version: None error: An error occurred (NoSuchKey) when calling the GetObject operation: The specified key does not exist.
  2348/8883: mp-867198
unable to access bucket: 'materialsproject-parsed' key: 'chgcars/mp-1429503.json.gz' version: None error: An error occurred (NoSuchKey) when calling the GetObject operation: The specified key does not exist.
  2349/8883: mp-865640
unable to access bucket: 'materialsproject-parsed' key: 'chgcars/mp-1419184.json.gz' version: None error: An error occurred (NoSuchKey) when calling the GetObject operation: The specified key does not exist.
  2350/8883: mp-1113755
  2351/8883: mp-552200
  2352/8883: mp-1110800
  2353/8883: mp-1113185
unable to access bucket: 'materialsproject-parsed' key: 'chgcars/mp-1443719.json.gz' version: None error: An error occurred (NoSuchKey) when calling the GetObject operation: The specified key does not exist.
  2354/8883: mp-972082
  2355/8883: mp-1187000
  2356/8883: mp-1184379
  2357/8883: mp-1113296
  2358/8883: mp-862676
  2359/8883: mp-1186943
unable to access bucket: 'materialsproject-parsed' key: 'chgcars/mp-1415322.json.gz' version: None error: An error occurred (NoSuchKey) when calling the GetObject operation: The specified key does not exist.
  2360/8883: mp-1111011
  2361/8883: mp-1184815
  2362/8883: mp-1079583
  2363/8883: mp-983556
  2364/8883: mp-1096778
unable to access bucket: 'materialsproject-parsed' key: 'chgcars/mp-1769917.json.gz' version: None error: An error occurred (NoSuchKey) when calling the GetObject operation: The specified key does not exist.
  2365/8883: mp-1111479
  2366/8883: mp-1183367
unable to access bucket: 'materialsproject-parsed' key: 'chgcars/mp-1393741.json.gz' version: None error: An error occurred (NoSuchKey) when calling the GetObject operation: The specified key does not exist.
  2367/8883: mp-1185622
unable to access bucket: 'materialsproject-parsed' key: 'chgcars/mp-1415855.json.gz' version: None error: An error occurred (NoSuchKey) when calling the GetObject operation: The specified key does not exist.
  2368/8883: mp-1006056
unable to access bucket: 'materialsproject-parsed' key: 'chgcars/mp-1424332.json.gz' version: None error: An error occurred (NoSuchKey) when calling the GetObject operation: The specified key does not exist.
  2369/8883: mp-1079742
unable to access bucket: 'materialsproject-parsed' key: 'chgcars/mp-1772728.json.gz' version: None error: An error occurred (NoSuchKey) when calling the GetObject operation: The specified key does not exist.
  2370/8883: mp-1113444
  2371/8883: mp-2
  2372/8883: mp-27632
  2373/8883: mp-1113999
  2374/8883: mp-1183472
unable to access bucket: 'materialsproject-parsed' key: 'chgcars/mp-1399399.json.gz' version: None error: An error occurred (NoSuchKey) when calling the GetObject operation: The specified key does not exist.
  2375/8883: mp-1183508
unable to access bucket: 'materialsproject-parsed' key: 'chgcars/mp-1412344.json.gz' version: None error: An error occurred (NoSuchKey) when calling the GetObject operation: The specified key does not exist.
  2376/8883: mp-1184099
  2377/8883: mp-865903
unable to access bucket: 'materialsproject-parsed' key: 'chgcars/mp-1412352.json.gz' version: None error: An error occurred (NoSuchKey) when calling the GetObject operation: The specified key does not exist.
  2378/8883: mp-1185224
  2379/8883: mp-977475
  2380/8883: mp-862739
unable to access bucket: 'materialsproject-parsed' key: 'chgcars/mp-1417851.json.gz' version: None error: An error occurred (NoSuchKey) when calling the GetObject operation: The specified key does not exist.
  2381/8883: mp-1112890
  2382/8883: mp-1114043
  2383/8883: mp-1186895
unable to access bucket: 'materialsproject-parsed' key: 'chgcars/mp-1437149.json.gz' version: None error: An error occurred (NoSuchKey) when calling the GetObject operation: The specified key does not exist.
  2384/8883: mp-1187210
  2385/8883: mp-28
unable to access bucket: 'materialsproject-parsed' key: 'chgcars/mp-1440988.json.gz' version: None error: An error occurred (NoSuchKey) when calling the GetObject operation: The specified key does not exist.
  2386/8883: mp-1113016
unable to access bucket: 'materialsproject-parsed' key: 'chgcars/mp-1384160.json.gz' version: None error: An error occurred (NoSuchKey) when calling the GetObject operation: The specified key does not exist.
  2387/8883: mp-2640
  2388/8883: mp-580589
  2389/8883: mp-864633
  2390/8883: mp-1183196
unable to access bucket: 'materialsproject-parsed' key: 'chgcars/mp-1444358.json.gz' version: None error: An error occurred (NoSuchKey) when calling the GetObject operation: The specified key does not exist.
  2391/8883: mp-1096926
  2392/8883: mp-976265
  2393/8883: mp-1186476
  2394/8883: mp-30551
  2395/8883: mp-975793
unable to access bucket: 'materialsproject-parsed' key: 'chgcars/mp-1426263.json.gz' version: None error: An error occurred (NoSuchKey) when calling the GetObject operation: The specified key does not exist.
  2396/8883: mp-1113218
unable to access bucket: 'materialsproject-parsed' key: 'chgcars/mp-1404157.json.gz' version: None error: An error occurred (NoSuchKey) when calling the GetObject operation: The specified key does not exist.
  2397/8883: mp-1186224
unable to access bucket: 'materialsproject-parsed' key: 'chgcars/mp-1436802.json.gz' version: None error: An error occurred (NoSuchKey) when calling the GetObject operation: The specified key does not exist.
  2398/8883: mp-1185501
  2399/8883: mp-865894
unable to access bucket: 'materialsproject-parsed' key: 'chgcars/mp-1423933.json.gz' version: None error: An error occurred (NoSuchKey) when calling the GetObject operation: The specified key does not exist.
  2400/8883: mp-865383
unable to access bucket: 'materialsproject-parsed' key: 'chgcars/mp-1436208.json.gz' version: None error: An error occurred (NoSuchKey) when calling the GetObject operation: The specified key does not exist.
  2401/8883: mp-867859
unable to access bucket: 'materialsproject-parsed' key: 'chgcars/mp-1423610.json.gz' version: None error: An error occurred (NoSuchKey) when calling the GetObject operation: The specified key does not exist.
  2402/8883: mp-1006057
unable to access bucket: 'materialsproject-parsed' key: 'chgcars/mp-1388333.json.gz' version: None error: An error occurred (NoSuchKey) when calling the GetObject operation: The specified key does not exist.
  2403/8883: mp-864789
  2404/8883: mp-973142
unable to access bucket: 'materialsproject-parsed' key: 'chgcars/mp-1433559.json.gz' version: None error: An error occurred (NoSuchKey) when calling the GetObject operation: The specified key does not exist.
  2405/8883: mp-1185542
  2406/8883: mp-1184240
unable to access bucket: 'materialsproject-parsed' key: 'chgcars/mp-1402654.json.gz' version: None error: An error occurred (NoSuchKey) when calling the GetObject operation: The specified key does not exist.
  2407/8883: mp-1112004
  2408/8883: mp-1009545
unable to access bucket: 'materialsproject-parsed' key: 'chgcars/mp-1439752.json.gz' version: None error: An error occurred (NoSuchKey) when calling the GetObject operation: The specified key does not exist.
  2409/8883: mp-865920
unable to access bucket: 'materialsproject-parsed' key: 'chgcars/mp-1428333.json.gz' version: None error: An error occurred (NoSuchKey) when calling the GetObject operation: The specified key does not exist.
  2410/8883: mp-1063920
unable to access bucket: 'materialsproject-parsed' key: 'chgcars/mp-1300249.json.gz' version: None error: An error occurred (NoSuchKey) when calling the GetObject operation: The specified key does not exist.
  2411/8883: mp-1111586
  2412/8883: mp-1111441
unable to access bucket: 'materialsproject-parsed' key: 'chgcars/mp-1444732.json.gz' version: None error: An error occurred (NoSuchKey) when calling the GetObject operation: The specified key does not exist.
  2413/8883: mp-1185976
unable to access bucket: 'materialsproject-parsed' key: 'chgcars/mp-1429963.json.gz' version: None error: An error occurred (NoSuchKey) when calling the GetObject operation: The specified key does not exist.
  2414/8883: mp-1214633
  2415/8883: mp-977436
unable to access bucket: 'materialsproject-parsed' key: 'chgcars/mp-1411374.json.gz' version: None error: An error occurred (NoSuchKey) when calling the GetObject operation: The specified key does not exist.
  2416/8883: mp-1187333
  2417/8883: mp-2795
  2418/8883: mp-1113928
unable to access bucket: 'materialsproject-parsed' key: 'chgcars/mp-1399155.json.gz' version: None error: An error occurred (NoSuchKey) when calling the GetObject operation: The specified key does not exist.
  2419/8883: mp-1187443
unable to access bucket: 'materialsproject-parsed' key: 'chgcars/mp-1416627.json.gz' version: None error: An error occurred (NoSuchKey) when calling the GetObject operation: The specified key does not exist.
  2420/8883: mp-1183561
unable to access bucket: 'materialsproject-parsed' key: 'chgcars/mp-1432568.json.gz' version: None error: An error occurred (NoSuchKey) when calling the GetObject operation: The specified key does not exist.
  2421/8883: mp-1185295
unable to access bucket: 'materialsproject-parsed' key: 'chgcars/mp-1424577.json.gz' version: None error: An error occurred (NoSuchKey) when calling the GetObject operation: The specified key does not exist.
  2422/8883: mp-1205643
  2423/8883: mp-1111549
unable to access bucket: 'materialsproject-parsed' key: 'chgcars/mp-1395252.json.gz' version: None error: An error occurred (NoSuchKey) when calling the GetObject operation: The specified key does not exist.
  2424/8883: mp-1186119
  2425/8883: mp-1183845
unable to access bucket: 'materialsproject-parsed' key: 'chgcars/mp-1390646.json.gz' version: None error: An error occurred (NoSuchKey) when calling the GetObject operation: The specified key does not exist.
  2426/8883: mp-16366
  2427/8883: mp-1110761
unable to access bucket: 'materialsproject-parsed' key: 'chgcars/mp-1397355.json.gz' version: None error: An error occurred (NoSuchKey) when calling the GetObject operation: The specified key does not exist.
  2428/8883: mp-1110722
  2429/8883: mp-672653
unable to access bucket: 'materialsproject-parsed' key: 'chgcars/mp-1397388.json.gz' version: None error: An error occurred (NoSuchKey) when calling the GetObject operation: The specified key does not exist.
  2430/8883: mp-862318
  2431/8883: mp-1114049
  2432/8883: mp-1184895
unable to access bucket: 'materialsproject-parsed' key: 'chgcars/mp-1405715.json.gz' version: None error: An error occurred (NoSuchKey) when calling the GetObject operation: The specified key does not exist.
  2433/8883: mp-1112409
  2434/8883: mp-861981
unable to access bucket: 'materialsproject-parsed' key: 'chgcars/mp-1425586.json.gz' version: None error: An error occurred (NoSuchKey) when calling the GetObject operation: The specified key does not exist.
  2435/8883: mp-1206442
  2436/8883: mp-1185022
  2437/8883: mp-861658
  2438/8883: mp-1110807
  2439/8883: mp-1112941
  2440/8883: mp-1111394
unable to access bucket: 'materialsproject-parsed' key: 'chgcars/mp-1398439.json.gz' version: None error: An error occurred (NoSuchKey) when calling the GetObject operation: The specified key does not exist.
  2441/8883: mp-1110680
  2442/8883: mp-1009652
unable to access bucket: 'materialsproject-parsed' key: 'chgcars/mp-1433704.json.gz' version: None error: An error occurred (NoSuchKey) when calling the GetObject operation: The specified key does not exist.
  2443/8883: mp-10261
unable to access bucket: 'materialsproject-parsed' key: 'chgcars/mp-1441535.json.gz' version: None error: An error occurred (NoSuchKey) when calling the GetObject operation: The specified key does not exist.
  2444/8883: mp-973066
unable to access bucket: 'materialsproject-parsed' key: 'chgcars/mp-1431726.json.gz' version: None error: An error occurred (NoSuchKey) when calling the GetObject operation: The specified key does not exist.
  2445/8883: mp-1079925
unable to access bucket: 'materialsproject-parsed' key: 'chgcars/mp-1403046.json.gz' version: None error: An error occurred (NoSuchKey) when calling the GetObject operation: The specified key does not exist.
  2446/8883: mp-1184434
unable to access bucket: 'materialsproject-parsed' key: 'chgcars/mp-1436389.json.gz' version: None error: An error occurred (NoSuchKey) when calling the GetObject operation: The specified key does not exist.
  2447/8883: mp-863711
unable to access bucket: 'materialsproject-parsed' key: 'chgcars/mp-1418000.json.gz' version: None error: An error occurred (NoSuchKey) when calling the GetObject operation: The specified key does not exist.
  2448/8883: mp-1206472
  2449/8883: mp-1114010
  2450/8883: mp-1111720
  2451/8883: mp-567389
  2452/8883: mp-570632
  2453/8883: mp-690785
unable to access bucket: 'materialsproject-parsed' key: 'chgcars/mp-1421425.json.gz' version: None error: An error occurred (NoSuchKey) when calling the GetObject operation: The specified key does not exist.
  2454/8883: mp-16320
  2455/8883: mp-1184577
unable to access bucket: 'materialsproject-parsed' key: 'chgcars/mp-1432401.json.gz' version: None error: An error occurred (NoSuchKey) when calling the GetObject operation: The specified key does not exist.
  2456/8883: mp-1206618
  2457/8883: mp-867265
unable to access bucket: 'materialsproject-parsed' key: 'chgcars/mp-1437261.json.gz' version: None error: An error occurred (NoSuchKey) when calling the GetObject operation: The specified key does not exist.
  2458/8883: mp-972511
  2459/8883: mp-1112602
unable to access bucket: 'materialsproject-parsed' key: 'chgcars/mp-1399730.json.gz' version: None error: An error occurred (NoSuchKey) when calling the GetObject operation: The specified key does not exist.
  2460/8883: mp-1113549
  2461/8883: mp-865007
unable to access bucket: 'materialsproject-parsed' key: 'chgcars/mp-1410868.json.gz' version: None error: An error occurred (NoSuchKey) when calling the GetObject operation: The specified key does not exist.
  2462/8883: mp-16495
  2463/8883: mp-1113230
unable to access bucket: 'materialsproject-parsed' key: 'chgcars/mp-1445682.json.gz' version: None error: An error occurred (NoSuchKey) when calling the GetObject operation: The specified key does not exist.
  2464/8883: mp-862374
unable to access bucket: 'materialsproject-parsed' key: 'chgcars/mp-1429968.json.gz' version: None error: An error occurred (NoSuchKey) when calling the GetObject operation: The specified key does not exist.
  2465/8883: mp-1183896
  2466/8883: mp-979968
  2467/8883: mp-1187606
  2468/8883: mp-1111281
unable to access bucket: 'materialsproject-parsed' key: 'chgcars/mp-1406217.json.gz' version: None error: An error occurred (NoSuchKey) when calling the GetObject operation: The specified key does not exist.
  2469/8883: mp-1114101
unable to access bucket: 'materialsproject-parsed' key: 'chgcars/mp-1411125.json.gz' version: None error: An error occurred (NoSuchKey) when calling the GetObject operation: The specified key does not exist.
  2470/8883: mp-8023
unable to access bucket: 'materialsproject-parsed' key: 'chgcars/mp-1439223.json.gz' version: None error: An error occurred (NoSuchKey) when calling the GetObject operation: The specified key does not exist.
  2471/8883: mp-1110927
  2472/8883: mp-1113741
  2473/8883: mp-12129
  2474/8883: mp-865999
unable to access bucket: 'materialsproject-parsed' key: 'chgcars/mp-1428817.json.gz' version: None error: An error occurred (NoSuchKey) when calling the GetObject operation: The specified key does not exist.
  2475/8883: mp-1205844
  2476/8883: mp-1111629
unable to access bucket: 'materialsproject-parsed' key: 'chgcars/mp-1386235.json.gz' version: None error: An error occurred (NoSuchKey) when calling the GetObject operation: The specified key does not exist.
  2477/8883: mp-864800
unable to access bucket: 'materialsproject-parsed' key: 'chgcars/mp-1426743.json.gz' version: None error: An error occurred (NoSuchKey) when calling the GetObject operation: The specified key does not exist.
  2478/8883: mp-973153
unable to access bucket: 'materialsproject-parsed' key: 'chgcars/mp-1401701.json.gz' version: None error: An error occurred (NoSuchKey) when calling the GetObject operation: The specified key does not exist.
  2479/8883: mp-1110574
  2480/8883: mp-1112619
  2481/8883: mp-1114000
  2482/8883: mp-1147615
  2483/8883: mp-1184740
  2484/8883: mp-867308
  2485/8883: mp-672340
  2486/8883: mp-862334
unable to access bucket: 'materialsproject-parsed' key: 'chgcars/mp-1424263.json.gz' version: None error: An error occurred (NoSuchKey) when calling the GetObject operation: The specified key does not exist.
  2487/8883: mp-999027
  2488/8883: mp-1184251
unable to access bucket: 'materialsproject-parsed' key: 'chgcars/mp-1397052.json.gz' version: None error: An error occurred (NoSuchKey) when calling the GetObject operation: The specified key does not exist.
  2489/8883: mp-865178
unable to access bucket: 'materialsproject-parsed' key: 'chgcars/mp-1433455.json.gz' version: None error: An error occurred (NoSuchKey) when calling the GetObject operation: The specified key does not exist.
  2490/8883: mp-1187642
unable to access bucket: 'materialsproject-parsed' key: 'chgcars/mp-1397149.json.gz' version: None error: An error occurred (NoSuchKey) when calling the GetObject operation: The specified key does not exist.
  2491/8883: mp-867179
  2492/8883: mp-976159
unable to access bucket: 'materialsproject-parsed' key: 'chgcars/mp-1432706.json.gz' version: None error: An error occurred (NoSuchKey) when calling the GetObject operation: The specified key does not exist.
  2493/8883: mp-1186200
unable to access bucket: 'materialsproject-parsed' key: 'chgcars/mp-1423822.json.gz' version: None error: An error occurred (NoSuchKey) when calling the GetObject operation: The specified key does not exist.
  2494/8883: mp-34023
  2495/8883: mp-1205702
unable to access bucket: 'materialsproject-parsed' key: 'chgcars/mp-1388618.json.gz' version: None error: An error occurred (NoSuchKey) when calling the GetObject operation: The specified key does not exist.
  2496/8883: mp-1111296
unable to access bucket: 'materialsproject-parsed' key: 'chgcars/mp-1405890.json.gz' version: None error: An error occurred (NoSuchKey) when calling the GetObject operation: The specified key does not exist.
  2497/8883: mp-867235
unable to access bucket: 'materialsproject-parsed' key: 'chgcars/mp-1423139.json.gz' version: None error: An error occurred (NoSuchKey) when calling the GetObject operation: The specified key does not exist.
  2498/8883: mp-672374
  2499/8883: mp-1110857
  2500/8883: mp-983358
  2501/8883: mp-981251
unable to access bucket: 'materialsproject-parsed' key: 'chgcars/mp-1432162.json.gz' version: None error: An error occurred (NoSuchKey) when calling the GetObject operation: The specified key does not exist.
  2502/8883: mp-1110822
unable to access bucket: 'materialsproject-parsed' key: 'chgcars/mp-1410463.json.gz' version: None error: An error occurred (NoSuchKey) when calling the GetObject operation: The specified key does not exist.
  2503/8883: mp-867151
unable to access bucket: 'materialsproject-parsed' key: 'chgcars/mp-1434800.json.gz' version: None error: An error occurred (NoSuchKey) when calling the GetObject operation: The specified key does not exist.
  2504/8883: mp-1094328
  2505/8883: mp-867911
  2506/8883: mp-1112130
  2507/8883: mp-1184969
  2508/8883: mp-1186258
  2509/8883: mp-1112116
  2510/8883: mp-1183377
unable to access bucket: 'materialsproject-parsed' key: 'chgcars/mp-1409786.json.gz' version: None error: An error occurred (NoSuchKey) when calling the GetObject operation: The specified key does not exist.
  2511/8883: mp-1185625
unable to access bucket: 'materialsproject-parsed' key: 'chgcars/mp-1397548.json.gz' version: None error: An error occurred (NoSuchKey) when calling the GetObject operation: The specified key does not exist.
  2512/8883: mp-976321
  2513/8883: mp-1186609
  2514/8883: mp-1113297
unable to access bucket: 'materialsproject-parsed' key: 'chgcars/mp-1407298.json.gz' version: None error: An error occurred (NoSuchKey) when calling the GetObject operation: The specified key does not exist.
  2515/8883: mp-1112145
  2516/8883: mp-1111955
  2517/8883: mp-1211945
  2518/8883: mp-998970
unable to access bucket: 'materialsproject-parsed' key: 'chgcars/mp-1657989.json.gz' version: None error: An error occurred (NoSuchKey) when calling the GetObject operation: The specified key does not exist.
  2519/8883: mp-1111147
  2520/8883: mp-22922
  2521/8883: mp-1112286
  2522/8883: mp-866213
unable to access bucket: 'materialsproject-parsed' key: 'chgcars/mp-1413533.json.gz' version: None error: An error occurred (NoSuchKey) when calling the GetObject operation: The specified key does not exist.
  2523/8883: mp-1110649
unable to access bucket: 'materialsproject-parsed' key: 'chgcars/mp-1404788.json.gz' version: None error: An error occurred (NoSuchKey) when calling the GetObject operation: The specified key does not exist.
  2524/8883: mp-1183789
  2525/8883: mp-85
unable to access bucket: 'materialsproject-parsed' key: 'chgcars/mp-1440884.json.gz' version: None error: An error occurred (NoSuchKey) when calling the GetObject operation: The specified key does not exist.
  2526/8883: mp-1206497
  2527/8883: mp-1211289
  2528/8883: mp-1110925
  2529/8883: mp-755556
  2530/8883: mp-1194041
  2531/8883: mp-865100
  2532/8883: mp-1186703
  2533/8883: mp-1194237
  2534/8883: mp-1184651
  2535/8883: mp-1187511
  2536/8883: mp-1055
  2537/8883: mp-1189338
unable to access bucket: 'materialsproject-parsed' key: 'chgcars/mp-1413764.json.gz' version: None error: An error occurred (NoSuchKey) when calling the GetObject operation: The specified key does not exist.
  2538/8883: mp-865554
unable to access bucket: 'materialsproject-parsed' key: 'chgcars/mp-1504548.json.gz' version: None error: An error occurred (NoSuchKey) when calling the GetObject operation: The specified key does not exist.
  2539/8883: mp-1610
unable to access bucket: 'materialsproject-parsed' key: 'chgcars/mp-1440127.json.gz' version: None error: An error occurred (NoSuchKey) when calling the GetObject operation: The specified key does not exist.
  2540/8883: mp-722819
  2541/8883: mp-1113896
  2542/8883: mp-1110951
unable to access bucket: 'materialsproject-parsed' key: 'chgcars/mp-1387324.json.gz' version: None error: An error occurred (NoSuchKey) when calling the GetObject operation: The specified key does not exist.
  2543/8883: mp-865678
unable to access bucket: 'materialsproject-parsed' key: 'chgcars/mp-1415447.json.gz' version: None error: An error occurred (NoSuchKey) when calling the GetObject operation: The specified key does not exist.
  2544/8883: mp-973623
  2545/8883: mp-864786
  2546/8883: mp-1114004
  2547/8883: mp-1183198
unable to access bucket: 'materialsproject-parsed' key: 'chgcars/mp-1442936.json.gz' version: None error: An error occurred (NoSuchKey) when calling the GetObject operation: The specified key does not exist.
  2548/8883: mp-631535
  2549/8883: mp-865434
  2550/8883: mp-28084
  2551/8883: mp-1018145
  2552/8883: mp-636698
  2553/8883: mp-1222891
unable to access bucket: 'materialsproject-parsed' key: 'chgcars/mp-1411481.json.gz' version: None error: An error occurred (NoSuchKey) when calling the GetObject operation: The specified key does not exist.
  2554/8883: mp-1112434
  2555/8883: mp-12912
  2556/8883: mp-557411
  2557/8883: mp-1110993
unable to access bucket: 'materialsproject-parsed' key: 'chgcars/mp-1388330.json.gz' version: None error: An error occurred (NoSuchKey) when calling the GetObject operation: The specified key does not exist.
  2558/8883: mp-1112014
  2559/8883: mp-981392
unable to access bucket: 'materialsproject-parsed' key: 'chgcars/mp-1429801.json.gz' version: None error: An error occurred (NoSuchKey) when calling the GetObject operation: The specified key does not exist.
  2560/8883: mp-866116
  2561/8883: mp-5385
  2562/8883: mp-973444
  2563/8883: mp-863717
  2564/8883: mp-989520
unable to access bucket: 'materialsproject-parsed' key: 'chgcars/mp-1409039.json.gz' version: None error: An error occurred (NoSuchKey) when calling the GetObject operation: The specified key does not exist.
  2565/8883: mp-1111482
unable to access bucket: 'materialsproject-parsed' key: 'chgcars/mp-1445842.json.gz' version: None error: An error occurred (NoSuchKey) when calling the GetObject operation: The specified key does not exist.
  2566/8883: mp-1110581
  2567/8883: mp-1112464
  2568/8883: mp-977376
unable to access bucket: 'materialsproject-parsed' key: 'chgcars/mp-1430341.json.gz' version: None error: An error occurred (NoSuchKey) when calling the GetObject operation: The specified key does not exist.
  2569/8883: mp-2017
  2570/8883: mp-612118
unable to access bucket: 'materialsproject-parsed' key: 'chgcars/mp-1439320.json.gz' version: None error: An error occurred (NoSuchKey) when calling the GetObject operation: The specified key does not exist.
  2571/8883: mp-1111998
unable to access bucket: 'materialsproject-parsed' key: 'chgcars/mp-1442706.json.gz' version: None error: An error occurred (NoSuchKey) when calling the GetObject operation: The specified key does not exist.
  2572/8883: mp-1113553
  2573/8883: mp-1079732
  2574/8883: mp-862715
unable to access bucket: 'materialsproject-parsed' key: 'chgcars/mp-1424478.json.gz' version: None error: An error occurred (NoSuchKey) when calling the GetObject operation: The specified key does not exist.
  2575/8883: mp-867475
unable to access bucket: 'materialsproject-parsed' key: 'chgcars/mp-1417491.json.gz' version: None error: An error occurred (NoSuchKey) when calling the GetObject operation: The specified key does not exist.
  2576/8883: mp-1224119
  2577/8883: mp-863697
unable to access bucket: 'materialsproject-parsed' key: 'chgcars/mp-1416067.json.gz' version: None error: An error occurred (NoSuchKey) when calling the GetObject operation: The specified key does not exist.
  2578/8883: mp-560562
  2579/8883: mp-628606
  2580/8883: mp-1111992
  2581/8883: mp-1183639
unable to access bucket: 'materialsproject-parsed' key: 'chgcars/mp-1419933.json.gz' version: None error: An error occurred (NoSuchKey) when calling the GetObject operation: The specified key does not exist.
  2582/8883: mp-862588
  2583/8883: mp-8812
unable to access bucket: 'materialsproject-parsed' key: 'chgcars/mp-1425362.json.gz' version: None error: An error occurred (NoSuchKey) when calling the GetObject operation: The specified key does not exist.
  2584/8883: mp-5921
  2585/8883: mp-1113563
  2586/8883: mp-977541
unable to access bucket: 'materialsproject-parsed' key: 'chgcars/mp-1427386.json.gz' version: None error: An error occurred (NoSuchKey) when calling the GetObject operation: The specified key does not exist.
  2587/8883: mp-1112544
  2588/8883: mp-1183404
unable to access bucket: 'materialsproject-parsed' key: 'chgcars/mp-1435333.json.gz' version: None error: An error occurred (NoSuchKey) when calling the GetObject operation: The specified key does not exist.
  2589/8883: mp-1009829
  2590/8883: mp-582924
unable to access bucket: 'materialsproject-parsed' key: 'chgcars/mp-1396361.json.gz' version: None error: An error occurred (NoSuchKey) when calling the GetObject operation: The specified key does not exist.
  2591/8883: mp-1110631
  2592/8883: mp-10492
unable to access bucket: 'materialsproject-parsed' key: 'chgcars/mp-1425905.json.gz' version: None error: An error occurred (NoSuchKey) when calling the GetObject operation: The specified key does not exist.
  2593/8883: mp-867177
unable to access bucket: 'materialsproject-parsed' key: 'chgcars/mp-1397047.json.gz' version: None error: An error occurred (NoSuchKey) when calling the GetObject operation: The specified key does not exist.
  2594/8883: mp-1113243
  2595/8883: mp-1110712
  2596/8883: mp-1187679
  2597/8883: mp-1184105
  2598/8883: mp-2637
unable to access bucket: 'materialsproject-parsed' key: 'chgcars/mp-1442051.json.gz' version: None error: An error occurred (NoSuchKey) when calling the GetObject operation: The specified key does not exist.
  2599/8883: mp-1404693
unable to access bucket: 'materialsproject-parsed' key: 'chgcars/mp-1404693.json.gz' version: None error: An error occurred (NoSuchKey) when calling the GetObject operation: The specified key does not exist.
  2600/8883: mp-1185760
unable to access bucket: 'materialsproject-parsed' key: 'chgcars/mp-1427735.json.gz' version: None error: An error occurred (NoSuchKey) when calling the GetObject operation: The specified key does not exist.
  2601/8883: mp-1111433
  2602/8883: mp-2758
  2603/8883: mp-865471
  2604/8883: mp-975801
  2605/8883: mp-631563
unable to access bucket: 'materialsproject-parsed' key: 'chgcars/mp-1423068.json.gz' version: None error: An error occurred (NoSuchKey) when calling the GetObject operation: The specified key does not exist.
  2606/8883: mp-976129
  2607/8883: mp-1111263
  2608/8883: mp-1208001
  2609/8883: mp-867477
unable to access bucket: 'materialsproject-parsed' key: 'chgcars/mp-1401447.json.gz' version: None error: An error occurred (NoSuchKey) when calling the GetObject operation: The specified key does not exist.
  2610/8883: mp-861627
unable to access bucket: 'materialsproject-parsed' key: 'chgcars/mp-1392277.json.gz' version: None error: An error occurred (NoSuchKey) when calling the GetObject operation: The specified key does not exist.
  2611/8883: mp-866000
  2612/8883: mp-1184956
unable to access bucket: 'materialsproject-parsed' key: 'chgcars/mp-1415976.json.gz' version: None error: An error occurred (NoSuchKey) when calling the GetObject operation: The specified key does not exist.
  2613/8883: mp-1111371
  2614/8883: mp-1186692
unable to access bucket: 'materialsproject-parsed' key: 'chgcars/mp-1410528.json.gz' version: None error: An error occurred (NoSuchKey) when calling the GetObject operation: The specified key does not exist.
  2615/8883: mp-865121
unable to access bucket: 'materialsproject-parsed' key: 'chgcars/mp-1384555.json.gz' version: None error: An error occurred (NoSuchKey) when calling the GetObject operation: The specified key does not exist.
  2616/8883: mp-1111273
unable to access bucket: 'materialsproject-parsed' key: 'chgcars/mp-1400226.json.gz' version: None error: An error occurred (NoSuchKey) when calling the GetObject operation: The specified key does not exist.
  2617/8883: mp-1228382
unable to access bucket: 'materialsproject-parsed' key: 'chgcars/mp-1401787.json.gz' version: None error: An error occurred (NoSuchKey) when calling the GetObject operation: The specified key does not exist.
  2618/8883: mp-1186579
  2619/8883: mp-1113676
  2620/8883: mp-1184435
unable to access bucket: 'materialsproject-parsed' key: 'chgcars/mp-1393683.json.gz' version: None error: An error occurred (NoSuchKey) when calling the GetObject operation: The specified key does not exist.
  2621/8883: mp-1185385
  2622/8883: mp-1186481
  2623/8883: mp-861992
unable to access bucket: 'materialsproject-parsed' key: 'chgcars/mp-1395154.json.gz' version: None error: An error occurred (NoSuchKey) when calling the GetObject operation: The specified key does not exist.
  2624/8883: mp-1192479
unable to access bucket: 'materialsproject-parsed' key: 'chgcars/mp-1405509.json.gz' version: None error: An error occurred (NoSuchKey) when calling the GetObject operation: The specified key does not exist.
  2625/8883: mp-1185060
  2626/8883: mp-867256
  2627/8883: mp-1111016
  2628/8883: mp-865013
  2629/8883: mp-1111321
  2630/8883: mp-1184063
  2631/8883: mp-631548
  2632/8883: mp-1112583
unable to access bucket: 'materialsproject-parsed' key: 'chgcars/mp-1392839.json.gz' version: None error: An error occurred (NoSuchKey) when calling the GetObject operation: The specified key does not exist.
  2633/8883: mp-975822
unable to access bucket: 'materialsproject-parsed' key: 'chgcars/mp-1431107.json.gz' version: None error: An error occurred (NoSuchKey) when calling the GetObject operation: The specified key does not exist.
  2634/8883: mp-1112159
  2635/8883: mp-1186657
unable to access bucket: 'materialsproject-parsed' key: 'chgcars/mp-1387406.json.gz' version: None error: An error occurred (NoSuchKey) when calling the GetObject operation: The specified key does not exist.
  2636/8883: mp-979713
unable to access bucket: 'materialsproject-parsed' key: 'chgcars/mp-1434576.json.gz' version: None error: An error occurred (NoSuchKey) when calling the GetObject operation: The specified key does not exist.
  2637/8883: mp-998987
  2638/8883: mp-1112472
  2639/8883: mp-865788
unable to access bucket: 'materialsproject-parsed' key: 'chgcars/mp-1419612.json.gz' version: None error: An error occurred (NoSuchKey) when calling the GetObject operation: The specified key does not exist.
  2640/8883: mp-864985
unable to access bucket: 'materialsproject-parsed' key: 'chgcars/mp-1435194.json.gz' version: None error: An error occurred (NoSuchKey) when calling the GetObject operation: The specified key does not exist.
  2641/8883: mp-1205598
unable to access bucket: 'materialsproject-parsed' key: 'chgcars/mp-1773340.json.gz' version: None error: An error occurred (NoSuchKey) when calling the GetObject operation: The specified key does not exist.
  2642/8883: mp-1113328
unable to access bucket: 'materialsproject-parsed' key: 'chgcars/mp-1412007.json.gz' version: None error: An error occurred (NoSuchKey) when calling the GetObject operation: The specified key does not exist.
  2643/8883: mp-1219071
unable to access bucket: 'materialsproject-parsed' key: 'chgcars/mp-1774015.json.gz' version: None error: An error occurred (NoSuchKey) when calling the GetObject operation: The specified key does not exist.
  2644/8883: mp-977392
  2645/8883: mp-1110678
  2646/8883: mp-21551
  2647/8883: mp-977556
unable to access bucket: 'materialsproject-parsed' key: 'chgcars/mp-1418298.json.gz' version: None error: An error occurred (NoSuchKey) when calling the GetObject operation: The specified key does not exist.
  2648/8883: mp-861954
unable to access bucket: 'materialsproject-parsed' key: 'chgcars/mp-1428681.json.gz' version: None error: An error occurred (NoSuchKey) when calling the GetObject operation: The specified key does not exist.
  2649/8883: mp-1184077
  2650/8883: mp-1185770
  2651/8883: mp-8641
  2652/8883: mp-861872
  2653/8883: mp-1183804
unable to access bucket: 'materialsproject-parsed' key: 'chgcars/mp-1426902.json.gz' version: None error: An error occurred (NoSuchKey) when calling the GetObject operation: The specified key does not exist.
  2654/8883: mp-1184630
unable to access bucket: 'materialsproject-parsed' key: 'chgcars/mp-1420518.json.gz' version: None error: An error occurred (NoSuchKey) when calling the GetObject operation: The specified key does not exist.
  2655/8883: mp-975893
unable to access bucket: 'materialsproject-parsed' key: 'chgcars/mp-1422047.json.gz' version: None error: An error occurred (NoSuchKey) when calling the GetObject operation: The specified key does not exist.
  2656/8883: mp-1186761
  2657/8883: mp-519
unable to access bucket: 'materialsproject-parsed' key: 'chgcars/mp-1440563.json.gz' version: None error: An error occurred (NoSuchKey) when calling the GetObject operation: The specified key does not exist.
  2658/8883: mp-568844
  2659/8883: mp-20340
unable to access bucket: 'materialsproject-parsed' key: 'chgcars/mp-1655860.json.gz' version: None error: An error occurred (NoSuchKey) when calling the GetObject operation: The specified key does not exist.
  2660/8883: mp-865969
  2661/8883: mp-1184512
unable to access bucket: 'materialsproject-parsed' key: 'chgcars/mp-1395480.json.gz' version: None error: An error occurred (NoSuchKey) when calling the GetObject operation: The specified key does not exist.
  2662/8883: mp-972970
  2663/8883: mp-1205651
  2664/8883: mp-1265
  2665/8883: mp-1560
  2666/8883: mp-861937
unable to access bucket: 'materialsproject-parsed' key: 'chgcars/mp-1403036.json.gz' version: None error: An error occurred (NoSuchKey) when calling the GetObject operation: The specified key does not exist.
  2667/8883: mp-1113971
  2668/8883: mp-866200
  2669/8883: mp-867361
unable to access bucket: 'materialsproject-parsed' key: 'chgcars/mp-1431044.json.gz' version: None error: An error occurred (NoSuchKey) when calling the GetObject operation: The specified key does not exist.
  2670/8883: mp-1546
unable to access bucket: 'materialsproject-parsed' key: 'chgcars/mp-1413006.json.gz' version: None error: An error occurred (NoSuchKey) when calling the GetObject operation: The specified key does not exist.
  2671/8883: mp-977143
  2672/8883: mp-867860
unable to access bucket: 'materialsproject-parsed' key: 'chgcars/mp-1419790.json.gz' version: None error: An error occurred (NoSuchKey) when calling the GetObject operation: The specified key does not exist.
  2673/8883: mp-975787
unable to access bucket: 'materialsproject-parsed' key: 'chgcars/mp-1401637.json.gz' version: None error: An error occurred (NoSuchKey) when calling the GetObject operation: The specified key does not exist.
  2674/8883: mp-862921
unable to access bucket: 'materialsproject-parsed' key: 'chgcars/mp-1422419.json.gz' version: None error: An error occurred (NoSuchKey) when calling the GetObject operation: The specified key does not exist.
  2675/8883: mp-989610
unable to access bucket: 'materialsproject-parsed' key: 'chgcars/mp-1411433.json.gz' version: None error: An error occurred (NoSuchKey) when calling the GetObject operation: The specified key does not exist.
  2676/8883: mp-1110964
unable to access bucket: 'materialsproject-parsed' key: 'chgcars/mp-1343595.json.gz' version: None error: An error occurred (NoSuchKey) when calling the GetObject operation: The specified key does not exist.
  2677/8883: mp-504731
unable to access bucket: 'materialsproject-parsed' key: 'chgcars/mp-1439248.json.gz' version: None error: An error occurred (NoSuchKey) when calling the GetObject operation: The specified key does not exist.
  2678/8883: mp-1110684
  2679/8883: mp-571124
  2680/8883: mp-558111
  2681/8883: mp-1185076
unable to access bucket: 'materialsproject-parsed' key: 'chgcars/mp-1384306.json.gz' version: None error: An error occurred (NoSuchKey) when calling the GetObject operation: The specified key does not exist.
  2682/8883: mp-1185230
unable to access bucket: 'materialsproject-parsed' key: 'chgcars/mp-1773829.json.gz' version: None error: An error occurred (NoSuchKey) when calling the GetObject operation: The specified key does not exist.
  2683/8883: mp-864824
  2684/8883: mp-573204
  2685/8883: mp-865174
unable to access bucket: 'materialsproject-parsed' key: 'chgcars/mp-1429404.json.gz' version: None error: An error occurred (NoSuchKey) when calling the GetObject operation: The specified key does not exist.
  2686/8883: mp-864992
  2687/8883: mp-867306
unable to access bucket: 'materialsproject-parsed' key: 'chgcars/mp-1424213.json.gz' version: None error: An error occurred (NoSuchKey) when calling the GetObject operation: The specified key does not exist.
  2688/8883: mp-1110910
  2689/8883: mp-1110790
  2690/8883: mp-867804
  2691/8883: mp-1111123
unable to access bucket: 'materialsproject-parsed' key: 'chgcars/mp-1396179.json.gz' version: None error: An error occurred (NoSuchKey) when calling the GetObject operation: The specified key does not exist.
  2692/8883: mp-1183557
  2693/8883: mp-1112625
unable to access bucket: 'materialsproject-parsed' key: 'chgcars/mp-1409243.json.gz' version: None error: An error occurred (NoSuchKey) when calling the GetObject operation: The specified key does not exist.
  2694/8883: mp-1112908
  2695/8883: mp-866608
unable to access bucket: 'materialsproject-parsed' key: 'chgcars/mp-1404777.json.gz' version: None error: An error occurred (NoSuchKey) when calling the GetObject operation: The specified key does not exist.
  2696/8883: mp-1184293
  2697/8883: mp-1205973
  2698/8883: mp-1111131
  2699/8883: mp-1185377
  2700/8883: mp-989585
unable to access bucket: 'materialsproject-parsed' key: 'chgcars/mp-1383442.json.gz' version: None error: An error occurred (NoSuchKey) when calling the GetObject operation: The specified key does not exist.
  2701/8883: mp-1111180
  2702/8883: mp-672275
unable to access bucket: 'materialsproject-parsed' key: 'chgcars/mp-1407078.json.gz' version: None error: An error occurred (NoSuchKey) when calling the GetObject operation: The specified key does not exist.
  2703/8883: mp-1193952
unable to access bucket: 'materialsproject-parsed' key: 'chgcars/mp-1475617.json.gz' version: None error: An error occurred (NoSuchKey) when calling the GetObject operation: The specified key does not exist.
  2704/8883: mp-1205840
unable to access bucket: 'materialsproject-parsed' key: 'chgcars/mp-1395213.json.gz' version: None error: An error occurred (NoSuchKey) when calling the GetObject operation: The specified key does not exist.
  2705/8883: mp-1113548
  2706/8883: mp-1111409
  2707/8883: mp-1112120
unable to access bucket: 'materialsproject-parsed' key: 'chgcars/mp-1411019.json.gz' version: None error: An error occurred (NoSuchKey) when calling the GetObject operation: The specified key does not exist.
  2708/8883: mp-1186936
unable to access bucket: 'materialsproject-parsed' key: 'chgcars/mp-1444321.json.gz' version: None error: An error occurred (NoSuchKey) when calling the GetObject operation: The specified key does not exist.
  2709/8883: mp-1184678
unable to access bucket: 'materialsproject-parsed' key: 'chgcars/mp-1420528.json.gz' version: None error: An error occurred (NoSuchKey) when calling the GetObject operation: The specified key does not exist.
  2710/8883: mp-865766
  2711/8883: mp-6739
  2712/8883: mp-867206
  2713/8883: mp-1184352
unable to access bucket: 'materialsproject-parsed' key: 'chgcars/mp-1400809.json.gz' version: None error: An error occurred (NoSuchKey) when calling the GetObject operation: The specified key does not exist.
  2714/8883: mp-861993
  2715/8883: mp-1184084
  2716/8883: mp-865236
  2717/8883: mp-977576
unable to access bucket: 'materialsproject-parsed' key: 'chgcars/mp-1415523.json.gz' version: None error: An error occurred (NoSuchKey) when calling the GetObject operation: The specified key does not exist.
  2718/8883: mp-977365
unable to access bucket: 'materialsproject-parsed' key: 'chgcars/mp-1444071.json.gz' version: None error: An error occurred (NoSuchKey) when calling the GetObject operation: The specified key does not exist.
  2719/8883: mp-567172
  2720/8883: mp-428
  2721/8883: mp-1187254
unable to access bucket: 'materialsproject-parsed' key: 'chgcars/mp-1435354.json.gz' version: None error: An error occurred (NoSuchKey) when calling the GetObject operation: The specified key does not exist.
  2722/8883: mp-647363
unable to access bucket: 'materialsproject-parsed' key: 'chgcars/mp-1353772.json.gz' version: None error: An error occurred (NoSuchKey) when calling the GetObject operation: The specified key does not exist.
  2723/8883: mp-387
  2724/8883: mp-1569
  2725/8883: mp-1415
unable to access bucket: 'materialsproject-parsed' key: 'chgcars/mp-1440761.json.gz' version: None error: An error occurred (NoSuchKey) when calling the GetObject operation: The specified key does not exist.
  2726/8883: mp-1192847
unable to access bucket: 'materialsproject-parsed' key: 'chgcars/mp-1405039.json.gz' version: None error: An error occurred (NoSuchKey) when calling the GetObject operation: The specified key does not exist.
  2727/8883: mp-977182
unable to access bucket: 'materialsproject-parsed' key: 'chgcars/mp-1431301.json.gz' version: None error: An error occurred (NoSuchKey) when calling the GetObject operation: The specified key does not exist.
  2728/8883: mp-6270
  2729/8883: mp-631534
  2730/8883: mp-1202049
  2731/8883: mp-1206609
unable to access bucket: 'materialsproject-parsed' key: 'chgcars/mp-1425336.json.gz' version: None error: An error occurred (NoSuchKey) when calling the GetObject operation: The specified key does not exist.
  2732/8883: mp-20211
  2733/8883: mp-865748
  2734/8883: mp-864950
unable to access bucket: 'materialsproject-parsed' key: 'chgcars/mp-1773513.json.gz' version: None error: An error occurred (NoSuchKey) when calling the GetObject operation: The specified key does not exist.
  2735/8883: mp-1114024
  2736/8883: mp-978539
  2737/8883: mp-1111196
  2738/8883: mp-863736
unable to access bucket: 'materialsproject-parsed' key: 'chgcars/mp-1416248.json.gz' version: None error: An error occurred (NoSuchKey) when calling the GetObject operation: The specified key does not exist.
  2739/8883: mp-1185569
  2740/8883: mp-1186139
unable to access bucket: 'materialsproject-parsed' key: 'chgcars/mp-1399240.json.gz' version: None error: An error occurred (NoSuchKey) when calling the GetObject operation: The specified key does not exist.
  2741/8883: mp-1184614
  2742/8883: mp-9472
  2743/8883: mp-1184590
  2744/8883: mp-866159
unable to access bucket: 'materialsproject-parsed' key: 'chgcars/mp-1384625.json.gz' version: None error: An error occurred (NoSuchKey) when calling the GetObject operation: The specified key does not exist.
  2745/8883: mp-570990
unable to access bucket: 'materialsproject-parsed' key: 'chgcars/mp-1431623.json.gz' version: None error: An error occurred (NoSuchKey) when calling the GetObject operation: The specified key does not exist.
  2746/8883: mp-1111894
  2747/8883: mp-1111740
  2748/8883: mp-1186824
  2749/8883: mp-862775
unable to access bucket: 'materialsproject-parsed' key: 'chgcars/mp-1398150.json.gz' version: None error: An error occurred (NoSuchKey) when calling the GetObject operation: The specified key does not exist.
  2750/8883: mp-1112588
  2751/8883: mp-862978
unable to access bucket: 'materialsproject-parsed' key: 'chgcars/mp-1426083.json.gz' version: None error: An error occurred (NoSuchKey) when calling the GetObject operation: The specified key does not exist.
  2752/8883: mp-1111134
unable to access bucket: 'materialsproject-parsed' key: 'chgcars/mp-1446720.json.gz' version: None error: An error occurred (NoSuchKey) when calling the GetObject operation: The specified key does not exist.
  2753/8883: mp-1183573
  2754/8883: mp-1110727
  2755/8883: mp-1206796
unable to access bucket: 'materialsproject-parsed' key: 'chgcars/mp-1433014.json.gz' version: None error: An error occurred (NoSuchKey) when calling the GetObject operation: The specified key does not exist.
  2756/8883: mp-1186166
unable to access bucket: 'materialsproject-parsed' key: 'chgcars/mp-1391245.json.gz' version: None error: An error occurred (NoSuchKey) when calling the GetObject operation: The specified key does not exist.
  2757/8883: mp-1185369
  2758/8883: mp-1186125
unable to access bucket: 'materialsproject-parsed' key: 'chgcars/mp-1424889.json.gz' version: None error: An error occurred (NoSuchKey) when calling the GetObject operation: The specified key does not exist.
  2759/8883: mp-989571
  2760/8883: mp-866207
unable to access bucket: 'materialsproject-parsed' key: 'chgcars/mp-1414579.json.gz' version: None error: An error occurred (NoSuchKey) when calling the GetObject operation: The specified key does not exist.
  2761/8883: mp-861639
  2762/8883: mp-867837
unable to access bucket: 'materialsproject-parsed' key: 'chgcars/mp-1436887.json.gz' version: None error: An error occurred (NoSuchKey) when calling the GetObject operation: The specified key does not exist.
  2763/8883: mp-1186242
unable to access bucket: 'materialsproject-parsed' key: 'chgcars/mp-1391204.json.gz' version: None error: An error occurred (NoSuchKey) when calling the GetObject operation: The specified key does not exist.
  2764/8883: mp-1009582
  2765/8883: mp-864946
  2766/8883: mp-861505
unable to access bucket: 'materialsproject-parsed' key: 'chgcars/mp-1400223.json.gz' version: None error: An error occurred (NoSuchKey) when calling the GetObject operation: The specified key does not exist.
  2767/8883: mp-862673
unable to access bucket: 'materialsproject-parsed' key: 'chgcars/mp-1425465.json.gz' version: None error: An error occurred (NoSuchKey) when calling the GetObject operation: The specified key does not exist.
  2768/8883: mp-1193759
  2769/8883: mp-10109
  2770/8883: mp-10260
  2771/8883: mp-21573
unable to access bucket: 'materialsproject-parsed' key: 'chgcars/mp-1424174.json.gz' version: None error: An error occurred (NoSuchKey) when calling the GetObject operation: The specified key does not exist.
  2772/8883: mp-1112428
  2773/8883: mp-1113233
  2774/8883: mp-1113269
unable to access bucket: 'materialsproject-parsed' key: 'chgcars/mp-1368268.json.gz' version: None error: An error occurred (NoSuchKey) when calling the GetObject operation: The specified key does not exist.
  2775/8883: mp-1009217
  2776/8883: mp-865315
  2777/8883: mp-23285
unable to access bucket: 'materialsproject-parsed' key: 'chgcars/mp-1442149.json.gz' version: None error: An error occurred (NoSuchKey) when calling the GetObject operation: The specified key does not exist.
  2778/8883: mp-1232234
  2779/8883: mp-616501
unable to access bucket: 'materialsproject-parsed' key: 'chgcars/mp-1504838.json.gz' version: None error: An error occurred (NoSuchKey) when calling the GetObject operation: The specified key does not exist.
  2780/8883: mp-973734
  2781/8883: mp-1111036
  2782/8883: mp-2530
  2783/8883: mp-865167
unable to access bucket: 'materialsproject-parsed' key: 'chgcars/mp-1415957.json.gz' version: None error: An error occurred (NoSuchKey) when calling the GetObject operation: The specified key does not exist.
  2784/8883: mp-631686
unable to access bucket: 'materialsproject-parsed' key: 'chgcars/mp-1420388.json.gz' version: None error: An error occurred (NoSuchKey) when calling the GetObject operation: The specified key does not exist.
  2785/8883: mp-865029
unable to access bucket: 'materialsproject-parsed' key: 'chgcars/mp-1420010.json.gz' version: None error: An error occurred (NoSuchKey) when calling the GetObject operation: The specified key does not exist.
  2786/8883: mp-1184991
  2787/8883: mp-1187159
unable to access bucket: 'materialsproject-parsed' key: 'chgcars/mp-1443763.json.gz' version: None error: An error occurred (NoSuchKey) when calling the GetObject operation: The specified key does not exist.
  2788/8883: mp-864715
unable to access bucket: 'materialsproject-parsed' key: 'chgcars/mp-1428241.json.gz' version: None error: An error occurred (NoSuchKey) when calling the GetObject operation: The specified key does not exist.
  2789/8883: mp-574653
unable to access bucket: 'materialsproject-parsed' key: 'chgcars/mp-1435707.json.gz' version: None error: An error occurred (NoSuchKey) when calling the GetObject operation: The specified key does not exist.
  2790/8883: mp-977581
unable to access bucket: 'materialsproject-parsed' key: 'chgcars/mp-1424567.json.gz' version: None error: An error occurred (NoSuchKey) when calling the GetObject operation: The specified key does not exist.
  2791/8883: mp-1112132
  2792/8883: mp-1112494
  2793/8883: mp-541852
  2794/8883: mp-13938
unable to access bucket: 'materialsproject-parsed' key: 'chgcars/mp-1424188.json.gz' version: None error: An error occurred (NoSuchKey) when calling the GetObject operation: The specified key does not exist.
  2795/8883: mp-1183982
unable to access bucket: 'materialsproject-parsed' key: 'chgcars/mp-1421855.json.gz' version: None error: An error occurred (NoSuchKey) when calling the GetObject operation: The specified key does not exist.
  2796/8883: mp-1002182
unable to access bucket: 'materialsproject-parsed' key: 'chgcars/mp-1422161.json.gz' version: None error: An error occurred (NoSuchKey) when calling the GetObject operation: The specified key does not exist.
  2797/8883: mp-1113748
unable to access bucket: 'materialsproject-parsed' key: 'chgcars/mp-1388924.json.gz' version: None error: An error occurred (NoSuchKey) when calling the GetObject operation: The specified key does not exist.
  2798/8883: mp-1094402
  2799/8883: mp-1110789
unable to access bucket: 'materialsproject-parsed' key: 'chgcars/mp-1394128.json.gz' version: None error: An error occurred (NoSuchKey) when calling the GetObject operation: The specified key does not exist.
  2800/8883: mp-1113404
  2801/8883: mp-1111652
unable to access bucket: 'materialsproject-parsed' key: 'chgcars/mp-1394296.json.gz' version: None error: An error occurred (NoSuchKey) when calling the GetObject operation: The specified key does not exist.
  2802/8883: mp-1112959
unable to access bucket: 'materialsproject-parsed' key: 'chgcars/mp-1383234.json.gz' version: None error: An error occurred (NoSuchKey) when calling the GetObject operation: The specified key does not exist.
  2803/8883: mp-1185500
unable to access bucket: 'materialsproject-parsed' key: 'chgcars/mp-1419205.json.gz' version: None error: An error occurred (NoSuchKey) when calling the GetObject operation: The specified key does not exist.
  2804/8883: mp-1113503
  2805/8883: mp-12304
  2806/8883: mp-1114117
  2807/8883: mp-1205629
unable to access bucket: 'materialsproject-parsed' key: 'chgcars/mp-1399437.json.gz' version: None error: An error occurred (NoSuchKey) when calling the GetObject operation: The specified key does not exist.
  2808/8883: mp-1184752
  2809/8883: mp-865712
  2810/8883: mp-865340
  2811/8883: mp-977398
unable to access bucket: 'materialsproject-parsed' key: 'chgcars/mp-1428709.json.gz' version: None error: An error occurred (NoSuchKey) when calling the GetObject operation: The specified key does not exist.
  2812/8883: mp-1110762
  2813/8883: mp-1110861
  2814/8883: mp-1185100
unable to access bucket: 'materialsproject-parsed' key: 'chgcars/mp-1394773.json.gz' version: None error: An error occurred (NoSuchKey) when calling the GetObject operation: The specified key does not exist.
  2815/8883: mp-1194186
unable to access bucket: 'materialsproject-parsed' key: 'chgcars/mp-1411445.json.gz' version: None error: An error occurred (NoSuchKey) when calling the GetObject operation: The specified key does not exist.
  2816/8883: mp-1187014
unable to access bucket: 'materialsproject-parsed' key: 'chgcars/mp-1412659.json.gz' version: None error: An error occurred (NoSuchKey) when calling the GetObject operation: The specified key does not exist.
  2817/8883: mp-10731
  2818/8883: mp-51
unable to access bucket: 'materialsproject-parsed' key: 'chgcars/mp-1442053.json.gz' version: None error: An error occurred (NoSuchKey) when calling the GetObject operation: The specified key does not exist.
  2819/8883: mp-1094230
unable to access bucket: 'materialsproject-parsed' key: 'chgcars/mp-1388175.json.gz' version: None error: An error occurred (NoSuchKey) when calling the GetObject operation: The specified key does not exist.
  2820/8883: mp-631557
unable to access bucket: 'materialsproject-parsed' key: 'chgcars/mp-1432898.json.gz' version: None error: An error occurred (NoSuchKey) when calling the GetObject operation: The specified key does not exist.
  2821/8883: mp-20898
unable to access bucket: 'materialsproject-parsed' key: 'chgcars/mp-1441711.json.gz' version: None error: An error occurred (NoSuchKey) when calling the GetObject operation: The specified key does not exist.
  2822/8883: mp-865546
unable to access bucket: 'materialsproject-parsed' key: 'chgcars/mp-1437496.json.gz' version: None error: An error occurred (NoSuchKey) when calling the GetObject operation: The specified key does not exist.
  2823/8883: mp-30782
  2824/8883: mp-1184455
unable to access bucket: 'materialsproject-parsed' key: 'chgcars/mp-1774028.json.gz' version: None error: An error occurred (NoSuchKey) when calling the GetObject operation: The specified key does not exist.
  2825/8883: mp-1113675
  2826/8883: mp-16482
unable to access bucket: 'materialsproject-parsed' key: 'chgcars/mp-1441448.json.gz' version: None error: An error occurred (NoSuchKey) when calling the GetObject operation: The specified key does not exist.
  2827/8883: mp-864654
  2828/8883: mp-865810
  2829/8883: mp-30342
unable to access bucket: 'materialsproject-parsed' key: 'chgcars/mp-1475970.json.gz' version: None error: An error occurred (NoSuchKey) when calling the GetObject operation: The specified key does not exist.
  2830/8883: mp-866299
  2831/8883: mp-1112654
  2832/8883: mp-1112948
  2833/8883: mp-1104066
unable to access bucket: 'materialsproject-parsed' key: 'chgcars/mp-1425533.json.gz' version: None error: An error occurred (NoSuchKey) when calling the GetObject operation: The specified key does not exist.
  2834/8883: mp-975933
unable to access bucket: 'materialsproject-parsed' key: 'chgcars/mp-1399204.json.gz' version: None error: An error occurred (NoSuchKey) when calling the GetObject operation: The specified key does not exist.
  2835/8883: mp-862761
  2836/8883: mp-983312
unable to access bucket: 'materialsproject-parsed' key: 'chgcars/mp-1393257.json.gz' version: None error: An error occurred (NoSuchKey) when calling the GetObject operation: The specified key does not exist.
  2837/8883: mp-1184555
  2838/8883: mp-1094734
  2839/8883: mp-982388
unable to access bucket: 'materialsproject-parsed' key: 'chgcars/mp-1398122.json.gz' version: None error: An error occurred (NoSuchKey) when calling the GetObject operation: The specified key does not exist.
  2840/8883: mp-866133
  2841/8883: mp-1187075
  2842/8883: mp-1112673
  2843/8883: mp-1185997
unable to access bucket: 'materialsproject-parsed' key: 'chgcars/mp-1431318.json.gz' version: None error: An error occurred (NoSuchKey) when calling the GetObject operation: The specified key does not exist.
  2844/8883: mp-1186196
  2845/8883: mp-865111
  2846/8883: mp-1221492
unable to access bucket: 'materialsproject-parsed' key: 'chgcars/mp-1414070.json.gz' version: None error: An error occurred (NoSuchKey) when calling the GetObject operation: The specified key does not exist.
  2847/8883: mp-865000
unable to access bucket: 'materialsproject-parsed' key: 'chgcars/mp-1420619.json.gz' version: None error: An error occurred (NoSuchKey) when calling the GetObject operation: The specified key does not exist.
  2848/8883: mp-1111460
unable to access bucket: 'materialsproject-parsed' key: 'chgcars/mp-1388347.json.gz' version: None error: An error occurred (NoSuchKey) when calling the GetObject operation: The specified key does not exist.
  2849/8883: mp-30555
unable to access bucket: 'materialsproject-parsed' key: 'chgcars/mp-1438676.json.gz' version: None error: An error occurred (NoSuchKey) when calling the GetObject operation: The specified key does not exist.
  2850/8883: mp-12570
unable to access bucket: 'materialsproject-parsed' key: 'chgcars/mp-1418703.json.gz' version: None error: An error occurred (NoSuchKey) when calling the GetObject operation: The specified key does not exist.
  2851/8883: mp-862554
unable to access bucket: 'materialsproject-parsed' key: 'chgcars/mp-1415912.json.gz' version: None error: An error occurred (NoSuchKey) when calling the GetObject operation: The specified key does not exist.
  2852/8883: mp-1110748
  2853/8883: mp-1187439
  2854/8883: mp-1186932
unable to access bucket: 'materialsproject-parsed' key: 'chgcars/mp-1419946.json.gz' version: None error: An error occurred (NoSuchKey) when calling the GetObject operation: The specified key does not exist.
  2855/8883: mp-1112155
  2856/8883: mp-1112267
  2857/8883: mp-1194271
  2858/8883: mp-1112628
  2859/8883: mp-862916
unable to access bucket: 'materialsproject-parsed' key: 'chgcars/mp-1398299.json.gz' version: None error: An error occurred (NoSuchKey) when calling the GetObject operation: The specified key does not exist.
  2860/8883: mp-1185045
  2861/8883: mp-1185489
  2862/8883: mp-1008472
  2863/8883: mp-866125
  2864/8883: mp-866209
  2865/8883: mp-1186626
  2866/8883: mp-865630
  2867/8883: mp-37737
unable to access bucket: 'materialsproject-parsed' key: 'chgcars/mp-1384622.json.gz' version: None error: An error occurred (NoSuchKey) when calling the GetObject operation: The specified key does not exist.
  2868/8883: mp-1207449
unable to access bucket: 'materialsproject-parsed' key: 'chgcars/mp-1342115.json.gz' version: None error: An error occurred (NoSuchKey) when calling the GetObject operation: The specified key does not exist.
  2869/8883: mp-978808
  2870/8883: mp-976595
  2871/8883: mp-1184372
  2872/8883: mp-866134
  2873/8883: mp-3574
  2874/8883: mp-1183760
unable to access bucket: 'materialsproject-parsed' key: 'chgcars/mp-1443412.json.gz' version: None error: An error occurred (NoSuchKey) when calling the GetObject operation: The specified key does not exist.
  2875/8883: mp-972209
unable to access bucket: 'materialsproject-parsed' key: 'chgcars/mp-1423203.json.gz' version: None error: An error occurred (NoSuchKey) when calling the GetObject operation: The specified key does not exist.
  2876/8883: mp-1111390
  2877/8883: mp-1110973
  2878/8883: mp-989642
  2879/8883: mp-1104404
unable to access bucket: 'materialsproject-parsed' key: 'chgcars/mp-1436317.json.gz' version: None error: An error occurred (NoSuchKey) when calling the GetObject operation: The specified key does not exist.
  2880/8883: mp-1110960
unable to access bucket: 'materialsproject-parsed' key: 'chgcars/mp-1335649.json.gz' version: None error: An error occurred (NoSuchKey) when calling the GetObject operation: The specified key does not exist.
  2881/8883: mp-1078208
  2882/8883: mp-1183757
  2883/8883: mp-8640
  2884/8883: mp-1184345
  2885/8883: mp-1138
  2886/8883: mp-1113397
  2887/8883: mp-864835
  2888/8883: mp-162
unable to access bucket: 'materialsproject-parsed' key: 'chgcars/mp-1476249.json.gz' version: None error: An error occurred (NoSuchKey) when calling the GetObject operation: The specified key does not exist.
  2889/8883: mp-867284
  2890/8883: mp-1112062
  2891/8883: mp-631325
unable to access bucket: 'materialsproject-parsed' key: 'chgcars/mp-1413355.json.gz' version: None error: An error occurred (NoSuchKey) when calling the GetObject operation: The specified key does not exist.
  2892/8883: mp-1113592
  2893/8883: mp-862686
unable to access bucket: 'materialsproject-parsed' key: 'chgcars/mp-1394312.json.gz' version: None error: An error occurred (NoSuchKey) when calling the GetObject operation: The specified key does not exist.
  2894/8883: mp-867969
unable to access bucket: 'materialsproject-parsed' key: 'chgcars/mp-1435635.json.gz' version: None error: An error occurred (NoSuchKey) when calling the GetObject operation: The specified key does not exist.
  2895/8883: mp-1187394
unable to access bucket: 'materialsproject-parsed' key: 'chgcars/mp-1432155.json.gz' version: None error: An error occurred (NoSuchKey) when calling the GetObject operation: The specified key does not exist.
  2896/8883: mp-19282
  2897/8883: mp-1188014
unable to access bucket: 'materialsproject-parsed' key: 'chgcars/mp-1422845.json.gz' version: None error: An error occurred (NoSuchKey) when calling the GetObject operation: The specified key does not exist.
  2898/8883: mp-865849
unable to access bucket: 'materialsproject-parsed' key: 'chgcars/mp-1436615.json.gz' version: None error: An error occurred (NoSuchKey) when calling the GetObject operation: The specified key does not exist.
  2899/8883: mp-1187625
  2900/8883: mp-1205708
  2901/8883: mp-1112342
  2902/8883: mp-864753
  2903/8883: mp-1221343
  2904/8883: mp-989580
  2905/8883: mp-1187403
unable to access bucket: 'materialsproject-parsed' key: 'chgcars/mp-1416582.json.gz' version: None error: An error occurred (NoSuchKey) when calling the GetObject operation: The specified key does not exist.
  2906/8883: mp-1104892
  2907/8883: mp-1111351
  2908/8883: mp-1183338
unable to access bucket: 'materialsproject-parsed' key: 'chgcars/mp-1402947.json.gz' version: None error: An error occurred (NoSuchKey) when calling the GetObject operation: The specified key does not exist.
  2909/8883: mp-1187099
unable to access bucket: 'materialsproject-parsed' key: 'chgcars/mp-1411409.json.gz' version: None error: An error occurred (NoSuchKey) when calling the GetObject operation: The specified key does not exist.
  2910/8883: mp-862375
unable to access bucket: 'materialsproject-parsed' key: 'chgcars/mp-1424372.json.gz' version: None error: An error occurred (NoSuchKey) when calling the GetObject operation: The specified key does not exist.
  2911/8883: mp-1186351
unable to access bucket: 'materialsproject-parsed' key: 'chgcars/mp-1401921.json.gz' version: None error: An error occurred (NoSuchKey) when calling the GetObject operation: The specified key does not exist.
  2912/8883: mp-1110565
unable to access bucket: 'materialsproject-parsed' key: 'chgcars/mp-1398258.json.gz' version: None error: An error occurred (NoSuchKey) when calling the GetObject operation: The specified key does not exist.
  2913/8883: mp-1062817
unable to access bucket: 'materialsproject-parsed' key: 'chgcars/mp-1439580.json.gz' version: None error: An error occurred (NoSuchKey) when calling the GetObject operation: The specified key does not exist.
  2914/8883: mp-865648
  2915/8883: mp-1110725
unable to access bucket: 'materialsproject-parsed' key: 'chgcars/mp-1391099.json.gz' version: None error: An error occurred (NoSuchKey) when calling the GetObject operation: The specified key does not exist.
  2916/8883: mp-865149
unable to access bucket: 'materialsproject-parsed' key: 'chgcars/mp-1412689.json.gz' version: None error: An error occurred (NoSuchKey) when calling the GetObject operation: The specified key does not exist.
  2917/8883: mp-1186336
unable to access bucket: 'materialsproject-parsed' key: 'chgcars/mp-1504908.json.gz' version: None error: An error occurred (NoSuchKey) when calling the GetObject operation: The specified key does not exist.
  2918/8883: mp-978557
  2919/8883: mp-980049
unable to access bucket: 'materialsproject-parsed' key: 'chgcars/mp-1436541.json.gz' version: None error: An error occurred (NoSuchKey) when calling the GetObject operation: The specified key does not exist.
  2920/8883: mp-1111079
  2921/8883: mp-1212788
unable to access bucket: 'materialsproject-parsed' key: 'chgcars/mp-1400301.json.gz' version: None error: An error occurred (NoSuchKey) when calling the GetObject operation: The specified key does not exist.
  2922/8883: mp-1113916
  2923/8883: mp-1184535
  2924/8883: mp-1183799
unable to access bucket: 'materialsproject-parsed' key: 'chgcars/mp-1445962.json.gz' version: None error: An error occurred (NoSuchKey) when calling the GetObject operation: The specified key does not exist.
  2925/8883: mp-865593
  2926/8883: mp-1112101
  2927/8883: mp-1205611
unable to access bucket: 'materialsproject-parsed' key: 'chgcars/mp-1391920.json.gz' version: None error: An error occurred (NoSuchKey) when calling the GetObject operation: The specified key does not exist.
  2928/8883: mp-27827
unable to access bucket: 'materialsproject-parsed' key: 'chgcars/mp-1434670.json.gz' version: None error: An error occurred (NoSuchKey) when calling the GetObject operation: The specified key does not exist.
  2929/8883: mp-1232361
unable to access bucket: 'materialsproject-parsed' key: 'chgcars/mp-1408711.json.gz' version: None error: An error occurred (NoSuchKey) when calling the GetObject operation: The specified key does not exist.
  2930/8883: mp-1112261
  2931/8883: mp-23155
unable to access bucket: 'materialsproject-parsed' key: 'chgcars/mp-1476242.json.gz' version: None error: An error occurred (NoSuchKey) when calling the GetObject operation: The specified key does not exist.
  2932/8883: mp-22300
  2933/8883: mp-867320
  2934/8883: mp-13816
unable to access bucket: 'materialsproject-parsed' key: 'chgcars/mp-1422005.json.gz' version: None error: An error occurred (NoSuchKey) when calling the GetObject operation: The specified key does not exist.
  2935/8883: mp-20709
unable to access bucket: 'materialsproject-parsed' key: 'chgcars/mp-1421472.json.gz' version: None error: An error occurred (NoSuchKey) when calling the GetObject operation: The specified key does not exist.
  2936/8883: mp-1183606
  2937/8883: mp-1185366
  2938/8883: mp-1021516
  2939/8883: mp-1193571
  2940/8883: mp-864890
unable to access bucket: 'materialsproject-parsed' key: 'chgcars/mp-1434245.json.gz' version: None error: An error occurred (NoSuchKey) when calling the GetObject operation: The specified key does not exist.
  2941/8883: mp-865237
unable to access bucket: 'materialsproject-parsed' key: 'chgcars/mp-1383508.json.gz' version: None error: An error occurred (NoSuchKey) when calling the GetObject operation: The specified key does not exist.
  2942/8883: mp-24287
unable to access bucket: 'materialsproject-parsed' key: 'chgcars/mp-1427451.json.gz' version: None error: An error occurred (NoSuchKey) when calling the GetObject operation: The specified key does not exist.
  2943/8883: mp-865162
  2944/8883: mp-1111372
unable to access bucket: 'materialsproject-parsed' key: 'chgcars/mp-1444179.json.gz' version: None error: An error occurred (NoSuchKey) when calling the GetObject operation: The specified key does not exist.
  2945/8883: mp-865507
  2946/8883: mp-864759
unable to access bucket: 'materialsproject-parsed' key: 'chgcars/mp-1437169.json.gz' version: None error: An error occurred (NoSuchKey) when calling the GetObject operation: The specified key does not exist.
  2947/8883: mp-30661
  2948/8883: mp-982724
unable to access bucket: 'materialsproject-parsed' key: 'chgcars/mp-1424986.json.gz' version: None error: An error occurred (NoSuchKey) when calling the GetObject operation: The specified key does not exist.
  2949/8883: mp-1114134
  2950/8883: mp-1206237
unable to access bucket: 'materialsproject-parsed' key: 'chgcars/mp-1393888.json.gz' version: None error: An error occurred (NoSuchKey) when calling the GetObject operation: The specified key does not exist.
  2951/8883: mp-1597
unable to access bucket: 'materialsproject-parsed' key: 'chgcars/mp-1299950.json.gz' version: None error: An error occurred (NoSuchKey) when calling the GetObject operation: The specified key does not exist.
  2952/8883: mp-1112645
  2953/8883: mp-1212354
  2954/8883: mp-1212443
unable to access bucket: 'materialsproject-parsed' key: 'chgcars/mp-1370893.json.gz' version: None error: An error occurred (NoSuchKey) when calling the GetObject operation: The specified key does not exist.
  2955/8883: mp-1110701
  2956/8883: mp-1187711
unable to access bucket: 'materialsproject-parsed' key: 'chgcars/mp-1422423.json.gz' version: None error: An error occurred (NoSuchKey) when calling the GetObject operation: The specified key does not exist.
  2957/8883: mp-1100785
unable to access bucket: 'materialsproject-parsed' key: 'chgcars/mp-1392680.json.gz' version: None error: An error occurred (NoSuchKey) when calling the GetObject operation: The specified key does not exist.
  2958/8883: mp-22873
  2959/8883: mp-1113634
  2960/8883: mp-4612
  2961/8883: mp-1223030
  2962/8883: mp-1078258
  2963/8883: mp-866296
  2964/8883: mp-1186865
unable to access bucket: 'materialsproject-parsed' key: 'chgcars/mp-1408816.json.gz' version: None error: An error occurred (NoSuchKey) when calling the GetObject operation: The specified key does not exist.
  2965/8883: mp-646821
  2966/8883: mp-864716
  2967/8883: mp-1187841
  2968/8883: mp-1113831
  2969/8883: mp-631331
unable to access bucket: 'materialsproject-parsed' key: 'chgcars/mp-1419803.json.gz' version: None error: An error occurred (NoSuchKey) when calling the GetObject operation: The specified key does not exist.
  2970/8883: mp-1112316
unable to access bucket: 'materialsproject-parsed' key: 'chgcars/mp-1396266.json.gz' version: None error: An error occurred (NoSuchKey) when calling the GetObject operation: The specified key does not exist.
  2971/8883: mp-862835
unable to access bucket: 'materialsproject-parsed' key: 'chgcars/mp-1416987.json.gz' version: None error: An error occurred (NoSuchKey) when calling the GetObject operation: The specified key does not exist.
  2972/8883: mp-1111451
  2973/8883: mp-861733
  2974/8883: mp-1008610
  2975/8883: mp-865813
unable to access bucket: 'materialsproject-parsed' key: 'chgcars/mp-1429734.json.gz' version: None error: An error occurred (NoSuchKey) when calling the GetObject operation: The specified key does not exist.
  2976/8883: mp-865870
unable to access bucket: 'materialsproject-parsed' key: 'chgcars/mp-1385589.json.gz' version: None error: An error occurred (NoSuchKey) when calling the GetObject operation: The specified key does not exist.
  2977/8883: mp-862669
unable to access bucket: 'materialsproject-parsed' key: 'chgcars/mp-1424601.json.gz' version: None error: An error occurred (NoSuchKey) when calling the GetObject operation: The specified key does not exist.
  2978/8883: mp-1112710
  2979/8883: mp-1025415
  2980/8883: mp-1110845
unable to access bucket: 'materialsproject-parsed' key: 'chgcars/mp-1390479.json.gz' version: None error: An error occurred (NoSuchKey) when calling the GetObject operation: The specified key does not exist.
  2981/8883: mp-1111017
  2982/8883: mp-865928
  2983/8883: mp-865597
unable to access bucket: 'materialsproject-parsed' key: 'chgcars/mp-1436214.json.gz' version: None error: An error occurred (NoSuchKey) when calling the GetObject operation: The specified key does not exist.
  2984/8883: mp-1080434
unable to access bucket: 'materialsproject-parsed' key: 'chgcars/mp-1288930.json.gz' version: None error: An error occurred (NoSuchKey) when calling the GetObject operation: The specified key does not exist.
  2985/8883: mp-27828
  2986/8883: mp-640345
  2987/8883: mp-980645
  2988/8883: mp-345
unable to access bucket: 'materialsproject-parsed' key: 'chgcars/mp-1440261.json.gz' version: None error: An error occurred (NoSuchKey) when calling the GetObject operation: The specified key does not exist.
  2989/8883: mp-23405
  2990/8883: mp-2291
unable to access bucket: 'materialsproject-parsed' key: 'chgcars/mp-1300839.json.gz' version: None error: An error occurred (NoSuchKey) when calling the GetObject operation: The specified key does not exist.
  2991/8883: mp-1185895
  2992/8883: mp-20812
  2993/8883: mp-1184588
  2994/8883: mp-3736
  2995/8883: mp-1112371
  2996/8883: mp-977162
unable to access bucket: 'materialsproject-parsed' key: 'chgcars/mp-1446560.json.gz' version: None error: An error occurred (NoSuchKey) when calling the GetObject operation: The specified key does not exist.
  2997/8883: mp-1110773
  2998/8883: mp-865191
  2999/8883: mp-1112519
unable to access bucket: 'materialsproject-parsed' key: 'chgcars/mp-1395453.json.gz' version: None error: An error occurred (NoSuchKey) when calling the GetObject operation: The specified key does not exist.
  3000/8883: mp-1187385
unable to access bucket: 'materialsproject-parsed' key: 'chgcars/mp-1417023.json.gz' version: None error: An error occurred (NoSuchKey) when calling the GetObject operation: The specified key does not exist.
  3001/8883: mp-13396
  3002/8883: mp-1113018
  3003/8883: mp-1184635
  3004/8883: mp-1183072
unable to access bucket: 'materialsproject-parsed' key: 'chgcars/mp-1396633.json.gz' version: None error: An error occurred (NoSuchKey) when calling the GetObject operation: The specified key does not exist.
  3005/8883: mp-971819
unable to access bucket: 'materialsproject-parsed' key: 'chgcars/mp-1417678.json.gz' version: None error: An error occurred (NoSuchKey) when calling the GetObject operation: The specified key does not exist.
  3006/8883: mp-1207174
unable to access bucket: 'materialsproject-parsed' key: 'chgcars/mp-1433714.json.gz' version: None error: An error occurred (NoSuchKey) when calling the GetObject operation: The specified key does not exist.
  3007/8883: mp-982869
unable to access bucket: 'materialsproject-parsed' key: 'chgcars/mp-1403504.json.gz' version: None error: An error occurred (NoSuchKey) when calling the GetObject operation: The specified key does not exist.
  3008/8883: mp-1110583
  3009/8883: mp-862760
unable to access bucket: 'materialsproject-parsed' key: 'chgcars/mp-1427288.json.gz' version: None error: An error occurred (NoSuchKey) when calling the GetObject operation: The specified key does not exist.
  3010/8883: mp-1110892
  3011/8883: mp-1110882
  3012/8883: mp-1183468
  3013/8883: mp-865415
unable to access bucket: 'materialsproject-parsed' key: 'chgcars/mp-1428978.json.gz' version: None error: An error occurred (NoSuchKey) when calling the GetObject operation: The specified key does not exist.
  3014/8883: mp-1018071
unable to access bucket: 'materialsproject-parsed' key: 'chgcars/mp-1426333.json.gz' version: None error: An error occurred (NoSuchKey) when calling the GetObject operation: The specified key does not exist.
  3015/8883: mp-867252
  3016/8883: mp-1111087
unable to access bucket: 'materialsproject-parsed' key: 'chgcars/mp-1387708.json.gz' version: None error: An error occurred (NoSuchKey) when calling the GetObject operation: The specified key does not exist.
  3017/8883: mp-989542
  3018/8883: mp-1187703
unable to access bucket: 'materialsproject-parsed' key: 'chgcars/mp-1414972.json.gz' version: None error: An error occurred (NoSuchKey) when calling the GetObject operation: The specified key does not exist.
  3019/8883: mp-1065
unable to access bucket: 'materialsproject-parsed' key: 'chgcars/mp-1476236.json.gz' version: None error: An error occurred (NoSuchKey) when calling the GetObject operation: The specified key does not exist.
  3020/8883: mp-863668
unable to access bucket: 'materialsproject-parsed' key: 'chgcars/mp-1417939.json.gz' version: None error: An error occurred (NoSuchKey) when calling the GetObject operation: The specified key does not exist.
  3021/8883: mp-1111729
  3022/8883: mp-570545
unable to access bucket: 'materialsproject-parsed' key: 'chgcars/mp-1391973.json.gz' version: None error: An error occurred (NoSuchKey) when calling the GetObject operation: The specified key does not exist.
  3023/8883: mp-1205825
unable to access bucket: 'materialsproject-parsed' key: 'chgcars/mp-1400789.json.gz' version: None error: An error occurred (NoSuchKey) when calling the GetObject operation: The specified key does not exist.
  3024/8883: mp-29250
  3025/8883: mp-1184978
unable to access bucket: 'materialsproject-parsed' key: 'chgcars/mp-1423850.json.gz' version: None error: An error occurred (NoSuchKey) when calling the GetObject operation: The specified key does not exist.
  3026/8883: mp-1205596
unable to access bucket: 'materialsproject-parsed' key: 'chgcars/mp-1405884.json.gz' version: None error: An error occurred (NoSuchKey) when calling the GetObject operation: The specified key does not exist.
  3027/8883: mp-1206962
  3028/8883: mp-1183197
unable to access bucket: 'materialsproject-parsed' key: 'chgcars/mp-1387580.json.gz' version: None error: An error occurred (NoSuchKey) when calling the GetObject operation: The specified key does not exist.
  3029/8883: mp-1113004
unable to access bucket: 'materialsproject-parsed' key: 'chgcars/mp-1403734.json.gz' version: None error: An error occurred (NoSuchKey) when calling the GetObject operation: The specified key does not exist.
  3030/8883: mp-1193087
  3031/8883: mp-866060
unable to access bucket: 'materialsproject-parsed' key: 'chgcars/mp-1418678.json.gz' version: None error: An error occurred (NoSuchKey) when calling the GetObject operation: The specified key does not exist.
  3032/8883: mp-1186359
unable to access bucket: 'materialsproject-parsed' key: 'chgcars/mp-1385486.json.gz' version: None error: An error occurred (NoSuchKey) when calling the GetObject operation: The specified key does not exist.
  3033/8883: mp-1187641
unable to access bucket: 'materialsproject-parsed' key: 'chgcars/mp-1446482.json.gz' version: None error: An error occurred (NoSuchKey) when calling the GetObject operation: The specified key does not exist.
  3034/8883: mp-1111182
  3035/8883: mp-867833
unable to access bucket: 'materialsproject-parsed' key: 'chgcars/mp-1414276.json.gz' version: None error: An error occurred (NoSuchKey) when calling the GetObject operation: The specified key does not exist.
  3036/8883: mp-1185378
  3037/8883: mp-1186857
  3038/8883: mp-27
unable to access bucket: 'materialsproject-parsed' key: 'chgcars/mp-1442191.json.gz' version: None error: An error occurred (NoSuchKey) when calling the GetObject operation: The specified key does not exist.
  3039/8883: mp-12305
unable to access bucket: 'materialsproject-parsed' key: 'chgcars/mp-1399793.json.gz' version: None error: An error occurred (NoSuchKey) when calling the GetObject operation: The specified key does not exist.
  3040/8883: mp-1111440
  3041/8883: mp-865940
unable to access bucket: 'materialsproject-parsed' key: 'chgcars/mp-1433808.json.gz' version: None error: An error occurred (NoSuchKey) when calling the GetObject operation: The specified key does not exist.
  3042/8883: mp-862946
  3043/8883: mp-973100
  3044/8883: mp-1206435
unable to access bucket: 'materialsproject-parsed' key: 'chgcars/mp-1443113.json.gz' version: None error: An error occurred (NoSuchKey) when calling the GetObject operation: The specified key does not exist.
  3045/8883: mp-866019
  3046/8883: mp-1113635
  3047/8883: mp-989575
unable to access bucket: 'materialsproject-parsed' key: 'chgcars/mp-1395525.json.gz' version: None error: An error occurred (NoSuchKey) when calling the GetObject operation: The specified key does not exist.
  3048/8883: mp-864883
unable to access bucket: 'materialsproject-parsed' key: 'chgcars/mp-1436210.json.gz' version: None error: An error occurred (NoSuchKey) when calling the GetObject operation: The specified key does not exist.
  3049/8883: mp-20286
  3050/8883: mp-1252369
  3051/8883: mp-1187264
unable to access bucket: 'materialsproject-parsed' key: 'chgcars/mp-1416624.json.gz' version: None error: An error occurred (NoSuchKey) when calling the GetObject operation: The specified key does not exist.
  3052/8883: mp-1111334
  3053/8883: mp-1111221
  3054/8883: mp-1112368
  3055/8883: mp-1183494
  3056/8883: mp-1193310
unable to access bucket: 'materialsproject-parsed' key: 'chgcars/mp-1377370.json.gz' version: None error: An error occurred (NoSuchKey) when calling the GetObject operation: The specified key does not exist.
  3057/8883: mp-1186338
unable to access bucket: 'materialsproject-parsed' key: 'chgcars/mp-1395554.json.gz' version: None error: An error occurred (NoSuchKey) when calling the GetObject operation: The specified key does not exist.
  3058/8883: mp-12641
  3059/8883: mp-977586
  3060/8883: mp-1184876
  3061/8883: mp-1187957
unable to access bucket: 'materialsproject-parsed' key: 'chgcars/mp-1391349.json.gz' version: None error: An error occurred (NoSuchKey) when calling the GetObject operation: The specified key does not exist.
  3062/8883: mp-865379
  3063/8883: mp-1206690
  3064/8883: mp-1110971
unable to access bucket: 'materialsproject-parsed' key: 'chgcars/mp-1397563.json.gz' version: None error: An error occurred (NoSuchKey) when calling the GetObject operation: The specified key does not exist.
  3065/8883: mp-1185515
unable to access bucket: 'materialsproject-parsed' key: 'chgcars/mp-1424414.json.gz' version: None error: An error occurred (NoSuchKey) when calling the GetObject operation: The specified key does not exist.
  3066/8883: mp-977205
unable to access bucket: 'materialsproject-parsed' key: 'chgcars/mp-1416430.json.gz' version: None error: An error occurred (NoSuchKey) when calling the GetObject operation: The specified key does not exist.
  3067/8883: mp-31756
unable to access bucket: 'materialsproject-parsed' key: 'chgcars/mp-1274851.json.gz' version: None error: An error occurred (NoSuchKey) when calling the GetObject operation: The specified key does not exist.
  3068/8883: mp-1004756
unable to access bucket: 'materialsproject-parsed' key: 'chgcars/mp-1408849.json.gz' version: None error: An error occurred (NoSuchKey) when calling the GetObject operation: The specified key does not exist.
  3069/8883: mp-1113070
unable to access bucket: 'materialsproject-parsed' key: 'chgcars/mp-1341585.json.gz' version: None error: An error occurred (NoSuchKey) when calling the GetObject operation: The specified key does not exist.
  3070/8883: mp-862918
unable to access bucket: 'materialsproject-parsed' key: 'chgcars/mp-1428820.json.gz' version: None error: An error occurred (NoSuchKey) when calling the GetObject operation: The specified key does not exist.
  3071/8883: mp-7251
  3072/8883: mp-862859
unable to access bucket: 'materialsproject-parsed' key: 'chgcars/mp-1437145.json.gz' version: None error: An error occurred (NoSuchKey) when calling the GetObject operation: The specified key does not exist.
  3073/8883: mp-862377
  3074/8883: mp-1245924
  3075/8883: mp-1186157
  3076/8883: mp-1222699
unable to access bucket: 'materialsproject-parsed' key: 'chgcars/mp-1404933.json.gz' version: None error: An error occurred (NoSuchKey) when calling the GetObject operation: The specified key does not exist.
  3077/8883: mp-1187353
  3078/8883: mp-989565
unable to access bucket: 'materialsproject-parsed' key: 'chgcars/mp-1401221.json.gz' version: None error: An error occurred (NoSuchKey) when calling the GetObject operation: The specified key does not exist.
  3079/8883: mp-723017
unable to access bucket: 'materialsproject-parsed' key: 'chgcars/mp-1432367.json.gz' version: None error: An error occurred (NoSuchKey) when calling the GetObject operation: The specified key does not exist.
  3080/8883: mp-8642
unable to access bucket: 'materialsproject-parsed' key: 'chgcars/mp-1475872.json.gz' version: None error: An error occurred (NoSuchKey) when calling the GetObject operation: The specified key does not exist.
  3081/8883: mp-1187586
unable to access bucket: 'materialsproject-parsed' key: 'chgcars/mp-1426477.json.gz' version: None error: An error occurred (NoSuchKey) when calling the GetObject operation: The specified key does not exist.
  3082/8883: mp-1111094
  3083/8883: mp-1184961
  3084/8883: mp-1185435
  3085/8883: mp-1111735
  3086/8883: mp-1186697
  3087/8883: mp-1208639
  3088/8883: mp-1111205
unable to access bucket: 'materialsproject-parsed' key: 'chgcars/mp-1446343.json.gz' version: None error: An error occurred (NoSuchKey) when calling the GetObject operation: The specified key does not exist.
  3089/8883: mp-1186122
  3090/8883: mp-16307
  3091/8883: mp-1187863
unable to access bucket: 'materialsproject-parsed' key: 'chgcars/mp-1475635.json.gz' version: None error: An error occurred (NoSuchKey) when calling the GetObject operation: The specified key does not exist.
  3092/8883: mp-862363
unable to access bucket: 'materialsproject-parsed' key: 'chgcars/mp-1420498.json.gz' version: None error: An error occurred (NoSuchKey) when calling the GetObject operation: The specified key does not exist.
  3093/8883: mp-295
  3094/8883: mp-1214679
  3095/8883: mp-74
  3096/8883: mp-1111159
  3097/8883: mp-865768
unable to access bucket: 'materialsproject-parsed' key: 'chgcars/mp-1437333.json.gz' version: None error: An error occurred (NoSuchKey) when calling the GetObject operation: The specified key does not exist.
  3098/8883: mp-973662
unable to access bucket: 'materialsproject-parsed' key: 'chgcars/mp-1436758.json.gz' version: None error: An error occurred (NoSuchKey) when calling the GetObject operation: The specified key does not exist.
  3099/8883: mp-27315
unable to access bucket: 'materialsproject-parsed' key: 'chgcars/mp-1422836.json.gz' version: None error: An error occurred (NoSuchKey) when calling the GetObject operation: The specified key does not exist.
  3100/8883: mp-1104289
unable to access bucket: 'materialsproject-parsed' key: 'chgcars/mp-1425994.json.gz' version: None error: An error occurred (NoSuchKey) when calling the GetObject operation: The specified key does not exist.
  3101/8883: mp-1187339
  3102/8883: mp-1192832
  3103/8883: mp-31171
  3104/8883: mp-972327
unable to access bucket: 'materialsproject-parsed' key: 'chgcars/mp-1294611.json.gz' version: None error: An error occurred (NoSuchKey) when calling the GetObject operation: The specified key does not exist.
  3105/8883: mp-1110962
  3106/8883: mp-1111936
  3107/8883: mp-1187513
  3108/8883: mp-866175
unable to access bucket: 'materialsproject-parsed' key: 'chgcars/mp-1404754.json.gz' version: None error: An error occurred (NoSuchKey) when calling the GetObject operation: The specified key does not exist.
  3109/8883: mp-862290
unable to access bucket: 'materialsproject-parsed' key: 'chgcars/mp-1432301.json.gz' version: None error: An error occurred (NoSuchKey) when calling the GetObject operation: The specified key does not exist.
  3110/8883: mp-282
  3111/8883: mp-1184615
unable to access bucket: 'materialsproject-parsed' key: 'chgcars/mp-1417517.json.gz' version: None error: An error occurred (NoSuchKey) when calling the GetObject operation: The specified key does not exist.
  3112/8883: mp-1184277
unable to access bucket: 'materialsproject-parsed' key: 'chgcars/mp-1418027.json.gz' version: None error: An error occurred (NoSuchKey) when calling the GetObject operation: The specified key does not exist.
  3113/8883: mp-19850
  3114/8883: mp-865216
  3115/8883: mp-865099
  3116/8883: mp-1185061
  3117/8883: mp-1185316
unable to access bucket: 'materialsproject-parsed' key: 'chgcars/mp-1422925.json.gz' version: None error: An error occurred (NoSuchKey) when calling the GetObject operation: The specified key does not exist.
  3118/8883: mp-1184012
  3119/8883: mp-10679
  3120/8883: mp-30844
unable to access bucket: 'materialsproject-parsed' key: 'chgcars/mp-1438030.json.gz' version: None error: An error occurred (NoSuchKey) when calling the GetObject operation: The specified key does not exist.
  3121/8883: mp-1111707
  3122/8883: mp-1206026
  3123/8883: mp-865666
  3124/8883: mp-1183527
  3125/8883: mp-1185448
  3126/8883: mp-1112565
  3127/8883: mp-1002165
unable to access bucket: 'materialsproject-parsed' key: 'chgcars/mp-1424376.json.gz' version: None error: An error occurred (NoSuchKey) when calling the GetObject operation: The specified key does not exist.
  3128/8883: mp-1206098
unable to access bucket: 'materialsproject-parsed' key: 'chgcars/mp-1412275.json.gz' version: None error: An error occurred (NoSuchKey) when calling the GetObject operation: The specified key does not exist.
  3129/8883: mp-1112160
  3130/8883: mp-1184091
  3131/8883: mp-1192607
  3132/8883: mp-1586
  3133/8883: mp-867197
  3134/8883: mp-1113424
unable to access bucket: 'materialsproject-parsed' key: 'chgcars/mp-1390007.json.gz' version: None error: An error occurred (NoSuchKey) when calling the GetObject operation: The specified key does not exist.
  3135/8883: mp-580541
  3136/8883: mp-5850
  3137/8883: mp-1110711
  3138/8883: mp-973956
unable to access bucket: 'materialsproject-parsed' key: 'chgcars/mp-1427321.json.gz' version: None error: An error occurred (NoSuchKey) when calling the GetObject operation: The specified key does not exist.
  3139/8883: mp-1112070
unable to access bucket: 'materialsproject-parsed' key: 'chgcars/mp-1412551.json.gz' version: None error: An error occurred (NoSuchKey) when calling the GetObject operation: The specified key does not exist.
  3140/8883: mp-1183138
  3141/8883: mp-983581
  3142/8883: mp-1184097
  3143/8883: mp-13811
unable to access bucket: 'materialsproject-parsed' key: 'chgcars/mp-1373291.json.gz' version: None error: An error occurred (NoSuchKey) when calling the GetObject operation: The specified key does not exist.
  3144/8883: mp-1208343
  3145/8883: mp-1111325
  3146/8883: mp-864795
unable to access bucket: 'materialsproject-parsed' key: 'chgcars/mp-1445840.json.gz' version: None error: An error occurred (NoSuchKey) when calling the GetObject operation: The specified key does not exist.
  3147/8883: mp-20724
  3148/8883: mp-1218224
  3149/8883: mp-1205845
unable to access bucket: 'materialsproject-parsed' key: 'chgcars/mp-1393368.json.gz' version: None error: An error occurred (NoSuchKey) when calling the GetObject operation: The specified key does not exist.
  3150/8883: mp-1185850
  3151/8883: mp-1078734
  3152/8883: mp-864684
unable to access bucket: 'materialsproject-parsed' key: 'chgcars/mp-1397613.json.gz' version: None error: An error occurred (NoSuchKey) when calling the GetObject operation: The specified key does not exist.
  3153/8883: mp-861588
unable to access bucket: 'materialsproject-parsed' key: 'chgcars/mp-1383825.json.gz' version: None error: An error occurred (NoSuchKey) when calling the GetObject operation: The specified key does not exist.
  3154/8883: mp-1110849
  3155/8883: mp-1008642
  3156/8883: mp-867831
unable to access bucket: 'materialsproject-parsed' key: 'chgcars/mp-1431261.json.gz' version: None error: An error occurred (NoSuchKey) when calling the GetObject operation: The specified key does not exist.
  3157/8883: mp-977542
  3158/8883: mp-864939
  3159/8883: mp-867898
unable to access bucket: 'materialsproject-parsed' key: 'chgcars/mp-1425203.json.gz' version: None error: An error occurred (NoSuchKey) when calling the GetObject operation: The specified key does not exist.
  3160/8883: mp-1110706
  3161/8883: mp-696965
unable to access bucket: 'materialsproject-parsed' key: 'chgcars/mp-1504750.json.gz' version: None error: An error occurred (NoSuchKey) when calling the GetObject operation: The specified key does not exist.
  3162/8883: mp-865568
  3163/8883: mp-1187701
  3164/8883: mp-2741
unable to access bucket: 'materialsproject-parsed' key: 'chgcars/mp-1300666.json.gz' version: None error: An error occurred (NoSuchKey) when calling the GetObject operation: The specified key does not exist.
  3165/8883: mp-1205875
  3166/8883: mp-1184085
unable to access bucket: 'materialsproject-parsed' key: 'chgcars/mp-1434612.json.gz' version: None error: An error occurred (NoSuchKey) when calling the GetObject operation: The specified key does not exist.
  3167/8883: mp-1186649
unable to access bucket: 'materialsproject-parsed' key: 'chgcars/mp-1433004.json.gz' version: None error: An error occurred (NoSuchKey) when calling the GetObject operation: The specified key does not exist.
  3168/8883: mp-1194154
  3169/8883: mp-10872
  3170/8883: mp-1186998
  3171/8883: mp-568662
  3172/8883: mp-1183041
unable to access bucket: 'materialsproject-parsed' key: 'chgcars/mp-1415091.json.gz' version: None error: An error occurred (NoSuchKey) when calling the GetObject operation: The specified key does not exist.
  3173/8883: mp-1111240
  3174/8883: mp-1113099
  3175/8883: mp-1018067
  3176/8883: mp-1110873
  3177/8883: mp-980649
unable to access bucket: 'materialsproject-parsed' key: 'chgcars/mp-1422999.json.gz' version: None error: An error occurred (NoSuchKey) when calling the GetObject operation: The specified key does not exist.
  3178/8883: mp-865240
unable to access bucket: 'materialsproject-parsed' key: 'chgcars/mp-1504540.json.gz' version: None error: An error occurred (NoSuchKey) when calling the GetObject operation: The specified key does not exist.
  3179/8883: mp-1212450
unable to access bucket: 'materialsproject-parsed' key: 'chgcars/mp-1369531.json.gz' version: None error: An error occurred (NoSuchKey) when calling the GetObject operation: The specified key does not exist.
  3180/8883: mp-974270
unable to access bucket: 'materialsproject-parsed' key: 'chgcars/mp-1414983.json.gz' version: None error: An error occurred (NoSuchKey) when calling the GetObject operation: The specified key does not exist.
  3181/8883: mp-632715
  3182/8883: mp-1187211
  3183/8883: mp-1183565
  3184/8883: mp-865275
unable to access bucket: 'materialsproject-parsed' key: 'chgcars/mp-1435123.json.gz' version: None error: An error occurred (NoSuchKey) when calling the GetObject operation: The specified key does not exist.
  3185/8883: mp-1079630
  3186/8883: mp-631336
unable to access bucket: 'materialsproject-parsed' key: 'chgcars/mp-1417791.json.gz' version: None error: An error occurred (NoSuchKey) when calling the GetObject operation: The specified key does not exist.
  3187/8883: mp-1206178
unable to access bucket: 'materialsproject-parsed' key: 'chgcars/mp-1407886.json.gz' version: None error: An error occurred (NoSuchKey) when calling the GetObject operation: The specified key does not exist.
  3188/8883: mp-973109
  3189/8883: mp-1112632
  3190/8883: mp-1209571
  3191/8883: mp-1111318
  3192/8883: mp-15626
unable to access bucket: 'materialsproject-parsed' key: 'chgcars/mp-1423985.json.gz' version: None error: An error occurred (NoSuchKey) when calling the GetObject operation: The specified key does not exist.
  3193/8883: mp-1009756
  3194/8883: mp-635327
unable to access bucket: 'materialsproject-parsed' key: 'chgcars/mp-1411356.json.gz' version: None error: An error occurred (NoSuchKey) when calling the GetObject operation: The specified key does not exist.
  3195/8883: mp-1110994
  3196/8883: mp-867756
unable to access bucket: 'materialsproject-parsed' key: 'chgcars/mp-1431267.json.gz' version: None error: An error occurred (NoSuchKey) when calling the GetObject operation: The specified key does not exist.
  3197/8883: mp-974743
  3198/8883: mp-865505
unable to access bucket: 'materialsproject-parsed' key: 'chgcars/mp-1504000.json.gz' version: None error: An error occurred (NoSuchKey) when calling the GetObject operation: The specified key does not exist.
  3199/8883: mp-10008
unable to access bucket: 'materialsproject-parsed' key: 'chgcars/mp-1436519.json.gz' version: None error: An error occurred (NoSuchKey) when calling the GetObject operation: The specified key does not exist.
  3200/8883: mp-1110640
  3201/8883: mp-4536
  3202/8883: mp-1205886
  3203/8883: mp-649627
  3204/8883: mp-1183516
unable to access bucket: 'materialsproject-parsed' key: 'chgcars/mp-1417027.json.gz' version: None error: An error occurred (NoSuchKey) when calling the GetObject operation: The specified key does not exist.
  3205/8883: mp-1111067
  3206/8883: mp-865913
unable to access bucket: 'materialsproject-parsed' key: 'chgcars/mp-1429926.json.gz' version: None error: An error occurred (NoSuchKey) when calling the GetObject operation: The specified key does not exist.
  3207/8883: mp-1114492
unable to access bucket: 'materialsproject-parsed' key: 'chgcars/mp-1383322.json.gz' version: None error: An error occurred (NoSuchKey) when calling the GetObject operation: The specified key does not exist.
  3208/8883: mp-1111714
  3209/8883: mp-505569
unable to access bucket: 'materialsproject-parsed' key: 'chgcars/mp-1440364.json.gz' version: None error: An error occurred (NoSuchKey) when calling the GetObject operation: The specified key does not exist.
  3210/8883: mp-978501
  3211/8883: mp-1112612
unable to access bucket: 'materialsproject-parsed' key: 'chgcars/mp-1388639.json.gz' version: None error: An error occurred (NoSuchKey) when calling the GetObject operation: The specified key does not exist.
  3212/8883: mp-1186121
  3213/8883: mp-865376
unable to access bucket: 'materialsproject-parsed' key: 'chgcars/mp-1475427.json.gz' version: None error: An error occurred (NoSuchKey) when calling the GetObject operation: The specified key does not exist.
  3214/8883: mp-1113914
  3215/8883: mp-13925
  3216/8883: mp-865091
  3217/8883: mp-982615
unable to access bucket: 'materialsproject-parsed' key: 'chgcars/mp-1475921.json.gz' version: None error: An error occurred (NoSuchKey) when calling the GetObject operation: The specified key does not exist.
  3218/8883: mp-1114104
unable to access bucket: 'materialsproject-parsed' key: 'chgcars/mp-1347195.json.gz' version: None error: An error occurred (NoSuchKey) when calling the GetObject operation: The specified key does not exist.
  3219/8883: mp-1079926
  3220/8883: mp-1186648
unable to access bucket: 'materialsproject-parsed' key: 'chgcars/mp-1504751.json.gz' version: None error: An error occurred (NoSuchKey) when calling the GetObject operation: The specified key does not exist.
  3221/8883: mp-865462
  3222/8883: mp-1112002
  3223/8883: mp-867311
unable to access bucket: 'materialsproject-parsed' key: 'chgcars/mp-1390259.json.gz' version: None error: An error occurred (NoSuchKey) when calling the GetObject operation: The specified key does not exist.
  3224/8883: mp-1185064
unable to access bucket: 'materialsproject-parsed' key: 'chgcars/mp-1391790.json.gz' version: None error: An error occurred (NoSuchKey) when calling the GetObject operation: The specified key does not exist.
  3225/8883: mp-1184323
unable to access bucket: 'materialsproject-parsed' key: 'chgcars/mp-1414766.json.gz' version: None error: An error occurred (NoSuchKey) when calling the GetObject operation: The specified key does not exist.
  3226/8883: mp-573697
  3227/8883: mp-1111380
  3228/8883: mp-1186652
  3229/8883: mp-1184090
  3230/8883: mp-574283
  3231/8883: mp-1184236
  3232/8883: mp-1111376
  3233/8883: mp-1112103
  3234/8883: mp-1185025
unable to access bucket: 'materialsproject-parsed' key: 'chgcars/mp-1400783.json.gz' version: None error: An error occurred (NoSuchKey) when calling the GetObject operation: The specified key does not exist.
  3235/8883: mp-1113101
unable to access bucket: 'materialsproject-parsed' key: 'chgcars/mp-1408934.json.gz' version: None error: An error occurred (NoSuchKey) when calling the GetObject operation: The specified key does not exist.
  3236/8883: mp-1110978
  3237/8883: mp-862723
  3238/8883: mp-1110780
unable to access bucket: 'materialsproject-parsed' key: 'chgcars/mp-1339946.json.gz' version: None error: An error occurred (NoSuchKey) when calling the GetObject operation: The specified key does not exist.
  3239/8883: mp-978521
unable to access bucket: 'materialsproject-parsed' key: 'chgcars/mp-1425066.json.gz' version: None error: An error occurred (NoSuchKey) when calling the GetObject operation: The specified key does not exist.
  3240/8883: mp-1187620
unable to access bucket: 'materialsproject-parsed' key: 'chgcars/mp-1430130.json.gz' version: None error: An error occurred (NoSuchKey) when calling the GetObject operation: The specified key does not exist.
  3241/8883: mp-503
  3242/8883: mp-861964
unable to access bucket: 'materialsproject-parsed' key: 'chgcars/mp-1432610.json.gz' version: None error: An error occurred (NoSuchKey) when calling the GetObject operation: The specified key does not exist.
  3243/8883: mp-1187930
  3244/8883: mp-1113443
  3245/8883: mp-1111293
  3246/8883: mp-569823
unable to access bucket: 'materialsproject-parsed' key: 'chgcars/mp-1438315.json.gz' version: None error: An error occurred (NoSuchKey) when calling the GetObject operation: The specified key does not exist.
  3247/8883: mp-1008491
unable to access bucket: 'materialsproject-parsed' key: 'chgcars/mp-1436875.json.gz' version: None error: An error occurred (NoSuchKey) when calling the GetObject operation: The specified key does not exist.
  3248/8883: mp-865365
unable to access bucket: 'materialsproject-parsed' key: 'chgcars/mp-1415172.json.gz' version: None error: An error occurred (NoSuchKey) when calling the GetObject operation: The specified key does not exist.
  3249/8883: mp-866103
  3250/8883: mp-1183674
  3251/8883: mp-1112446
  3252/8883: mp-11327
  3253/8883: mp-1078548
unable to access bucket: 'materialsproject-parsed' key: 'chgcars/mp-1425579.json.gz' version: None error: An error occurred (NoSuchKey) when calling the GetObject operation: The specified key does not exist.
  3254/8883: mp-979283
  3255/8883: mp-989549
  3256/8883: mp-1205634
unable to access bucket: 'materialsproject-parsed' key: 'chgcars/mp-1392812.json.gz' version: None error: An error occurred (NoSuchKey) when calling the GetObject operation: The specified key does not exist.
  3257/8883: mp-1206273
unable to access bucket: 'materialsproject-parsed' key: 'chgcars/mp-1403403.json.gz' version: None error: An error occurred (NoSuchKey) when calling the GetObject operation: The specified key does not exist.
  3258/8883: mp-1112759
  3259/8883: mp-1194178
unable to access bucket: 'materialsproject-parsed' key: 'chgcars/mp-1390055.json.gz' version: None error: An error occurred (NoSuchKey) when calling the GetObject operation: The specified key does not exist.
  3260/8883: mp-1820
  3261/8883: mp-865751
unable to access bucket: 'materialsproject-parsed' key: 'chgcars/mp-1418706.json.gz' version: None error: An error occurred (NoSuchKey) when calling the GetObject operation: The specified key does not exist.
  3262/8883: mp-973826
  3263/8883: mp-20457
unable to access bucket: 'materialsproject-parsed' key: 'chgcars/mp-1440227.json.gz' version: None error: An error occurred (NoSuchKey) when calling the GetObject operation: The specified key does not exist.
  3264/8883: mp-1113131
  3265/8883: mp-862950
  3266/8883: mp-1185398
unable to access bucket: 'materialsproject-parsed' key: 'chgcars/mp-1391737.json.gz' version: None error: An error occurred (NoSuchKey) when calling the GetObject operation: The specified key does not exist.
  3267/8883: mp-1183554
unable to access bucket: 'materialsproject-parsed' key: 'chgcars/mp-1429784.json.gz' version: None error: An error occurred (NoSuchKey) when calling the GetObject operation: The specified key does not exist.
  3268/8883: mp-21150
  3269/8883: mp-865247
  3270/8883: mp-1186327
unable to access bucket: 'materialsproject-parsed' key: 'chgcars/mp-1433972.json.gz' version: None error: An error occurred (NoSuchKey) when calling the GetObject operation: The specified key does not exist.
  3271/8883: mp-865279
unable to access bucket: 'materialsproject-parsed' key: 'chgcars/mp-1407656.json.gz' version: None error: An error occurred (NoSuchKey) when calling the GetObject operation: The specified key does not exist.
  3272/8883: mp-1112087
unable to access bucket: 'materialsproject-parsed' key: 'chgcars/mp-1446485.json.gz' version: None error: An error occurred (NoSuchKey) when calling the GetObject operation: The specified key does not exist.
  3273/8883: mp-1187709
unable to access bucket: 'materialsproject-parsed' key: 'chgcars/mp-1399443.json.gz' version: None error: An error occurred (NoSuchKey) when calling the GetObject operation: The specified key does not exist.
  3274/8883: mp-1185870
  3275/8883: mp-1112168
  3276/8883: mp-1183350
unable to access bucket: 'materialsproject-parsed' key: 'chgcars/mp-1403309.json.gz' version: None error: An error occurred (NoSuchKey) when calling the GetObject operation: The specified key does not exist.
  3277/8883: mp-861724
  3278/8883: mp-1183766
  3279/8883: mp-862953
  3280/8883: mp-560959
  3281/8883: mp-862919
unable to access bucket: 'materialsproject-parsed' key: 'chgcars/mp-1428851.json.gz' version: None error: An error occurred (NoSuchKey) when calling the GetObject operation: The specified key does not exist.
  3282/8883: mp-1111776
unable to access bucket: 'materialsproject-parsed' key: 'chgcars/mp-1377004.json.gz' version: None error: An error occurred (NoSuchKey) when calling the GetObject operation: The specified key does not exist.
  3283/8883: mp-1187687
  3284/8883: mp-1183618
unable to access bucket: 'materialsproject-parsed' key: 'chgcars/mp-1436111.json.gz' version: None error: An error occurred (NoSuchKey) when calling the GetObject operation: The specified key does not exist.
  3285/8883: mp-1206546
  3286/8883: mp-971891
  3287/8883: mp-866162
  3288/8883: mp-979931
unable to access bucket: 'materialsproject-parsed' key: 'chgcars/mp-1399337.json.gz' version: None error: An error occurred (NoSuchKey) when calling the GetObject operation: The specified key does not exist.
  3289/8883: mp-1191949
  3290/8883: mp-1185322
unable to access bucket: 'materialsproject-parsed' key: 'chgcars/mp-1425968.json.gz' version: None error: An error occurred (NoSuchKey) when calling the GetObject operation: The specified key does not exist.
  3291/8883: mp-1110590
  3292/8883: mp-1184663
  3293/8883: mp-156
unable to access bucket: 'materialsproject-parsed' key: 'chgcars/mp-1440627.json.gz' version: None error: An error occurred (NoSuchKey) when calling the GetObject operation: The specified key does not exist.
  3294/8883: mp-865278
  3295/8883: mp-1111589
  3296/8883: mp-1078758
  3297/8883: mp-1112313
unable to access bucket: 'materialsproject-parsed' key: 'chgcars/mp-1406531.json.gz' version: None error: An error occurred (NoSuchKey) when calling the GetObject operation: The specified key does not exist.
  3298/8883: mp-865124
  3299/8883: mp-1183571
unable to access bucket: 'materialsproject-parsed' key: 'chgcars/mp-1434692.json.gz' version: None error: An error occurred (NoSuchKey) when calling the GetObject operation: The specified key does not exist.
  3300/8883: mp-1112353
unable to access bucket: 'materialsproject-parsed' key: 'chgcars/mp-1399770.json.gz' version: None error: An error occurred (NoSuchKey) when calling the GetObject operation: The specified key does not exist.
  3301/8883: mp-1114184
unable to access bucket: 'materialsproject-parsed' key: 'chgcars/mp-1379655.json.gz' version: None error: An error occurred (NoSuchKey) when calling the GetObject operation: The specified key does not exist.
  3302/8883: mp-864667
unable to access bucket: 'materialsproject-parsed' key: 'chgcars/mp-1414918.json.gz' version: None error: An error occurred (NoSuchKey) when calling the GetObject operation: The specified key does not exist.
  3303/8883: mp-977200
unable to access bucket: 'materialsproject-parsed' key: 'chgcars/mp-1434183.json.gz' version: None error: An error occurred (NoSuchKey) when calling the GetObject operation: The specified key does not exist.
  3304/8883: mp-1187917
unable to access bucket: 'materialsproject-parsed' key: 'chgcars/mp-1436592.json.gz' version: None error: An error occurred (NoSuchKey) when calling the GetObject operation: The specified key does not exist.
  3305/8883: mp-867769
unable to access bucket: 'materialsproject-parsed' key: 'chgcars/mp-1424539.json.gz' version: None error: An error occurred (NoSuchKey) when calling the GetObject operation: The specified key does not exist.
  3306/8883: mp-1206745
unable to access bucket: 'materialsproject-parsed' key: 'chgcars/mp-1475778.json.gz' version: None error: An error occurred (NoSuchKey) when calling the GetObject operation: The specified key does not exist.
  3307/8883: mp-1185371
  3308/8883: mp-1111135
  3309/8883: mp-865652
  3310/8883: mp-1113594
  3311/8883: mp-976252
unable to access bucket: 'materialsproject-parsed' key: 'chgcars/mp-1433249.json.gz' version: None error: An error occurred (NoSuchKey) when calling the GetObject operation: The specified key does not exist.
  3312/8883: mp-972777
  3313/8883: mp-1111837
  3314/8883: mp-2286
  3315/8883: mp-1187101
  3316/8883: mp-864917
  3317/8883: mp-1110855
  3318/8883: mp-1184505
  3319/8883: mp-1185376
  3320/8883: mp-1113849
  3321/8883: mp-865616
  3322/8883: mp-1183442
unable to access bucket: 'materialsproject-parsed' key: 'chgcars/mp-1504175.json.gz' version: None error: An error occurred (NoSuchKey) when calling the GetObject operation: The specified key does not exist.
  3323/8883: mp-1185078
unable to access bucket: 'materialsproject-parsed' key: 'chgcars/mp-1423046.json.gz' version: None error: An error occurred (NoSuchKey) when calling the GetObject operation: The specified key does not exist.
  3324/8883: mp-1207160
unable to access bucket: 'materialsproject-parsed' key: 'chgcars/mp-1397653.json.gz' version: None error: An error occurred (NoSuchKey) when calling the GetObject operation: The specified key does not exist.
  3325/8883: mp-1186479
unable to access bucket: 'materialsproject-parsed' key: 'chgcars/mp-1413904.json.gz' version: None error: An error occurred (NoSuchKey) when calling the GetObject operation: The specified key does not exist.
  3326/8883: mp-930
  3327/8883: mp-1184197
unable to access bucket: 'materialsproject-parsed' key: 'chgcars/mp-1403383.json.gz' version: None error: An error occurred (NoSuchKey) when calling the GetObject operation: The specified key does not exist.
  3328/8883: mp-1209491
  3329/8883: mp-4502
unable to access bucket: 'materialsproject-parsed' key: 'chgcars/mp-1331856.json.gz' version: None error: An error occurred (NoSuchKey) when calling the GetObject operation: The specified key does not exist.
  3330/8883: mp-1111960
  3331/8883: mp-1184120
  3332/8883: mp-1184846
unable to access bucket: 'materialsproject-parsed' key: 'chgcars/mp-1433934.json.gz' version: None error: An error occurred (NoSuchKey) when calling the GetObject operation: The specified key does not exist.
  3333/8883: mp-1187524
unable to access bucket: 'materialsproject-parsed' key: 'chgcars/mp-1658601.json.gz' version: None error: An error occurred (NoSuchKey) when calling the GetObject operation: The specified key does not exist.
  3334/8883: mp-1111416
  3335/8883: mp-1078783
  3336/8883: mp-1187716
  3337/8883: mp-1111873
  3338/8883: mp-1110783
  3339/8883: mp-24292
unable to access bucket: 'materialsproject-parsed' key: 'chgcars/mp-1414073.json.gz' version: None error: An error occurred (NoSuchKey) when calling the GetObject operation: The specified key does not exist.
  3340/8883: mp-971738
  3341/8883: mp-1186576
  3342/8883: mp-867162
unable to access bucket: 'materialsproject-parsed' key: 'chgcars/mp-1397217.json.gz' version: None error: An error occurred (NoSuchKey) when calling the GetObject operation: The specified key does not exist.
  3343/8883: mp-1114009
  3344/8883: mp-6933
  3345/8883: mp-1184581
  3346/8883: mp-1111428
  3347/8883: mp-1183744
unable to access bucket: 'materialsproject-parsed' key: 'chgcars/mp-1475901.json.gz' version: None error: An error occurred (NoSuchKey) when calling the GetObject operation: The specified key does not exist.
  3348/8883: mp-1184582
  3349/8883: mp-977539
unable to access bucket: 'materialsproject-parsed' key: 'chgcars/mp-1424276.json.gz' version: None error: An error occurred (NoSuchKey) when calling the GetObject operation: The specified key does not exist.
  3350/8883: mp-971752
unable to access bucket: 'materialsproject-parsed' key: 'chgcars/mp-1422637.json.gz' version: None error: An error occurred (NoSuchKey) when calling the GetObject operation: The specified key does not exist.
  3351/8883: mp-641587
  3352/8883: mp-974063
unable to access bucket: 'materialsproject-parsed' key: 'chgcars/mp-1390697.json.gz' version: None error: An error occurred (NoSuchKey) when calling the GetObject operation: The specified key does not exist.
  3353/8883: mp-1183181
  3354/8883: mp-1111118
unable to access bucket: 'materialsproject-parsed' key: 'chgcars/mp-1386489.json.gz' version: None error: An error occurred (NoSuchKey) when calling the GetObject operation: The specified key does not exist.
  3355/8883: mp-12608
unable to access bucket: 'materialsproject-parsed' key: 'chgcars/mp-1434635.json.gz' version: None error: An error occurred (NoSuchKey) when calling the GetObject operation: The specified key does not exist.
  3356/8883: mp-672654
  3357/8883: mp-864628
unable to access bucket: 'materialsproject-parsed' key: 'chgcars/mp-1400973.json.gz' version: None error: An error occurred (NoSuchKey) when calling the GetObject operation: The specified key does not exist.
  3358/8883: mp-614481
  3359/8883: mp-15694
unable to access bucket: 'materialsproject-parsed' key: 'chgcars/mp-1476072.json.gz' version: None error: An error occurred (NoSuchKey) when calling the GetObject operation: The specified key does not exist.
  3360/8883: mp-1185415
  3361/8883: mp-1114036
  3362/8883: mp-1187521
unable to access bucket: 'materialsproject-parsed' key: 'chgcars/mp-1427748.json.gz' version: None error: An error occurred (NoSuchKey) when calling the GetObject operation: The specified key does not exist.
  3363/8883: mp-862699
  3364/8883: mp-1110963
unable to access bucket: 'materialsproject-parsed' key: 'chgcars/mp-1370763.json.gz' version: None error: An error occurred (NoSuchKey) when calling the GetObject operation: The specified key does not exist.
  3365/8883: mp-1186235
unable to access bucket: 'materialsproject-parsed' key: 'chgcars/mp-1437530.json.gz' version: None error: An error occurred (NoSuchKey) when calling the GetObject operation: The specified key does not exist.
  3366/8883: mp-1112339
  3367/8883: mp-862657
  3368/8883: mp-977438
  3369/8883: mp-1079486
  3370/8883: mp-1110571
  3371/8883: mp-1018165
  3372/8883: mp-977580
  3373/8883: mp-865319
unable to access bucket: 'materialsproject-parsed' key: 'chgcars/mp-1434566.json.gz' version: None error: An error occurred (NoSuchKey) when calling the GetObject operation: The specified key does not exist.
  3374/8883: mp-866280
unable to access bucket: 'materialsproject-parsed' key: 'chgcars/mp-1415014.json.gz' version: None error: An error occurred (NoSuchKey) when calling the GetObject operation: The specified key does not exist.
  3375/8883: mp-1111934
  3376/8883: mp-862749
unable to access bucket: 'materialsproject-parsed' key: 'chgcars/mp-1396220.json.gz' version: None error: An error occurred (NoSuchKey) when calling the GetObject operation: The specified key does not exist.
  3377/8883: mp-1112325
  3378/8883: mp-20969
unable to access bucket: 'materialsproject-parsed' key: 'chgcars/mp-1440300.json.gz' version: None error: An error occurred (NoSuchKey) when calling the GetObject operation: The specified key does not exist.
  3379/8883: mp-542995
unable to access bucket: 'materialsproject-parsed' key: 'chgcars/mp-1443780.json.gz' version: None error: An error occurred (NoSuchKey) when calling the GetObject operation: The specified key does not exist.
  3380/8883: mp-864640
  3381/8883: mp-1186321
unable to access bucket: 'materialsproject-parsed' key: 'chgcars/mp-1421604.json.gz' version: None error: An error occurred (NoSuchKey) when calling the GetObject operation: The specified key does not exist.
  3382/8883: mp-2154
unable to access bucket: 'materialsproject-parsed' key: 'chgcars/mp-1440595.json.gz' version: None error: An error occurred (NoSuchKey) when calling the GetObject operation: The specified key does not exist.
  3383/8883: mp-1113704
unable to access bucket: 'materialsproject-parsed' key: 'chgcars/mp-1407130.json.gz' version: None error: An error occurred (NoSuchKey) when calling the GetObject operation: The specified key does not exist.
  3384/8883: mp-864909
unable to access bucket: 'materialsproject-parsed' key: 'chgcars/mp-1414659.json.gz' version: None error: An error occurred (NoSuchKey) when calling the GetObject operation: The specified key does not exist.
  3385/8883: mp-1111675
  3386/8883: mp-865914
unable to access bucket: 'materialsproject-parsed' key: 'chgcars/mp-1444540.json.gz' version: None error: An error occurred (NoSuchKey) when calling the GetObject operation: The specified key does not exist.
  3387/8883: mp-1205668
unable to access bucket: 'materialsproject-parsed' key: 'chgcars/mp-1391086.json.gz' version: None error: An error occurred (NoSuchKey) when calling the GetObject operation: The specified key does not exist.
  3388/8883: mp-1205650
  3389/8883: mp-708
unable to access bucket: 'materialsproject-parsed' key: 'chgcars/mp-1440340.json.gz' version: None error: An error occurred (NoSuchKey) when calling the GetObject operation: The specified key does not exist.
  3390/8883: mp-1205553
  3391/8883: mp-867127
  3392/8883: mp-1112218
unable to access bucket: 'materialsproject-parsed' key: 'chgcars/mp-1403497.json.gz' version: None error: An error occurred (NoSuchKey) when calling the GetObject operation: The specified key does not exist.
  3393/8883: mp-865932
unable to access bucket: 'materialsproject-parsed' key: 'chgcars/mp-1429014.json.gz' version: None error: An error occurred (NoSuchKey) when calling the GetObject operation: The specified key does not exist.
  3394/8883: mp-1185169
unable to access bucket: 'materialsproject-parsed' key: 'chgcars/mp-1445767.json.gz' version: None error: An error occurred (NoSuchKey) when calling the GetObject operation: The specified key does not exist.
  3395/8883: mp-237
  3396/8883: mp-861933
unable to access bucket: 'materialsproject-parsed' key: 'chgcars/mp-1421964.json.gz' version: None error: An error occurred (NoSuchKey) when calling the GetObject operation: The specified key does not exist.
  3397/8883: mp-865233
unable to access bucket: 'materialsproject-parsed' key: 'chgcars/mp-1435109.json.gz' version: None error: An error occurred (NoSuchKey) when calling the GetObject operation: The specified key does not exist.
  3398/8883: mp-1184821
unable to access bucket: 'materialsproject-parsed' key: 'chgcars/mp-1425828.json.gz' version: None error: An error occurred (NoSuchKey) when calling the GetObject operation: The specified key does not exist.
  3399/8883: mp-1111802
  3400/8883: mp-1187962
  3401/8883: mp-862336
  3402/8883: mp-1009489
unable to access bucket: 'materialsproject-parsed' key: 'chgcars/mp-1431454.json.gz' version: None error: An error occurred (NoSuchKey) when calling the GetObject operation: The specified key does not exist.
  3403/8883: mp-1112695
unable to access bucket: 'materialsproject-parsed' key: 'chgcars/mp-1398281.json.gz' version: None error: An error occurred (NoSuchKey) when calling the GetObject operation: The specified key does not exist.
  3404/8883: mp-23383
  3405/8883: mp-982974
unable to access bucket: 'materialsproject-parsed' key: 'chgcars/mp-1424229.json.gz' version: None error: An error occurred (NoSuchKey) when calling the GetObject operation: The specified key does not exist.
  3406/8883: mp-1112015
unable to access bucket: 'materialsproject-parsed' key: 'chgcars/mp-1408696.json.gz' version: None error: An error occurred (NoSuchKey) when calling the GetObject operation: The specified key does not exist.
  3407/8883: mp-1184724
unable to access bucket: 'materialsproject-parsed' key: 'chgcars/mp-1415859.json.gz' version: None error: An error occurred (NoSuchKey) when calling the GetObject operation: The specified key does not exist.
  3408/8883: mp-1719
unable to access bucket: 'materialsproject-parsed' key: 'chgcars/mp-1658027.json.gz' version: None error: An error occurred (NoSuchKey) when calling the GetObject operation: The specified key does not exist.
  3409/8883: mp-865790
unable to access bucket: 'materialsproject-parsed' key: 'chgcars/mp-1398053.json.gz' version: None error: An error occurred (NoSuchKey) when calling the GetObject operation: The specified key does not exist.
  3410/8883: mp-1519
  3411/8883: mp-582023
unable to access bucket: 'materialsproject-parsed' key: 'chgcars/mp-1361598.json.gz' version: None error: An error occurred (NoSuchKey) when calling the GetObject operation: The specified key does not exist.
  3412/8883: mp-1184820
  3413/8883: mp-976113
  3414/8883: mp-1111157
unable to access bucket: 'materialsproject-parsed' key: 'chgcars/mp-1402053.json.gz' version: None error: An error occurred (NoSuchKey) when calling the GetObject operation: The specified key does not exist.
  3415/8883: mp-11519
  3416/8883: mp-1187632
unable to access bucket: 'materialsproject-parsed' key: 'chgcars/mp-1415323.json.gz' version: None error: An error occurred (NoSuchKey) when calling the GetObject operation: The specified key does not exist.
  3417/8883: mp-1187424
unable to access bucket: 'materialsproject-parsed' key: 'chgcars/mp-1422216.json.gz' version: None error: An error occurred (NoSuchKey) when calling the GetObject operation: The specified key does not exist.
  3418/8883: mp-1112198
  3419/8883: mp-1183707
  3420/8883: mp-1184828
unable to access bucket: 'materialsproject-parsed' key: 'chgcars/mp-1427905.json.gz' version: None error: An error occurred (NoSuchKey) when calling the GetObject operation: The specified key does not exist.
  3421/8883: mp-1187747
  3422/8883: mp-1100767
  3423/8883: mp-1112898
unable to access bucket: 'materialsproject-parsed' key: 'chgcars/mp-1389528.json.gz' version: None error: An error occurred (NoSuchKey) when calling the GetObject operation: The specified key does not exist.
  3424/8883: mp-864981
  3425/8883: mp-989582
unable to access bucket: 'materialsproject-parsed' key: 'chgcars/mp-1444565.json.gz' version: None error: An error occurred (NoSuchKey) when calling the GetObject operation: The specified key does not exist.
  3426/8883: mp-1187497
  3427/8883: mp-1064865
  3428/8883: mp-1080506
  3429/8883: mp-1186317
  3430/8883: mp-865805
  3431/8883: mp-1111185
  3432/8883: mp-978547
unable to access bucket: 'materialsproject-parsed' key: 'chgcars/mp-1417461.json.gz' version: None error: An error occurred (NoSuchKey) when calling the GetObject operation: The specified key does not exist.
  3433/8883: mp-865710
unable to access bucket: 'materialsproject-parsed' key: 'chgcars/mp-1394757.json.gz' version: None error: An error occurred (NoSuchKey) when calling the GetObject operation: The specified key does not exist.
  3434/8883: mp-862473
unable to access bucket: 'materialsproject-parsed' key: 'chgcars/mp-1435432.json.gz' version: None error: An error occurred (NoSuchKey) when calling the GetObject operation: The specified key does not exist.
  3435/8883: mp-973414
unable to access bucket: 'materialsproject-parsed' key: 'chgcars/mp-1435933.json.gz' version: None error: An error occurred (NoSuchKey) when calling the GetObject operation: The specified key does not exist.
  3436/8883: mp-862849
unable to access bucket: 'materialsproject-parsed' key: 'chgcars/mp-1432881.json.gz' version: None error: An error occurred (NoSuchKey) when calling the GetObject operation: The specified key does not exist.
  3437/8883: mp-1187374
  3438/8883: mp-982870
unable to access bucket: 'materialsproject-parsed' key: 'chgcars/mp-1433992.json.gz' version: None error: An error occurred (NoSuchKey) when calling the GetObject operation: The specified key does not exist.
  3439/8883: mp-1110749
  3440/8883: mp-1079901
unable to access bucket: 'materialsproject-parsed' key: 'chgcars/mp-1298464.json.gz' version: None error: An error occurred (NoSuchKey) when calling the GetObject operation: The specified key does not exist.
  3441/8883: mp-20841
  3442/8883: mp-1111353
  3443/8883: mp-1006151
unable to access bucket: 'materialsproject-parsed' key: 'chgcars/mp-1396300.json.gz' version: None error: An error occurred (NoSuchKey) when calling the GetObject operation: The specified key does not exist.
  3444/8883: mp-1184831
  3445/8883: mp-6074
  3446/8883: mp-1185131
  3447/8883: mp-1185347
  3448/8883: mp-866146
unable to access bucket: 'materialsproject-parsed' key: 'chgcars/mp-1427306.json.gz' version: None error: An error occurred (NoSuchKey) when calling the GetObject operation: The specified key does not exist.
  3449/8883: mp-862927
unable to access bucket: 'materialsproject-parsed' key: 'chgcars/mp-1399047.json.gz' version: None error: An error occurred (NoSuchKey) when calling the GetObject operation: The specified key does not exist.
  3450/8883: mp-975554
  3451/8883: mp-865002
unable to access bucket: 'materialsproject-parsed' key: 'chgcars/mp-1433041.json.gz' version: None error: An error occurred (NoSuchKey) when calling the GetObject operation: The specified key does not exist.
  3452/8883: mp-1185430
  3453/8883: mp-1185086
unable to access bucket: 'materialsproject-parsed' key: 'chgcars/mp-1387578.json.gz' version: None error: An error occurred (NoSuchKey) when calling the GetObject operation: The specified key does not exist.
  3454/8883: mp-1207215
unable to access bucket: 'materialsproject-parsed' key: 'chgcars/mp-1385124.json.gz' version: None error: An error occurred (NoSuchKey) when calling the GetObject operation: The specified key does not exist.
  3455/8883: mp-977423
unable to access bucket: 'materialsproject-parsed' key: 'chgcars/mp-1435231.json.gz' version: None error: An error occurred (NoSuchKey) when calling the GetObject operation: The specified key does not exist.
  3456/8883: mp-866664
  3457/8883: mp-862262
unable to access bucket: 'materialsproject-parsed' key: 'chgcars/mp-1418813.json.gz' version: None error: An error occurred (NoSuchKey) when calling the GetObject operation: The specified key does not exist.
  3458/8883: mp-1186673
unable to access bucket: 'materialsproject-parsed' key: 'chgcars/mp-1419987.json.gz' version: None error: An error occurred (NoSuchKey) when calling the GetObject operation: The specified key does not exist.
  3459/8883: mp-1111660
  3460/8883: mp-1113442
unable to access bucket: 'materialsproject-parsed' key: 'chgcars/mp-1399769.json.gz' version: None error: An error occurred (NoSuchKey) when calling the GetObject operation: The specified key does not exist.
  3461/8883: mp-1184109
  3462/8883: mp-865017
  3463/8883: mp-977405
unable to access bucket: 'materialsproject-parsed' key: 'chgcars/mp-1420501.json.gz' version: None error: An error occurred (NoSuchKey) when calling the GetObject operation: The specified key does not exist.
  3464/8883: mp-1110995
  3465/8883: mp-1187092
unable to access bucket: 'materialsproject-parsed' key: 'chgcars/mp-1444192.json.gz' version: None error: An error occurred (NoSuchKey) when calling the GetObject operation: The specified key does not exist.
  3466/8883: mp-971739
  3467/8883: mp-1113386
  3468/8883: mp-1112124
  3469/8883: mp-1185191
  3470/8883: mp-1193982
unable to access bucket: 'materialsproject-parsed' key: 'chgcars/mp-1347702.json.gz' version: None error: An error occurred (NoSuchKey) when calling the GetObject operation: The specified key does not exist.
  3471/8883: mp-972522
unable to access bucket: 'materialsproject-parsed' key: 'chgcars/mp-1427167.json.gz' version: None error: An error occurred (NoSuchKey) when calling the GetObject operation: The specified key does not exist.
  3472/8883: mp-1184473
  3473/8883: mp-981234
  3474/8883: mp-862366
unable to access bucket: 'materialsproject-parsed' key: 'chgcars/mp-1435030.json.gz' version: None error: An error occurred (NoSuchKey) when calling the GetObject operation: The specified key does not exist.
  3475/8883: mp-1114042
unable to access bucket: 'materialsproject-parsed' key: 'chgcars/mp-1773047.json.gz' version: None error: An error occurred (NoSuchKey) when calling the GetObject operation: The specified key does not exist.
  3476/8883: mp-977444
unable to access bucket: 'materialsproject-parsed' key: 'chgcars/mp-1417289.json.gz' version: None error: An error occurred (NoSuchKey) when calling the GetObject operation: The specified key does not exist.
  3477/8883: mp-634659
unable to access bucket: 'materialsproject-parsed' key: 'chgcars/mp-1442348.json.gz' version: None error: An error occurred (NoSuchKey) when calling the GetObject operation: The specified key does not exist.
  3478/8883: mp-1187418
unable to access bucket: 'materialsproject-parsed' key: 'chgcars/mp-1418004.json.gz' version: None error: An error occurred (NoSuchKey) when calling the GetObject operation: The specified key does not exist.
  3479/8883: mp-1185024
  3480/8883: mp-1112435
  3481/8883: mp-864620
unable to access bucket: 'materialsproject-parsed' key: 'chgcars/mp-1396711.json.gz' version: None error: An error occurred (NoSuchKey) when calling the GetObject operation: The specified key does not exist.
  3482/8883: mp-999257
  3483/8883: mp-1186011
unable to access bucket: 'materialsproject-parsed' key: 'chgcars/mp-1435773.json.gz' version: None error: An error occurred (NoSuchKey) when calling the GetObject operation: The specified key does not exist.
  3484/8883: mp-1185328
  3485/8883: mp-475
  3486/8883: mp-23268
unable to access bucket: 'materialsproject-parsed' key: 'chgcars/mp-1442123.json.gz' version: None error: An error occurred (NoSuchKey) when calling the GetObject operation: The specified key does not exist.
  3487/8883: mp-1110930
  3488/8883: mp-1206605
unable to access bucket: 'materialsproject-parsed' key: 'chgcars/mp-1411116.json.gz' version: None error: An error occurred (NoSuchKey) when calling the GetObject operation: The specified key does not exist.
  3489/8883: mp-866287
unable to access bucket: 'materialsproject-parsed' key: 'chgcars/mp-1413709.json.gz' version: None error: An error occurred (NoSuchKey) when calling the GetObject operation: The specified key does not exist.
  3490/8883: mp-1111291
unable to access bucket: 'materialsproject-parsed' key: 'chgcars/mp-1392845.json.gz' version: None error: An error occurred (NoSuchKey) when calling the GetObject operation: The specified key does not exist.
  3491/8883: mp-1185325
  3492/8883: mp-971701
unable to access bucket: 'materialsproject-parsed' key: 'chgcars/mp-1431601.json.gz' version: None error: An error occurred (NoSuchKey) when calling the GetObject operation: The specified key does not exist.
  3493/8883: mp-1112283
unable to access bucket: 'materialsproject-parsed' key: 'chgcars/mp-1397582.json.gz' version: None error: An error occurred (NoSuchKey) when calling the GetObject operation: The specified key does not exist.
  3494/8883: mp-980199
unable to access bucket: 'materialsproject-parsed' key: 'chgcars/mp-1428806.json.gz' version: None error: An error occurred (NoSuchKey) when calling the GetObject operation: The specified key does not exist.
  3495/8883: mp-975198
  3496/8883: mp-1186931
unable to access bucket: 'materialsproject-parsed' key: 'chgcars/mp-1419500.json.gz' version: None error: An error occurred (NoSuchKey) when calling the GetObject operation: The specified key does not exist.
  3497/8883: mp-865947
unable to access bucket: 'materialsproject-parsed' key: 'chgcars/mp-1427047.json.gz' version: None error: An error occurred (NoSuchKey) when calling the GetObject operation: The specified key does not exist.
  3498/8883: mp-1112406
  3499/8883: mp-867801
unable to access bucket: 'materialsproject-parsed' key: 'chgcars/mp-1383190.json.gz' version: None error: An error occurred (NoSuchKey) when calling the GetObject operation: The specified key does not exist.
  3500/8883: mp-1110752
unable to access bucket: 'materialsproject-parsed' key: 'chgcars/mp-1342143.json.gz' version: None error: An error occurred (NoSuchKey) when calling the GetObject operation: The specified key does not exist.
  3501/8883: mp-864669
unable to access bucket: 'materialsproject-parsed' key: 'chgcars/mp-1415658.json.gz' version: None error: An error occurred (NoSuchKey) when calling the GetObject operation: The specified key does not exist.
  3502/8883: mp-1185185
  3503/8883: mp-1183716
unable to access bucket: 'materialsproject-parsed' key: 'chgcars/mp-1386535.json.gz' version: None error: An error occurred (NoSuchKey) when calling the GetObject operation: The specified key does not exist.
  3504/8883: mp-505537
  3505/8883: mp-1185326
  3506/8883: mp-31208
  3507/8883: mp-977410
unable to access bucket: 'materialsproject-parsed' key: 'chgcars/mp-1408863.json.gz' version: None error: An error occurred (NoSuchKey) when calling the GetObject operation: The specified key does not exist.
  3508/8883: mp-862979
unable to access bucket: 'materialsproject-parsed' key: 'chgcars/mp-1403569.json.gz' version: None error: An error occurred (NoSuchKey) when calling the GetObject operation: The specified key does not exist.
  3509/8883: mp-1183077
  3510/8883: mp-863738
unable to access bucket: 'materialsproject-parsed' key: 'chgcars/mp-1397791.json.gz' version: None error: An error occurred (NoSuchKey) when calling the GetObject operation: The specified key does not exist.
  3511/8883: mp-24719
unable to access bucket: 'materialsproject-parsed' key: 'chgcars/mp-1439357.json.gz' version: None error: An error occurred (NoSuchKey) when calling the GetObject operation: The specified key does not exist.
  3512/8883: mp-861991
  3513/8883: mp-1210881
  3514/8883: mp-1183409
unable to access bucket: 'materialsproject-parsed' key: 'chgcars/mp-1414669.json.gz' version: None error: An error occurred (NoSuchKey) when calling the GetObject operation: The specified key does not exist.
  3515/8883: mp-867925
  3516/8883: mp-1112481
  3517/8883: mp-1209053
unable to access bucket: 'materialsproject-parsed' key: 'chgcars/mp-1411617.json.gz' version: None error: An error occurred (NoSuchKey) when calling the GetObject operation: The specified key does not exist.
  3518/8883: mp-1184137
unable to access bucket: 'materialsproject-parsed' key: 'chgcars/mp-1504757.json.gz' version: None error: An error occurred (NoSuchKey) when calling the GetObject operation: The specified key does not exist.
  3519/8883: mp-983123
unable to access bucket: 'materialsproject-parsed' key: 'chgcars/mp-1432071.json.gz' version: None error: An error occurred (NoSuchKey) when calling the GetObject operation: The specified key does not exist.
  3520/8883: mp-1184199
  3521/8883: mp-1018080
  3522/8883: mp-976142
  3523/8883: mp-1205772
  3524/8883: mp-1751
  3525/8883: mp-1113313
  3526/8883: mp-866075
  3527/8883: mp-862293
  3528/8883: mp-1186619
unable to access bucket: 'materialsproject-parsed' key: 'chgcars/mp-1504195.json.gz' version: None error: An error occurred (NoSuchKey) when calling the GetObject operation: The specified key does not exist.
  3529/8883: mp-1111450
unable to access bucket: 'materialsproject-parsed' key: 'chgcars/mp-1402623.json.gz' version: None error: An error occurred (NoSuchKey) when calling the GetObject operation: The specified key does not exist.
  3530/8883: mp-1112510
  3531/8883: mp-22899
  3532/8883: mp-1113820
  3533/8883: mp-10765
unable to access bucket: 'materialsproject-parsed' key: 'chgcars/mp-1440265.json.gz' version: None error: An error occurred (NoSuchKey) when calling the GetObject operation: The specified key does not exist.
  3534/8883: mp-1112333
  3535/8883: mp-1183853
  3536/8883: mp-863666
unable to access bucket: 'materialsproject-parsed' key: 'chgcars/mp-1428473.json.gz' version: None error: An error occurred (NoSuchKey) when calling the GetObject operation: The specified key does not exist.
  3537/8883: mp-865349
unable to access bucket: 'materialsproject-parsed' key: 'chgcars/mp-1773913.json.gz' version: None error: An error occurred (NoSuchKey) when calling the GetObject operation: The specified key does not exist.
  3538/8883: mp-1111834
  3539/8883: mp-1183274
  3540/8883: mp-631581
  3541/8883: mp-1113640
  3542/8883: mp-973283
  3543/8883: mp-1111015
  3544/8883: mp-22790
  3545/8883: mp-1110955
  3546/8883: mp-977453
unable to access bucket: 'materialsproject-parsed' key: 'chgcars/mp-1409365.json.gz' version: None error: An error occurred (NoSuchKey) when calling the GetObject operation: The specified key does not exist.
  3547/8883: mp-1213964
  3548/8883: mp-1185021
  3549/8883: mp-1094467
  3550/8883: mp-1208733
unable to access bucket: 'materialsproject-parsed' key: 'chgcars/mp-1278269.json.gz' version: None error: An error occurred (NoSuchKey) when calling the GetObject operation: The specified key does not exist.
  3551/8883: mp-1183586
unable to access bucket: 'materialsproject-parsed' key: 'chgcars/mp-1429881.json.gz' version: None error: An error occurred (NoSuchKey) when calling the GetObject operation: The specified key does not exist.
  3552/8883: mp-114
unable to access bucket: 'materialsproject-parsed' key: 'chgcars/mp-1442286.json.gz' version: None error: An error occurred (NoSuchKey) when calling the GetObject operation: The specified key does not exist.
  3553/8883: mp-861950
  3554/8883: mp-861953
unable to access bucket: 'materialsproject-parsed' key: 'chgcars/mp-1413075.json.gz' version: None error: An error occurred (NoSuchKey) when calling the GetObject operation: The specified key does not exist.
  3555/8883: mp-1079236
  3556/8883: mp-865717
unable to access bucket: 'materialsproject-parsed' key: 'chgcars/mp-1444924.json.gz' version: None error: An error occurred (NoSuchKey) when calling the GetObject operation: The specified key does not exist.
  3557/8883: mp-1205508
unable to access bucket: 'materialsproject-parsed' key: 'chgcars/mp-1404997.json.gz' version: None error: An error occurred (NoSuchKey) when calling the GetObject operation: The specified key does not exist.
  3558/8883: mp-1111538
  3559/8883: mp-865930
  3560/8883: mp-1183794
  3561/8883: mp-1205557
unable to access bucket: 'materialsproject-parsed' key: 'chgcars/mp-1388781.json.gz' version: None error: An error occurred (NoSuchKey) when calling the GetObject operation: The specified key does not exist.
  3562/8883: mp-1111607
  3563/8883: mp-1110637
  3564/8883: mp-1186550
unable to access bucket: 'materialsproject-parsed' key: 'chgcars/mp-1428962.json.gz' version: None error: An error occurred (NoSuchKey) when calling the GetObject operation: The specified key does not exist.
  3565/8883: mp-866375
unable to access bucket: 'materialsproject-parsed' key: 'chgcars/mp-1426772.json.gz' version: None error: An error occurred (NoSuchKey) when calling the GetObject operation: The specified key does not exist.
  3566/8883: mp-971763
unable to access bucket: 'materialsproject-parsed' key: 'chgcars/mp-1398037.json.gz' version: None error: An error occurred (NoSuchKey) when calling the GetObject operation: The specified key does not exist.
  3567/8883: mp-865992
  3568/8883: mp-1112596
  3569/8883: mp-989400
  3570/8883: mp-1183867
  3571/8883: mp-864925
unable to access bucket: 'materialsproject-parsed' key: 'chgcars/mp-1423307.json.gz' version: None error: An error occurred (NoSuchKey) when calling the GetObject operation: The specified key does not exist.
  3572/8883: mp-1186474
unable to access bucket: 'materialsproject-parsed' key: 'chgcars/mp-1390925.json.gz' version: None error: An error occurred (NoSuchKey) when calling the GetObject operation: The specified key does not exist.
  3573/8883: mp-865868
unable to access bucket: 'materialsproject-parsed' key: 'chgcars/mp-1432435.json.gz' version: None error: An error occurred (NoSuchKey) when calling the GetObject operation: The specified key does not exist.
  3574/8883: mp-975914
  3575/8883: mp-1114075
  3576/8883: mp-1184307
  3577/8883: mp-640898
  3578/8883: mp-1254
unable to access bucket: 'materialsproject-parsed' key: 'chgcars/mp-1439177.json.gz' version: None error: An error occurred (NoSuchKey) when calling the GetObject operation: The specified key does not exist.
  3579/8883: mp-13934
  3580/8883: mp-1110627
unable to access bucket: 'materialsproject-parsed' key: 'chgcars/mp-1410999.json.gz' version: None error: An error occurred (NoSuchKey) when calling the GetObject operation: The specified key does not exist.
  3581/8883: mp-1094180
unable to access bucket: 'materialsproject-parsed' key: 'chgcars/mp-1397227.json.gz' version: None error: An error occurred (NoSuchKey) when calling the GetObject operation: The specified key does not exist.
  3582/8883: mp-1112275
  3583/8883: mp-1112408
unable to access bucket: 'materialsproject-parsed' key: 'chgcars/mp-1403521.json.gz' version: None error: An error occurred (NoSuchKey) when calling the GetObject operation: The specified key does not exist.
  3584/8883: mp-1187348
  3585/8883: mp-1185491
  3586/8883: mp-978882
  3587/8883: mp-973538
  3588/8883: mp-1111471
  3589/8883: mp-972180
unable to access bucket: 'materialsproject-parsed' key: 'chgcars/mp-1436987.json.gz' version: None error: An error occurred (NoSuchKey) when calling the GetObject operation: The specified key does not exist.
  3590/8883: mp-865600
unable to access bucket: 'materialsproject-parsed' key: 'chgcars/mp-1425881.json.gz' version: None error: An error occurred (NoSuchKey) when calling the GetObject operation: The specified key does not exist.
  3591/8883: mp-1207804
  3592/8883: mp-864780
  3593/8883: mp-867852
unable to access bucket: 'materialsproject-parsed' key: 'chgcars/mp-1420081.json.gz' version: None error: An error occurred (NoSuchKey) when calling the GetObject operation: The specified key does not exist.
  3594/8883: mp-1111724
  3595/8883: mp-1534
unable to access bucket: 'materialsproject-parsed' key: 'chgcars/mp-1440688.json.gz' version: None error: An error occurred (NoSuchKey) when calling the GetObject operation: The specified key does not exist.
  3596/8883: mp-1185219
unable to access bucket: 'materialsproject-parsed' key: 'chgcars/mp-1391678.json.gz' version: None error: An error occurred (NoSuchKey) when calling the GetObject operation: The specified key does not exist.
  3597/8883: mp-975522
unable to access bucket: 'materialsproject-parsed' key: 'chgcars/mp-1435971.json.gz' version: None error: An error occurred (NoSuchKey) when calling the GetObject operation: The specified key does not exist.
  3598/8883: mp-863675
unable to access bucket: 'materialsproject-parsed' key: 'chgcars/mp-1429647.json.gz' version: None error: An error occurred (NoSuchKey) when calling the GetObject operation: The specified key does not exist.
  3599/8883: mp-1114027
  3600/8883: mp-1080142
  3601/8883: mp-1187670
unable to access bucket: 'materialsproject-parsed' key: 'chgcars/mp-1504879.json.gz' version: None error: An error occurred (NoSuchKey) when calling the GetObject operation: The specified key does not exist.
  3602/8883: mp-863707
  3603/8883: mp-1186140
  3604/8883: mp-1110961
  3605/8883: mp-1112276
unable to access bucket: 'materialsproject-parsed' key: 'chgcars/mp-1409732.json.gz' version: None error: An error occurred (NoSuchKey) when calling the GetObject operation: The specified key does not exist.
  3606/8883: mp-1185129
  3607/8883: mp-999390
  3608/8883: mp-862361
unable to access bucket: 'materialsproject-parsed' key: 'chgcars/mp-1475725.json.gz' version: None error: An error occurred (NoSuchKey) when calling the GetObject operation: The specified key does not exist.
  3609/8883: mp-1111484
unable to access bucket: 'materialsproject-parsed' key: 'chgcars/mp-1395164.json.gz' version: None error: An error occurred (NoSuchKey) when calling the GetObject operation: The specified key does not exist.
  3610/8883: mp-866106
  3611/8883: mp-1205550
  3612/8883: mp-867269
unable to access bucket: 'materialsproject-parsed' key: 'chgcars/mp-1420827.json.gz' version: None error: An error occurred (NoSuchKey) when calling the GetObject operation: The specified key does not exist.
  3613/8883: mp-1110755
  3614/8883: mp-977543
unable to access bucket: 'materialsproject-parsed' key: 'chgcars/mp-1420302.json.gz' version: None error: An error occurred (NoSuchKey) when calling the GetObject operation: The specified key does not exist.
  3615/8883: mp-866156
unable to access bucket: 'materialsproject-parsed' key: 'chgcars/mp-1425926.json.gz' version: None error: An error occurred (NoSuchKey) when calling the GetObject operation: The specified key does not exist.
  3616/8883: mp-1114159
  3617/8883: mp-863692
unable to access bucket: 'materialsproject-parsed' key: 'chgcars/mp-1415006.json.gz' version: None error: An error occurred (NoSuchKey) when calling the GetObject operation: The specified key does not exist.
  3618/8883: mp-1111779
  3619/8883: mp-977574
  3620/8883: mp-1184603
unable to access bucket: 'materialsproject-parsed' key: 'chgcars/mp-1443815.json.gz' version: None error: An error occurred (NoSuchKey) when calling the GetObject operation: The specified key does not exist.
  3621/8883: mp-1079581
  3622/8883: mp-1110838
unable to access bucket: 'materialsproject-parsed' key: 'chgcars/mp-1406116.json.gz' version: None error: An error occurred (NoSuchKey) when calling the GetObject operation: The specified key does not exist.
  3623/8883: mp-23406
  3624/8883: mp-1112842
  3625/8883: mp-862789
unable to access bucket: 'materialsproject-parsed' key: 'chgcars/mp-1421314.json.gz' version: None error: An error occurred (NoSuchKey) when calling the GetObject operation: The specified key does not exist.
  3626/8883: mp-1184451
unable to access bucket: 'materialsproject-parsed' key: 'chgcars/mp-1391235.json.gz' version: None error: An error occurred (NoSuchKey) when calling the GetObject operation: The specified key does not exist.
  3627/8883: mp-1187580
  3628/8883: mp-1078969
unable to access bucket: 'materialsproject-parsed' key: 'chgcars/mp-1285317.json.gz' version: None error: An error occurred (NoSuchKey) when calling the GetObject operation: The specified key does not exist.
  3629/8883: mp-641923
  3630/8883: mp-1183612
unable to access bucket: 'materialsproject-parsed' key: 'chgcars/mp-1395498.json.gz' version: None error: An error occurred (NoSuchKey) when calling the GetObject operation: The specified key does not exist.
  3631/8883: mp-980006
  3632/8883: mp-1184303
unable to access bucket: 'materialsproject-parsed' key: 'chgcars/mp-1429628.json.gz' version: None error: An error occurred (NoSuchKey) when calling the GetObject operation: The specified key does not exist.
  3633/8883: mp-1205582
unable to access bucket: 'materialsproject-parsed' key: 'chgcars/mp-1276231.json.gz' version: None error: An error occurred (NoSuchKey) when calling the GetObject operation: The specified key does not exist.
  3634/8883: mp-976596
  3635/8883: mp-1206062
  3636/8883: mp-2828
  3637/8883: mp-1112962
  3638/8883: mp-636212
  3639/8883: mp-4492
  3640/8883: mp-1184601
unable to access bucket: 'materialsproject-parsed' key: 'chgcars/mp-1428774.json.gz' version: None error: An error occurred (NoSuchKey) when calling the GetObject operation: The specified key does not exist.
  3641/8883: mp-1112254
  3642/8883: mp-865409
  3643/8883: mp-1112917
  3644/8883: mp-31186
  3645/8883: mp-1975
  3646/8883: mp-1113343
  3647/8883: mp-1206266
  3648/8883: mp-1147761
unable to access bucket: 'materialsproject-parsed' key: 'chgcars/mp-1409976.json.gz' version: None error: An error occurred (NoSuchKey) when calling the GetObject operation: The specified key does not exist.
  3649/8883: mp-1022729
unable to access bucket: 'materialsproject-parsed' key: 'chgcars/mp-1401680.json.gz' version: None error: An error occurred (NoSuchKey) when calling the GetObject operation: The specified key does not exist.
  3650/8883: mp-1208163
unable to access bucket: 'materialsproject-parsed' key: 'chgcars/mp-1385919.json.gz' version: None error: An error occurred (NoSuchKey) when calling the GetObject operation: The specified key does not exist.
  3651/8883: mp-1194450
unable to access bucket: 'materialsproject-parsed' key: 'chgcars/mp-1394286.json.gz' version: None error: An error occurred (NoSuchKey) when calling the GetObject operation: The specified key does not exist.
  3652/8883: mp-1112117
  3653/8883: mp-1110896
unable to access bucket: 'materialsproject-parsed' key: 'chgcars/mp-1407353.json.gz' version: None error: An error occurred (NoSuchKey) when calling the GetObject operation: The specified key does not exist.
  3654/8883: mp-1187013
  3655/8883: mp-1096861
  3656/8883: mp-1186456
unable to access bucket: 'materialsproject-parsed' key: 'chgcars/mp-1431375.json.gz' version: None error: An error occurred (NoSuchKey) when calling the GetObject operation: The specified key does not exist.
  3657/8883: mp-672191
  3658/8883: mp-631536
  3659/8883: mp-977400
  3660/8883: mp-1207052
unable to access bucket: 'materialsproject-parsed' key: 'chgcars/mp-1276036.json.gz' version: None error: An error occurred (NoSuchKey) when calling the GetObject operation: The specified key does not exist.
  3661/8883: mp-12642
  3662/8883: mp-31349
unable to access bucket: 'materialsproject-parsed' key: 'chgcars/mp-1421172.json.gz' version: None error: An error occurred (NoSuchKey) when calling the GetObject operation: The specified key does not exist.
  3663/8883: mp-1189427
  3664/8883: mp-1111401
unable to access bucket: 'materialsproject-parsed' key: 'chgcars/mp-1407860.json.gz' version: None error: An error occurred (NoSuchKey) when calling the GetObject operation: The specified key does not exist.
  3665/8883: mp-1187001
unable to access bucket: 'materialsproject-parsed' key: 'chgcars/mp-1411966.json.gz' version: None error: An error occurred (NoSuchKey) when calling the GetObject operation: The specified key does not exist.
  3666/8883: mp-864799
unable to access bucket: 'materialsproject-parsed' key: 'chgcars/mp-1415422.json.gz' version: None error: An error occurred (NoSuchKey) when calling the GetObject operation: The specified key does not exist.
  3667/8883: mp-1110587
  3668/8883: mp-864747
  3669/8883: mp-1266
  3670/8883: mp-1023128
unable to access bucket: 'materialsproject-parsed' key: 'chgcars/mp-1418340.json.gz' version: None error: An error occurred (NoSuchKey) when calling the GetObject operation: The specified key does not exist.
  3671/8883: mp-972183
unable to access bucket: 'materialsproject-parsed' key: 'chgcars/mp-1433659.json.gz' version: None error: An error occurred (NoSuchKey) when calling the GetObject operation: The specified key does not exist.
  3672/8883: mp-579
  3673/8883: mp-865270
unable to access bucket: 'materialsproject-parsed' key: 'chgcars/mp-1426495.json.gz' version: None error: An error occurred (NoSuchKey) when calling the GetObject operation: The specified key does not exist.
  3674/8883: mp-13800
  3675/8883: mp-978988
  3676/8883: mp-1186448
  3677/8883: mp-974458
  3678/8883: mp-1184267
  3679/8883: mp-20300
unable to access bucket: 'materialsproject-parsed' key: 'chgcars/mp-1439230.json.gz' version: None error: An error occurred (NoSuchKey) when calling the GetObject operation: The specified key does not exist.
  3680/8883: mp-723385
  3681/8883: mp-1232422
  3682/8883: mp-972751
unable to access bucket: 'materialsproject-parsed' key: 'chgcars/mp-1428414.json.gz' version: None error: An error occurred (NoSuchKey) when calling the GetObject operation: The specified key does not exist.
  3683/8883: mp-1008669
  3684/8883: mp-1187430
  3685/8883: mp-631386
unable to access bucket: 'materialsproject-parsed' key: 'chgcars/mp-1429103.json.gz' version: None error: An error occurred (NoSuchKey) when calling the GetObject operation: The specified key does not exist.
  3686/8883: mp-1111744
  3687/8883: mp-983587
  3688/8883: mp-1186051
unable to access bucket: 'materialsproject-parsed' key: 'chgcars/mp-1385666.json.gz' version: None error: An error occurred (NoSuchKey) when calling the GetObject operation: The specified key does not exist.
  3689/8883: mp-978261
  3690/8883: mp-864837
unable to access bucket: 'materialsproject-parsed' key: 'chgcars/mp-1415232.json.gz' version: None error: An error occurred (NoSuchKey) when calling the GetObject operation: The specified key does not exist.
  3691/8883: mp-984549
  3692/8883: mp-1184107
unable to access bucket: 'materialsproject-parsed' key: 'chgcars/mp-1425039.json.gz' version: None error: An error occurred (NoSuchKey) when calling the GetObject operation: The specified key does not exist.
  3693/8883: mp-20587
unable to access bucket: 'materialsproject-parsed' key: 'chgcars/mp-1440920.json.gz' version: None error: An error occurred (NoSuchKey) when calling the GetObject operation: The specified key does not exist.
  3694/8883: mp-1187411
unable to access bucket: 'materialsproject-parsed' key: 'chgcars/mp-1419160.json.gz' version: None error: An error occurred (NoSuchKey) when calling the GetObject operation: The specified key does not exist.
  3695/8883: mp-14038
unable to access bucket: 'materialsproject-parsed' key: 'chgcars/mp-1431853.json.gz' version: None error: An error occurred (NoSuchKey) when calling the GetObject operation: The specified key does not exist.
  3696/8883: mp-1110632
  3697/8883: mp-975892
unable to access bucket: 'materialsproject-parsed' key: 'chgcars/mp-1405940.json.gz' version: None error: An error occurred (NoSuchKey) when calling the GetObject operation: The specified key does not exist.
  3698/8883: mp-13815
  3699/8883: mp-1184354
unable to access bucket: 'materialsproject-parsed' key: 'chgcars/mp-1415282.json.gz' version: None error: An error occurred (NoSuchKey) when calling the GetObject operation: The specified key does not exist.
  3700/8883: mp-1185993
  3701/8883: mp-862944
unable to access bucket: 'materialsproject-parsed' key: 'chgcars/mp-1435691.json.gz' version: None error: An error occurred (NoSuchKey) when calling the GetObject operation: The specified key does not exist.
  3702/8883: mp-1008820
unable to access bucket: 'materialsproject-parsed' key: 'chgcars/mp-1430632.json.gz' version: None error: An error occurred (NoSuchKey) when calling the GetObject operation: The specified key does not exist.
  3703/8883: mp-755421
unable to access bucket: 'materialsproject-parsed' key: 'chgcars/mp-1446662.json.gz' version: None error: An error occurred (NoSuchKey) when calling the GetObject operation: The specified key does not exist.
  3704/8883: mp-1183512
unable to access bucket: 'materialsproject-parsed' key: 'chgcars/mp-1398154.json.gz' version: None error: An error occurred (NoSuchKey) when calling the GetObject operation: The specified key does not exist.
  3705/8883: mp-1206710
unable to access bucket: 'materialsproject-parsed' key: 'chgcars/mp-1504212.json.gz' version: None error: An error occurred (NoSuchKey) when calling the GetObject operation: The specified key does not exist.
  3706/8883: mp-21370
  3707/8883: mp-999378
unable to access bucket: 'materialsproject-parsed' key: 'chgcars/mp-1446246.json.gz' version: None error: An error occurred (NoSuchKey) when calling the GetObject operation: The specified key does not exist.
  3708/8883: mp-1111161
unable to access bucket: 'materialsproject-parsed' key: 'chgcars/mp-1446256.json.gz' version: None error: An error occurred (NoSuchKey) when calling the GetObject operation: The specified key does not exist.
  3709/8883: mp-1185957
unable to access bucket: 'materialsproject-parsed' key: 'chgcars/mp-1389401.json.gz' version: None error: An error occurred (NoSuchKey) when calling the GetObject operation: The specified key does not exist.
  3710/8883: mp-1114107
unable to access bucket: 'materialsproject-parsed' key: 'chgcars/mp-1409780.json.gz' version: None error: An error occurred (NoSuchKey) when calling the GetObject operation: The specified key does not exist.
  3711/8883: mp-631473
  3712/8883: mp-865470
  3713/8883: mp-1187206
unable to access bucket: 'materialsproject-parsed' key: 'chgcars/mp-1421091.json.gz' version: None error: An error occurred (NoSuchKey) when calling the GetObject operation: The specified key does not exist.
  3714/8883: mp-1114008
unable to access bucket: 'materialsproject-parsed' key: 'chgcars/mp-1405079.json.gz' version: None error: An error occurred (NoSuchKey) when calling the GetObject operation: The specified key does not exist.
  3715/8883: mp-30648
  3716/8883: mp-977590
  3717/8883: mp-972541
unable to access bucket: 'materialsproject-parsed' key: 'chgcars/mp-1430342.json.gz' version: None error: An error occurred (NoSuchKey) when calling the GetObject operation: The specified key does not exist.
  3718/8883: mp-2379
  3719/8883: mp-1112365
  3720/8883: mp-1112758
  3721/8883: mp-1205752
  3722/8883: mp-1187031
unable to access bucket: 'materialsproject-parsed' key: 'chgcars/mp-1437155.json.gz' version: None error: An error occurred (NoSuchKey) when calling the GetObject operation: The specified key does not exist.
  3723/8883: mp-1185506
unable to access bucket: 'materialsproject-parsed' key: 'chgcars/mp-1386312.json.gz' version: None error: An error occurred (NoSuchKey) when calling the GetObject operation: The specified key does not exist.
  3724/8883: mp-1206729
unable to access bucket: 'materialsproject-parsed' key: 'chgcars/mp-1391906.json.gz' version: None error: An error occurred (NoSuchKey) when calling the GetObject operation: The specified key does not exist.
  3725/8883: mp-1110929
  3726/8883: mp-1206368
  3727/8883: mp-1111678
unable to access bucket: 'materialsproject-parsed' key: 'chgcars/mp-1393280.json.gz' version: None error: An error occurred (NoSuchKey) when calling the GetObject operation: The specified key does not exist.
  3728/8883: mp-866279
  3729/8883: mp-867330
  3730/8883: mp-1111068
unable to access bucket: 'materialsproject-parsed' key: 'chgcars/mp-1443322.json.gz' version: None error: An error occurred (NoSuchKey) when calling the GetObject operation: The specified key does not exist.
  3731/8883: mp-1064667
unable to access bucket: 'materialsproject-parsed' key: 'chgcars/mp-1404965.json.gz' version: None error: An error occurred (NoSuchKey) when calling the GetObject operation: The specified key does not exist.
  3732/8883: mp-1895
  3733/8883: mp-998982
unable to access bucket: 'materialsproject-parsed' key: 'chgcars/mp-1419110.json.gz' version: None error: An error occurred (NoSuchKey) when calling the GetObject operation: The specified key does not exist.
  3734/8883: mp-1186869
  3735/8883: mp-674158
unable to access bucket: 'materialsproject-parsed' key: 'chgcars/mp-1429878.json.gz' version: None error: An error occurred (NoSuchKey) when calling the GetObject operation: The specified key does not exist.
  3736/8883: mp-1111156
  3737/8883: mp-13001
  3738/8883: mp-1185917
  3739/8883: mp-1187558
unable to access bucket: 'materialsproject-parsed' key: 'chgcars/mp-1432231.json.gz' version: None error: An error occurred (NoSuchKey) when calling the GetObject operation: The specified key does not exist.
  3740/8883: mp-24084
  3741/8883: mp-1110738
  3742/8883: mp-1206176
unable to access bucket: 'materialsproject-parsed' key: 'chgcars/mp-1392359.json.gz' version: None error: An error occurred (NoSuchKey) when calling the GetObject operation: The specified key does not exist.
  3743/8883: mp-1111606
  3744/8883: mp-5221
  3745/8883: mp-976076
  3746/8883: mp-1193840
unable to access bucket: 'materialsproject-parsed' key: 'chgcars/mp-1391021.json.gz' version: None error: An error occurred (NoSuchKey) when calling the GetObject operation: The specified key does not exist.
  3747/8883: mp-861976
unable to access bucket: 'materialsproject-parsed' key: 'chgcars/mp-1445520.json.gz' version: None error: An error occurred (NoSuchKey) when calling the GetObject operation: The specified key does not exist.
  3748/8883: mp-979431
unable to access bucket: 'materialsproject-parsed' key: 'chgcars/mp-1422748.json.gz' version: None error: An error occurred (NoSuchKey) when calling the GetObject operation: The specified key does not exist.
  3749/8883: mp-1184877
unable to access bucket: 'materialsproject-parsed' key: 'chgcars/mp-1383341.json.gz' version: None error: An error occurred (NoSuchKey) when calling the GetObject operation: The specified key does not exist.
  3750/8883: mp-18848
  3751/8883: mp-1110878
  3752/8883: mp-1185354
unable to access bucket: 'materialsproject-parsed' key: 'chgcars/mp-1443025.json.gz' version: None error: An error occurred (NoSuchKey) when calling the GetObject operation: The specified key does not exist.
  3753/8883: mp-948
unable to access bucket: 'materialsproject-parsed' key: 'chgcars/mp-1476212.json.gz' version: None error: An error occurred (NoSuchKey) when calling the GetObject operation: The specified key does not exist.
  3754/8883: mp-866160
  3755/8883: mp-1183798
unable to access bucket: 'materialsproject-parsed' key: 'chgcars/mp-1425284.json.gz' version: None error: An error occurred (NoSuchKey) when calling the GetObject operation: The specified key does not exist.
  3756/8883: mp-1112905
  3757/8883: mp-1191096
  3758/8883: mp-976060
  3759/8883: mp-1205556
unable to access bucket: 'materialsproject-parsed' key: 'chgcars/mp-1391829.json.gz' version: None error: An error occurred (NoSuchKey) when calling the GetObject operation: The specified key does not exist.
  3760/8883: mp-20581
  3761/8883: mp-1111940
unable to access bucket: 'materialsproject-parsed' key: 'chgcars/mp-1412410.json.gz' version: None error: An error occurred (NoSuchKey) when calling the GetObject operation: The specified key does not exist.
  3762/8883: mp-1187523
unable to access bucket: 'materialsproject-parsed' key: 'chgcars/mp-1407972.json.gz' version: None error: An error occurred (NoSuchKey) when calling the GetObject operation: The specified key does not exist.
  3763/8883: mp-865504
unable to access bucket: 'materialsproject-parsed' key: 'chgcars/mp-1423466.json.gz' version: None error: An error occurred (NoSuchKey) when calling the GetObject operation: The specified key does not exist.
  3764/8883: mp-1184167
unable to access bucket: 'materialsproject-parsed' key: 'chgcars/mp-1415432.json.gz' version: None error: An error occurred (NoSuchKey) when calling the GetObject operation: The specified key does not exist.
  3765/8883: mp-1207161
  3766/8883: mp-1112567
  3767/8883: mp-862963
  3768/8883: mp-865757
  3769/8883: mp-1079674
  3770/8883: mp-866228
unable to access bucket: 'materialsproject-parsed' key: 'chgcars/mp-1430135.json.gz' version: None error: An error occurred (NoSuchKey) when calling the GetObject operation: The specified key does not exist.
  3771/8883: mp-5491
unable to access bucket: 'materialsproject-parsed' key: 'chgcars/mp-1439474.json.gz' version: None error: An error occurred (NoSuchKey) when calling the GetObject operation: The specified key does not exist.
  3772/8883: mp-1112073
  3773/8883: mp-1206982
unable to access bucket: 'materialsproject-parsed' key: 'chgcars/mp-1429080.json.gz' version: None error: An error occurred (NoSuchKey) when calling the GetObject operation: The specified key does not exist.
  3774/8883: mp-865512
unable to access bucket: 'materialsproject-parsed' key: 'chgcars/mp-1417133.json.gz' version: None error: An error occurred (NoSuchKey) when calling the GetObject operation: The specified key does not exist.
  3775/8883: mp-1112553
unable to access bucket: 'materialsproject-parsed' key: 'chgcars/mp-1443673.json.gz' version: None error: An error occurred (NoSuchKey) when calling the GetObject operation: The specified key does not exist.
  3776/8883: mp-1114110
  3777/8883: mp-862791
unable to access bucket: 'materialsproject-parsed' key: 'chgcars/mp-1433971.json.gz' version: None error: An error occurred (NoSuchKey) when calling the GetObject operation: The specified key does not exist.
  3778/8883: mp-2201
  3779/8883: mp-1111090
unable to access bucket: 'materialsproject-parsed' key: 'chgcars/mp-1402597.json.gz' version: None error: An error occurred (NoSuchKey) when calling the GetObject operation: The specified key does not exist.
  3780/8883: mp-1112906
  3781/8883: mp-1187204
unable to access bucket: 'materialsproject-parsed' key: 'chgcars/mp-1420496.json.gz' version: None error: An error occurred (NoSuchKey) when calling the GetObject operation: The specified key does not exist.
  3782/8883: mp-1111069
  3783/8883: mp-1079107
unable to access bucket: 'materialsproject-parsed' key: 'chgcars/mp-1435575.json.gz' version: None error: An error occurred (NoSuchKey) when calling the GetObject operation: The specified key does not exist.
  3784/8883: mp-1113993
  3785/8883: mp-1183550
unable to access bucket: 'materialsproject-parsed' key: 'chgcars/mp-1417883.json.gz' version: None error: An error occurred (NoSuchKey) when calling the GetObject operation: The specified key does not exist.
  3786/8883: mp-865730
unable to access bucket: 'materialsproject-parsed' key: 'chgcars/mp-1421583.json.gz' version: None error: An error occurred (NoSuchKey) when calling the GetObject operation: The specified key does not exist.
  3787/8883: mp-865893
unable to access bucket: 'materialsproject-parsed' key: 'chgcars/mp-1414247.json.gz' version: None error: An error occurred (NoSuchKey) when calling the GetObject operation: The specified key does not exist.
  3788/8883: mp-1193476
  3789/8883: mp-1113104
unable to access bucket: 'materialsproject-parsed' key: 'chgcars/mp-1384388.json.gz' version: None error: An error occurred (NoSuchKey) when calling the GetObject operation: The specified key does not exist.
  3790/8883: mp-1205672
  3791/8883: mp-1111359
  3792/8883: mp-1187857
  3793/8883: mp-973874
unable to access bucket: 'materialsproject-parsed' key: 'chgcars/mp-1430998.json.gz' version: None error: An error occurred (NoSuchKey) when calling the GetObject operation: The specified key does not exist.
  3794/8883: mp-865841
unable to access bucket: 'materialsproject-parsed' key: 'chgcars/mp-1413637.json.gz' version: None error: An error occurred (NoSuchKey) when calling the GetObject operation: The specified key does not exist.
  3795/8883: mp-31363
unable to access bucket: 'materialsproject-parsed' key: 'chgcars/mp-1430783.json.gz' version: None error: An error occurred (NoSuchKey) when calling the GetObject operation: The specified key does not exist.
  3796/8883: mp-1184047
  3797/8883: mp-1209302
  3798/8883: mp-1112271
  3799/8883: mp-569149
  3800/8883: mp-1184617
unable to access bucket: 'materialsproject-parsed' key: 'chgcars/mp-1419777.json.gz' version: None error: An error occurred (NoSuchKey) when calling the GetObject operation: The specified key does not exist.
  3801/8883: mp-1112156
  3802/8883: mp-2692
unable to access bucket: 'materialsproject-parsed' key: 'chgcars/mp-1442178.json.gz' version: None error: An error occurred (NoSuchKey) when calling the GetObject operation: The specified key does not exist.
  3803/8883: mp-1184494
unable to access bucket: 'materialsproject-parsed' key: 'chgcars/mp-1405001.json.gz' version: None error: An error occurred (NoSuchKey) when calling the GetObject operation: The specified key does not exist.
  3804/8883: mp-1113000
  3805/8883: mp-1184642
  3806/8883: mp-1112624
unable to access bucket: 'materialsproject-parsed' key: 'chgcars/mp-1384582.json.gz' version: None error: An error occurred (NoSuchKey) when calling the GetObject operation: The specified key does not exist.
  3807/8883: mp-1206874
  3808/8883: mp-1113412
  3809/8883: mp-754296
  3810/8883: mp-867170
  3811/8883: mp-1110939
  3812/8883: mp-867768
unable to access bucket: 'materialsproject-parsed' key: 'chgcars/mp-1504226.json.gz' version: None error: An error occurred (NoSuchKey) when calling the GetObject operation: The specified key does not exist.
  3813/8883: mp-1110986
unable to access bucket: 'materialsproject-parsed' key: 'chgcars/mp-1396318.json.gz' version: None error: An error occurred (NoSuchKey) when calling the GetObject operation: The specified key does not exist.
  3814/8883: mp-1193884
unable to access bucket: 'materialsproject-parsed' key: 'chgcars/mp-1445701.json.gz' version: None error: An error occurred (NoSuchKey) when calling the GetObject operation: The specified key does not exist.
  3815/8883: mp-1113321
  3816/8883: mp-862559
unable to access bucket: 'materialsproject-parsed' key: 'chgcars/mp-1435280.json.gz' version: None error: An error occurred (NoSuchKey) when calling the GetObject operation: The specified key does not exist.
  3817/8883: mp-861929
  3818/8883: mp-1184634
  3819/8883: mp-1112499
  3820/8883: mp-1112661
  3821/8883: mp-1206711
  3822/8883: mp-864902
unable to access bucket: 'materialsproject-parsed' key: 'chgcars/mp-1425288.json.gz' version: None error: An error occurred (NoSuchKey) when calling the GetObject operation: The specified key does not exist.
  3823/8883: mp-582759
  3824/8883: mp-1110874
  3825/8883: mp-1205824
  3826/8883: mp-1186313
unable to access bucket: 'materialsproject-parsed' key: 'chgcars/mp-1503999.json.gz' version: None error: An error occurred (NoSuchKey) when calling the GetObject operation: The specified key does not exist.
  3827/8883: mp-1184627
unable to access bucket: 'materialsproject-parsed' key: 'chgcars/mp-1426143.json.gz' version: None error: An error occurred (NoSuchKey) when calling the GetObject operation: The specified key does not exist.
  3828/8883: mp-973203
unable to access bucket: 'materialsproject-parsed' key: 'chgcars/mp-1421532.json.gz' version: None error: An error occurred (NoSuchKey) when calling the GetObject operation: The specified key does not exist.
  3829/8883: mp-1185434
  3830/8883: mp-861876
  3831/8883: mp-1113156
  3832/8883: mp-1112931
  3833/8883: mp-865731
unable to access bucket: 'materialsproject-parsed' key: 'chgcars/mp-1434283.json.gz' version: None error: An error occurred (NoSuchKey) when calling the GetObject operation: The specified key does not exist.
  3834/8883: mp-2388
  3835/8883: mp-631277
unable to access bucket: 'materialsproject-parsed' key: 'chgcars/mp-1420601.json.gz' version: None error: An error occurred (NoSuchKey) when calling the GetObject operation: The specified key does not exist.
  3836/8883: mp-984627
  3837/8883: mp-1192680
unable to access bucket: 'materialsproject-parsed' key: 'chgcars/mp-1383296.json.gz' version: None error: An error occurred (NoSuchKey) when calling the GetObject operation: The specified key does not exist.
  3838/8883: mp-862841
unable to access bucket: 'materialsproject-parsed' key: 'chgcars/mp-1429625.json.gz' version: None error: An error occurred (NoSuchKey) when calling the GetObject operation: The specified key does not exist.
  3839/8883: mp-866087
unable to access bucket: 'materialsproject-parsed' key: 'chgcars/mp-1386419.json.gz' version: None error: An error occurred (NoSuchKey) when calling the GetObject operation: The specified key does not exist.
  3840/8883: mp-1187499
  3841/8883: mp-1185961
  3842/8883: mp-1005850
unable to access bucket: 'materialsproject-parsed' key: 'chgcars/mp-1400240.json.gz' version: None error: An error occurred (NoSuchKey) when calling the GetObject operation: The specified key does not exist.
  3843/8883: mp-1187181
  3844/8883: mp-1185607
  3845/8883: mp-1111207
unable to access bucket: 'materialsproject-parsed' key: 'chgcars/mp-1443614.json.gz' version: None error: An error occurred (NoSuchKey) when calling the GetObject operation: The specified key does not exist.
  3846/8883: mp-24727
unable to access bucket: 'materialsproject-parsed' key: 'chgcars/mp-1439158.json.gz' version: None error: An error occurred (NoSuchKey) when calling the GetObject operation: The specified key does not exist.
  3847/8883: mp-862719
unable to access bucket: 'materialsproject-parsed' key: 'chgcars/mp-1434871.json.gz' version: None error: An error occurred (NoSuchKey) when calling the GetObject operation: The specified key does not exist.
  3848/8883: mp-726709
  3849/8883: mp-1113379
unable to access bucket: 'materialsproject-parsed' key: 'chgcars/mp-1371482.json.gz' version: None error: An error occurred (NoSuchKey) when calling the GetObject operation: The specified key does not exist.
  3850/8883: mp-865926
  3851/8883: mp-1110654
  3852/8883: mp-10108
  3853/8883: mp-11537
  3854/8883: mp-1183459
  3855/8883: mp-1187650
  3856/8883: mp-973646
  3857/8883: mp-1113226
  3858/8883: mp-1111648
unable to access bucket: 'materialsproject-parsed' key: 'chgcars/mp-1445363.json.gz' version: None error: An error occurred (NoSuchKey) when calling the GetObject operation: The specified key does not exist.
  3859/8883: mp-1112309
unable to access bucket: 'materialsproject-parsed' key: 'chgcars/mp-1403328.json.gz' version: None error: An error occurred (NoSuchKey) when calling the GetObject operation: The specified key does not exist.
  3860/8883: mp-975442
unable to access bucket: 'materialsproject-parsed' key: 'chgcars/mp-1418031.json.gz' version: None error: An error occurred (NoSuchKey) when calling the GetObject operation: The specified key does not exist.
  3861/8883: mp-1958
  3862/8883: mp-1186414
  3863/8883: mp-1110741
  3864/8883: mp-975275
unable to access bucket: 'materialsproject-parsed' key: 'chgcars/mp-1405188.json.gz' version: None error: An error occurred (NoSuchKey) when calling the GetObject operation: The specified key does not exist.
  3865/8883: mp-5955
  3866/8883: mp-1185943
  3867/8883: mp-1186360
unable to access bucket: 'materialsproject-parsed' key: 'chgcars/mp-1423813.json.gz' version: None error: An error occurred (NoSuchKey) when calling the GetObject operation: The specified key does not exist.
  3868/8883: mp-865787
unable to access bucket: 'materialsproject-parsed' key: 'chgcars/mp-1415715.json.gz' version: None error: An error occurred (NoSuchKey) when calling the GetObject operation: The specified key does not exist.
  3869/8883: mp-76
  3870/8883: mp-984660
  3871/8883: mp-16524
  3872/8883: mp-24147
unable to access bucket: 'materialsproject-parsed' key: 'chgcars/mp-1437697.json.gz' version: None error: An error occurred (NoSuchKey) when calling the GetObject operation: The specified key does not exist.
  3873/8883: mp-24728
unable to access bucket: 'materialsproject-parsed' key: 'chgcars/mp-1442122.json.gz' version: None error: An error occurred (NoSuchKey) when calling the GetObject operation: The specified key does not exist.
  3874/8883: mp-23950
unable to access bucket: 'materialsproject-parsed' key: 'chgcars/mp-1416109.json.gz' version: None error: An error occurred (NoSuchKey) when calling the GetObject operation: The specified key does not exist.
  3875/8883: mp-866062
unable to access bucket: 'materialsproject-parsed' key: 'chgcars/mp-1419544.json.gz' version: None error: An error occurred (NoSuchKey) when calling the GetObject operation: The specified key does not exist.
  3876/8883: mp-30658
  3877/8883: mp-972877
  3878/8883: mp-9839
  3879/8883: mp-1186759
unable to access bucket: 'materialsproject-parsed' key: 'chgcars/mp-1427528.json.gz' version: None error: An error occurred (NoSuchKey) when calling the GetObject operation: The specified key does not exist.
  3880/8883: mp-1186047
  3881/8883: mp-1187818
  3882/8883: mp-1205623
  3883/8883: mp-1112422
  3884/8883: mp-643243
  3885/8883: mp-1183453
unable to access bucket: 'materialsproject-parsed' key: 'chgcars/mp-1405582.json.gz' version: None error: An error occurred (NoSuchKey) when calling the GetObject operation: The specified key does not exist.
  3886/8883: mp-1111477
  3887/8883: mp-1194264
unable to access bucket: 'materialsproject-parsed' key: 'chgcars/mp-1408119.json.gz' version: None error: An error occurred (NoSuchKey) when calling the GetObject operation: The specified key does not exist.
  3888/8883: mp-867319
  3889/8883: mp-1787
unable to access bucket: 'materialsproject-parsed' key: 'chgcars/mp-1438825.json.gz' version: None error: An error occurred (NoSuchKey) when calling the GetObject operation: The specified key does not exist.
  3890/8883: mp-978995
unable to access bucket: 'materialsproject-parsed' key: 'chgcars/mp-1417613.json.gz' version: None error: An error occurred (NoSuchKey) when calling the GetObject operation: The specified key does not exist.
  3891/8883: mp-1187958
  3892/8883: mp-1093
unable to access bucket: 'materialsproject-parsed' key: 'chgcars/mp-1442228.json.gz' version: None error: An error occurred (NoSuchKey) when calling the GetObject operation: The specified key does not exist.
  3893/8883: mp-23425
  3894/8883: mp-989399
unable to access bucket: 'materialsproject-parsed' key: 'chgcars/mp-1386714.json.gz' version: None error: An error occurred (NoSuchKey) when calling the GetObject operation: The specified key does not exist.
  3895/8883: mp-30765
  3896/8883: mp-1205525
  3897/8883: mp-1007991
  3898/8883: mp-1186712
  3899/8883: mp-978520
  3900/8883: mp-1112957
  3901/8883: mp-1184462
  3902/8883: mp-1111774
unable to access bucket: 'materialsproject-parsed' key: 'chgcars/mp-1342576.json.gz' version: None error: An error occurred (NoSuchKey) when calling the GetObject operation: The specified key does not exist.
  3903/8883: mp-1112895
unable to access bucket: 'materialsproject-parsed' key: 'chgcars/mp-1366842.json.gz' version: None error: An error occurred (NoSuchKey) when calling the GetObject operation: The specified key does not exist.
  3904/8883: mp-1187171
  3905/8883: mp-1186672
unable to access bucket: 'materialsproject-parsed' key: 'chgcars/mp-1409773.json.gz' version: None error: An error occurred (NoSuchKey) when calling the GetObject operation: The specified key does not exist.
  3906/8883: mp-7171
  3907/8883: mp-866147
unable to access bucket: 'materialsproject-parsed' key: 'chgcars/mp-1429807.json.gz' version: None error: An error occurred (NoSuchKey) when calling the GetObject operation: The specified key does not exist.
  3908/8883: mp-1199250
  3909/8883: mp-550579
  3910/8883: mp-1184155
unable to access bucket: 'materialsproject-parsed' key: 'chgcars/mp-1436280.json.gz' version: None error: An error occurred (NoSuchKey) when calling the GetObject operation: The specified key does not exist.
  3911/8883: mp-441
  3912/8883: mp-1187091
  3913/8883: mp-1111022
  3914/8883: mp-977364
unable to access bucket: 'materialsproject-parsed' key: 'chgcars/mp-1415338.json.gz' version: None error: An error occurred (NoSuchKey) when calling the GetObject operation: The specified key does not exist.
  3915/8883: mp-979288
unable to access bucket: 'materialsproject-parsed' key: 'chgcars/mp-1433230.json.gz' version: None error: An error occurred (NoSuchKey) when calling the GetObject operation: The specified key does not exist.
  3916/8883: mp-1114112
unable to access bucket: 'materialsproject-parsed' key: 'chgcars/mp-1368047.json.gz' version: None error: An error occurred (NoSuchKey) when calling the GetObject operation: The specified key does not exist.
  3917/8883: mp-865172
  3918/8883: mp-978907
  3919/8883: mp-631554
  3920/8883: mp-1113375
unable to access bucket: 'materialsproject-parsed' key: 'chgcars/mp-1389878.json.gz' version: None error: An error occurred (NoSuchKey) when calling the GetObject operation: The specified key does not exist.
  3921/8883: mp-1110965
  3922/8883: mp-989559
unable to access bucket: 'materialsproject-parsed' key: 'chgcars/mp-1392979.json.gz' version: None error: An error occurred (NoSuchKey) when calling the GetObject operation: The specified key does not exist.
  3923/8883: mp-1186942
  3924/8883: mp-8636
unable to access bucket: 'materialsproject-parsed' key: 'chgcars/mp-1504844.json.gz' version: None error: An error occurred (NoSuchKey) when calling the GetObject operation: The specified key does not exist.
  3925/8883: mp-1112065
unable to access bucket: 'materialsproject-parsed' key: 'chgcars/mp-1383483.json.gz' version: None error: An error occurred (NoSuchKey) when calling the GetObject operation: The specified key does not exist.
  3926/8883: mp-1315
  3927/8883: mp-862734
unable to access bucket: 'materialsproject-parsed' key: 'chgcars/mp-1425063.json.gz' version: None error: An error occurred (NoSuchKey) when calling the GetObject operation: The specified key does not exist.
  3928/8883: mp-1184770
unable to access bucket: 'materialsproject-parsed' key: 'chgcars/mp-1504301.json.gz' version: None error: An error occurred (NoSuchKey) when calling the GetObject operation: The specified key does not exist.
  3929/8883: mp-1186694
  3930/8883: mp-1110793
unable to access bucket: 'materialsproject-parsed' key: 'chgcars/mp-1409211.json.gz' version: None error: An error occurred (NoSuchKey) when calling the GetObject operation: The specified key does not exist.
  3931/8883: mp-1187455
unable to access bucket: 'materialsproject-parsed' key: 'chgcars/mp-1428001.json.gz' version: None error: An error occurred (NoSuchKey) when calling the GetObject operation: The specified key does not exist.
  3932/8883: mp-862805
unable to access bucket: 'materialsproject-parsed' key: 'chgcars/mp-1420452.json.gz' version: None error: An error occurred (NoSuchKey) when calling the GetObject operation: The specified key does not exist.
  3933/8883: mp-1186766
unable to access bucket: 'materialsproject-parsed' key: 'chgcars/mp-1416195.json.gz' version: None error: An error occurred (NoSuchKey) when calling the GetObject operation: The specified key does not exist.
  3934/8883: mp-1184110
  3935/8883: mp-1111507
  3936/8883: mp-984785
  3937/8883: mp-864978
  3938/8883: mp-1186311
  3939/8883: mp-463
unable to access bucket: 'materialsproject-parsed' key: 'chgcars/mp-1440360.json.gz' version: None error: An error occurred (NoSuchKey) when calling the GetObject operation: The specified key does not exist.
  3940/8883: mp-1110980
unable to access bucket: 'materialsproject-parsed' key: 'chgcars/mp-1385636.json.gz' version: None error: An error occurred (NoSuchKey) when calling the GetObject operation: The specified key does not exist.
  3941/8883: mp-1111531
  3942/8883: mp-12128
  3943/8883: mp-864975
unable to access bucket: 'materialsproject-parsed' key: 'chgcars/mp-1418656.json.gz' version: None error: An error occurred (NoSuchKey) when calling the GetObject operation: The specified key does not exist.
  3944/8883: mp-865958
  3945/8883: mp-1183725
  3946/8883: mp-2384
unable to access bucket: 'materialsproject-parsed' key: 'chgcars/mp-1439948.json.gz' version: None error: An error occurred (NoSuchKey) when calling the GetObject operation: The specified key does not exist.
  3947/8883: mp-865195
unable to access bucket: 'materialsproject-parsed' key: 'chgcars/mp-1427990.json.gz' version: None error: An error occurred (NoSuchKey) when calling the GetObject operation: The specified key does not exist.
  3948/8883: mp-1206567
  3949/8883: mp-1187392
unable to access bucket: 'materialsproject-parsed' key: 'chgcars/mp-1428313.json.gz' version: None error: An error occurred (NoSuchKey) when calling the GetObject operation: The specified key does not exist.
  3950/8883: mp-1184072
unable to access bucket: 'materialsproject-parsed' key: 'chgcars/mp-1424214.json.gz' version: None error: An error occurred (NoSuchKey) when calling the GetObject operation: The specified key does not exist.
  3951/8883: mp-24420
  3952/8883: mp-1183567
  3953/8883: mp-1184130
  3954/8883: mp-31339
  3955/8883: mp-973631
unable to access bucket: 'materialsproject-parsed' key: 'chgcars/mp-1417570.json.gz' version: None error: An error occurred (NoSuchKey) when calling the GetObject operation: The specified key does not exist.
  3956/8883: mp-865764
unable to access bucket: 'materialsproject-parsed' key: 'chgcars/mp-1418080.json.gz' version: None error: An error occurred (NoSuchKey) when calling the GetObject operation: The specified key does not exist.
  3957/8883: mp-1206032
unable to access bucket: 'materialsproject-parsed' key: 'chgcars/mp-1387774.json.gz' version: None error: An error occurred (NoSuchKey) when calling the GetObject operation: The specified key does not exist.
  3958/8883: mp-974744
  3959/8883: mp-989561
  3960/8883: mp-1187383
  3961/8883: mp-1185623
unable to access bucket: 'materialsproject-parsed' key: 'chgcars/mp-1401181.json.gz' version: None error: An error occurred (NoSuchKey) when calling the GetObject operation: The specified key does not exist.
  3962/8883: mp-1184428
unable to access bucket: 'materialsproject-parsed' key: 'chgcars/mp-1655733.json.gz' version: None error: An error occurred (NoSuchKey) when calling the GetObject operation: The specified key does not exist.
  3963/8883: mp-555464
  3964/8883: mp-1184787
unable to access bucket: 'materialsproject-parsed' key: 'chgcars/mp-1421074.json.gz' version: None error: An error occurred (NoSuchKey) when calling the GetObject operation: The specified key does not exist.
  3965/8883: mp-1112264
unable to access bucket: 'materialsproject-parsed' key: 'chgcars/mp-1445118.json.gz' version: None error: An error occurred (NoSuchKey) when calling the GetObject operation: The specified key does not exist.
  3966/8883: mp-1114033
  3967/8883: mp-1184062
  3968/8883: mp-23209
unable to access bucket: 'materialsproject-parsed' key: 'chgcars/mp-1439671.json.gz' version: None error: An error occurred (NoSuchKey) when calling the GetObject operation: The specified key does not exist.
  3969/8883: mp-1207285
  3970/8883: mp-972274
  3971/8883: mp-1208719
unable to access bucket: 'materialsproject-parsed' key: 'chgcars/mp-1404398.json.gz' version: None error: An error occurred (NoSuchKey) when calling the GetObject operation: The specified key does not exist.
  3972/8883: mp-1330
  3973/8883: mp-1113973
  3974/8883: mp-867242
  3975/8883: mp-1186940
unable to access bucket: 'materialsproject-parsed' key: 'chgcars/mp-1412203.json.gz' version: None error: An error occurred (NoSuchKey) when calling the GetObject operation: The specified key does not exist.
  3976/8883: mp-1186005
  3977/8883: mp-861483
unable to access bucket: 'materialsproject-parsed' key: 'chgcars/mp-1504904.json.gz' version: None error: An error occurred (NoSuchKey) when calling the GetObject operation: The specified key does not exist.
  3978/8883: mp-978856
unable to access bucket: 'materialsproject-parsed' key: 'chgcars/mp-1423029.json.gz' version: None error: An error occurred (NoSuchKey) when calling the GetObject operation: The specified key does not exist.
  3979/8883: mp-1185507
unable to access bucket: 'materialsproject-parsed' key: 'chgcars/mp-1436036.json.gz' version: None error: An error occurred (NoSuchKey) when calling the GetObject operation: The specified key does not exist.
  3980/8883: mp-1113614
  3981/8883: mp-862256
  3982/8883: mp-1187039
  3983/8883: mp-1110907
  3984/8883: mp-865051
  3985/8883: mp-1018023
unable to access bucket: 'materialsproject-parsed' key: 'chgcars/mp-1504566.json.gz' version: None error: An error occurred (NoSuchKey) when calling the GetObject operation: The specified key does not exist.
  3986/8883: mp-5478
  3987/8883: mp-864629
  3988/8883: mp-1112112
  3989/8883: mp-1184106
  3990/8883: mp-19929
  3991/8883: mp-973564
unable to access bucket: 'materialsproject-parsed' key: 'chgcars/mp-1396290.json.gz' version: None error: An error occurred (NoSuchKey) when calling the GetObject operation: The specified key does not exist.
  3992/8883: mp-1110775
  3993/8883: mp-1110764
  3994/8883: mp-1110758
  3995/8883: mp-1111796
unable to access bucket: 'materialsproject-parsed' key: 'chgcars/mp-1392389.json.gz' version: None error: An error occurred (NoSuchKey) when calling the GetObject operation: The specified key does not exist.
  3996/8883: mp-989529
  3997/8883: mp-1187433
  3998/8883: mp-865364
  3999/8883: mp-1112958
unable to access bucket: 'materialsproject-parsed' key: 'chgcars/mp-1387649.json.gz' version: None error: An error occurred (NoSuchKey) when calling the GetObject operation: The specified key does not exist.
  4000/8883: mp-1185496
unable to access bucket: 'materialsproject-parsed' key: 'chgcars/mp-1431173.json.gz' version: None error: An error occurred (NoSuchKey) when calling the GetObject operation: The specified key does not exist.
  4001/8883: mp-864933
unable to access bucket: 'materialsproject-parsed' key: 'chgcars/mp-1394945.json.gz' version: None error: An error occurred (NoSuchKey) when calling the GetObject operation: The specified key does not exist.
  4002/8883: mp-1096853
unable to access bucket: 'materialsproject-parsed' key: 'chgcars/mp-1771005.json.gz' version: None error: An error occurred (NoSuchKey) when calling the GetObject operation: The specified key does not exist.
  4003/8883: mp-1008826
  4004/8883: mp-1114132
  4005/8883: mp-1183768
unable to access bucket: 'materialsproject-parsed' key: 'chgcars/mp-1431417.json.gz' version: None error: An error occurred (NoSuchKey) when calling the GetObject operation: The specified key does not exist.
  4006/8883: mp-862371
  4007/8883: mp-111
  4008/8883: mp-3640
unable to access bucket: 'materialsproject-parsed' key: 'chgcars/mp-1333907.json.gz' version: None error: An error occurred (NoSuchKey) when calling the GetObject operation: The specified key does not exist.
  4009/8883: mp-1094048
unable to access bucket: 'materialsproject-parsed' key: 'chgcars/mp-1279872.json.gz' version: None error: An error occurred (NoSuchKey) when calling the GetObject operation: The specified key does not exist.
  4010/8883: mp-1183492
unable to access bucket: 'materialsproject-parsed' key: 'chgcars/mp-1386963.json.gz' version: None error: An error occurred (NoSuchKey) when calling the GetObject operation: The specified key does not exist.
  4011/8883: mp-1184576
  4012/8883: mp-978085
unable to access bucket: 'materialsproject-parsed' key: 'chgcars/mp-1436654.json.gz' version: None error: An error occurred (NoSuchKey) when calling the GetObject operation: The specified key does not exist.
  4013/8883: mp-1078746
unable to access bucket: 'materialsproject-parsed' key: 'chgcars/mp-1432862.json.gz' version: None error: An error occurred (NoSuchKey) when calling the GetObject operation: The specified key does not exist.
  4014/8883: mp-1220306
  4015/8883: mp-27833
  4016/8883: mp-1194313
unable to access bucket: 'materialsproject-parsed' key: 'chgcars/mp-1383875.json.gz' version: None error: An error occurred (NoSuchKey) when calling the GetObject operation: The specified key does not exist.
  4017/8883: mp-1111734
  4018/8883: mp-866282
  4019/8883: mp-1061023
unable to access bucket: 'materialsproject-parsed' key: 'chgcars/mp-1438501.json.gz' version: None error: An error occurred (NoSuchKey) when calling the GetObject operation: The specified key does not exist.
  4020/8883: mp-973557
  4021/8883: mp-545792
unable to access bucket: 'materialsproject-parsed' key: 'chgcars/mp-1283545.json.gz' version: None error: An error occurred (NoSuchKey) when calling the GetObject operation: The specified key does not exist.
  4022/8883: mp-984768
  4023/8883: mp-1112180
  4024/8883: mp-1185441
  4025/8883: mp-1188004
unable to access bucket: 'materialsproject-parsed' key: 'chgcars/mp-1425036.json.gz' version: None error: An error occurred (NoSuchKey) when calling the GetObject operation: The specified key does not exist.
  4026/8883: mp-1209055
unable to access bucket: 'materialsproject-parsed' key: 'chgcars/mp-1410937.json.gz' version: None error: An error occurred (NoSuchKey) when calling the GetObject operation: The specified key does not exist.
  4027/8883: mp-1112640
  4028/8883: mp-1112057
  4029/8883: mp-865887
unable to access bucket: 'materialsproject-parsed' key: 'chgcars/mp-1427131.json.gz' version: None error: An error occurred (NoSuchKey) when calling the GetObject operation: The specified key does not exist.
  4030/8883: mp-1205997
unable to access bucket: 'materialsproject-parsed' key: 'chgcars/mp-1395913.json.gz' version: None error: An error occurred (NoSuchKey) when calling the GetObject operation: The specified key does not exist.
  4031/8883: mp-981312
  4032/8883: mp-983446
  4033/8883: mp-1112125
  4034/8883: mp-672232
  4035/8883: mp-1205595
  4036/8883: mp-1111329
  4037/8883: mp-1111636
  4038/8883: mp-1186378
unable to access bucket: 'materialsproject-parsed' key: 'chgcars/mp-1655732.json.gz' version: None error: An error occurred (NoSuchKey) when calling the GetObject operation: The specified key does not exist.
  4039/8883: mp-1183488
  4040/8883: mp-19085
unable to access bucket: 'materialsproject-parsed' key: 'chgcars/mp-1281767.json.gz' version: None error: An error occurred (NoSuchKey) when calling the GetObject operation: The specified key does not exist.
  4041/8883: mp-977570
  4042/8883: mp-982666
unable to access bucket: 'materialsproject-parsed' key: 'chgcars/mp-1427354.json.gz' version: None error: An error occurred (NoSuchKey) when calling the GetObject operation: The specified key does not exist.
  4043/8883: mp-1194458
unable to access bucket: 'materialsproject-parsed' key: 'chgcars/mp-1393115.json.gz' version: None error: An error occurred (NoSuchKey) when calling the GetObject operation: The specified key does not exist.
  4044/8883: mp-865585
  4045/8883: mp-30763
  4046/8883: mp-1186214
unable to access bucket: 'materialsproject-parsed' key: 'chgcars/mp-1409997.json.gz' version: None error: An error occurred (NoSuchKey) when calling the GetObject operation: The specified key does not exist.
  4047/8883: mp-1206662
  4048/8883: mp-4955
  4049/8883: mp-862600
  4050/8883: mp-978083
unable to access bucket: 'materialsproject-parsed' key: 'chgcars/mp-1423973.json.gz' version: None error: An error occurred (NoSuchKey) when calling the GetObject operation: The specified key does not exist.
  4051/8883: mp-549767
unable to access bucket: 'materialsproject-parsed' key: 'chgcars/mp-1429704.json.gz' version: None error: An error occurred (NoSuchKey) when calling the GetObject operation: The specified key does not exist.
  4052/8883: mp-30641
unable to access bucket: 'materialsproject-parsed' key: 'chgcars/mp-1430803.json.gz' version: None error: An error occurred (NoSuchKey) when calling the GetObject operation: The specified key does not exist.
  4053/8883: mp-1114251
  4054/8883: mp-981314
  4055/8883: mp-977369
  4056/8883: mp-1187409
  4057/8883: mp-1187868
  4058/8883: mp-863698
unable to access bucket: 'materialsproject-parsed' key: 'chgcars/mp-1446099.json.gz' version: None error: An error occurred (NoSuchKey) when calling the GetObject operation: The specified key does not exist.
  4059/8883: mp-1112236
  4060/8883: mp-1187731
unable to access bucket: 'materialsproject-parsed' key: 'chgcars/mp-1436707.json.gz' version: None error: An error occurred (NoSuchKey) when calling the GetObject operation: The specified key does not exist.
  4061/8883: mp-1186772
  4062/8883: mp-1078725
  4063/8883: mp-1186361
unable to access bucket: 'materialsproject-parsed' key: 'chgcars/mp-1431037.json.gz' version: None error: An error occurred (NoSuchKey) when calling the GetObject operation: The specified key does not exist.
  4064/8883: mp-1186677
  4065/8883: mp-1114116
  4066/8883: mp-1113057
  4067/8883: mp-1094054
unable to access bucket: 'materialsproject-parsed' key: 'chgcars/mp-1281950.json.gz' version: None error: An error occurred (NoSuchKey) when calling the GetObject operation: The specified key does not exist.
  4068/8883: mp-865981
  4069/8883: mp-1111801
  4070/8883: mp-1184448
  4071/8883: mp-1184596
  4072/8883: mp-6687
unable to access bucket: 'materialsproject-parsed' key: 'chgcars/mp-1429652.json.gz' version: None error: An error occurred (NoSuchKey) when calling the GetObject operation: The specified key does not exist.
  4073/8883: mp-1110786
  4074/8883: mp-1114262
unable to access bucket: 'materialsproject-parsed' key: 'chgcars/mp-1386216.json.gz' version: None error: An error occurred (NoSuchKey) when calling the GetObject operation: The specified key does not exist.
  4075/8883: mp-1112240
  4076/8883: mp-24724
unable to access bucket: 'materialsproject-parsed' key: 'chgcars/mp-1440071.json.gz' version: None error: An error occurred (NoSuchKey) when calling the GetObject operation: The specified key does not exist.
  4077/8883: mp-865217
  4078/8883: mp-1192512
  4079/8883: mp-1112362
  4080/8883: mp-1114120
  4081/8883: mp-1111117
  4082/8883: mp-1111777
  4083/8883: mp-1184869
  4084/8883: mp-976939
  4085/8883: mp-1185992
  4086/8883: mp-867213
  4087/8883: mp-504778
unable to access bucket: 'materialsproject-parsed' key: 'chgcars/mp-1429914.json.gz' version: None error: An error occurred (NoSuchKey) when calling the GetObject operation: The specified key does not exist.
  4088/8883: mp-554971
  4089/8883: mp-1008277
  4090/8883: mp-862431
unable to access bucket: 'materialsproject-parsed' key: 'chgcars/mp-1475673.json.gz' version: None error: An error occurred (NoSuchKey) when calling the GetObject operation: The specified key does not exist.
  4091/8883: mp-972641
  4092/8883: mp-1183888
unable to access bucket: 'materialsproject-parsed' key: 'chgcars/mp-1398563.json.gz' version: None error: An error occurred (NoSuchKey) when calling the GetObject operation: The specified key does not exist.
  4093/8883: mp-1193568
unable to access bucket: 'materialsproject-parsed' key: 'chgcars/mp-1403290.json.gz' version: None error: An error occurred (NoSuchKey) when calling the GetObject operation: The specified key does not exist.
  4094/8883: mp-1113733
  4095/8883: mp-631491
unable to access bucket: 'materialsproject-parsed' key: 'chgcars/mp-1405626.json.gz' version: None error: An error occurred (NoSuchKey) when calling the GetObject operation: The specified key does not exist.
  4096/8883: mp-1184518
unable to access bucket: 'materialsproject-parsed' key: 'chgcars/mp-1666656.json.gz' version: None error: An error occurred (NoSuchKey) when calling the GetObject operation: The specified key does not exist.
  4097/8883: mp-862378
  4098/8883: mp-1112114
  4099/8883: mp-1191131
  4100/8883: mp-1185013
unable to access bucket: 'materialsproject-parsed' key: 'chgcars/mp-1436640.json.gz' version: None error: An error occurred (NoSuchKey) when calling the GetObject operation: The specified key does not exist.
  4101/8883: mp-1111112
unable to access bucket: 'materialsproject-parsed' key: 'chgcars/mp-1410497.json.gz' version: None error: An error occurred (NoSuchKey) when calling the GetObject operation: The specified key does not exist.
  4102/8883: mp-1187823
  4103/8883: mp-865366
  4104/8883: mp-978908
  4105/8883: mp-1183890
  4106/8883: mp-973893
  4107/8883: mp-1111503
  4108/8883: mp-1183038
unable to access bucket: 'materialsproject-parsed' key: 'chgcars/mp-1399247.json.gz' version: None error: An error occurred (NoSuchKey) when calling the GetObject operation: The specified key does not exist.
  4109/8883: mp-1186667
  4110/8883: mp-1111423
  4111/8883: mp-1187326
unable to access bucket: 'materialsproject-parsed' key: 'chgcars/mp-1415914.json.gz' version: None error: An error occurred (NoSuchKey) when calling the GetObject operation: The specified key does not exist.
  4112/8883: mp-1186426
unable to access bucket: 'materialsproject-parsed' key: 'chgcars/mp-1425001.json.gz' version: None error: An error occurred (NoSuchKey) when calling the GetObject operation: The specified key does not exist.
  4113/8883: mp-1110695
  4114/8883: mp-1111725
  4115/8883: mp-1110742
  4116/8883: mp-1207268
  4117/8883: mp-862338
unable to access bucket: 'materialsproject-parsed' key: 'chgcars/mp-1427503.json.gz' version: None error: An error occurred (NoSuchKey) when calling the GetObject operation: The specified key does not exist.
  4118/8883: mp-973149
  4119/8883: mp-867245
  4120/8883: mp-864602
  4121/8883: mp-21642
unable to access bucket: 'materialsproject-parsed' key: 'chgcars/mp-1408733.json.gz' version: None error: An error occurred (NoSuchKey) when calling the GetObject operation: The specified key does not exist.
  4122/8883: mp-1112161
  4123/8883: mp-1184456
  4124/8883: mp-865107
unable to access bucket: 'materialsproject-parsed' key: 'chgcars/mp-1409264.json.gz' version: None error: An error occurred (NoSuchKey) when calling the GetObject operation: The specified key does not exist.
  4125/8883: mp-862900
unable to access bucket: 'materialsproject-parsed' key: 'chgcars/mp-1391203.json.gz' version: None error: An error occurred (NoSuchKey) when calling the GetObject operation: The specified key does not exist.
  4126/8883: mp-1184662
unable to access bucket: 'materialsproject-parsed' key: 'chgcars/mp-1504639.json.gz' version: None error: An error occurred (NoSuchKey) when calling the GetObject operation: The specified key does not exist.
  4127/8883: mp-1205665
unable to access bucket: 'materialsproject-parsed' key: 'chgcars/mp-1401167.json.gz' version: None error: An error occurred (NoSuchKey) when calling the GetObject operation: The specified key does not exist.
  4128/8883: mp-10117
  4129/8883: mp-1185174
  4130/8883: mp-864631
unable to access bucket: 'materialsproject-parsed' key: 'chgcars/mp-1422461.json.gz' version: None error: An error occurred (NoSuchKey) when calling the GetObject operation: The specified key does not exist.
  4131/8883: mp-865335
  4132/8883: mp-984534
  4133/8883: mp-631
  4134/8883: mp-1110815
  4135/8883: mp-989560
  4136/8883: mp-1185198
  4137/8883: mp-1192593
  4138/8883: mp-861665
  4139/8883: mp-31175
  4140/8883: mp-1186613
unable to access bucket: 'materialsproject-parsed' key: 'chgcars/mp-1426199.json.gz' version: None error: An error occurred (NoSuchKey) when calling the GetObject operation: The specified key does not exist.
  4141/8883: mp-20265
  4142/8883: mp-861971
  4143/8883: mp-867163
  4144/8883: mp-1214897
unable to access bucket: 'materialsproject-parsed' key: 'chgcars/mp-1347897.json.gz' version: None error: An error occurred (NoSuchKey) when calling the GetObject operation: The specified key does not exist.
  4145/8883: mp-1187890
  4146/8883: mp-1206821
unable to access bucket: 'materialsproject-parsed' key: 'chgcars/mp-1422248.json.gz' version: None error: An error occurred (NoSuchKey) when calling the GetObject operation: The specified key does not exist.
  4147/8883: mp-2472
  4148/8883: mp-1008490
  4149/8883: mp-10302
  4150/8883: mp-1112932
unable to access bucket: 'materialsproject-parsed' key: 'chgcars/mp-1386228.json.gz' version: None error: An error occurred (NoSuchKey) when calling the GetObject operation: The specified key does not exist.
  4151/8883: mp-1184103
unable to access bucket: 'materialsproject-parsed' key: 'chgcars/mp-1416224.json.gz' version: None error: An error occurred (NoSuchKey) when calling the GetObject operation: The specified key does not exist.
  4152/8883: mp-977589
  4153/8883: mp-1185603
unable to access bucket: 'materialsproject-parsed' key: 'chgcars/mp-1409909.json.gz' version: None error: An error occurred (NoSuchKey) when calling the GetObject operation: The specified key does not exist.
  4154/8883: mp-1186455
unable to access bucket: 'materialsproject-parsed' key: 'chgcars/mp-1408252.json.gz' version: None error: An error occurred (NoSuchKey) when calling the GetObject operation: The specified key does not exist.
  4155/8883: mp-569768
  4156/8883: mp-1187751
unable to access bucket: 'materialsproject-parsed' key: 'chgcars/mp-1433142.json.gz' version: None error: An error occurred (NoSuchKey) when calling the GetObject operation: The specified key does not exist.
  4157/8883: mp-1227836
  4158/8883: mp-867326
unable to access bucket: 'materialsproject-parsed' key: 'chgcars/mp-1426858.json.gz' version: None error: An error occurred (NoSuchKey) when calling the GetObject operation: The specified key does not exist.
  4159/8883: mp-21406
unable to access bucket: 'materialsproject-parsed' key: 'chgcars/mp-1424586.json.gz' version: None error: An error occurred (NoSuchKey) when calling the GetObject operation: The specified key does not exist.
  4160/8883: mp-1111257
  4161/8883: mp-1112994
  4162/8883: mp-865050
  4163/8883: mp-1184476
  4164/8883: mp-865484
  4165/8883: mp-977421
  4166/8883: mp-1186682
  4167/8883: mp-865155
unable to access bucket: 'materialsproject-parsed' key: 'chgcars/mp-1413765.json.gz' version: None error: An error occurred (NoSuchKey) when calling the GetObject operation: The specified key does not exist.
  4168/8883: mp-974789
unable to access bucket: 'materialsproject-parsed' key: 'chgcars/mp-1403390.json.gz' version: None error: An error occurred (NoSuchKey) when calling the GetObject operation: The specified key does not exist.
  4169/8883: mp-1187428
unable to access bucket: 'materialsproject-parsed' key: 'chgcars/mp-1416860.json.gz' version: None error: An error occurred (NoSuchKey) when calling the GetObject operation: The specified key does not exist.
  4170/8883: mp-600023
  4171/8883: mp-1113936
  4172/8883: mp-862319
unable to access bucket: 'materialsproject-parsed' key: 'chgcars/mp-1395316.json.gz' version: None error: An error occurred (NoSuchKey) when calling the GetObject operation: The specified key does not exist.
  4173/8883: mp-571222
unable to access bucket: 'materialsproject-parsed' key: 'chgcars/mp-1438719.json.gz' version: None error: An error occurred (NoSuchKey) when calling the GetObject operation: The specified key does not exist.
  4174/8883: mp-1112977
  4175/8883: mp-22221
  4176/8883: mp-1110821
unable to access bucket: 'materialsproject-parsed' key: 'chgcars/mp-1345309.json.gz' version: None error: An error occurred (NoSuchKey) when calling the GetObject operation: The specified key does not exist.
  4177/8883: mp-1184525
  4178/8883: mp-1079116
  4179/8883: mp-984352
  4180/8883: mp-867156
unable to access bucket: 'materialsproject-parsed' key: 'chgcars/mp-1475808.json.gz' version: None error: An error occurred (NoSuchKey) when calling the GetObject operation: The specified key does not exist.
  4181/8883: mp-975608
  4182/8883: mp-1193118
  4183/8883: mp-1111381
  4184/8883: mp-1183454
  4185/8883: mp-861735
unable to access bucket: 'materialsproject-parsed' key: 'chgcars/mp-1396667.json.gz' version: None error: An error occurred (NoSuchKey) when calling the GetObject operation: The specified key does not exist.
  4186/8883: mp-1112370
  4187/8883: mp-1188009
unable to access bucket: 'materialsproject-parsed' key: 'chgcars/mp-1423052.json.gz' version: None error: An error occurred (NoSuchKey) when calling the GetObject operation: The specified key does not exist.
  4188/8883: mp-1112074
  4189/8883: mp-5159
  4190/8883: mp-1184979
unable to access bucket: 'materialsproject-parsed' key: 'chgcars/mp-1433116.json.gz' version: None error: An error occurred (NoSuchKey) when calling the GetObject operation: The specified key does not exist.
  4191/8883: mp-1183688
unable to access bucket: 'materialsproject-parsed' key: 'chgcars/mp-1436624.json.gz' version: None error: An error occurred (NoSuchKey) when calling the GetObject operation: The specified key does not exist.
  4192/8883: mp-1058119
  4193/8883: mp-1206199
  4194/8883: mp-999208
unable to access bucket: 'materialsproject-parsed' key: 'chgcars/mp-1422357.json.gz' version: None error: An error occurred (NoSuchKey) when calling the GetObject operation: The specified key does not exist.
  4195/8883: mp-12777
  4196/8883: mp-1104127
unable to access bucket: 'materialsproject-parsed' key: 'chgcars/mp-1436686.json.gz' version: None error: An error occurred (NoSuchKey) when calling the GetObject operation: The specified key does not exist.
  4197/8883: mp-1205833
  4198/8883: mp-865952
unable to access bucket: 'materialsproject-parsed' key: 'chgcars/mp-1422965.json.gz' version: None error: An error occurred (NoSuchKey) when calling the GetObject operation: The specified key does not exist.
  4199/8883: mp-864960
  4200/8883: mp-866111
unable to access bucket: 'materialsproject-parsed' key: 'chgcars/mp-1433645.json.gz' version: None error: An error occurred (NoSuchKey) when calling the GetObject operation: The specified key does not exist.
  4201/8883: mp-984720
  4202/8883: mp-1193272
unable to access bucket: 'materialsproject-parsed' key: 'chgcars/mp-1398056.json.gz' version: None error: An error occurred (NoSuchKey) when calling the GetObject operation: The specified key does not exist.
  4203/8883: mp-1184281
  4204/8883: mp-978950
  4205/8883: mp-1184526
unable to access bucket: 'materialsproject-parsed' key: 'chgcars/mp-1411821.json.gz' version: None error: An error occurred (NoSuchKey) when calling the GetObject operation: The specified key does not exist.
  4206/8883: mp-983359
unable to access bucket: 'materialsproject-parsed' key: 'chgcars/mp-1445452.json.gz' version: None error: An error occurred (NoSuchKey) when calling the GetObject operation: The specified key does not exist.
  4207/8883: mp-861656
  4208/8883: mp-865037
unable to access bucket: 'materialsproject-parsed' key: 'chgcars/mp-1416029.json.gz' version: None error: An error occurred (NoSuchKey) when calling the GetObject operation: The specified key does not exist.
  4209/8883: mp-862894
  4210/8883: mp-1184002
  4211/8883: mp-1110717
  4212/8883: mp-631571
  4213/8883: mp-505544
  4214/8883: mp-1186422
unable to access bucket: 'materialsproject-parsed' key: 'chgcars/mp-1384688.json.gz' version: None error: An error occurred (NoSuchKey) when calling the GetObject operation: The specified key does not exist.
  4215/8883: mp-1111926
unable to access bucket: 'materialsproject-parsed' key: 'chgcars/mp-1396063.json.gz' version: None error: An error occurred (NoSuchKey) when calling the GetObject operation: The specified key does not exist.
  4216/8883: mp-865629
unable to access bucket: 'materialsproject-parsed' key: 'chgcars/mp-1403673.json.gz' version: None error: An error occurred (NoSuchKey) when calling the GetObject operation: The specified key does not exist.
  4217/8883: mp-1112534
  4218/8883: mp-865848
unable to access bucket: 'materialsproject-parsed' key: 'chgcars/mp-1436132.json.gz' version: None error: An error occurred (NoSuchKey) when calling the GetObject operation: The specified key does not exist.
  4219/8883: mp-1110677
  4220/8883: mp-1110607
  4221/8883: mp-1184362
  4222/8883: mp-1185095
unable to access bucket: 'materialsproject-parsed' key: 'chgcars/mp-1388682.json.gz' version: None error: An error occurred (NoSuchKey) when calling the GetObject operation: The specified key does not exist.
  4223/8883: mp-867182
unable to access bucket: 'materialsproject-parsed' key: 'chgcars/mp-1424579.json.gz' version: None error: An error occurred (NoSuchKey) when calling the GetObject operation: The specified key does not exist.
  4224/8883: mp-865911
unable to access bucket: 'materialsproject-parsed' key: 'chgcars/mp-1424059.json.gz' version: None error: An error occurred (NoSuchKey) when calling the GetObject operation: The specified key does not exist.
  4225/8883: mp-6265
unable to access bucket: 'materialsproject-parsed' key: 'chgcars/mp-1422305.json.gz' version: None error: An error occurred (NoSuchKey) when calling the GetObject operation: The specified key does not exist.
  4226/8883: mp-567652
  4227/8883: mp-867751
unable to access bucket: 'materialsproject-parsed' key: 'chgcars/mp-1418072.json.gz' version: None error: An error occurred (NoSuchKey) when calling the GetObject operation: The specified key does not exist.
  4228/8883: mp-1111617
  4229/8883: mp-1001824
unable to access bucket: 'materialsproject-parsed' key: 'chgcars/mp-1419881.json.gz' version: None error: An error occurred (NoSuchKey) when calling the GetObject operation: The specified key does not exist.
  4230/8883: mp-1114164
unable to access bucket: 'materialsproject-parsed' key: 'chgcars/mp-1330629.json.gz' version: None error: An error occurred (NoSuchKey) when calling the GetObject operation: The specified key does not exist.
  4231/8883: mp-10760
  4232/8883: mp-980067
  4233/8883: mp-867507
unable to access bucket: 'materialsproject-parsed' key: 'chgcars/mp-1414948.json.gz' version: None error: An error occurred (NoSuchKey) when calling the GetObject operation: The specified key does not exist.
  4234/8883: mp-1112031
unable to access bucket: 'materialsproject-parsed' key: 'chgcars/mp-1346098.json.gz' version: None error: An error occurred (NoSuchKey) when calling the GetObject operation: The specified key does not exist.
  4235/8883: mp-1187765
unable to access bucket: 'materialsproject-parsed' key: 'chgcars/mp-1431739.json.gz' version: None error: An error occurred (NoSuchKey) when calling the GetObject operation: The specified key does not exist.
  4236/8883: mp-862928
  4237/8883: mp-1193515
  4238/8883: mp-697038
unable to access bucket: 'materialsproject-parsed' key: 'chgcars/mp-1433454.json.gz' version: None error: An error occurred (NoSuchKey) when calling the GetObject operation: The specified key does not exist.
  4239/8883: mp-1110936
unable to access bucket: 'materialsproject-parsed' key: 'chgcars/mp-1348027.json.gz' version: None error: An error occurred (NoSuchKey) when calling the GetObject operation: The specified key does not exist.
  4240/8883: mp-862961
unable to access bucket: 'materialsproject-parsed' key: 'chgcars/mp-1431108.json.gz' version: None error: An error occurred (NoSuchKey) when calling the GetObject operation: The specified key does not exist.
  4241/8883: mp-1186509
unable to access bucket: 'materialsproject-parsed' key: 'chgcars/mp-1425892.json.gz' version: None error: An error occurred (NoSuchKey) when calling the GetObject operation: The specified key does not exist.
  4242/8883: mp-1009787
unable to access bucket: 'materialsproject-parsed' key: 'chgcars/mp-1430605.json.gz' version: None error: An error occurred (NoSuchKey) when calling the GetObject operation: The specified key does not exist.
  4243/8883: mp-862618
unable to access bucket: 'materialsproject-parsed' key: 'chgcars/mp-1414850.json.gz' version: None error: An error occurred (NoSuchKey) when calling the GetObject operation: The specified key does not exist.
  4244/8883: mp-861956
unable to access bucket: 'materialsproject-parsed' key: 'chgcars/mp-1430856.json.gz' version: None error: An error occurred (NoSuchKey) when calling the GetObject operation: The specified key does not exist.
  4245/8883: mp-865861
unable to access bucket: 'materialsproject-parsed' key: 'chgcars/mp-1413624.json.gz' version: None error: An error occurred (NoSuchKey) when calling the GetObject operation: The specified key does not exist.
  4246/8883: mp-1206967
  4247/8883: mp-862956
unable to access bucket: 'materialsproject-parsed' key: 'chgcars/mp-1402853.json.gz' version: None error: An error occurred (NoSuchKey) when calling the GetObject operation: The specified key does not exist.
  4248/8883: mp-38843
unable to access bucket: 'materialsproject-parsed' key: 'chgcars/mp-1387286.json.gz' version: None error: An error occurred (NoSuchKey) when calling the GetObject operation: The specified key does not exist.
  4249/8883: mp-1111577
  4250/8883: mp-867187
unable to access bucket: 'materialsproject-parsed' key: 'chgcars/mp-1415653.json.gz' version: None error: An error occurred (NoSuchKey) when calling the GetObject operation: The specified key does not exist.
  4251/8883: mp-1018063
  4252/8883: mp-977462
unable to access bucket: 'materialsproject-parsed' key: 'chgcars/mp-1421876.json.gz' version: None error: An error occurred (NoSuchKey) when calling the GetObject operation: The specified key does not exist.
  4253/8883: mp-1113393
  4254/8883: mp-865791
  4255/8883: mp-1111679
  4256/8883: mp-1007924
  4257/8883: mp-1187589
  4258/8883: mp-1210015
  4259/8883: mp-865800
unable to access bucket: 'materialsproject-parsed' key: 'chgcars/mp-1443350.json.gz' version: None error: An error occurred (NoSuchKey) when calling the GetObject operation: The specified key does not exist.
  4260/8883: mp-867135
unable to access bucket: 'materialsproject-parsed' key: 'chgcars/mp-1446674.json.gz' version: None error: An error occurred (NoSuchKey) when calling the GetObject operation: The specified key does not exist.
  4261/8883: mp-1193291
unable to access bucket: 'materialsproject-parsed' key: 'chgcars/mp-1444622.json.gz' version: None error: An error occurred (NoSuchKey) when calling the GetObject operation: The specified key does not exist.
  4262/8883: mp-1367
  4263/8883: mp-1110593
  4264/8883: mp-977434
unable to access bucket: 'materialsproject-parsed' key: 'chgcars/mp-1428355.json.gz' version: None error: An error occurred (NoSuchKey) when calling the GetObject operation: The specified key does not exist.
  4265/8883: mp-1185449
  4266/8883: mp-1188017
unable to access bucket: 'materialsproject-parsed' key: 'chgcars/mp-1421796.json.gz' version: None error: An error occurred (NoSuchKey) when calling the GetObject operation: The specified key does not exist.
  4267/8883: mp-1183151
  4268/8883: mp-1209966
unable to access bucket: 'materialsproject-parsed' key: 'chgcars/mp-1347498.json.gz' version: None error: An error occurred (NoSuchKey) when calling the GetObject operation: The specified key does not exist.
  4269/8883: mp-1187574
  4270/8883: mp-1112078
  4271/8883: mp-1113416
unable to access bucket: 'materialsproject-parsed' key: 'chgcars/mp-1394834.json.gz' version: None error: An error occurred (NoSuchKey) when calling the GetObject operation: The specified key does not exist.
  4272/8883: mp-862973
  4273/8883: mp-1000
  4274/8883: mp-2822
unable to access bucket: 'materialsproject-parsed' key: 'chgcars/mp-1440240.json.gz' version: None error: An error occurred (NoSuchKey) when calling the GetObject operation: The specified key does not exist.
  4275/8883: mp-862492
  4276/8883: mp-1113408
  4277/8883: mp-1187696
  4278/8883: mp-1113927
  4279/8883: mp-22580
  4280/8883: mp-1187661
  4281/8883: mp-1205547
  4282/8883: mp-1342
  4283/8883: mp-1112909
  4284/8883: mp-1206741
  4285/8883: mp-1008986
  4286/8883: mp-975997
unable to access bucket: 'materialsproject-parsed' key: 'chgcars/mp-1417035.json.gz' version: None error: An error occurred (NoSuchKey) when calling the GetObject operation: The specified key does not exist.
  4287/8883: mp-1211950
unable to access bucket: 'materialsproject-parsed' key: 'chgcars/mp-1397565.json.gz' version: None error: An error occurred (NoSuchKey) when calling the GetObject operation: The specified key does not exist.
  4288/8883: mp-865836
unable to access bucket: 'materialsproject-parsed' key: 'chgcars/mp-1443830.json.gz' version: None error: An error occurred (NoSuchKey) when calling the GetObject operation: The specified key does not exist.
  4289/8883: mp-1111150
unable to access bucket: 'materialsproject-parsed' key: 'chgcars/mp-1390542.json.gz' version: None error: An error occurred (NoSuchKey) when calling the GetObject operation: The specified key does not exist.
  4290/8883: mp-1111700
  4291/8883: mp-13190
  4292/8883: mp-1185181
unable to access bucket: 'materialsproject-parsed' key: 'chgcars/mp-1773092.json.gz' version: None error: An error occurred (NoSuchKey) when calling the GetObject operation: The specified key does not exist.
  4293/8883: mp-974253
unable to access bucket: 'materialsproject-parsed' key: 'chgcars/mp-1419485.json.gz' version: None error: An error occurred (NoSuchKey) when calling the GetObject operation: The specified key does not exist.
  4294/8883: mp-5172
  4295/8883: mp-10688
unable to access bucket: 'materialsproject-parsed' key: 'chgcars/mp-1439557.json.gz' version: None error: An error occurred (NoSuchKey) when calling the GetObject operation: The specified key does not exist.
  4296/8883: mp-1253
  4297/8883: mp-1100772
unable to access bucket: 'materialsproject-parsed' key: 'chgcars/mp-1435235.json.gz' version: None error: An error occurred (NoSuchKey) when calling the GetObject operation: The specified key does not exist.
  4298/8883: mp-2233053
  4299/8883: mp-1187938
unable to access bucket: 'materialsproject-parsed' key: 'chgcars/mp-1425573.json.gz' version: None error: An error occurred (NoSuchKey) when calling the GetObject operation: The specified key does not exist.
  4300/8883: mp-981
unable to access bucket: 'materialsproject-parsed' key: 'chgcars/mp-1442154.json.gz' version: None error: An error occurred (NoSuchKey) when calling the GetObject operation: The specified key does not exist.
  4301/8883: mp-867753
  4302/8883: mp-862623
  4303/8883: mp-569228
unable to access bucket: 'materialsproject-parsed' key: 'chgcars/mp-1440059.json.gz' version: None error: An error occurred (NoSuchKey) when calling the GetObject operation: The specified key does not exist.
  4304/8883: mp-1187564
unable to access bucket: 'materialsproject-parsed' key: 'chgcars/mp-1434356.json.gz' version: None error: An error occurred (NoSuchKey) when calling the GetObject operation: The specified key does not exist.
  4305/8883: mp-865119
  4306/8883: mp-1006150
unable to access bucket: 'materialsproject-parsed' key: 'chgcars/mp-1389449.json.gz' version: None error: An error occurred (NoSuchKey) when calling the GetObject operation: The specified key does not exist.
  4307/8883: mp-37153
unable to access bucket: 'materialsproject-parsed' key: 'chgcars/mp-1396599.json.gz' version: None error: An error occurred (NoSuchKey) when calling the GetObject operation: The specified key does not exist.
  4308/8883: mp-1206064
  4309/8883: mp-1184427
  4310/8883: mp-20440
unable to access bucket: 'materialsproject-parsed' key: 'chgcars/mp-1440859.json.gz' version: None error: An error occurred (NoSuchKey) when calling the GetObject operation: The specified key does not exist.
  4311/8883: mp-1212014
unable to access bucket: 'materialsproject-parsed' key: 'chgcars/mp-1373565.json.gz' version: None error: An error occurred (NoSuchKey) when calling the GetObject operation: The specified key does not exist.
  4312/8883: mp-866117
unable to access bucket: 'materialsproject-parsed' key: 'chgcars/mp-1432864.json.gz' version: None error: An error occurred (NoSuchKey) when calling the GetObject operation: The specified key does not exist.
  4313/8883: mp-971702
unable to access bucket: 'materialsproject-parsed' key: 'chgcars/mp-1396066.json.gz' version: None error: An error occurred (NoSuchKey) when calling the GetObject operation: The specified key does not exist.
  4314/8883: mp-1079023
  4315/8883: mp-1111693
  4316/8883: mp-1187438
  4317/8883: mp-983229
  4318/8883: mp-989591
  4319/8883: mp-1112980
  4320/8883: mp-1206806
  4321/8883: mp-1079163
  4322/8883: mp-631305
  4323/8883: mp-1113095
  4324/8883: mp-972898
unable to access bucket: 'materialsproject-parsed' key: 'chgcars/mp-1504181.json.gz' version: None error: An error occurred (NoSuchKey) when calling the GetObject operation: The specified key does not exist.
  4325/8883: mp-1184628
  4326/8883: mp-6854
  4327/8883: mp-1058171
  4328/8883: mp-865095
  4329/8883: mp-1110923
  4330/8883: mp-976405
  4331/8883: mp-1112589
unable to access bucket: 'materialsproject-parsed' key: 'chgcars/mp-1390901.json.gz' version: None error: An error occurred (NoSuchKey) when calling the GetObject operation: The specified key does not exist.
  4332/8883: mp-1183148
  4333/8883: mp-977463
unable to access bucket: 'materialsproject-parsed' key: 'chgcars/mp-1421925.json.gz' version: None error: An error occurred (NoSuchKey) when calling the GetObject operation: The specified key does not exist.
  4334/8883: mp-1111403
  4335/8883: mp-867285
unable to access bucket: 'materialsproject-parsed' key: 'chgcars/mp-1417507.json.gz' version: None error: An error occurred (NoSuchKey) when calling the GetObject operation: The specified key does not exist.
  4336/8883: mp-9
  4337/8883: mp-1186279
unable to access bucket: 'materialsproject-parsed' key: 'chgcars/mp-1401437.json.gz' version: None error: An error occurred (NoSuchKey) when calling the GetObject operation: The specified key does not exist.
  4338/8883: mp-1080730
unable to access bucket: 'materialsproject-parsed' key: 'chgcars/mp-1288866.json.gz' version: None error: An error occurred (NoSuchKey) when calling the GetObject operation: The specified key does not exist.
  4339/8883: mp-21628
unable to access bucket: 'materialsproject-parsed' key: 'chgcars/mp-1432491.json.gz' version: None error: An error occurred (NoSuchKey) when calling the GetObject operation: The specified key does not exist.
  4340/8883: mp-1187213
  4341/8883: mp-1187599
  4342/8883: mp-542830
  4343/8883: mp-865513
  4344/8883: mp-861637
unable to access bucket: 'materialsproject-parsed' key: 'chgcars/mp-1419782.json.gz' version: None error: An error occurred (NoSuchKey) when calling the GetObject operation: The specified key does not exist.
  4345/8883: mp-867107
  4346/8883: mp-1114129
  4347/8883: mp-21360
  4348/8883: mp-1038832
unable to access bucket: 'materialsproject-parsed' key: 'chgcars/mp-1409376.json.gz' version: None error: An error occurred (NoSuchKey) when calling the GetObject operation: The specified key does not exist.
  4349/8883: mp-865436
unable to access bucket: 'materialsproject-parsed' key: 'chgcars/mp-1394539.json.gz' version: None error: An error occurred (NoSuchKey) when calling the GetObject operation: The specified key does not exist.
  4350/8883: mp-865929
unable to access bucket: 'materialsproject-parsed' key: 'chgcars/mp-1436396.json.gz' version: None error: An error occurred (NoSuchKey) when calling the GetObject operation: The specified key does not exist.
  4351/8883: mp-1110860
  4352/8883: mp-1112671
  4353/8883: mp-1078675
unable to access bucket: 'materialsproject-parsed' key: 'chgcars/mp-1403777.json.gz' version: None error: An error occurred (NoSuchKey) when calling the GetObject operation: The specified key does not exist.
  4354/8883: mp-976072
unable to access bucket: 'materialsproject-parsed' key: 'chgcars/mp-1399843.json.gz' version: None error: An error occurred (NoSuchKey) when calling the GetObject operation: The specified key does not exist.
  4355/8883: mp-1185518
  4356/8883: mp-1111545
  4357/8883: mp-10630
  4358/8883: mp-979421
unable to access bucket: 'materialsproject-parsed' key: 'chgcars/mp-1422463.json.gz' version: None error: An error occurred (NoSuchKey) when calling the GetObject operation: The specified key does not exist.
  4359/8883: mp-23301
unable to access bucket: 'materialsproject-parsed' key: 'chgcars/mp-1437847.json.gz' version: None error: An error occurred (NoSuchKey) when calling the GetObject operation: The specified key does not exist.
  4360/8883: mp-978537
unable to access bucket: 'materialsproject-parsed' key: 'chgcars/mp-1411556.json.gz' version: None error: An error occurred (NoSuchKey) when calling the GetObject operation: The specified key does not exist.
  4361/8883: mp-1186872
  4362/8883: mp-861980
unable to access bucket: 'materialsproject-parsed' key: 'chgcars/mp-1421402.json.gz' version: None error: An error occurred (NoSuchKey) when calling the GetObject operation: The specified key does not exist.
  4363/8883: mp-973067
unable to access bucket: 'materialsproject-parsed' key: 'chgcars/mp-1437064.json.gz' version: None error: An error occurred (NoSuchKey) when calling the GetObject operation: The specified key does not exist.
  4364/8883: mp-1183313
unable to access bucket: 'materialsproject-parsed' key: 'chgcars/mp-1446509.json.gz' version: None error: An error occurred (NoSuchKey) when calling the GetObject operation: The specified key does not exist.
  4365/8883: mp-1111283
unable to access bucket: 'materialsproject-parsed' key: 'chgcars/mp-1446531.json.gz' version: None error: An error occurred (NoSuchKey) when calling the GetObject operation: The specified key does not exist.
  4366/8883: mp-862941
unable to access bucket: 'materialsproject-parsed' key: 'chgcars/mp-1414386.json.gz' version: None error: An error occurred (NoSuchKey) when calling the GetObject operation: The specified key does not exist.
  4367/8883: mp-6428
  4368/8883: mp-865843
unable to access bucket: 'materialsproject-parsed' key: 'chgcars/mp-1415173.json.gz' version: None error: An error occurred (NoSuchKey) when calling the GetObject operation: The specified key does not exist.
  4369/8883: mp-1097725
  4370/8883: mp-1187431
  4371/8883: mp-1183566
unable to access bucket: 'materialsproject-parsed' key: 'chgcars/mp-1428203.json.gz' version: None error: An error occurred (NoSuchKey) when calling the GetObject operation: The specified key does not exist.
  4372/8883: mp-1183762
  4373/8883: mp-862661
unable to access bucket: 'materialsproject-parsed' key: 'chgcars/mp-1504313.json.gz' version: None error: An error occurred (NoSuchKey) when calling the GetObject operation: The specified key does not exist.
  4374/8883: mp-973535
  4375/8883: mp-863716
unable to access bucket: 'materialsproject-parsed' key: 'chgcars/mp-1429716.json.gz' version: None error: An error occurred (NoSuchKey) when calling the GetObject operation: The specified key does not exist.
  4376/8883: mp-1184495
unable to access bucket: 'materialsproject-parsed' key: 'chgcars/mp-1437318.json.gz' version: None error: An error occurred (NoSuchKey) when calling the GetObject operation: The specified key does not exist.
  4377/8883: mp-690667
  4378/8883: mp-6798
unable to access bucket: 'materialsproject-parsed' key: 'chgcars/mp-1414337.json.gz' version: None error: An error occurred (NoSuchKey) when calling the GetObject operation: The specified key does not exist.
  4379/8883: mp-989521
unable to access bucket: 'materialsproject-parsed' key: 'chgcars/mp-1443644.json.gz' version: None error: An error occurred (NoSuchKey) when calling the GetObject operation: The specified key does not exist.
  4380/8883: mp-1222315
unable to access bucket: 'materialsproject-parsed' key: 'chgcars/mp-1396154.json.gz' version: None error: An error occurred (NoSuchKey) when calling the GetObject operation: The specified key does not exist.
  4381/8883: mp-1006068
  4382/8883: mp-866177
  4383/8883: mp-1112166
unable to access bucket: 'materialsproject-parsed' key: 'chgcars/mp-1402227.json.gz' version: None error: An error occurred (NoSuchKey) when calling the GetObject operation: The specified key does not exist.
  4384/8883: mp-1185314
  4385/8883: mp-1113545
  4386/8883: mp-10525
  4387/8883: mp-1187346
unable to access bucket: 'materialsproject-parsed' key: 'chgcars/mp-1410274.json.gz' version: None error: An error occurred (NoSuchKey) when calling the GetObject operation: The specified key does not exist.
  4388/8883: mp-933
unable to access bucket: 'materialsproject-parsed' key: 'chgcars/mp-1442217.json.gz' version: None error: An error occurred (NoSuchKey) when calling the GetObject operation: The specified key does not exist.
  4389/8883: mp-865785
  4390/8883: mp-5396
  4391/8883: mp-1113860
  4392/8883: mp-971836
  4393/8883: mp-1111615
unable to access bucket: 'materialsproject-parsed' key: 'chgcars/mp-1401479.json.gz' version: None error: An error occurred (NoSuchKey) when calling the GetObject operation: The specified key does not exist.
  4394/8883: mp-1187664
  4395/8883: mp-981933
unable to access bucket: 'materialsproject-parsed' key: 'chgcars/mp-1437014.json.gz' version: None error: An error occurred (NoSuchKey) when calling the GetObject operation: The specified key does not exist.
  4396/8883: mp-865308
unable to access bucket: 'materialsproject-parsed' key: 'chgcars/mp-1433382.json.gz' version: None error: An error occurred (NoSuchKey) when calling the GetObject operation: The specified key does not exist.
  4397/8883: mp-574025
  4398/8883: mp-1205934
  4399/8883: mp-1111900
  4400/8883: mp-1111136
unable to access bucket: 'materialsproject-parsed' key: 'chgcars/mp-1411560.json.gz' version: None error: An error occurred (NoSuchKey) when calling the GetObject operation: The specified key does not exist.
  4401/8883: mp-1184757
  4402/8883: mp-6586
  4403/8883: mp-1187216
unable to access bucket: 'materialsproject-parsed' key: 'chgcars/mp-1399341.json.gz' version: None error: An error occurred (NoSuchKey) when calling the GetObject operation: The specified key does not exist.
  4404/8883: mp-1185849
  4405/8883: mp-981213
  4406/8883: mp-1187035
unable to access bucket: 'materialsproject-parsed' key: 'chgcars/mp-1432316.json.gz' version: None error: An error occurred (NoSuchKey) when calling the GetObject operation: The specified key does not exist.
  4407/8883: mp-10750
unable to access bucket: 'materialsproject-parsed' key: 'chgcars/mp-1439899.json.gz' version: None error: An error occurred (NoSuchKey) when calling the GetObject operation: The specified key does not exist.
  4408/8883: mp-865906
unable to access bucket: 'materialsproject-parsed' key: 'chgcars/mp-1427235.json.gz' version: None error: An error occurred (NoSuchKey) when calling the GetObject operation: The specified key does not exist.
  4409/8883: mp-1111968
  4410/8883: mp-862747
unable to access bucket: 'materialsproject-parsed' key: 'chgcars/mp-1420592.json.gz' version: None error: An error occurred (NoSuchKey) when calling the GetObject operation: The specified key does not exist.
  4411/8883: mp-1112950
unable to access bucket: 'materialsproject-parsed' key: 'chgcars/mp-1394040.json.gz' version: None error: An error occurred (NoSuchKey) when calling the GetObject operation: The specified key does not exist.
  4412/8883: mp-865809
unable to access bucket: 'materialsproject-parsed' key: 'chgcars/mp-1475417.json.gz' version: None error: An error occurred (NoSuchKey) when calling the GetObject operation: The specified key does not exist.
  4413/8883: mp-1111140
  4414/8883: mp-1187631
unable to access bucket: 'materialsproject-parsed' key: 'chgcars/mp-1419840.json.gz' version: None error: An error occurred (NoSuchKey) when calling the GetObject operation: The specified key does not exist.
  4415/8883: mp-865165
  4416/8883: mp-1110782
  4417/8883: mp-1184247
unable to access bucket: 'materialsproject-parsed' key: 'chgcars/mp-1399505.json.gz' version: None error: An error occurred (NoSuchKey) when calling the GetObject operation: The specified key does not exist.
  4418/8883: mp-1111188
  4419/8883: mp-1113853
unable to access bucket: 'materialsproject-parsed' key: 'chgcars/mp-1409954.json.gz' version: None error: An error occurred (NoSuchKey) when calling the GetObject operation: The specified key does not exist.
  4420/8883: mp-1185458
unable to access bucket: 'materialsproject-parsed' key: 'chgcars/mp-1422459.json.gz' version: None error: An error occurred (NoSuchKey) when calling the GetObject operation: The specified key does not exist.
  4421/8883: mp-1113631
  4422/8883: mp-1183859
unable to access bucket: 'materialsproject-parsed' key: 'chgcars/mp-1396637.json.gz' version: None error: An error occurred (NoSuchKey) when calling the GetObject operation: The specified key does not exist.
  4423/8883: mp-977299
  4424/8883: mp-1112861
  4425/8883: mp-865917
unable to access bucket: 'materialsproject-parsed' key: 'chgcars/mp-1413184.json.gz' version: None error: An error occurred (NoSuchKey) when calling the GetObject operation: The specified key does not exist.
  4426/8883: mp-1112616
unable to access bucket: 'materialsproject-parsed' key: 'chgcars/mp-1385472.json.gz' version: None error: An error occurred (NoSuchKey) when calling the GetObject operation: The specified key does not exist.
  4427/8883: mp-867123
unable to access bucket: 'materialsproject-parsed' key: 'chgcars/mp-1419225.json.gz' version: None error: An error occurred (NoSuchKey) when calling the GetObject operation: The specified key does not exist.
  4428/8883: mp-1112785
  4429/8883: mp-978516
unable to access bucket: 'materialsproject-parsed' key: 'chgcars/mp-1416173.json.gz' version: None error: An error occurred (NoSuchKey) when calling the GetObject operation: The specified key does not exist.
  4430/8883: mp-4913
  4431/8883: mp-973058
  4432/8883: mp-1111070
unable to access bucket: 'materialsproject-parsed' key: 'chgcars/mp-1386718.json.gz' version: None error: An error occurred (NoSuchKey) when calling the GetObject operation: The specified key does not exist.
  4433/8883: mp-977545
  4434/8883: mp-1111393
unable to access bucket: 'materialsproject-parsed' key: 'chgcars/mp-1393099.json.gz' version: None error: An error occurred (NoSuchKey) when calling the GetObject operation: The specified key does not exist.
  4435/8883: mp-1114151
  4436/8883: mp-1183568
unable to access bucket: 'materialsproject-parsed' key: 'chgcars/mp-1504269.json.gz' version: None error: An error occurred (NoSuchKey) when calling the GetObject operation: The specified key does not exist.
  4437/8883: mp-1183471
unable to access bucket: 'materialsproject-parsed' key: 'chgcars/mp-1421386.json.gz' version: None error: An error occurred (NoSuchKey) when calling the GetObject operation: The specified key does not exist.
  4438/8883: mp-867888
unable to access bucket: 'materialsproject-parsed' key: 'chgcars/mp-1415492.json.gz' version: None error: An error occurred (NoSuchKey) when calling the GetObject operation: The specified key does not exist.
  4439/8883: mp-1183478
unable to access bucket: 'materialsproject-parsed' key: 'chgcars/mp-1435592.json.gz' version: None error: An error occurred (NoSuchKey) when calling the GetObject operation: The specified key does not exist.
  4440/8883: mp-971985
  4441/8883: mp-867289
  4442/8883: mp-1110848
unable to access bucket: 'materialsproject-parsed' key: 'chgcars/mp-1402361.json.gz' version: None error: An error occurred (NoSuchKey) when calling the GetObject operation: The specified key does not exist.
  4443/8883: mp-1111010
  4444/8883: mp-865901
  4445/8883: mp-1110798
  4446/8883: mp-1111308
unable to access bucket: 'materialsproject-parsed' key: 'chgcars/mp-1397031.json.gz' version: None error: An error occurred (NoSuchKey) when calling the GetObject operation: The specified key does not exist.
  4447/8883: mp-1186218
unable to access bucket: 'materialsproject-parsed' key: 'chgcars/mp-1432853.json.gz' version: None error: An error occurred (NoSuchKey) when calling the GetObject operation: The specified key does not exist.
  4448/8883: mp-866005
  4449/8883: mp-865594
  4450/8883: mp-1112445
  4451/8883: mp-972400
  4452/8883: mp-1110563
  4453/8883: mp-861941
  4454/8883: mp-862898
unable to access bucket: 'materialsproject-parsed' key: 'chgcars/mp-1424415.json.gz' version: None error: An error occurred (NoSuchKey) when calling the GetObject operation: The specified key does not exist.
  4455/8883: mp-1114241
  4456/8883: mp-1210990
  4457/8883: mp-7830
unable to access bucket: 'materialsproject-parsed' key: 'chgcars/mp-1439972.json.gz' version: None error: An error occurred (NoSuchKey) when calling the GetObject operation: The specified key does not exist.
  4458/8883: mp-1186406
unable to access bucket: 'materialsproject-parsed' key: 'chgcars/mp-1436523.json.gz' version: None error: An error occurred (NoSuchKey) when calling the GetObject operation: The specified key does not exist.
  4459/8883: mp-864775
unable to access bucket: 'materialsproject-parsed' key: 'chgcars/mp-1433774.json.gz' version: None error: An error occurred (NoSuchKey) when calling the GetObject operation: The specified key does not exist.
  4460/8883: mp-972526
unable to access bucket: 'materialsproject-parsed' key: 'chgcars/mp-1415540.json.gz' version: None error: An error occurred (NoSuchKey) when calling the GetObject operation: The specified key does not exist.
  4461/8883: mp-865918
  4462/8883: mp-867214
unable to access bucket: 'materialsproject-parsed' key: 'chgcars/mp-1434876.json.gz' version: None error: An error occurred (NoSuchKey) when calling the GetObject operation: The specified key does not exist.
  4463/8883: mp-983409
unable to access bucket: 'materialsproject-parsed' key: 'chgcars/mp-1430647.json.gz' version: None error: An error occurred (NoSuchKey) when calling the GetObject operation: The specified key does not exist.
  4464/8883: mp-863703
  4465/8883: mp-570826
  4466/8883: mp-1185418
unable to access bucket: 'materialsproject-parsed' key: 'chgcars/mp-1413293.json.gz' version: None error: An error occurred (NoSuchKey) when calling the GetObject operation: The specified key does not exist.
  4467/8883: mp-1205736
unable to access bucket: 'materialsproject-parsed' key: 'chgcars/mp-1405791.json.gz' version: None error: An error occurred (NoSuchKey) when calling the GetObject operation: The specified key does not exist.
  4468/8883: mp-1208302
  4469/8883: mp-30439
  4470/8883: mp-1187184
  4471/8883: mp-1183147
unable to access bucket: 'materialsproject-parsed' key: 'chgcars/mp-1436854.json.gz' version: None error: An error occurred (NoSuchKey) when calling the GetObject operation: The specified key does not exist.
  4472/8883: mp-1114163
  4473/8883: mp-1110996
  4474/8883: mp-1009548
unable to access bucket: 'materialsproject-parsed' key: 'chgcars/mp-1418589.json.gz' version: None error: An error occurred (NoSuchKey) when calling the GetObject operation: The specified key does not exist.
  4475/8883: mp-866017
unable to access bucket: 'materialsproject-parsed' key: 'chgcars/mp-1425537.json.gz' version: None error: An error occurred (NoSuchKey) when calling the GetObject operation: The specified key does not exist.
  4476/8883: mp-978291
  4477/8883: mp-370
  4478/8883: mp-568830
unable to access bucket: 'materialsproject-parsed' key: 'chgcars/mp-1441608.json.gz' version: None error: An error occurred (NoSuchKey) when calling the GetObject operation: The specified key does not exist.
  4479/8883: mp-865589
unable to access bucket: 'materialsproject-parsed' key: 'chgcars/mp-1422451.json.gz' version: None error: An error occurred (NoSuchKey) when calling the GetObject operation: The specified key does not exist.
  4480/8883: mp-865742
  4481/8883: mp-1202723
  4482/8883: mp-980055
unable to access bucket: 'materialsproject-parsed' key: 'chgcars/mp-1421650.json.gz' version: None error: An error occurred (NoSuchKey) when calling the GetObject operation: The specified key does not exist.
  4483/8883: mp-1185195
unable to access bucket: 'materialsproject-parsed' key: 'chgcars/mp-1392286.json.gz' version: None error: An error occurred (NoSuchKey) when calling the GetObject operation: The specified key does not exist.
  4484/8883: mp-1185442
unable to access bucket: 'materialsproject-parsed' key: 'chgcars/mp-1393052.json.gz' version: None error: An error occurred (NoSuchKey) when calling the GetObject operation: The specified key does not exist.
  4485/8883: mp-8860
  4486/8883: mp-864977
unable to access bucket: 'materialsproject-parsed' key: 'chgcars/mp-1443305.json.gz' version: None error: An error occurred (NoSuchKey) when calling the GetObject operation: The specified key does not exist.
  4487/8883: mp-1185453
  4488/8883: mp-552567
unable to access bucket: 'materialsproject-parsed' key: 'chgcars/mp-1284457.json.gz' version: None error: An error occurred (NoSuchKey) when calling the GetObject operation: The specified key does not exist.
  4489/8883: mp-1110814
unable to access bucket: 'materialsproject-parsed' key: 'chgcars/mp-1400976.json.gz' version: None error: An error occurred (NoSuchKey) when calling the GetObject operation: The specified key does not exist.
  4490/8883: mp-864844
unable to access bucket: 'materialsproject-parsed' key: 'chgcars/mp-1384055.json.gz' version: None error: An error occurred (NoSuchKey) when calling the GetObject operation: The specified key does not exist.
  4491/8883: mp-1205803
  4492/8883: mp-1113212
  4493/8883: mp-864615
unable to access bucket: 'materialsproject-parsed' key: 'chgcars/mp-1403638.json.gz' version: None error: An error occurred (NoSuchKey) when calling the GetObject operation: The specified key does not exist.
  4494/8883: mp-1185924
unable to access bucket: 'materialsproject-parsed' key: 'chgcars/mp-1396579.json.gz' version: None error: An error occurred (NoSuchKey) when calling the GetObject operation: The specified key does not exist.
  4495/8883: mp-754125
unable to access bucket: 'materialsproject-parsed' key: 'chgcars/mp-1420758.json.gz' version: None error: An error occurred (NoSuchKey) when calling the GetObject operation: The specified key does not exist.
  4496/8883: mp-1112056
unable to access bucket: 'materialsproject-parsed' key: 'chgcars/mp-1345205.json.gz' version: None error: An error occurred (NoSuchKey) when calling the GetObject operation: The specified key does not exist.
  4497/8883: mp-1205794
  4498/8883: mp-1112872
  4499/8883: mp-865624
  4500/8883: mp-977324
unable to access bucket: 'materialsproject-parsed' key: 'chgcars/mp-1415056.json.gz' version: None error: An error occurred (NoSuchKey) when calling the GetObject operation: The specified key does not exist.
  4501/8883: mp-1184094
unable to access bucket: 'materialsproject-parsed' key: 'chgcars/mp-1424106.json.gz' version: None error: An error occurred (NoSuchKey) when calling the GetObject operation: The specified key does not exist.
  4502/8883: mp-1184467
  4503/8883: mp-1112623
  4504/8883: mp-1186004
unable to access bucket: 'materialsproject-parsed' key: 'chgcars/mp-1414400.json.gz' version: None error: An error occurred (NoSuchKey) when calling the GetObject operation: The specified key does not exist.
  4505/8883: mp-865485
unable to access bucket: 'materialsproject-parsed' key: 'chgcars/mp-1424839.json.gz' version: None error: An error occurred (NoSuchKey) when calling the GetObject operation: The specified key does not exist.
  4506/8883: mp-19059
  4507/8883: mp-1111839
  4508/8883: mp-1183061
unable to access bucket: 'materialsproject-parsed' key: 'chgcars/mp-1388144.json.gz' version: None error: An error occurred (NoSuchKey) when calling the GetObject operation: The specified key does not exist.
  4509/8883: mp-976023
  4510/8883: mp-1192947
unable to access bucket: 'materialsproject-parsed' key: 'chgcars/mp-1403998.json.gz' version: None error: An error occurred (NoSuchKey) when calling the GetObject operation: The specified key does not exist.
  4511/8883: mp-1112601
  4512/8883: mp-1111023
  4513/8883: mp-1111032
unable to access bucket: 'materialsproject-parsed' key: 'chgcars/mp-1410169.json.gz' version: None error: An error occurred (NoSuchKey) when calling the GetObject operation: The specified key does not exist.
  4514/8883: mp-1094256
unable to access bucket: 'materialsproject-parsed' key: 'chgcars/mp-1385586.json.gz' version: None error: An error occurred (NoSuchKey) when calling the GetObject operation: The specified key does not exist.
  4515/8883: mp-981380
  4516/8883: mp-866197
  4517/8883: mp-1079458
  4518/8883: mp-862886
unable to access bucket: 'materialsproject-parsed' key: 'chgcars/mp-1415881.json.gz' version: None error: An error occurred (NoSuchKey) when calling the GetObject operation: The specified key does not exist.
  4519/8883: mp-972
unable to access bucket: 'materialsproject-parsed' key: 'chgcars/mp-1440645.json.gz' version: None error: An error occurred (NoSuchKey) when calling the GetObject operation: The specified key does not exist.
  4520/8883: mp-1187691
unable to access bucket: 'materialsproject-parsed' key: 'chgcars/mp-1387992.json.gz' version: None error: An error occurred (NoSuchKey) when calling the GetObject operation: The specified key does not exist.
  4521/8883: mp-1184861
unable to access bucket: 'materialsproject-parsed' key: 'chgcars/mp-1409464.json.gz' version: None error: An error occurred (NoSuchKey) when calling the GetObject operation: The specified key does not exist.
  4522/8883: mp-1111080
  4523/8883: mp-765804
  4524/8883: mp-864921
unable to access bucket: 'materialsproject-parsed' key: 'chgcars/mp-1422384.json.gz' version: None error: An error occurred (NoSuchKey) when calling the GetObject operation: The specified key does not exist.
  4525/8883: mp-866114
  4526/8883: mp-978549
  4527/8883: mp-1112017
  4528/8883: mp-1187698
  4529/8883: mp-3944
unable to access bucket: 'materialsproject-parsed' key: 'chgcars/mp-1439235.json.gz' version: None error: An error occurred (NoSuchKey) when calling the GetObject operation: The specified key does not exist.
  4530/8883: mp-977356
unable to access bucket: 'materialsproject-parsed' key: 'chgcars/mp-1433634.json.gz' version: None error: An error occurred (NoSuchKey) when calling the GetObject operation: The specified key does not exist.
  4531/8883: mp-554252
  4532/8883: mp-1113110
  4533/8883: mp-1183556
  4534/8883: mp-644481
unable to access bucket: 'materialsproject-parsed' key: 'chgcars/mp-1439386.json.gz' version: None error: An error occurred (NoSuchKey) when calling the GetObject operation: The specified key does not exist.
  4535/8883: mp-867160
unable to access bucket: 'materialsproject-parsed' key: 'chgcars/mp-1433784.json.gz' version: None error: An error occurred (NoSuchKey) when calling the GetObject operation: The specified key does not exist.
  4536/8883: mp-16522
  4537/8883: mp-862991
unable to access bucket: 'materialsproject-parsed' key: 'chgcars/mp-1427371.json.gz' version: None error: An error occurred (NoSuchKey) when calling the GetObject operation: The specified key does not exist.
  4538/8883: mp-697030
  4539/8883: mp-1110947
unable to access bucket: 'materialsproject-parsed' key: 'chgcars/mp-1346447.json.gz' version: None error: An error occurred (NoSuchKey) when calling the GetObject operation: The specified key does not exist.
  4540/8883: mp-1209181
  4541/8883: mp-1183601
unable to access bucket: 'materialsproject-parsed' key: 'chgcars/mp-1387844.json.gz' version: None error: An error occurred (NoSuchKey) when calling the GetObject operation: The specified key does not exist.
  4542/8883: mp-1186232
unable to access bucket: 'materialsproject-parsed' key: 'chgcars/mp-1435327.json.gz' version: None error: An error occurred (NoSuchKey) when calling the GetObject operation: The specified key does not exist.
  4543/8883: mp-975219
  4544/8883: mp-1184126
unable to access bucket: 'materialsproject-parsed' key: 'chgcars/mp-1424446.json.gz' version: None error: An error occurred (NoSuchKey) when calling the GetObject operation: The specified key does not exist.
  4545/8883: mp-631474
  4546/8883: mp-973333
unable to access bucket: 'materialsproject-parsed' key: 'chgcars/mp-1392321.json.gz' version: None error: An error occurred (NoSuchKey) when calling the GetObject operation: The specified key does not exist.
  4547/8883: mp-1184732
unable to access bucket: 'materialsproject-parsed' key: 'chgcars/mp-1660033.json.gz' version: None error: An error occurred (NoSuchKey) when calling the GetObject operation: The specified key does not exist.
  4548/8883: mp-982739
  4549/8883: mp-1193216
  4550/8883: mp-862610
  4551/8883: mp-1187588
  4552/8883: mp-1111065
unable to access bucket: 'materialsproject-parsed' key: 'chgcars/mp-1443629.json.gz' version: None error: An error occurred (NoSuchKey) when calling the GetObject operation: The specified key does not exist.
  4553/8883: mp-862736
  4554/8883: mp-1111969
unable to access bucket: 'materialsproject-parsed' key: 'chgcars/mp-1400116.json.gz' version: None error: An error occurred (NoSuchKey) when calling the GetObject operation: The specified key does not exist.
  4555/8883: mp-30347
unable to access bucket: 'materialsproject-parsed' key: 'chgcars/mp-1438045.json.gz' version: None error: An error occurred (NoSuchKey) when calling the GetObject operation: The specified key does not exist.
  4556/8883: mp-864957
  4557/8883: mp-867108
  4558/8883: mp-2114
  4559/8883: mp-30779
  4560/8883: mp-978529
  4561/8883: mp-1186604
  4562/8883: mp-866165
  4563/8883: mp-1112943
  4564/8883: mp-1206366
  4565/8883: mp-1218831
  4566/8883: mp-862613
  4567/8883: mp-1112470
  4568/8883: mp-1187965
  4569/8883: mp-983598
unable to access bucket: 'materialsproject-parsed' key: 'chgcars/mp-1424374.json.gz' version: None error: An error occurred (NoSuchKey) when calling the GetObject operation: The specified key does not exist.
  4570/8883: mp-1187371
  4571/8883: mp-1194470
unable to access bucket: 'materialsproject-parsed' key: 'chgcars/mp-1391967.json.gz' version: None error: An error occurred (NoSuchKey) when calling the GetObject operation: The specified key does not exist.
  4572/8883: mp-1187677
  4573/8883: mp-1112899
  4574/8883: mp-1113824
unable to access bucket: 'materialsproject-parsed' key: 'chgcars/mp-1410273.json.gz' version: None error: An error occurred (NoSuchKey) when calling the GetObject operation: The specified key does not exist.
  4575/8883: mp-560790
  4576/8883: mp-2269
  4577/8883: mp-976590
unable to access bucket: 'materialsproject-parsed' key: 'chgcars/mp-1434633.json.gz' version: None error: An error occurred (NoSuchKey) when calling the GetObject operation: The specified key does not exist.
  4578/8883: mp-1207040
  4579/8883: mp-1184850
  4580/8883: mp-862935
unable to access bucket: 'materialsproject-parsed' key: 'chgcars/mp-1504896.json.gz' version: None error: An error occurred (NoSuchKey) when calling the GetObject operation: The specified key does not exist.
  4581/8883: mp-1183118
  4582/8883: mp-977382
unable to access bucket: 'materialsproject-parsed' key: 'chgcars/mp-1413278.json.gz' version: None error: An error occurred (NoSuchKey) when calling the GetObject operation: The specified key does not exist.
  4583/8883: mp-866140
  4584/8883: mp-688151
unable to access bucket: 'materialsproject-parsed' key: 'chgcars/mp-1413322.json.gz' version: None error: An error occurred (NoSuchKey) when calling the GetObject operation: The specified key does not exist.
  4585/8883: mp-1187271
unable to access bucket: 'materialsproject-parsed' key: 'chgcars/mp-1405012.json.gz' version: None error: An error occurred (NoSuchKey) when calling the GetObject operation: The specified key does not exist.
  4586/8883: mp-1187571
unable to access bucket: 'materialsproject-parsed' key: 'chgcars/mp-1384154.json.gz' version: None error: An error occurred (NoSuchKey) when calling the GetObject operation: The specified key does not exist.
  4587/8883: mp-11577
unable to access bucket: 'materialsproject-parsed' key: 'chgcars/mp-1437256.json.gz' version: None error: An error occurred (NoSuchKey) when calling the GetObject operation: The specified key does not exist.
  4588/8883: mp-861988
  4589/8883: mp-1205822
unable to access bucket: 'materialsproject-parsed' key: 'chgcars/mp-1393882.json.gz' version: None error: An error occurred (NoSuchKey) when calling the GetObject operation: The specified key does not exist.
  4590/8883: mp-864903
  4591/8883: mp-1206861
  4592/8883: mp-1205631
unable to access bucket: 'materialsproject-parsed' key: 'chgcars/mp-1294185.json.gz' version: None error: An error occurred (NoSuchKey) when calling the GetObject operation: The specified key does not exist.
  4593/8883: mp-1112221
  4594/8883: mp-1187197
unable to access bucket: 'materialsproject-parsed' key: 'chgcars/mp-1412386.json.gz' version: None error: An error occurred (NoSuchKey) when calling the GetObject operation: The specified key does not exist.
  4595/8883: mp-1183146
unable to access bucket: 'materialsproject-parsed' key: 'chgcars/mp-1437376.json.gz' version: None error: An error occurred (NoSuchKey) when calling the GetObject operation: The specified key does not exist.
  4596/8883: mp-2724
  4597/8883: mp-867854
unable to access bucket: 'materialsproject-parsed' key: 'chgcars/mp-1421992.json.gz' version: None error: An error occurred (NoSuchKey) when calling the GetObject operation: The specified key does not exist.
  4598/8883: mp-1113546
  4599/8883: mp-1094184
  4600/8883: mp-1183592
unable to access bucket: 'materialsproject-parsed' key: 'chgcars/mp-1504872.json.gz' version: None error: An error occurred (NoSuchKey) when calling the GetObject operation: The specified key does not exist.
  4601/8883: mp-1113554
  4602/8883: mp-1186457
  4603/8883: mp-1111621
  4604/8883: mp-1112879
unable to access bucket: 'materialsproject-parsed' key: 'chgcars/mp-1388161.json.gz' version: None error: An error occurred (NoSuchKey) when calling the GetObject operation: The specified key does not exist.
  4605/8883: mp-867291
unable to access bucket: 'materialsproject-parsed' key: 'chgcars/mp-1432229.json.gz' version: None error: An error occurred (NoSuchKey) when calling the GetObject operation: The specified key does not exist.
  4606/8883: mp-867255
unable to access bucket: 'materialsproject-parsed' key: 'chgcars/mp-1385888.json.gz' version: None error: An error occurred (NoSuchKey) when calling the GetObject operation: The specified key does not exist.
  4607/8883: mp-980195
  4608/8883: mp-984769
unable to access bucket: 'materialsproject-parsed' key: 'chgcars/mp-1504837.json.gz' version: None error: An error occurred (NoSuchKey) when calling the GetObject operation: The specified key does not exist.
  4609/8883: mp-866065
unable to access bucket: 'materialsproject-parsed' key: 'chgcars/mp-1426313.json.gz' version: None error: An error occurred (NoSuchKey) when calling the GetObject operation: The specified key does not exist.
  4610/8883: mp-1111043
unable to access bucket: 'materialsproject-parsed' key: 'chgcars/mp-1397294.json.gz' version: None error: An error occurred (NoSuchKey) when calling the GetObject operation: The specified key does not exist.
  4611/8883: mp-865872
unable to access bucket: 'materialsproject-parsed' key: 'chgcars/mp-1422014.json.gz' version: None error: An error occurred (NoSuchKey) when calling the GetObject operation: The specified key does not exist.
  4612/8883: mp-972530
  4613/8883: mp-1112083
  4614/8883: mp-1112889
  4615/8883: mp-1111836
  4616/8883: mp-1110679
  4617/8883: mp-1186356
unable to access bucket: 'materialsproject-parsed' key: 'chgcars/mp-1416304.json.gz' version: None error: An error occurred (NoSuchKey) when calling the GetObject operation: The specified key does not exist.
  4618/8883: mp-975650
  4619/8883: mp-865249
unable to access bucket: 'materialsproject-parsed' key: 'chgcars/mp-1433593.json.gz' version: None error: An error occurred (NoSuchKey) when calling the GetObject operation: The specified key does not exist.
  4620/8883: mp-1009539
  4621/8883: mp-1113062
unable to access bucket: 'materialsproject-parsed' key: 'chgcars/mp-1383062.json.gz' version: None error: An error occurred (NoSuchKey) when calling the GetObject operation: The specified key does not exist.
  4622/8883: mp-1113850
  4623/8883: mp-979012
  4624/8883: mp-1112107
  4625/8883: mp-1185963
unable to access bucket: 'materialsproject-parsed' key: 'chgcars/mp-1432445.json.gz' version: None error: An error occurred (NoSuchKey) when calling the GetObject operation: The specified key does not exist.
  4626/8883: mp-1207138
unable to access bucket: 'materialsproject-parsed' key: 'chgcars/mp-1395072.json.gz' version: None error: An error occurred (NoSuchKey) when calling the GetObject operation: The specified key does not exist.
  4627/8883: mp-862486
  4628/8883: mp-1113498
  4629/8883: mp-973831
unable to access bucket: 'materialsproject-parsed' key: 'chgcars/mp-1422303.json.gz' version: None error: An error occurred (NoSuchKey) when calling the GetObject operation: The specified key does not exist.
  4630/8883: mp-1184096
unable to access bucket: 'materialsproject-parsed' key: 'chgcars/mp-1418690.json.gz' version: None error: An error occurred (NoSuchKey) when calling the GetObject operation: The specified key does not exist.
  4631/8883: mp-5181
  4632/8883: mp-1180353
unable to access bucket: 'materialsproject-parsed' key: 'chgcars/mp-1387362.json.gz' version: None error: An error occurred (NoSuchKey) when calling the GetObject operation: The specified key does not exist.
  4633/8883: mp-861884
  4634/8883: mp-1185400
unable to access bucket: 'materialsproject-parsed' key: 'chgcars/mp-1425279.json.gz' version: None error: An error occurred (NoSuchKey) when calling the GetObject operation: The specified key does not exist.
  4635/8883: mp-1113547
  4636/8883: mp-1184101
  4637/8883: mp-1187068
  4638/8883: mp-865170
  4639/8883: mp-865713
  4640/8883: mp-1186238
  4641/8883: mp-1111732
  4642/8883: mp-1112001
  4643/8883: mp-570547
  4644/8883: mp-631527
unable to access bucket: 'materialsproject-parsed' key: 'chgcars/mp-1430965.json.gz' version: None error: An error occurred (NoSuchKey) when calling the GetObject operation: The specified key does not exist.
  4645/8883: mp-861946
unable to access bucket: 'materialsproject-parsed' key: 'chgcars/mp-1420273.json.gz' version: None error: An error occurred (NoSuchKey) when calling the GetObject operation: The specified key does not exist.
  4646/8883: mp-1112687
  4647/8883: mp-1009078
  4648/8883: mp-865774
  4649/8883: mp-1184890
  4650/8883: mp-1187608
  4651/8883: mp-1113777
  4652/8883: mp-861874
unable to access bucket: 'materialsproject-parsed' key: 'chgcars/mp-1421087.json.gz' version: None error: An error occurred (NoSuchKey) when calling the GetObject operation: The specified key does not exist.
  4653/8883: mp-1876
unable to access bucket: 'materialsproject-parsed' key: 'chgcars/mp-1439274.json.gz' version: None error: An error occurred (NoSuchKey) when calling the GetObject operation: The specified key does not exist.
  4654/8883: mp-1183381
  4655/8883: mp-1161
  4656/8883: mp-1185428
unable to access bucket: 'materialsproject-parsed' key: 'chgcars/mp-1430613.json.gz' version: None error: An error occurred (NoSuchKey) when calling the GetObject operation: The specified key does not exist.
  4657/8883: mp-10020
  4658/8883: mp-865220
  4659/8883: mp-867829
  4660/8883: mp-1185007
  4661/8883: mp-865735
  4662/8883: mp-867346
unable to access bucket: 'materialsproject-parsed' key: 'chgcars/mp-1408001.json.gz' version: None error: An error occurred (NoSuchKey) when calling the GetObject operation: The specified key does not exist.
  4663/8883: mp-614456
unable to access bucket: 'materialsproject-parsed' key: 'chgcars/mp-1440249.json.gz' version: None error: An error occurred (NoSuchKey) when calling the GetObject operation: The specified key does not exist.
  4664/8883: mp-865461
  4665/8883: mp-23350
unable to access bucket: 'materialsproject-parsed' key: 'chgcars/mp-1425763.json.gz' version: None error: An error occurred (NoSuchKey) when calling the GetObject operation: The specified key does not exist.
  4666/8883: mp-1111933
  4667/8883: mp-1114044
unable to access bucket: 'materialsproject-parsed' key: 'chgcars/mp-1390907.json.gz' version: None error: An error occurred (NoSuchKey) when calling the GetObject operation: The specified key does not exist.
  4668/8883: mp-1183902
unable to access bucket: 'materialsproject-parsed' key: 'chgcars/mp-1387363.json.gz' version: None error: An error occurred (NoSuchKey) when calling the GetObject operation: The specified key does not exist.
  4669/8883: mp-863744
unable to access bucket: 'materialsproject-parsed' key: 'chgcars/mp-1430292.json.gz' version: None error: An error occurred (NoSuchKey) when calling the GetObject operation: The specified key does not exist.
  4670/8883: mp-865122
  4671/8883: mp-1112186
  4672/8883: mp-1113500
  4673/8883: mp-1111979
unable to access bucket: 'materialsproject-parsed' key: 'chgcars/mp-1407136.json.gz' version: None error: An error occurred (NoSuchKey) when calling the GetObject operation: The specified key does not exist.
  4674/8883: mp-865444
  4675/8883: mp-1112152
  4676/8883: mp-971868
unable to access bucket: 'materialsproject-parsed' key: 'chgcars/mp-1413377.json.gz' version: None error: An error occurred (NoSuchKey) when calling the GetObject operation: The specified key does not exist.
  4677/8883: mp-2082
  4678/8883: mp-13937
  4679/8883: mp-864897
unable to access bucket: 'materialsproject-parsed' key: 'chgcars/mp-1475730.json.gz' version: None error: An error occurred (NoSuchKey) when calling the GetObject operation: The specified key does not exist.
  4680/8883: mp-862940
unable to access bucket: 'materialsproject-parsed' key: 'chgcars/mp-1414054.json.gz' version: None error: An error occurred (NoSuchKey) when calling the GetObject operation: The specified key does not exist.
  4681/8883: mp-1209988
  4682/8883: mp-864646
unable to access bucket: 'materialsproject-parsed' key: 'chgcars/mp-1429105.json.gz' version: None error: An error occurred (NoSuchKey) when calling the GetObject operation: The specified key does not exist.
  4683/8883: mp-977357
unable to access bucket: 'materialsproject-parsed' key: 'chgcars/mp-1475433.json.gz' version: None error: An error occurred (NoSuchKey) when calling the GetObject operation: The specified key does not exist.
  4684/8883: mp-867121
unable to access bucket: 'materialsproject-parsed' key: 'chgcars/mp-1428502.json.gz' version: None error: An error occurred (NoSuchKey) when calling the GetObject operation: The specified key does not exist.
  4685/8883: mp-23951
unable to access bucket: 'materialsproject-parsed' key: 'chgcars/mp-1427073.json.gz' version: None error: An error occurred (NoSuchKey) when calling the GetObject operation: The specified key does not exist.
  4686/8883: mp-866008
  4687/8883: mp-989556
  4688/8883: mp-1184381
unable to access bucket: 'materialsproject-parsed' key: 'chgcars/mp-1445629.json.gz' version: None error: An error occurred (NoSuchKey) when calling the GetObject operation: The specified key does not exist.
  4689/8883: mp-865375
unable to access bucket: 'materialsproject-parsed' key: 'chgcars/mp-1504663.json.gz' version: None error: An error occurred (NoSuchKey) when calling the GetObject operation: The specified key does not exist.
  4690/8883: mp-1112907
  4691/8883: mp-1110956
unable to access bucket: 'materialsproject-parsed' key: 'chgcars/mp-1348522.json.gz' version: None error: An error occurred (NoSuchKey) when calling the GetObject operation: The specified key does not exist.
  4692/8883: mp-1111104
unable to access bucket: 'materialsproject-parsed' key: 'chgcars/mp-1446422.json.gz' version: None error: An error occurred (NoSuchKey) when calling the GetObject operation: The specified key does not exist.
  4693/8883: mp-1406
  4694/8883: mp-30758
  4695/8883: mp-27635
  4696/8883: mp-861883
  4697/8883: mp-865385
unable to access bucket: 'materialsproject-parsed' key: 'chgcars/mp-1390837.json.gz' version: None error: An error occurred (NoSuchKey) when calling the GetObject operation: The specified key does not exist.
  4698/8883: mp-1186510
unable to access bucket: 'materialsproject-parsed' key: 'chgcars/mp-1443251.json.gz' version: None error: An error occurred (NoSuchKey) when calling the GetObject operation: The specified key does not exist.
  4699/8883: mp-864671
unable to access bucket: 'materialsproject-parsed' key: 'chgcars/mp-1433682.json.gz' version: None error: An error occurred (NoSuchKey) when calling the GetObject operation: The specified key does not exist.
  4700/8883: mp-1186124
unable to access bucket: 'materialsproject-parsed' key: 'chgcars/mp-1424477.json.gz' version: None error: An error occurred (NoSuchKey) when calling the GetObject operation: The specified key does not exist.
  4701/8883: mp-865522
unable to access bucket: 'materialsproject-parsed' key: 'chgcars/mp-1417864.json.gz' version: None error: An error occurred (NoSuchKey) when calling the GetObject operation: The specified key does not exist.
  4702/8883: mp-867794
unable to access bucket: 'materialsproject-parsed' key: 'chgcars/mp-1393906.json.gz' version: None error: An error occurred (NoSuchKey) when calling the GetObject operation: The specified key does not exist.
  4703/8883: mp-1111976
  4704/8883: mp-862683
  4705/8883: mp-1185054
  4706/8883: mp-1187809
unable to access bucket: 'materialsproject-parsed' key: 'chgcars/mp-1426159.json.gz' version: None error: An error occurred (NoSuchKey) when calling the GetObject operation: The specified key does not exist.
  4707/8883: mp-978975
unable to access bucket: 'materialsproject-parsed' key: 'chgcars/mp-1425574.json.gz' version: None error: An error occurred (NoSuchKey) when calling the GetObject operation: The specified key does not exist.
  4708/8883: mp-1185362
  4709/8883: mp-1110984
  4710/8883: mp-989553
  4711/8883: mp-865232
  4712/8883: mp-978512
unable to access bucket: 'materialsproject-parsed' key: 'chgcars/mp-1421494.json.gz' version: None error: An error occurred (NoSuchKey) when calling the GetObject operation: The specified key does not exist.
  4713/8883: mp-865221
unable to access bucket: 'materialsproject-parsed' key: 'chgcars/mp-1414885.json.gz' version: None error: An error occurred (NoSuchKey) when calling the GetObject operation: The specified key does not exist.
  4714/8883: mp-7381
  4715/8883: mp-865112
unable to access bucket: 'materialsproject-parsed' key: 'chgcars/mp-1407579.json.gz' version: None error: An error occurred (NoSuchKey) when calling the GetObject operation: The specified key does not exist.
  4716/8883: mp-1187821
unable to access bucket: 'materialsproject-parsed' key: 'chgcars/mp-1430204.json.gz' version: None error: An error occurred (NoSuchKey) when calling the GetObject operation: The specified key does not exist.
  4717/8883: mp-1112149
  4718/8883: mp-1209429
unable to access bucket: 'materialsproject-parsed' key: 'chgcars/mp-1371304.json.gz' version: None error: An error occurred (NoSuchKey) when calling the GetObject operation: The specified key does not exist.
  4719/8883: mp-1192883
unable to access bucket: 'materialsproject-parsed' key: 'chgcars/mp-1404154.json.gz' version: None error: An error occurred (NoSuchKey) when calling the GetObject operation: The specified key does not exist.
  4720/8883: mp-1453
  4721/8883: mp-1078490
  4722/8883: mp-977390
unable to access bucket: 'materialsproject-parsed' key: 'chgcars/mp-1403653.json.gz' version: None error: An error occurred (NoSuchKey) when calling the GetObject operation: The specified key does not exist.
  4723/8883: mp-1111001
  4724/8883: mp-1112885
  4725/8883: mp-1113316
unable to access bucket: 'materialsproject-parsed' key: 'chgcars/mp-1397446.json.gz' version: None error: An error occurred (NoSuchKey) when calling the GetObject operation: The specified key does not exist.
  4726/8883: mp-864965
unable to access bucket: 'materialsproject-parsed' key: 'chgcars/mp-1436634.json.gz' version: None error: An error occurred (NoSuchKey) when calling the GetObject operation: The specified key does not exist.
  4727/8883: mp-1112262
unable to access bucket: 'materialsproject-parsed' key: 'chgcars/mp-1412126.json.gz' version: None error: An error occurred (NoSuchKey) when calling the GetObject operation: The specified key does not exist.
  4728/8883: mp-974933
  4729/8883: mp-1112123
  4730/8883: mp-1110833
  4731/8883: mp-865449
unable to access bucket: 'materialsproject-parsed' key: 'chgcars/mp-1406092.json.gz' version: None error: An error occurred (NoSuchKey) when calling the GetObject operation: The specified key does not exist.
  4732/8883: mp-1113778
  4733/8883: mp-1113450
  4734/8883: mp-1183136
unable to access bucket: 'materialsproject-parsed' key: 'chgcars/mp-1425789.json.gz' version: None error: An error occurred (NoSuchKey) when calling the GetObject operation: The specified key does not exist.
  4735/8883: mp-864791
unable to access bucket: 'materialsproject-parsed' key: 'chgcars/mp-1433721.json.gz' version: None error: An error occurred (NoSuchKey) when calling the GetObject operation: The specified key does not exist.
  4736/8883: mp-1183461
unable to access bucket: 'materialsproject-parsed' key: 'chgcars/mp-1425922.json.gz' version: None error: An error occurred (NoSuchKey) when calling the GetObject operation: The specified key does not exist.
  4737/8883: mp-1110774
  4738/8883: mp-865169
unable to access bucket: 'materialsproject-parsed' key: 'chgcars/mp-1413911.json.gz' version: None error: An error occurred (NoSuchKey) when calling the GetObject operation: The specified key does not exist.
  4739/8883: mp-1186000
  4740/8883: mp-1185456
unable to access bucket: 'materialsproject-parsed' key: 'chgcars/mp-1419989.json.gz' version: None error: An error occurred (NoSuchKey) when calling the GetObject operation: The specified key does not exist.
  4741/8883: mp-22712
  4742/8883: mp-1188019
  4743/8883: mp-1111343
unable to access bucket: 'materialsproject-parsed' key: 'chgcars/mp-1443259.json.gz' version: None error: An error occurred (NoSuchKey) when calling the GetObject operation: The specified key does not exist.
  4744/8883: mp-985471
unable to access bucket: 'materialsproject-parsed' key: 'chgcars/mp-1425563.json.gz' version: None error: An error occurred (NoSuchKey) when calling the GetObject operation: The specified key does not exist.
  4745/8883: mp-1186145
unable to access bucket: 'materialsproject-parsed' key: 'chgcars/mp-1383591.json.gz' version: None error: An error occurred (NoSuchKey) when calling the GetObject operation: The specified key does not exist.
  4746/8883: mp-9262
  4747/8883: mp-1111034
unable to access bucket: 'materialsproject-parsed' key: 'chgcars/mp-1443252.json.gz' version: None error: An error occurred (NoSuchKey) when calling the GetObject operation: The specified key does not exist.
  4748/8883: mp-1183776
unable to access bucket: 'materialsproject-parsed' key: 'chgcars/mp-1393941.json.gz' version: None error: An error occurred (NoSuchKey) when calling the GetObject operation: The specified key does not exist.
  4749/8883: mp-542727
unable to access bucket: 'materialsproject-parsed' key: 'chgcars/mp-1382235.json.gz' version: None error: An error occurred (NoSuchKey) when calling the GetObject operation: The specified key does not exist.
  4750/8883: mp-1218683
  4751/8883: mp-1187725
  4752/8883: mp-1112315
  4753/8883: mp-1206092
unable to access bucket: 'materialsproject-parsed' key: 'chgcars/mp-1397730.json.gz' version: None error: An error occurred (NoSuchKey) when calling the GetObject operation: The specified key does not exist.
  4754/8883: mp-1187869
unable to access bucket: 'materialsproject-parsed' key: 'chgcars/mp-1417606.json.gz' version: None error: An error occurred (NoSuchKey) when calling the GetObject operation: The specified key does not exist.
  4755/8883: mp-1183986
unable to access bucket: 'materialsproject-parsed' key: 'chgcars/mp-1388818.json.gz' version: None error: An error occurred (NoSuchKey) when calling the GetObject operation: The specified key does not exist.
  4756/8883: mp-1209091
  4757/8883: mp-1112023
unable to access bucket: 'materialsproject-parsed' key: 'chgcars/mp-1331545.json.gz' version: None error: An error occurred (NoSuchKey) when calling the GetObject operation: The specified key does not exist.
  4758/8883: mp-1112626
  4759/8883: mp-1186342
  4760/8883: mp-1060680
  4761/8883: mp-862759
unable to access bucket: 'materialsproject-parsed' key: 'chgcars/mp-1435986.json.gz' version: None error: An error occurred (NoSuchKey) when calling the GetObject operation: The specified key does not exist.
  4762/8883: mp-973824
unable to access bucket: 'materialsproject-parsed' key: 'chgcars/mp-1422169.json.gz' version: None error: An error occurred (NoSuchKey) when calling the GetObject operation: The specified key does not exist.
  4763/8883: mp-867902
unable to access bucket: 'materialsproject-parsed' key: 'chgcars/mp-1430511.json.gz' version: None error: An error occurred (NoSuchKey) when calling the GetObject operation: The specified key does not exist.
  4764/8883: mp-1187705
  4765/8883: mp-1110603
  4766/8883: mp-867148
  4767/8883: mp-865949
unable to access bucket: 'materialsproject-parsed' key: 'chgcars/mp-1432308.json.gz' version: None error: An error occurred (NoSuchKey) when calling the GetObject operation: The specified key does not exist.
  4768/8883: mp-22921
  4769/8883: mp-1184262
  4770/8883: mp-1184102
  4771/8883: mp-1111718
unable to access bucket: 'materialsproject-parsed' key: 'chgcars/mp-1412600.json.gz' version: None error: An error occurred (NoSuchKey) when calling the GetObject operation: The specified key does not exist.
  4772/8883: mp-1111203
unable to access bucket: 'materialsproject-parsed' key: 'chgcars/mp-1369852.json.gz' version: None error: An error occurred (NoSuchKey) when calling the GetObject operation: The specified key does not exist.
  4773/8883: mp-1078410
  4774/8883: mp-30465
  4775/8883: mp-977383
  4776/8883: mp-1112169
  4777/8883: mp-1184891
  4778/8883: mp-865179
unable to access bucket: 'materialsproject-parsed' key: 'chgcars/mp-1423588.json.gz' version: None error: An error occurred (NoSuchKey) when calling the GetObject operation: The specified key does not exist.
  4779/8883: mp-867218
  4780/8883: mp-1112586
  4781/8883: mp-1183042
unable to access bucket: 'materialsproject-parsed' key: 'chgcars/mp-1420100.json.gz' version: None error: An error occurred (NoSuchKey) when calling the GetObject operation: The specified key does not exist.
  4782/8883: mp-16180
unable to access bucket: 'materialsproject-parsed' key: 'chgcars/mp-1433608.json.gz' version: None error: An error occurred (NoSuchKey) when calling the GetObject operation: The specified key does not exist.
  4783/8883: mp-1110877
  4784/8883: mp-864770
unable to access bucket: 'materialsproject-parsed' key: 'chgcars/mp-1415275.json.gz' version: None error: An error occurred (NoSuchKey) when calling the GetObject operation: The specified key does not exist.
  4785/8883: mp-865273
  4786/8883: mp-1184862
unable to access bucket: 'materialsproject-parsed' key: 'chgcars/mp-1406075.json.gz' version: None error: An error occurred (NoSuchKey) when calling the GetObject operation: The specified key does not exist.
  4787/8883: mp-982007
  4788/8883: mp-1110686
  4789/8883: mp-1112323
  4790/8883: mp-1187929
unable to access bucket: 'materialsproject-parsed' key: 'chgcars/mp-1429206.json.gz' version: None error: An error occurred (NoSuchKey) when calling the GetObject operation: The specified key does not exist.
  4791/8883: mp-1111600
  4792/8883: mp-1095185
  4793/8883: mp-980064
unable to access bucket: 'materialsproject-parsed' key: 'chgcars/mp-1432620.json.gz' version: None error: An error occurred (NoSuchKey) when calling the GetObject operation: The specified key does not exist.
  4794/8883: mp-1185598
unable to access bucket: 'materialsproject-parsed' key: 'chgcars/mp-1444130.json.gz' version: None error: An error occurred (NoSuchKey) when calling the GetObject operation: The specified key does not exist.
  4795/8883: mp-977425
unable to access bucket: 'materialsproject-parsed' key: 'chgcars/mp-1427749.json.gz' version: None error: An error occurred (NoSuchKey) when calling the GetObject operation: The specified key does not exist.
  4796/8883: mp-862951
unable to access bucket: 'materialsproject-parsed' key: 'chgcars/mp-1437175.json.gz' version: None error: An error occurred (NoSuchKey) when calling the GetObject operation: The specified key does not exist.
  4797/8883: mp-1184889
unable to access bucket: 'materialsproject-parsed' key: 'chgcars/mp-1397117.json.gz' version: None error: An error occurred (NoSuchKey) when calling the GetObject operation: The specified key does not exist.
  4798/8883: mp-1213766
  4799/8883: mp-865994
unable to access bucket: 'materialsproject-parsed' key: 'chgcars/mp-1421792.json.gz' version: None error: An error occurred (NoSuchKey) when calling the GetObject operation: The specified key does not exist.
  4800/8883: mp-867144
  4801/8883: mp-983480
  4802/8883: mp-1186639
unable to access bucket: 'materialsproject-parsed' key: 'chgcars/mp-1421111.json.gz' version: None error: An error occurred (NoSuchKey) when calling the GetObject operation: The specified key does not exist.
  4803/8883: mp-989404
unable to access bucket: 'materialsproject-parsed' key: 'chgcars/mp-1387371.json.gz' version: None error: An error occurred (NoSuchKey) when calling the GetObject operation: The specified key does not exist.
  4804/8883: mp-1112369
unable to access bucket: 'materialsproject-parsed' key: 'chgcars/mp-1406712.json.gz' version: None error: An error occurred (NoSuchKey) when calling the GetObject operation: The specified key does not exist.
  4805/8883: mp-1183063
unable to access bucket: 'materialsproject-parsed' key: 'chgcars/mp-1383698.json.gz' version: None error: An error occurred (NoSuchKey) when calling the GetObject operation: The specified key does not exist.
  4806/8883: mp-1183204
  4807/8883: mp-30388
unable to access bucket: 'materialsproject-parsed' key: 'chgcars/mp-1438303.json.gz' version: None error: An error occurred (NoSuchKey) when calling the GetObject operation: The specified key does not exist.
  4808/8883: mp-867131
  4809/8883: mp-1110589
  4810/8883: mp-867858
  4811/8883: mp-30570
  4812/8883: mp-342
  4813/8883: mp-1184921
unable to access bucket: 'materialsproject-parsed' key: 'chgcars/mp-1407871.json.gz' version: None error: An error occurred (NoSuchKey) when calling the GetObject operation: The specified key does not exist.
  4814/8883: mp-867241
unable to access bucket: 'materialsproject-parsed' key: 'chgcars/mp-1475622.json.gz' version: None error: An error occurred (NoSuchKey) when calling the GetObject operation: The specified key does not exist.
  4815/8883: mp-1208169
  4816/8883: mp-866079
  4817/8883: mp-866154
unable to access bucket: 'materialsproject-parsed' key: 'chgcars/mp-1436067.json.gz' version: None error: An error occurred (NoSuchKey) when calling the GetObject operation: The specified key does not exist.
  4818/8883: mp-1183474
unable to access bucket: 'materialsproject-parsed' key: 'chgcars/mp-1386289.json.gz' version: None error: An error occurred (NoSuchKey) when calling the GetObject operation: The specified key does not exist.
  4819/8883: mp-1079654
  4820/8883: mp-557324
  4821/8883: mp-20358
unable to access bucket: 'materialsproject-parsed' key: 'chgcars/mp-1412995.json.gz' version: None error: An error occurred (NoSuchKey) when calling the GetObject operation: The specified key does not exist.
  4822/8883: mp-30760
  4823/8883: mp-1206848
  4824/8883: mp-865448
unable to access bucket: 'materialsproject-parsed' key: 'chgcars/mp-1434571.json.gz' version: None error: An error occurred (NoSuchKey) when calling the GetObject operation: The specified key does not exist.
  4825/8883: mp-1184870
unable to access bucket: 'materialsproject-parsed' key: 'chgcars/mp-1428208.json.gz' version: None error: An error occurred (NoSuchKey) when calling the GetObject operation: The specified key does not exist.
  4826/8883: mp-23171
  4827/8883: mp-980905
  4828/8883: mp-631316
  4829/8883: mp-1110747
  4830/8883: mp-744
  4831/8883: mp-981368
  4832/8883: mp-5124
  4833/8883: mp-1184986
  4834/8883: mp-1214698
unable to access bucket: 'materialsproject-parsed' key: 'chgcars/mp-1411097.json.gz' version: None error: An error occurred (NoSuchKey) when calling the GetObject operation: The specified key does not exist.
  4835/8883: mp-865413
unable to access bucket: 'materialsproject-parsed' key: 'chgcars/mp-1392293.json.gz' version: None error: An error occurred (NoSuchKey) when calling the GetObject operation: The specified key does not exist.
  4836/8883: mp-866110
unable to access bucket: 'materialsproject-parsed' key: 'chgcars/mp-1418893.json.gz' version: None error: An error occurred (NoSuchKey) when calling the GetObject operation: The specified key does not exist.
  4837/8883: mp-864997
unable to access bucket: 'materialsproject-parsed' key: 'chgcars/mp-1429532.json.gz' version: None error: An error occurred (NoSuchKey) when calling the GetObject operation: The specified key does not exist.
  4838/8883: mp-1111177
unable to access bucket: 'materialsproject-parsed' key: 'chgcars/mp-1390264.json.gz' version: None error: An error occurred (NoSuchKey) when calling the GetObject operation: The specified key does not exist.
  4839/8883: mp-1084
unable to access bucket: 'materialsproject-parsed' key: 'chgcars/mp-1427051.json.gz' version: None error: An error occurred (NoSuchKey) when calling the GetObject operation: The specified key does not exist.
  4840/8883: mp-864651
unable to access bucket: 'materialsproject-parsed' key: 'chgcars/mp-1430400.json.gz' version: None error: An error occurred (NoSuchKey) when calling the GetObject operation: The specified key does not exist.
  4841/8883: mp-1184514
  4842/8883: mp-1110633
unable to access bucket: 'materialsproject-parsed' key: 'chgcars/mp-1371753.json.gz' version: None error: An error occurred (NoSuchKey) when calling the GetObject operation: The specified key does not exist.
  4843/8883: mp-1111931
unable to access bucket: 'materialsproject-parsed' key: 'chgcars/mp-1393398.json.gz' version: None error: An error occurred (NoSuchKey) when calling the GetObject operation: The specified key does not exist.
  4844/8883: mp-1184112
  4845/8883: mp-862977
  4846/8883: mp-1111628
  4847/8883: mp-1009533
  4848/8883: mp-570203
  4849/8883: mp-1187874
  4850/8883: mp-1079896
  4851/8883: mp-977424
  4852/8883: mp-1111951
  4853/8883: mp-1184300
  4854/8883: mp-867887
  4855/8883: mp-982009
  4856/8883: mp-1186207
  4857/8883: mp-1078913
unable to access bucket: 'materialsproject-parsed' key: 'chgcars/mp-1417569.json.gz' version: None error: An error occurred (NoSuchKey) when calling the GetObject operation: The specified key does not exist.
  4858/8883: mp-1214804
  4859/8883: mp-864634
  4860/8883: mp-1113939
  4861/8883: mp-1113487
  4862/8883: mp-864989
unable to access bucket: 'materialsproject-parsed' key: 'chgcars/mp-1427733.json.gz' version: None error: An error occurred (NoSuchKey) when calling the GetObject operation: The specified key does not exist.
  4863/8883: mp-1110585
unable to access bucket: 'materialsproject-parsed' key: 'chgcars/mp-1405107.json.gz' version: None error: An error occurred (NoSuchKey) when calling the GetObject operation: The specified key does not exist.
  4864/8883: mp-1476
  4865/8883: mp-1185057
unable to access bucket: 'materialsproject-parsed' key: 'chgcars/mp-1395308.json.gz' version: None error: An error occurred (NoSuchKey) when calling the GetObject operation: The specified key does not exist.
  4866/8883: mp-979946
  4867/8883: mp-1080123
  4868/8883: mp-976182
unable to access bucket: 'materialsproject-parsed' key: 'chgcars/mp-1435812.json.gz' version: None error: An error occurred (NoSuchKey) when calling the GetObject operation: The specified key does not exist.
  4869/8883: mp-867978
  4870/8883: mp-1186792
unable to access bucket: 'materialsproject-parsed' key: 'chgcars/mp-1436050.json.gz' version: None error: An error occurred (NoSuchKey) when calling the GetObject operation: The specified key does not exist.
  4871/8883: mp-1206680
unable to access bucket: 'materialsproject-parsed' key: 'chgcars/mp-1415324.json.gz' version: None error: An error occurred (NoSuchKey) when calling the GetObject operation: The specified key does not exist.
  4872/8883: mp-1112903
  4873/8883: mp-1186938
  4874/8883: mp-863660
unable to access bucket: 'materialsproject-parsed' key: 'chgcars/mp-1426247.json.gz' version: None error: An error occurred (NoSuchKey) when calling the GetObject operation: The specified key does not exist.
  4875/8883: mp-1113829
  4876/8883: mp-1193806
unable to access bucket: 'materialsproject-parsed' key: 'chgcars/mp-1396721.json.gz' version: None error: An error occurred (NoSuchKey) when calling the GetObject operation: The specified key does not exist.
  4877/8883: mp-124
unable to access bucket: 'materialsproject-parsed' key: 'chgcars/mp-1440650.json.gz' version: None error: An error occurred (NoSuchKey) when calling the GetObject operation: The specified key does not exist.
  4878/8883: mp-1111295
unable to access bucket: 'materialsproject-parsed' key: 'chgcars/mp-1410363.json.gz' version: None error: An error occurred (NoSuchKey) when calling the GetObject operation: The specified key does not exist.
  4879/8883: mp-865211
  4880/8883: mp-1186328
unable to access bucket: 'materialsproject-parsed' key: 'chgcars/mp-1425303.json.gz' version: None error: An error occurred (NoSuchKey) when calling the GetObject operation: The specified key does not exist.
  4881/8883: mp-865426
unable to access bucket: 'materialsproject-parsed' key: 'chgcars/mp-1414368.json.gz' version: None error: An error occurred (NoSuchKey) when calling the GetObject operation: The specified key does not exist.
  4882/8883: mp-1113823
  4883/8883: mp-1183482
unable to access bucket: 'materialsproject-parsed' key: 'chgcars/mp-1417843.json.gz' version: None error: An error occurred (NoSuchKey) when calling the GetObject operation: The specified key does not exist.
  4884/8883: mp-867128
  4885/8883: mp-2765
unable to access bucket: 'materialsproject-parsed' key: 'chgcars/mp-1439041.json.gz' version: None error: An error occurred (NoSuchKey) when calling the GetObject operation: The specified key does not exist.
  4886/8883: mp-1184216
unable to access bucket: 'materialsproject-parsed' key: 'chgcars/mp-1428802.json.gz' version: None error: An error occurred (NoSuchKey) when calling the GetObject operation: The specified key does not exist.
  4887/8883: mp-1111788
unable to access bucket: 'materialsproject-parsed' key: 'chgcars/mp-1406989.json.gz' version: None error: An error occurred (NoSuchKey) when calling the GetObject operation: The specified key does not exist.
  4888/8883: mp-1112681
unable to access bucket: 'materialsproject-parsed' key: 'chgcars/mp-1444831.json.gz' version: None error: An error occurred (NoSuchKey) when calling the GetObject operation: The specified key does not exist.
  4889/8883: mp-1114070
  4890/8883: mp-1112853
  4891/8883: mp-13939
unable to access bucket: 'materialsproject-parsed' key: 'chgcars/mp-1424428.json.gz' version: None error: An error occurred (NoSuchKey) when calling the GetObject operation: The specified key does not exist.
  4892/8883: mp-30
unable to access bucket: 'materialsproject-parsed' key: 'chgcars/mp-1440676.json.gz' version: None error: An error occurred (NoSuchKey) when calling the GetObject operation: The specified key does not exist.
  4893/8883: mp-861645
unable to access bucket: 'materialsproject-parsed' key: 'chgcars/mp-1385916.json.gz' version: None error: An error occurred (NoSuchKey) when calling the GetObject operation: The specified key does not exist.
  4894/8883: mp-867313
  4895/8883: mp-1112220
  4896/8883: mp-1114135
  4897/8883: mp-1184116
unable to access bucket: 'materialsproject-parsed' key: 'chgcars/mp-1420746.json.gz' version: None error: An error occurred (NoSuchKey) when calling the GetObject operation: The specified key does not exist.
  4898/8883: mp-974810
unable to access bucket: 'materialsproject-parsed' key: 'chgcars/mp-1409803.json.gz' version: None error: An error occurred (NoSuchKey) when calling the GetObject operation: The specified key does not exist.
  4899/8883: mp-806
  4900/8883: mp-1110802
  4901/8883: mp-980189
  4902/8883: mp-541097
  4903/8883: mp-8632
  4904/8883: mp-1110658
  4905/8883: mp-861915
unable to access bucket: 'materialsproject-parsed' key: 'chgcars/mp-1402460.json.gz' version: None error: An error occurred (NoSuchKey) when calling the GetObject operation: The specified key does not exist.
  4906/8883: mp-408
  4907/8883: mp-1183740
  4908/8883: mp-1114186
unable to access bucket: 'materialsproject-parsed' key: 'chgcars/mp-1373893.json.gz' version: None error: An error occurred (NoSuchKey) when calling the GetObject operation: The specified key does not exist.
  4909/8883: mp-1186322
  4910/8883: mp-1187627
unable to access bucket: 'materialsproject-parsed' key: 'chgcars/mp-1415573.json.gz' version: None error: An error occurred (NoSuchKey) when calling the GetObject operation: The specified key does not exist.
  4911/8883: mp-1113808
  4912/8883: mp-999396
  4913/8883: mp-865130
unable to access bucket: 'materialsproject-parsed' key: 'chgcars/mp-1431178.json.gz' version: None error: An error occurred (NoSuchKey) when calling the GetObject operation: The specified key does not exist.
  4914/8883: mp-1187949
unable to access bucket: 'materialsproject-parsed' key: 'chgcars/mp-1435993.json.gz' version: None error: An error occurred (NoSuchKey) when calling the GetObject operation: The specified key does not exist.
  4915/8883: mp-10883
  4916/8883: mp-4652
  4917/8883: mp-12559
unable to access bucket: 'materialsproject-parsed' key: 'chgcars/mp-1773993.json.gz' version: None error: An error occurred (NoSuchKey) when calling the GetObject operation: The specified key does not exist.
  4918/8883: mp-571059
unable to access bucket: 'materialsproject-parsed' key: 'chgcars/mp-1441054.json.gz' version: None error: An error occurred (NoSuchKey) when calling the GetObject operation: The specified key does not exist.
  4919/8883: mp-1096826
unable to access bucket: 'materialsproject-parsed' key: 'chgcars/mp-1420607.json.gz' version: None error: An error occurred (NoSuchKey) when calling the GetObject operation: The specified key does not exist.
  4920/8883: mp-541938
  4921/8883: mp-4367
  4922/8883: mp-25053
unable to access bucket: 'materialsproject-parsed' key: 'chgcars/mp-1430743.json.gz' version: None error: An error occurred (NoSuchKey) when calling the GetObject operation: The specified key does not exist.
  4923/8883: mp-11335
unable to access bucket: 'materialsproject-parsed' key: 'chgcars/mp-1415350.json.gz' version: None error: An error occurred (NoSuchKey) when calling the GetObject operation: The specified key does not exist.
  4924/8883: mp-863704
  4925/8883: mp-1183608
unable to access bucket: 'materialsproject-parsed' key: 'chgcars/mp-1388976.json.gz' version: None error: An error occurred (NoSuchKey) when calling the GetObject operation: The specified key does not exist.
  4926/8883: mp-867762
unable to access bucket: 'materialsproject-parsed' key: 'chgcars/mp-1415213.json.gz' version: None error: An error occurred (NoSuchKey) when calling the GetObject operation: The specified key does not exist.
  4927/8883: mp-1186024
  4928/8883: mp-10893
  4929/8883: mp-32641
unable to access bucket: 'materialsproject-parsed' key: 'chgcars/mp-1426510.json.gz' version: None error: An error occurred (NoSuchKey) when calling the GetObject operation: The specified key does not exist.
  4930/8883: mp-20194
  4931/8883: mp-1184433
  4932/8883: mp-863724
unable to access bucket: 'materialsproject-parsed' key: 'chgcars/mp-1427307.json.gz' version: None error: An error occurred (NoSuchKey) when calling the GetObject operation: The specified key does not exist.
  4933/8883: mp-865997
unable to access bucket: 'materialsproject-parsed' key: 'chgcars/mp-1422896.json.gz' version: None error: An error occurred (NoSuchKey) when calling the GetObject operation: The specified key does not exist.
  4934/8883: mp-861616
unable to access bucket: 'materialsproject-parsed' key: 'chgcars/mp-1424425.json.gz' version: None error: An error occurred (NoSuchKey) when calling the GetObject operation: The specified key does not exist.
  4935/8883: mp-1110650
  4936/8883: mp-1184592
unable to access bucket: 'materialsproject-parsed' key: 'chgcars/mp-1396594.json.gz' version: None error: An error occurred (NoSuchKey) when calling the GetObject operation: The specified key does not exist.
  4937/8883: mp-631619
  4938/8883: mp-866074
unable to access bucket: 'materialsproject-parsed' key: 'chgcars/mp-1436892.json.gz' version: None error: An error occurred (NoSuchKey) when calling the GetObject operation: The specified key does not exist.
  4939/8883: mp-1186452
  4940/8883: mp-989629
unable to access bucket: 'materialsproject-parsed' key: 'chgcars/mp-1388680.json.gz' version: None error: An error occurred (NoSuchKey) when calling the GetObject operation: The specified key does not exist.
  4941/8883: mp-1113996
  4942/8883: mp-1206736
  4943/8883: mp-31185
  4944/8883: mp-1111830
unable to access bucket: 'materialsproject-parsed' key: 'chgcars/mp-1377581.json.gz' version: None error: An error occurred (NoSuchKey) when calling the GetObject operation: The specified key does not exist.
  4945/8883: mp-863713
unable to access bucket: 'materialsproject-parsed' key: 'chgcars/mp-1399375.json.gz' version: None error: An error occurred (NoSuchKey) when calling the GetObject operation: The specified key does not exist.
  4946/8883: mp-864783
  4947/8883: mp-972752
unable to access bucket: 'materialsproject-parsed' key: 'chgcars/mp-1418321.json.gz' version: None error: An error occurred (NoSuchKey) when calling the GetObject operation: The specified key does not exist.
  4948/8883: mp-4922
  4949/8883: mp-867842
  4950/8883: mp-1186155
  4951/8883: mp-1112440
  4952/8883: mp-1112927
  4953/8883: mp-1187861
  4954/8883: mp-865363
  4955/8883: mp-1186574
  4956/8883: mp-867244
unable to access bucket: 'materialsproject-parsed' key: 'chgcars/mp-1399327.json.gz' version: None error: An error occurred (NoSuchKey) when calling the GetObject operation: The specified key does not exist.
  4957/8883: mp-27830
unable to access bucket: 'materialsproject-parsed' key: 'chgcars/mp-1413120.json.gz' version: None error: An error occurred (NoSuchKey) when calling the GetObject operation: The specified key does not exist.
  4958/8883: mp-1094633
  4959/8883: mp-867315
  4960/8883: mp-1113852
  4961/8883: mp-1502
  4962/8883: mp-974452
unable to access bucket: 'materialsproject-parsed' key: 'chgcars/mp-1421582.json.gz' version: None error: An error occurred (NoSuchKey) when calling the GetObject operation: The specified key does not exist.
  4963/8883: mp-1186750
  4964/8883: mp-1110778
  4965/8883: mp-1111971
  4966/8883: mp-1183299
  4967/8883: mp-1187768
  4968/8883: mp-1111851
  4969/8883: mp-1185323
unable to access bucket: 'materialsproject-parsed' key: 'chgcars/mp-1403860.json.gz' version: None error: An error occurred (NoSuchKey) when calling the GetObject operation: The specified key does not exist.
  4970/8883: mp-863715
  4971/8883: mp-2495
  4972/8883: mp-1111305
  4973/8883: mp-1111013
unable to access bucket: 'materialsproject-parsed' key: 'chgcars/mp-1407253.json.gz' version: None error: An error occurred (NoSuchKey) when calling the GetObject operation: The specified key does not exist.
  4974/8883: mp-864955
unable to access bucket: 'materialsproject-parsed' key: 'chgcars/mp-1655416.json.gz' version: None error: An error occurred (NoSuchKey) when calling the GetObject operation: The specified key does not exist.
  4975/8883: mp-1112383
unable to access bucket: 'materialsproject-parsed' key: 'chgcars/mp-1386411.json.gz' version: None error: An error occurred (NoSuchKey) when calling the GetObject operation: The specified key does not exist.
  4976/8883: mp-1185389
unable to access bucket: 'materialsproject-parsed' key: 'chgcars/mp-1416673.json.gz' version: None error: An error occurred (NoSuchKey) when calling the GetObject operation: The specified key does not exist.
  4977/8883: mp-1184619
unable to access bucket: 'materialsproject-parsed' key: 'chgcars/mp-1413872.json.gz' version: None error: An error occurred (NoSuchKey) when calling the GetObject operation: The specified key does not exist.
  4978/8883: mp-1185004
  4979/8883: mp-865671
  4980/8883: mp-865959
unable to access bucket: 'materialsproject-parsed' key: 'chgcars/mp-1420490.json.gz' version: None error: An error occurred (NoSuchKey) when calling the GetObject operation: The specified key does not exist.
  4981/8883: mp-1111102
  4982/8883: mp-976406
  4983/8883: mp-865983
  4984/8883: mp-864944
  4985/8883: mp-1183596
unable to access bucket: 'materialsproject-parsed' key: 'chgcars/mp-1428071.json.gz' version: None error: An error occurred (NoSuchKey) when calling the GetObject operation: The specified key does not exist.
  4986/8883: mp-1111075
  4987/8883: mp-1184962
  4988/8883: mp-1206458
unable to access bucket: 'materialsproject-parsed' key: 'chgcars/mp-1396147.json.gz' version: None error: An error occurred (NoSuchKey) when calling the GetObject operation: The specified key does not exist.
  4989/8883: mp-1228319
  4990/8883: mp-1185234
  4991/8883: mp-1114191
  4992/8883: mp-862875
unable to access bucket: 'materialsproject-parsed' key: 'chgcars/mp-1428541.json.gz' version: None error: An error occurred (NoSuchKey) when calling the GetObject operation: The specified key does not exist.
  4993/8883: mp-1184611
unable to access bucket: 'materialsproject-parsed' key: 'chgcars/mp-1433107.json.gz' version: None error: An error occurred (NoSuchKey) when calling the GetObject operation: The specified key does not exist.
  4994/8883: mp-862720
unable to access bucket: 'materialsproject-parsed' key: 'chgcars/mp-1387671.json.gz' version: None error: An error occurred (NoSuchKey) when calling the GetObject operation: The specified key does not exist.
  4995/8883: mp-1185365
  4996/8883: mp-865578
unable to access bucket: 'materialsproject-parsed' key: 'chgcars/mp-1383497.json.gz' version: None error: An error occurred (NoSuchKey) when calling the GetObject operation: The specified key does not exist.
  4997/8883: mp-1184286
unable to access bucket: 'materialsproject-parsed' key: 'chgcars/mp-1393936.json.gz' version: None error: An error occurred (NoSuchKey) when calling the GetObject operation: The specified key does not exist.
  4998/8883: mp-867474
  4999/8883: mp-1112989
unable to access bucket: 'materialsproject-parsed' key: 'chgcars/mp-1411867.json.gz' version: None error: An error occurred (NoSuchKey) when calling the GetObject operation: The specified key does not exist.
  5000/8883: mp-861728
unable to access bucket: 'materialsproject-parsed' key: 'chgcars/mp-1504505.json.gz' version: None error: An error occurred (NoSuchKey) when calling the GetObject operation: The specified key does not exist.
  5001/8883: mp-861479
unable to access bucket: 'materialsproject-parsed' key: 'chgcars/mp-1504707.json.gz' version: None error: An error occurred (NoSuchKey) when calling the GetObject operation: The specified key does not exist.
  5002/8883: mp-1187645
  5003/8883: mp-1183460
unable to access bucket: 'materialsproject-parsed' key: 'chgcars/mp-1397537.json.gz' version: None error: An error occurred (NoSuchKey) when calling the GetObject operation: The specified key does not exist.
  5004/8883: mp-861736
  5005/8883: mp-1113282
  5006/8883: mp-631578
  5007/8883: mp-867124
  5008/8883: mp-971750
unable to access bucket: 'materialsproject-parsed' key: 'chgcars/mp-1429444.json.gz' version: None error: An error occurred (NoSuchKey) when calling the GetObject operation: The specified key does not exist.
  5009/8883: mp-1113474
  5010/8883: mp-755610
  5011/8883: mp-865515
unable to access bucket: 'materialsproject-parsed' key: 'chgcars/mp-1419669.json.gz' version: None error: An error occurred (NoSuchKey) when calling the GetObject operation: The specified key does not exist.
  5012/8883: mp-861963
unable to access bucket: 'materialsproject-parsed' key: 'chgcars/mp-1425395.json.gz' version: None error: An error occurred (NoSuchKey) when calling the GetObject operation: The specified key does not exist.
  5013/8883: mp-1113284
  5014/8883: mp-1185459
  5015/8883: mp-1112512
  5016/8883: mp-865653
  5017/8883: mp-865862
unable to access bucket: 'materialsproject-parsed' key: 'chgcars/mp-1432991.json.gz' version: None error: An error occurred (NoSuchKey) when calling the GetObject operation: The specified key does not exist.
  5018/8883: mp-1112119
unable to access bucket: 'materialsproject-parsed' key: 'chgcars/mp-1383084.json.gz' version: None error: An error occurred (NoSuchKey) when calling the GetObject operation: The specified key does not exist.
  5019/8883: mp-22975
  5020/8883: mp-2423
  5021/8883: mp-1114194
  5022/8883: mp-1184135
  5023/8883: mp-1205514
  5024/8883: mp-974463
unable to access bucket: 'materialsproject-parsed' key: 'chgcars/mp-1425760.json.gz' version: None error: An error occurred (NoSuchKey) when calling the GetObject operation: The specified key does not exist.
  5025/8883: mp-1184742
unable to access bucket: 'materialsproject-parsed' key: 'chgcars/mp-1397673.json.gz' version: None error: An error occurred (NoSuchKey) when calling the GetObject operation: The specified key does not exist.
  5026/8883: mp-977437
unable to access bucket: 'materialsproject-parsed' key: 'chgcars/mp-1414582.json.gz' version: None error: An error occurred (NoSuchKey) when calling the GetObject operation: The specified key does not exist.
  5027/8883: mp-1112059
  5028/8883: mp-864906
  5029/8883: mp-1113137
  5030/8883: mp-861481
unable to access bucket: 'materialsproject-parsed' key: 'chgcars/mp-1426591.json.gz' version: None error: An error occurred (NoSuchKey) when calling the GetObject operation: The specified key does not exist.
  5031/8883: mp-1184339
unable to access bucket: 'materialsproject-parsed' key: 'chgcars/mp-1420194.json.gz' version: None error: An error occurred (NoSuchKey) when calling the GetObject operation: The specified key does not exist.
  5032/8883: mp-1111289
unable to access bucket: 'materialsproject-parsed' key: 'chgcars/mp-1387673.json.gz' version: None error: An error occurred (NoSuchKey) when calling the GetObject operation: The specified key does not exist.
  5033/8883: mp-1183465
unable to access bucket: 'materialsproject-parsed' key: 'chgcars/mp-1384395.json.gz' version: None error: An error occurred (NoSuchKey) when calling the GetObject operation: The specified key does not exist.
  5034/8883: mp-867236
unable to access bucket: 'materialsproject-parsed' key: 'chgcars/mp-1402225.json.gz' version: None error: An error occurred (NoSuchKey) when calling the GetObject operation: The specified key does not exist.
  5035/8883: mp-1111803
  5036/8883: mp-1183581
unable to access bucket: 'materialsproject-parsed' key: 'chgcars/mp-1413528.json.gz' version: None error: An error occurred (NoSuchKey) when calling the GetObject operation: The specified key does not exist.
  5037/8883: mp-1111326
  5038/8883: mp-1210184
  5039/8883: mp-1079615
  5040/8883: mp-867260
unable to access bucket: 'materialsproject-parsed' key: 'chgcars/mp-1416236.json.gz' version: None error: An error occurred (NoSuchKey) when calling the GetObject operation: The specified key does not exist.
  5041/8883: mp-1228067
unable to access bucket: 'materialsproject-parsed' key: 'chgcars/mp-1409820.json.gz' version: None error: An error occurred (NoSuchKey) when calling the GetObject operation: The specified key does not exist.
  5042/8883: mp-21327
  5043/8883: mp-1183607
  5044/8883: mp-1113892
  5045/8883: mp-976598
unable to access bucket: 'materialsproject-parsed' key: 'chgcars/mp-1432475.json.gz' version: None error: An error occurred (NoSuchKey) when calling the GetObject operation: The specified key does not exist.
  5046/8883: mp-972455
unable to access bucket: 'materialsproject-parsed' key: 'chgcars/mp-1386834.json.gz' version: None error: An error occurred (NoSuchKey) when calling the GetObject operation: The specified key does not exist.
  5047/8883: mp-862890
unable to access bucket: 'materialsproject-parsed' key: 'chgcars/mp-1433384.json.gz' version: None error: An error occurred (NoSuchKey) when calling the GetObject operation: The specified key does not exist.
  5048/8883: mp-581024
  5049/8883: mp-1184527
unable to access bucket: 'materialsproject-parsed' key: 'chgcars/mp-1397719.json.gz' version: None error: An error occurred (NoSuchKey) when calling the GetObject operation: The specified key does not exist.
  5050/8883: mp-1112321
  5051/8883: mp-1111672
  5052/8883: mp-861974
unable to access bucket: 'materialsproject-parsed' key: 'chgcars/mp-1417802.json.gz' version: None error: An error occurred (NoSuchKey) when calling the GetObject operation: The specified key does not exist.
  5053/8883: mp-1112656
  5054/8883: mp-977399
unable to access bucket: 'materialsproject-parsed' key: 'chgcars/mp-1415667.json.gz' version: None error: An error occurred (NoSuchKey) when calling the GetObject operation: The specified key does not exist.
  5055/8883: mp-1114037
  5056/8883: mp-1187563
unable to access bucket: 'materialsproject-parsed' key: 'chgcars/mp-1418117.json.gz' version: None error: An error occurred (NoSuchKey) when calling the GetObject operation: The specified key does not exist.
  5057/8883: mp-27304
  5058/8883: mp-1002114
  5059/8883: mp-1112060
  5060/8883: mp-865117
  5061/8883: mp-1187598
  5062/8883: mp-865380
unable to access bucket: 'materialsproject-parsed' key: 'chgcars/mp-1504912.json.gz' version: None error: An error occurred (NoSuchKey) when calling the GetObject operation: The specified key does not exist.
  5063/8883: mp-1183792
  5064/8883: mp-1187587
unable to access bucket: 'materialsproject-parsed' key: 'chgcars/mp-1414178.json.gz' version: None error: An error occurred (NoSuchKey) when calling the GetObject operation: The specified key does not exist.
  5065/8883: mp-2074
  5066/8883: mp-867193
  5067/8883: mp-1185667
unable to access bucket: 'materialsproject-parsed' key: 'chgcars/mp-1414886.json.gz' version: None error: An error occurred (NoSuchKey) when calling the GetObject operation: The specified key does not exist.
  5068/8883: mp-1185102
unable to access bucket: 'materialsproject-parsed' key: 'chgcars/mp-1397259.json.gz' version: None error: An error occurred (NoSuchKey) when calling the GetObject operation: The specified key does not exist.
  5069/8883: mp-1205602
  5070/8883: mp-1110608
  5071/8883: mp-1186256
  5072/8883: mp-1186296
unable to access bucket: 'materialsproject-parsed' key: 'chgcars/mp-1406517.json.gz' version: None error: An error occurred (NoSuchKey) when calling the GetObject operation: The specified key does not exist.
  5073/8883: mp-1009837
unable to access bucket: 'materialsproject-parsed' key: 'chgcars/mp-1426391.json.gz' version: None error: An error occurred (NoSuchKey) when calling the GetObject operation: The specified key does not exist.
  5074/8883: mp-1111008
  5075/8883: mp-1111947
  5076/8883: mp-21235
  5077/8883: mp-97
unable to access bucket: 'materialsproject-parsed' key: 'chgcars/mp-1421212.json.gz' version: None error: An error occurred (NoSuchKey) when calling the GetObject operation: The specified key does not exist.
  5078/8883: mp-20145
  5079/8883: mp-865049
unable to access bucket: 'materialsproject-parsed' key: 'chgcars/mp-1422112.json.gz' version: None error: An error occurred (NoSuchKey) when calling the GetObject operation: The specified key does not exist.
  5080/8883: mp-865147
  5081/8883: mp-1111116
unable to access bucket: 'materialsproject-parsed' key: 'chgcars/mp-1445350.json.gz' version: None error: An error occurred (NoSuchKey) when calling the GetObject operation: The specified key does not exist.
  5082/8883: mp-1113627
  5083/8883: mp-1112134
  5084/8883: mp-866124
  5085/8883: mp-1113031
  5086/8883: mp-980053
unable to access bucket: 'materialsproject-parsed' key: 'chgcars/mp-1427684.json.gz' version: None error: An error occurred (NoSuchKey) when calling the GetObject operation: The specified key does not exist.
  5087/8883: mp-1187423
  5088/8883: mp-1185265
unable to access bucket: 'materialsproject-parsed' key: 'chgcars/mp-1419255.json.gz' version: None error: An error occurred (NoSuchKey) when calling the GetObject operation: The specified key does not exist.
  5089/8883: mp-1111709
  5090/8883: mp-1112594
unable to access bucket: 'materialsproject-parsed' key: 'chgcars/mp-1446658.json.gz' version: None error: An error occurred (NoSuchKey) when calling the GetObject operation: The specified key does not exist.
  5091/8883: mp-978807
  5092/8883: mp-1183682
unable to access bucket: 'materialsproject-parsed' key: 'chgcars/mp-1427390.json.gz' version: None error: An error occurred (NoSuchKey) when calling the GetObject operation: The specified key does not exist.
  5093/8883: mp-1187605
unable to access bucket: 'materialsproject-parsed' key: 'chgcars/mp-1399153.json.gz' version: None error: An error occurred (NoSuchKey) when calling the GetObject operation: The specified key does not exist.
  5094/8883: mp-865157
  5095/8883: mp-985450
  5096/8883: mp-862842
  5097/8883: mp-1184260
  5098/8883: mp-23703
  5099/8883: mp-867846
  5100/8883: mp-1113739
  5101/8883: mp-1184169
  5102/8883: mp-867781
unable to access bucket: 'materialsproject-parsed' key: 'chgcars/mp-1431241.json.gz' version: None error: An error occurred (NoSuchKey) when calling the GetObject operation: The specified key does not exist.
  5103/8883: mp-865857
unable to access bucket: 'materialsproject-parsed' key: 'chgcars/mp-1403113.json.gz' version: None error: An error occurred (NoSuchKey) when calling the GetObject operation: The specified key does not exist.
  5104/8883: mp-1205988
unable to access bucket: 'materialsproject-parsed' key: 'chgcars/mp-1774353.json.gz' version: None error: An error occurred (NoSuchKey) when calling the GetObject operation: The specified key does not exist.
  5105/8883: mp-16494
unable to access bucket: 'materialsproject-parsed' key: 'chgcars/mp-1441459.json.gz' version: None error: An error occurred (NoSuchKey) when calling the GetObject operation: The specified key does not exist.
  5106/8883: mp-1187426
unable to access bucket: 'materialsproject-parsed' key: 'chgcars/mp-1410403.json.gz' version: None error: An error occurred (NoSuchKey) when calling the GetObject operation: The specified key does not exist.
  5107/8883: mp-862672
unable to access bucket: 'materialsproject-parsed' key: 'chgcars/mp-1415205.json.gz' version: None error: An error occurred (NoSuchKey) when calling the GetObject operation: The specified key does not exist.
  5108/8883: mp-1114014
  5109/8883: mp-27508
  5110/8883: mp-1111983
unable to access bucket: 'materialsproject-parsed' key: 'chgcars/mp-1388885.json.gz' version: None error: An error occurred (NoSuchKey) when calling the GetObject operation: The specified key does not exist.
  5111/8883: mp-23505
  5112/8883: mp-1110611
  5113/8883: mp-1084748
  5114/8883: mp-635413
  5115/8883: mp-865209
  5116/8883: mp-867174
  5117/8883: mp-862949
  5118/8883: mp-1111004
  5119/8883: mp-1111915
  5120/8883: mp-863664
unable to access bucket: 'materialsproject-parsed' key: 'chgcars/mp-1414857.json.gz' version: None error: An error occurred (NoSuchKey) when calling the GetObject operation: The specified key does not exist.
  5121/8883: mp-865028
unable to access bucket: 'materialsproject-parsed' key: 'chgcars/mp-1443138.json.gz' version: None error: An error occurred (NoSuchKey) when calling the GetObject operation: The specified key does not exist.
  5122/8883: mp-1111770
  5123/8883: mp-1188021
  5124/8883: mp-972945
  5125/8883: mp-865360
unable to access bucket: 'materialsproject-parsed' key: 'chgcars/mp-1425784.json.gz' version: None error: An error occurred (NoSuchKey) when calling the GetObject operation: The specified key does not exist.
  5126/8883: mp-1111300
  5127/8883: mp-1112965
  5128/8883: mp-1110616
  5129/8883: mp-1110665
unable to access bucket: 'materialsproject-parsed' key: 'chgcars/mp-1408694.json.gz' version: None error: An error occurred (NoSuchKey) when calling the GetObject operation: The specified key does not exist.
  5130/8883: mp-1187018
  5131/8883: mp-1193646
  5132/8883: mp-865548
  5133/8883: mp-1187380
unable to access bucket: 'materialsproject-parsed' key: 'chgcars/mp-1436882.json.gz' version: None error: An error occurred (NoSuchKey) when calling the GetObject operation: The specified key does not exist.
  5134/8883: mp-1187085
unable to access bucket: 'materialsproject-parsed' key: 'chgcars/mp-1446716.json.gz' version: None error: An error occurred (NoSuchKey) when calling the GetObject operation: The specified key does not exist.
  5135/8883: mp-1110618
  5136/8883: mp-861965
unable to access bucket: 'materialsproject-parsed' key: 'chgcars/mp-1416137.json.gz' version: None error: An error occurred (NoSuchKey) when calling the GetObject operation: The specified key does not exist.
  5137/8883: mp-1113709
  5138/8883: mp-867958
  5139/8883: mp-1186806
unable to access bucket: 'materialsproject-parsed' key: 'chgcars/mp-1404347.json.gz' version: None error: An error occurred (NoSuchKey) when calling the GetObject operation: The specified key does not exist.
  5140/8883: mp-1187504
unable to access bucket: 'materialsproject-parsed' key: 'chgcars/mp-1416359.json.gz' version: None error: An error occurred (NoSuchKey) when calling the GetObject operation: The specified key does not exist.
  5141/8883: mp-865131
unable to access bucket: 'materialsproject-parsed' key: 'chgcars/mp-1420842.json.gz' version: None error: An error occurred (NoSuchKey) when calling the GetObject operation: The specified key does not exist.
  5142/8883: mp-862962
unable to access bucket: 'materialsproject-parsed' key: 'chgcars/mp-1431066.json.gz' version: None error: An error occurred (NoSuchKey) when calling the GetObject operation: The specified key does not exist.
  5143/8883: mp-1187384
unable to access bucket: 'materialsproject-parsed' key: 'chgcars/mp-1424198.json.gz' version: None error: An error occurred (NoSuchKey) when calling the GetObject operation: The specified key does not exist.
  5144/8883: mp-862365
unable to access bucket: 'materialsproject-parsed' key: 'chgcars/mp-1400608.json.gz' version: None error: An error occurred (NoSuchKey) when calling the GetObject operation: The specified key does not exist.
  5145/8883: mp-1111611
unable to access bucket: 'materialsproject-parsed' key: 'chgcars/mp-1409356.json.gz' version: None error: An error occurred (NoSuchKey) when calling the GetObject operation: The specified key does not exist.
  5146/8883: mp-867349
  5147/8883: mp-973625
unable to access bucket: 'materialsproject-parsed' key: 'chgcars/mp-1424968.json.gz' version: None error: An error occurred (NoSuchKey) when calling the GetObject operation: The specified key does not exist.
  5148/8883: mp-862947
  5149/8883: mp-864920
unable to access bucket: 'materialsproject-parsed' key: 'chgcars/mp-1404611.json.gz' version: None error: An error occurred (NoSuchKey) when calling the GetObject operation: The specified key does not exist.
  5150/8883: mp-1185329
  5151/8883: mp-989519
unable to access bucket: 'materialsproject-parsed' key: 'chgcars/mp-1391745.json.gz' version: None error: An error occurred (NoSuchKey) when calling the GetObject operation: The specified key does not exist.
  5152/8883: mp-1184976
  5153/8883: mp-862745
  5154/8883: mp-1112179
unable to access bucket: 'materialsproject-parsed' key: 'chgcars/mp-1407641.json.gz' version: None error: An error occurred (NoSuchKey) when calling the GetObject operation: The specified key does not exist.
  5155/8883: mp-1187491
unable to access bucket: 'materialsproject-parsed' key: 'chgcars/mp-1415438.json.gz' version: None error: An error occurred (NoSuchKey) when calling the GetObject operation: The specified key does not exist.
  5156/8883: mp-989535
unable to access bucket: 'materialsproject-parsed' key: 'chgcars/mp-1387964.json.gz' version: None error: An error occurred (NoSuchKey) when calling the GetObject operation: The specified key does not exist.
  5157/8883: mp-984707
unable to access bucket: 'materialsproject-parsed' key: 'chgcars/mp-1420519.json.gz' version: None error: An error occurred (NoSuchKey) when calling the GetObject operation: The specified key does not exist.
  5158/8883: mp-1185373
unable to access bucket: 'materialsproject-parsed' key: 'chgcars/mp-1428210.json.gz' version: None error: An error occurred (NoSuchKey) when calling the GetObject operation: The specified key does not exist.
  5159/8883: mp-21879
unable to access bucket: 'materialsproject-parsed' key: 'chgcars/mp-1475641.json.gz' version: None error: An error occurred (NoSuchKey) when calling the GetObject operation: The specified key does not exist.
  5160/8883: mp-1111804
  5161/8883: mp-972767
unable to access bucket: 'materialsproject-parsed' key: 'chgcars/mp-1424715.json.gz' version: None error: An error occurred (NoSuchKey) when calling the GetObject operation: The specified key does not exist.
  5162/8883: mp-1113577
  5163/8883: mp-1183948
unable to access bucket: 'materialsproject-parsed' key: 'chgcars/mp-1394127.json.gz' version: None error: An error occurred (NoSuchKey) when calling the GetObject operation: The specified key does not exist.
  5164/8883: mp-1186002
  5165/8883: mp-1187441
  5166/8883: mp-1187185
  5167/8883: mp-1113385
unable to access bucket: 'materialsproject-parsed' key: 'chgcars/mp-1410118.json.gz' version: None error: An error occurred (NoSuchKey) when calling the GetObject operation: The specified key does not exist.
  5168/8883: mp-1776
unable to access bucket: 'materialsproject-parsed' key: 'chgcars/mp-1439847.json.gz' version: None error: An error occurred (NoSuchKey) when calling the GetObject operation: The specified key does not exist.
  5169/8883: mp-504723
unable to access bucket: 'materialsproject-parsed' key: 'chgcars/mp-1275215.json.gz' version: None error: An error occurred (NoSuchKey) when calling the GetObject operation: The specified key does not exist.
  5170/8883: mp-1111317
  5171/8883: mp-1207764
  5172/8883: mp-1101
  5173/8883: mp-865664
  5174/8883: mp-570661
  5175/8883: mp-1184422
unable to access bucket: 'materialsproject-parsed' key: 'chgcars/mp-1398163.json.gz' version: None error: An error occurred (NoSuchKey) when calling the GetObject operation: The specified key does not exist.
  5176/8883: mp-1111492
unable to access bucket: 'materialsproject-parsed' key: 'chgcars/mp-1398744.json.gz' version: None error: An error occurred (NoSuchKey) when calling the GetObject operation: The specified key does not exist.
  5177/8883: mp-1222718
unable to access bucket: 'materialsproject-parsed' key: 'chgcars/mp-1403546.json.gz' version: None error: An error occurred (NoSuchKey) when calling the GetObject operation: The specified key does not exist.
  5178/8883: mp-516
  5179/8883: mp-1187940
  5180/8883: mp-1111743
  5181/8883: mp-1112493
unable to access bucket: 'materialsproject-parsed' key: 'chgcars/mp-1443410.json.gz' version: None error: An error occurred (NoSuchKey) when calling the GetObject operation: The specified key does not exist.
  5182/8883: mp-1113055
  5183/8883: mp-6686
  5184/8883: mp-1111841
  5185/8883: mp-1186655
  5186/8883: mp-862889
unable to access bucket: 'materialsproject-parsed' key: 'chgcars/mp-1386339.json.gz' version: None error: An error occurred (NoSuchKey) when calling the GetObject operation: The specified key does not exist.
  5187/8883: mp-1185324
  5188/8883: mp-1111443
unable to access bucket: 'materialsproject-parsed' key: 'chgcars/mp-1405995.json.gz' version: None error: An error occurred (NoSuchKey) when calling the GetObject operation: The specified key does not exist.
  5189/8883: mp-1113477
  5190/8883: mp-638729
  5191/8883: mp-23471
unable to access bucket: 'materialsproject-parsed' key: 'chgcars/mp-1428938.json.gz' version: None error: An error occurred (NoSuchKey) when calling the GetObject operation: The specified key does not exist.
  5192/8883: mp-560037
  5193/8883: mp-1185481
  5194/8883: mp-1186602
  5195/8883: mp-1113688
  5196/8883: mp-1187231
  5197/8883: mp-867767
  5198/8883: mp-1111973
  5199/8883: mp-866195
  5200/8883: mp-1113113
  5201/8883: mp-5778
  5202/8883: mp-866142
  5203/8883: mp-984791
unable to access bucket: 'materialsproject-parsed' key: 'chgcars/mp-1435089.json.gz' version: None error: An error occurred (NoSuchKey) when calling the GetObject operation: The specified key does not exist.
  5204/8883: mp-865097
unable to access bucket: 'materialsproject-parsed' key: 'chgcars/mp-1433246.json.gz' version: None error: An error occurred (NoSuchKey) when calling the GetObject operation: The specified key does not exist.
  5205/8883: mp-1184842
unable to access bucket: 'materialsproject-parsed' key: 'chgcars/mp-1413162.json.gz' version: None error: An error occurred (NoSuchKey) when calling the GetObject operation: The specified key does not exist.
  5206/8883: mp-1186651
unable to access bucket: 'materialsproject-parsed' key: 'chgcars/mp-1405032.json.gz' version: None error: An error occurred (NoSuchKey) when calling the GetObject operation: The specified key does not exist.
  5207/8883: mp-2987
unable to access bucket: 'materialsproject-parsed' key: 'chgcars/mp-1438494.json.gz' version: None error: An error occurred (NoSuchKey) when calling the GetObject operation: The specified key does not exist.
  5208/8883: mp-1183894
unable to access bucket: 'materialsproject-parsed' key: 'chgcars/mp-1385607.json.gz' version: None error: An error occurred (NoSuchKey) when calling the GetObject operation: The specified key does not exist.
  5209/8883: mp-1186608
  5210/8883: mp-974415
  5211/8883: mp-979044
  5212/8883: mp-865863
  5213/8883: mp-1186021
unable to access bucket: 'materialsproject-parsed' key: 'chgcars/mp-1430084.json.gz' version: None error: An error occurred (NoSuchKey) when calling the GetObject operation: The specified key does not exist.
  5214/8883: mp-865957
unable to access bucket: 'materialsproject-parsed' key: 'chgcars/mp-1413385.json.gz' version: None error: An error occurred (NoSuchKey) when calling the GetObject operation: The specified key does not exist.
  5215/8883: mp-867908
  5216/8883: mp-1111874
unable to access bucket: 'materialsproject-parsed' key: 'chgcars/mp-1390751.json.gz' version: None error: An error occurred (NoSuchKey) when calling the GetObject operation: The specified key does not exist.
  5217/8883: mp-30474
  5218/8883: mp-1112351
unable to access bucket: 'materialsproject-parsed' key: 'chgcars/mp-1377273.json.gz' version: None error: An error occurred (NoSuchKey) when calling the GetObject operation: The specified key does not exist.
  5219/8883: mp-865003
  5220/8883: mp-1110692
unable to access bucket: 'materialsproject-parsed' key: 'chgcars/mp-1385951.json.gz' version: None error: An error occurred (NoSuchKey) when calling the GetObject operation: The specified key does not exist.
  5221/8883: mp-972639
  5222/8883: mp-1185495
  5223/8883: mp-865535
unable to access bucket: 'materialsproject-parsed' key: 'chgcars/mp-1399063.json.gz' version: None error: An error occurred (NoSuchKey) when calling the GetObject operation: The specified key does not exist.
  5224/8883: mp-567498
  5225/8883: mp-864607
unable to access bucket: 'materialsproject-parsed' key: 'chgcars/mp-1414435.json.gz' version: None error: An error occurred (NoSuchKey) when calling the GetObject operation: The specified key does not exist.
  5226/8883: mp-862967
unable to access bucket: 'materialsproject-parsed' key: 'chgcars/mp-1418577.json.gz' version: None error: An error occurred (NoSuchKey) when calling the GetObject operation: The specified key does not exist.
  5227/8883: mp-1113330
unable to access bucket: 'materialsproject-parsed' key: 'chgcars/mp-1333912.json.gz' version: None error: An error occurred (NoSuchKey) when calling the GetObject operation: The specified key does not exist.
  5228/8883: mp-989566
unable to access bucket: 'materialsproject-parsed' key: 'chgcars/mp-1395980.json.gz' version: None error: An error occurred (NoSuchKey) when calling the GetObject operation: The specified key does not exist.
  5229/8883: mp-1113481
  5230/8883: mp-1185892
  5231/8883: mp-2018
  5232/8883: mp-1147668
  5233/8883: mp-540735
  5234/8883: mp-1111442
unable to access bucket: 'materialsproject-parsed' key: 'chgcars/mp-1444240.json.gz' version: None error: An error occurred (NoSuchKey) when calling the GetObject operation: The specified key does not exist.
  5235/8883: mp-1112643
  5236/8883: mp-1269
unable to access bucket: 'materialsproject-parsed' key: 'chgcars/mp-1440717.json.gz' version: None error: An error occurred (NoSuchKey) when calling the GetObject operation: The specified key does not exist.
  5237/8883: mp-1184239
unable to access bucket: 'materialsproject-parsed' key: 'chgcars/mp-1405873.json.gz' version: None error: An error occurred (NoSuchKey) when calling the GetObject operation: The specified key does not exist.
  5238/8883: mp-866131
  5239/8883: mp-980942
unable to access bucket: 'materialsproject-parsed' key: 'chgcars/mp-1406981.json.gz' version: None error: An error occurred (NoSuchKey) when calling the GetObject operation: The specified key does not exist.
  5240/8883: mp-1206189
  5241/8883: mp-1184573
unable to access bucket: 'materialsproject-parsed' key: 'chgcars/mp-1503993.json.gz' version: None error: An error occurred (NoSuchKey) when calling the GetObject operation: The specified key does not exist.
  5242/8883: mp-1186559
unable to access bucket: 'materialsproject-parsed' key: 'chgcars/mp-1428924.json.gz' version: None error: An error occurred (NoSuchKey) when calling the GetObject operation: The specified key does not exist.
  5243/8883: mp-1113779
  5244/8883: mp-1779
  5245/8883: mp-862680
unable to access bucket: 'materialsproject-parsed' key: 'chgcars/mp-1429088.json.gz' version: None error: An error occurred (NoSuchKey) when calling the GetObject operation: The specified key does not exist.
  5246/8883: mp-865224
  5247/8883: mp-1184270
  5248/8883: mp-697044
  5249/8883: mp-867321
  5250/8883: mp-1065288
  5251/8883: mp-1112282
unable to access bucket: 'materialsproject-parsed' key: 'chgcars/mp-1390059.json.gz' version: None error: An error occurred (NoSuchKey) when calling the GetObject operation: The specified key does not exist.
  5252/8883: mp-24192
unable to access bucket: 'materialsproject-parsed' key: 'chgcars/mp-1440767.json.gz' version: None error: An error occurred (NoSuchKey) when calling the GetObject operation: The specified key does not exist.
  5253/8883: mp-1111086
  5254/8883: mp-1187240
  5255/8883: mp-1110726
unable to access bucket: 'materialsproject-parsed' key: 'chgcars/mp-1400861.json.gz' version: None error: An error occurred (NoSuchKey) when calling the GetObject operation: The specified key does not exist.
  5256/8883: mp-1187144
  5257/8883: mp-1183318
unable to access bucket: 'materialsproject-parsed' key: 'chgcars/mp-1386286.json.gz' version: None error: An error occurred (NoSuchKey) when calling the GetObject operation: The specified key does not exist.
  5258/8883: mp-1184489
  5259/8883: mp-16268
  5260/8883: mp-1113994
  5261/8883: mp-1114061
  5262/8883: mp-3942
  5263/8883: mp-983460
  5264/8883: mp-1111778
unable to access bucket: 'materialsproject-parsed' key: 'chgcars/mp-1383340.json.gz' version: None error: An error occurred (NoSuchKey) when calling the GetObject operation: The specified key does not exist.
  5265/8883: mp-1798
  5266/8883: mp-749
unable to access bucket: 'materialsproject-parsed' key: 'chgcars/mp-1440591.json.gz' version: None error: An error occurred (NoSuchKey) when calling the GetObject operation: The specified key does not exist.
  5267/8883: mp-1113607
  5268/8883: mp-1232423
unable to access bucket: 'materialsproject-parsed' key: 'chgcars/mp-1412392.json.gz' version: None error: An error occurred (NoSuchKey) when calling the GetObject operation: The specified key does not exist.
  5269/8883: mp-865277
unable to access bucket: 'materialsproject-parsed' key: 'chgcars/mp-1419120.json.gz' version: None error: An error occurred (NoSuchKey) when calling the GetObject operation: The specified key does not exist.
  5270/8883: mp-1110666
  5271/8883: mp-1111187
  5272/8883: mp-1184587
  5273/8883: mp-12979
  5274/8883: mp-11734
  5275/8883: mp-1183546
unable to access bucket: 'materialsproject-parsed' key: 'chgcars/mp-1402754.json.gz' version: None error: An error occurred (NoSuchKey) when calling the GetObject operation: The specified key does not exist.
  5276/8883: mp-606650
  5277/8883: mp-2186
  5278/8883: mp-1111066
  5279/8883: mp-867900
unable to access bucket: 'materialsproject-parsed' key: 'chgcars/mp-1429930.json.gz' version: None error: An error occurred (NoSuchKey) when calling the GetObject operation: The specified key does not exist.
  5280/8883: mp-1114077
unable to access bucket: 'materialsproject-parsed' key: 'chgcars/mp-1385451.json.gz' version: None error: An error occurred (NoSuchKey) when calling the GetObject operation: The specified key does not exist.
  5281/8883: mp-1185307
unable to access bucket: 'materialsproject-parsed' key: 'chgcars/mp-1432194.json.gz' version: None error: An error occurred (NoSuchKey) when calling the GetObject operation: The specified key does not exist.
  5282/8883: mp-867774
unable to access bucket: 'materialsproject-parsed' key: 'chgcars/mp-1391583.json.gz' version: None error: An error occurred (NoSuchKey) when calling the GetObject operation: The specified key does not exist.
  5283/8883: mp-1184312
  5284/8883: mp-1112413
  5285/8883: mp-601
  5286/8883: mp-1211836
  5287/8883: mp-865581
  5288/8883: mp-551702
  5289/8883: mp-1206110
  5290/8883: mp-1112521
  5291/8883: mp-1112206
unable to access bucket: 'materialsproject-parsed' key: 'chgcars/mp-1404702.json.gz' version: None error: An error occurred (NoSuchKey) when calling the GetObject operation: The specified key does not exist.
  5292/8883: mp-1183086
unable to access bucket: 'materialsproject-parsed' key: 'chgcars/mp-1394028.json.gz' version: None error: An error occurred (NoSuchKey) when calling the GetObject operation: The specified key does not exist.
  5293/8883: mp-1110937
  5294/8883: mp-1184754
  5295/8883: mp-979434
unable to access bucket: 'materialsproject-parsed' key: 'chgcars/mp-1425591.json.gz' version: None error: An error occurred (NoSuchKey) when calling the GetObject operation: The specified key does not exist.
  5296/8883: mp-864642
unable to access bucket: 'materialsproject-parsed' key: 'chgcars/mp-1416292.json.gz' version: None error: An error occurred (NoSuchKey) when calling the GetObject operation: The specified key does not exist.
  5297/8883: mp-864962
  5298/8883: mp-1187937
unable to access bucket: 'materialsproject-parsed' key: 'chgcars/mp-1475468.json.gz' version: None error: An error occurred (NoSuchKey) when calling the GetObject operation: The specified key does not exist.
  5299/8883: mp-1184087
  5300/8883: mp-2011
  5301/8883: mp-862717
  5302/8883: mp-864624
unable to access bucket: 'materialsproject-parsed' key: 'chgcars/mp-1426244.json.gz' version: None error: An error occurred (NoSuchKey) when calling the GetObject operation: The specified key does not exist.
  5303/8883: mp-1110700
  5304/8883: mp-1110931
unable to access bucket: 'materialsproject-parsed' key: 'chgcars/mp-1399897.json.gz' version: None error: An error occurred (NoSuchKey) when calling the GetObject operation: The specified key does not exist.
  5305/8883: mp-1193834
  5306/8883: mp-865378
  5307/8883: mp-972884
unable to access bucket: 'materialsproject-parsed' key: 'chgcars/mp-1420864.json.gz' version: None error: An error occurred (NoSuchKey) when calling the GetObject operation: The specified key does not exist.
  5308/8883: mp-1110894
  5309/8883: mp-865406
unable to access bucket: 'materialsproject-parsed' key: 'chgcars/mp-1415908.json.gz' version: None error: An error occurred (NoSuchKey) when calling the GetObject operation: The specified key does not exist.
  5310/8883: mp-1087215
  5311/8883: mp-13799
  5312/8883: mp-979962
unable to access bucket: 'materialsproject-parsed' key: 'chgcars/mp-1388769.json.gz' version: None error: An error occurred (NoSuchKey) when calling the GetObject operation: The specified key does not exist.
  5313/8883: mp-973099
  5314/8883: mp-861882
unable to access bucket: 'materialsproject-parsed' key: 'chgcars/mp-1422253.json.gz' version: None error: An error occurred (NoSuchKey) when calling the GetObject operation: The specified key does not exist.
  5315/8883: mp-1110916
unable to access bucket: 'materialsproject-parsed' key: 'chgcars/mp-1442830.json.gz' version: None error: An error occurred (NoSuchKey) when calling the GetObject operation: The specified key does not exist.
  5316/8883: mp-1185861
  5317/8883: mp-1110644
unable to access bucket: 'materialsproject-parsed' key: 'chgcars/mp-1384214.json.gz' version: None error: An error occurred (NoSuchKey) when calling the GetObject operation: The specified key does not exist.
  5318/8883: mp-978976
unable to access bucket: 'materialsproject-parsed' key: 'chgcars/mp-1410291.json.gz' version: None error: An error occurred (NoSuchKey) when calling the GetObject operation: The specified key does not exist.
  5319/8883: mp-977582
  5320/8883: mp-971744
  5321/8883: mp-682
  5322/8883: mp-980071
unable to access bucket: 'materialsproject-parsed' key: 'chgcars/mp-1419006.json.gz' version: None error: An error occurred (NoSuchKey) when calling the GetObject operation: The specified key does not exist.
  5323/8883: mp-504674
  5324/8883: mp-1187150
unable to access bucket: 'materialsproject-parsed' key: 'chgcars/mp-1390709.json.gz' version: None error: An error occurred (NoSuchKey) when calling the GetObject operation: The specified key does not exist.
  5325/8883: mp-1185765
  5326/8883: mp-861641
  5327/8883: mp-1111945
  5328/8883: mp-1111498
  5329/8883: mp-631425
  5330/8883: mp-1002206
  5331/8883: mp-1208611
unable to access bucket: 'materialsproject-parsed' key: 'chgcars/mp-1656205.json.gz' version: None error: An error occurred (NoSuchKey) when calling the GetObject operation: The specified key does not exist.
  5332/8883: mp-1112177
  5333/8883: mp-1186785
unable to access bucket: 'materialsproject-parsed' key: 'chgcars/mp-1391839.json.gz' version: None error: An error occurred (NoSuchKey) when calling the GetObject operation: The specified key does not exist.
  5334/8883: mp-865219
unable to access bucket: 'materialsproject-parsed' key: 'chgcars/mp-1421357.json.gz' version: None error: An error occurred (NoSuchKey) when calling the GetObject operation: The specified key does not exist.
  5335/8883: mp-1111799
unable to access bucket: 'materialsproject-parsed' key: 'chgcars/mp-1409210.json.gz' version: None error: An error occurred (NoSuchKey) when calling the GetObject operation: The specified key does not exist.
  5336/8883: mp-1782
unable to access bucket: 'materialsproject-parsed' key: 'chgcars/mp-1439205.json.gz' version: None error: An error occurred (NoSuchKey) when calling the GetObject operation: The specified key does not exist.
  5337/8883: mp-1187026
  5338/8883: mp-1206656
  5339/8883: mp-1110992
unable to access bucket: 'materialsproject-parsed' key: 'chgcars/mp-1385285.json.gz' version: None error: An error occurred (NoSuchKey) when calling the GetObject operation: The specified key does not exist.
  5340/8883: mp-973853
  5341/8883: mp-864919
  5342/8883: mp-2117
  5343/8883: mp-1187692
unable to access bucket: 'materialsproject-parsed' key: 'chgcars/mp-1388942.json.gz' version: None error: An error occurred (NoSuchKey) when calling the GetObject operation: The specified key does not exist.
  5344/8883: mp-1113410
  5345/8883: mp-1112207
unable to access bucket: 'materialsproject-parsed' key: 'chgcars/mp-1445679.json.gz' version: None error: An error occurred (NoSuchKey) when calling the GetObject operation: The specified key does not exist.
  5346/8883: mp-21469
  5347/8883: mp-1183464
  5348/8883: mp-866047
unable to access bucket: 'materialsproject-parsed' key: 'chgcars/mp-1394492.json.gz' version: None error: An error occurred (NoSuchKey) when calling the GetObject operation: The specified key does not exist.
  5349/8883: mp-1094298
  5350/8883: mp-1183066
unable to access bucket: 'materialsproject-parsed' key: 'chgcars/mp-1404520.json.gz' version: None error: An error occurred (NoSuchKey) when calling the GetObject operation: The specified key does not exist.
  5351/8883: mp-1110917
  5352/8883: mp-1111264
  5353/8883: mp-865468
  5354/8883: mp-568670
  5355/8883: mp-1183962
unable to access bucket: 'materialsproject-parsed' key: 'chgcars/mp-1412542.json.gz' version: None error: An error occurred (NoSuchKey) when calling the GetObject operation: The specified key does not exist.
  5356/8883: mp-1112884
  5357/8883: mp-1111658
unable to access bucket: 'materialsproject-parsed' key: 'chgcars/mp-1401722.json.gz' version: None error: An error occurred (NoSuchKey) when calling the GetObject operation: The specified key does not exist.
  5358/8883: mp-21377
unable to access bucket: 'materialsproject-parsed' key: 'chgcars/mp-1440116.json.gz' version: None error: An error occurred (NoSuchKey) when calling the GetObject operation: The specified key does not exist.
  5359/8883: mp-1111076
unable to access bucket: 'materialsproject-parsed' key: 'chgcars/mp-1405574.json.gz' version: None error: An error occurred (NoSuchKey) when calling the GetObject operation: The specified key does not exist.
  5360/8883: mp-1183120
unable to access bucket: 'materialsproject-parsed' key: 'chgcars/mp-1415973.json.gz' version: None error: An error occurred (NoSuchKey) when calling the GetObject operation: The specified key does not exist.
  5361/8883: mp-1188970
  5362/8883: mp-1110715
unable to access bucket: 'materialsproject-parsed' key: 'chgcars/mp-1408374.json.gz' version: None error: An error occurred (NoSuchKey) when calling the GetObject operation: The specified key does not exist.
  5363/8883: mp-1185239
unable to access bucket: 'materialsproject-parsed' key: 'chgcars/mp-1432353.json.gz' version: None error: An error occurred (NoSuchKey) when calling the GetObject operation: The specified key does not exist.
  5364/8883: mp-1110572
  5365/8883: mp-863741
  5366/8883: mp-973286
unable to access bucket: 'materialsproject-parsed' key: 'chgcars/mp-1402639.json.gz' version: None error: An error occurred (NoSuchKey) when calling the GetObject operation: The specified key does not exist.
  5367/8883: mp-974611
  5368/8883: mp-1096932
unable to access bucket: 'materialsproject-parsed' key: 'chgcars/mp-1407318.json.gz' version: None error: An error occurred (NoSuchKey) when calling the GetObject operation: The specified key does not exist.
  5369/8883: mp-1205599
unable to access bucket: 'materialsproject-parsed' key: 'chgcars/mp-1408625.json.gz' version: None error: An error occurred (NoSuchKey) when calling the GetObject operation: The specified key does not exist.
  5370/8883: mp-980947
unable to access bucket: 'materialsproject-parsed' key: 'chgcars/mp-1395612.json.gz' version: None error: An error occurred (NoSuchKey) when calling the GetObject operation: The specified key does not exist.
  5371/8883: mp-2823
  5372/8883: mp-865320
  5373/8883: mp-1112137
  5374/8883: mp-1192960
  5375/8883: mp-1186630
unable to access bucket: 'materialsproject-parsed' key: 'chgcars/mp-1423181.json.gz' version: None error: An error occurred (NoSuchKey) when calling the GetObject operation: The specified key does not exist.
  5376/8883: mp-9115
  5377/8883: mp-1111773
  5378/8883: mp-1186390
  5379/8883: mp-1110799
  5380/8883: mp-1110942
  5381/8883: mp-2597
  5382/8883: mp-1185270
  5383/8883: mp-631529
unable to access bucket: 'materialsproject-parsed' key: 'chgcars/mp-1435312.json.gz' version: None error: An error occurred (NoSuchKey) when calling the GetObject operation: The specified key does not exist.
  5384/8883: mp-973101
  5385/8883: mp-975537
  5386/8883: mp-1184692
  5387/8883: mp-1185334
  5388/8883: mp-862372
unable to access bucket: 'materialsproject-parsed' key: 'chgcars/mp-1429721.json.gz' version: None error: An error occurred (NoSuchKey) when calling the GetObject operation: The specified key does not exist.
  5389/8883: mp-13940
  5390/8883: mp-14083
  5391/8883: mp-1185317
unable to access bucket: 'materialsproject-parsed' key: 'chgcars/mp-1421845.json.gz' version: None error: An error occurred (NoSuchKey) when calling the GetObject operation: The specified key does not exist.
  5392/8883: mp-1094464
unable to access bucket: 'materialsproject-parsed' key: 'chgcars/mp-1390857.json.gz' version: None error: An error occurred (NoSuchKey) when calling the GetObject operation: The specified key does not exist.
  5393/8883: mp-1185391
unable to access bucket: 'materialsproject-parsed' key: 'chgcars/mp-1425480.json.gz' version: None error: An error occurred (NoSuchKey) when calling the GetObject operation: The specified key does not exist.
  5394/8883: mp-861881
  5395/8883: mp-2748
unable to access bucket: 'materialsproject-parsed' key: 'chgcars/mp-1442059.json.gz' version: None error: An error occurred (NoSuchKey) when calling the GetObject operation: The specified key does not exist.
  5396/8883: mp-1185755
  5397/8883: mp-983850
  5398/8883: mp-1186429
unable to access bucket: 'materialsproject-parsed' key: 'chgcars/mp-1436405.json.gz' version: None error: An error occurred (NoSuchKey) when calling the GetObject operation: The specified key does not exist.
  5399/8883: mp-1112289
  5400/8883: mp-866668
unable to access bucket: 'materialsproject-parsed' key: 'chgcars/mp-1402533.json.gz' version: None error: An error occurred (NoSuchKey) when calling the GetObject operation: The specified key does not exist.
  5401/8883: mp-13181
unable to access bucket: 'materialsproject-parsed' key: 'chgcars/mp-1397132.json.gz' version: None error: An error occurred (NoSuchKey) when calling the GetObject operation: The specified key does not exist.
  5402/8883: mp-1112969
  5403/8883: mp-865736
unable to access bucket: 'materialsproject-parsed' key: 'chgcars/mp-1504069.json.gz' version: None error: An error occurred (NoSuchKey) when calling the GetObject operation: The specified key does not exist.
  5404/8883: mp-1186297
unable to access bucket: 'materialsproject-parsed' key: 'chgcars/mp-1504403.json.gz' version: None error: An error occurred (NoSuchKey) when calling the GetObject operation: The specified key does not exist.
  5405/8883: mp-1183236
  5406/8883: mp-1113703
  5407/8883: mp-1209902
  5408/8883: mp-1186751
  5409/8883: mp-1112610
unable to access bucket: 'materialsproject-parsed' key: 'chgcars/mp-1411985.json.gz' version: None error: An error occurred (NoSuchKey) when calling the GetObject operation: The specified key does not exist.
  5410/8883: mp-1194111
  5411/8883: mp-865151
unable to access bucket: 'materialsproject-parsed' key: 'chgcars/mp-1419493.json.gz' version: None error: An error occurred (NoSuchKey) when calling the GetObject operation: The specified key does not exist.
  5412/8883: mp-865948
unable to access bucket: 'materialsproject-parsed' key: 'chgcars/mp-1504095.json.gz' version: None error: An error occurred (NoSuchKey) when calling the GetObject operation: The specified key does not exist.
  5413/8883: mp-1110718
unable to access bucket: 'materialsproject-parsed' key: 'chgcars/mp-1388796.json.gz' version: None error: An error occurred (NoSuchKey) when calling the GetObject operation: The specified key does not exist.
  5414/8883: mp-1112217
  5415/8883: mp-1111478
unable to access bucket: 'materialsproject-parsed' key: 'chgcars/mp-1390745.json.gz' version: None error: An error occurred (NoSuchKey) when calling the GetObject operation: The specified key does not exist.
  5416/8883: mp-975880
unable to access bucket: 'materialsproject-parsed' key: 'chgcars/mp-1434103.json.gz' version: None error: An error occurred (NoSuchKey) when calling the GetObject operation: The specified key does not exist.
  5417/8883: mp-974832
unable to access bucket: 'materialsproject-parsed' key: 'chgcars/mp-1409537.json.gz' version: None error: An error occurred (NoSuchKey) when calling the GetObject operation: The specified key does not exist.
  5418/8883: mp-863710
unable to access bucket: 'materialsproject-parsed' key: 'chgcars/mp-1388359.json.gz' version: None error: An error occurred (NoSuchKey) when calling the GetObject operation: The specified key does not exist.
  5419/8883: mp-5748
unable to access bucket: 'materialsproject-parsed' key: 'chgcars/mp-1437987.json.gz' version: None error: An error occurred (NoSuchKey) when calling the GetObject operation: The specified key does not exist.
  5420/8883: mp-867272
  5421/8883: mp-862612
  5422/8883: mp-550893
  5423/8883: mp-1112960
  5424/8883: mp-689925
unable to access bucket: 'materialsproject-parsed' key: 'chgcars/mp-1433703.json.gz' version: None error: An error occurred (NoSuchKey) when calling the GetObject operation: The specified key does not exist.
  5425/8883: mp-1187152
  5426/8883: mp-1206568
unable to access bucket: 'materialsproject-parsed' key: 'chgcars/mp-1390043.json.gz' version: None error: An error occurred (NoSuchKey) when calling the GetObject operation: The specified key does not exist.
  5427/8883: mp-1388058
unable to access bucket: 'materialsproject-parsed' key: 'chgcars/mp-1388058.json.gz' version: None error: An error occurred (NoSuchKey) when calling the GetObject operation: The specified key does not exist.
  5428/8883: mp-1206611
unable to access bucket: 'materialsproject-parsed' key: 'chgcars/mp-1427552.json.gz' version: None error: An error occurred (NoSuchKey) when calling the GetObject operation: The specified key does not exist.
  5429/8883: mp-865241
  5430/8883: mp-866080
unable to access bucket: 'materialsproject-parsed' key: 'chgcars/mp-1427241.json.gz' version: None error: An error occurred (NoSuchKey) when calling the GetObject operation: The specified key does not exist.
  5431/8883: mp-867827
unable to access bucket: 'materialsproject-parsed' key: 'chgcars/mp-1424076.json.gz' version: None error: An error occurred (NoSuchKey) when calling the GetObject operation: The specified key does not exist.
  5432/8883: mp-978497
unable to access bucket: 'materialsproject-parsed' key: 'chgcars/mp-1427375.json.gz' version: None error: An error occurred (NoSuchKey) when calling the GetObject operation: The specified key does not exist.
  5433/8883: mp-1184341
  5434/8883: mp-1186018
  5435/8883: mp-1206836
  5436/8883: mp-1205743
unable to access bucket: 'materialsproject-parsed' key: 'chgcars/mp-1409404.json.gz' version: None error: An error occurred (NoSuchKey) when calling the GetObject operation: The specified key does not exist.
  5437/8883: mp-865530
unable to access bucket: 'materialsproject-parsed' key: 'chgcars/mp-1385958.json.gz' version: None error: An error occurred (NoSuchKey) when calling the GetObject operation: The specified key does not exist.
  5438/8883: mp-1022
  5439/8883: mp-2002
  5440/8883: mp-10899
  5441/8883: mp-21683
  5442/8883: mp-1111581
  5443/8883: mp-1113207
  5444/8883: mp-862632
  5445/8883: mp-980426
unable to access bucket: 'materialsproject-parsed' key: 'chgcars/mp-1437000.json.gz' version: None error: An error occurred (NoSuchKey) when calling the GetObject operation: The specified key does not exist.
  5446/8883: mp-867813
  5447/8883: mp-1114015
unable to access bucket: 'materialsproject-parsed' key: 'chgcars/mp-1406042.json.gz' version: None error: An error occurred (NoSuchKey) when calling the GetObject operation: The specified key does not exist.
  5448/8883: mp-3791
  5449/8883: mp-1112641
unable to access bucket: 'materialsproject-parsed' key: 'chgcars/mp-1404816.json.gz' version: None error: An error occurred (NoSuchKey) when calling the GetObject operation: The specified key does not exist.
  5450/8883: mp-557133
  5451/8883: mp-1188022
unable to access bucket: 'materialsproject-parsed' key: 'chgcars/mp-1414637.json.gz' version: None error: An error occurred (NoSuchKey) when calling the GetObject operation: The specified key does not exist.
  5452/8883: mp-18962
unable to access bucket: 'materialsproject-parsed' key: 'chgcars/mp-1421458.json.gz' version: None error: An error occurred (NoSuchKey) when calling the GetObject operation: The specified key does not exist.
  5453/8883: mp-1111597
unable to access bucket: 'materialsproject-parsed' key: 'chgcars/mp-1445238.json.gz' version: None error: An error occurred (NoSuchKey) when calling the GetObject operation: The specified key does not exist.
  5454/8883: mp-19403
  5455/8883: mp-1113694
  5456/8883: mp-610190
unable to access bucket: 'materialsproject-parsed' key: 'chgcars/mp-1412338.json.gz' version: None error: An error occurred (NoSuchKey) when calling the GetObject operation: The specified key does not exist.
  5457/8883: mp-1184586
unable to access bucket: 'materialsproject-parsed' key: 'chgcars/mp-1426660.json.gz' version: None error: An error occurred (NoSuchKey) when calling the GetObject operation: The specified key does not exist.
  5458/8883: mp-865935
  5459/8883: mp-1205669
unable to access bucket: 'materialsproject-parsed' key: 'chgcars/mp-1393409.json.gz' version: None error: An error occurred (NoSuchKey) when calling the GetObject operation: The specified key does not exist.
  5460/8883: mp-864618
  5461/8883: mp-1185030
  5462/8883: mp-866281
  5463/8883: mp-867220
unable to access bucket: 'materialsproject-parsed' key: 'chgcars/mp-1416262.json.gz' version: None error: An error occurred (NoSuchKey) when calling the GetObject operation: The specified key does not exist.
  5464/8883: mp-867901
unable to access bucket: 'materialsproject-parsed' key: 'chgcars/mp-1428540.json.gz' version: None error: An error occurred (NoSuchKey) when calling the GetObject operation: The specified key does not exist.
  5465/8883: mp-1004753
unable to access bucket: 'materialsproject-parsed' key: 'chgcars/mp-1412528.json.gz' version: None error: An error occurred (NoSuchKey) when calling the GetObject operation: The specified key does not exist.
  5466/8883: mp-1206761
unable to access bucket: 'materialsproject-parsed' key: 'chgcars/mp-1391958.json.gz' version: None error: An error occurred (NoSuchKey) when calling the GetObject operation: The specified key does not exist.
  5467/8883: mp-865876
  5468/8883: mp-865771
unable to access bucket: 'materialsproject-parsed' key: 'chgcars/mp-1437332.json.gz' version: None error: An error occurred (NoSuchKey) when calling the GetObject operation: The specified key does not exist.
  5469/8883: mp-1112205
  5470/8883: mp-867840
unable to access bucket: 'materialsproject-parsed' key: 'chgcars/mp-1771235.json.gz' version: None error: An error occurred (NoSuchKey) when calling the GetObject operation: The specified key does not exist.
  5471/8883: mp-1079457
  5472/8883: mp-1110639
unable to access bucket: 'materialsproject-parsed' key: 'chgcars/mp-1396923.json.gz' version: None error: An error occurred (NoSuchKey) when calling the GetObject operation: The specified key does not exist.
  5473/8883: mp-4364
  5474/8883: mp-863685
unable to access bucket: 'materialsproject-parsed' key: 'chgcars/mp-1408830.json.gz' version: None error: An error occurred (NoSuchKey) when calling the GetObject operation: The specified key does not exist.
  5475/8883: mp-977579
unable to access bucket: 'materialsproject-parsed' key: 'chgcars/mp-1396424.json.gz' version: None error: An error occurred (NoSuchKey) when calling the GetObject operation: The specified key does not exist.
  5476/8883: mp-1186206
unable to access bucket: 'materialsproject-parsed' key: 'chgcars/mp-1424061.json.gz' version: None error: An error occurred (NoSuchKey) when calling the GetObject operation: The specified key does not exist.
  5477/8883: mp-865256
unable to access bucket: 'materialsproject-parsed' key: 'chgcars/mp-1416844.json.gz' version: None error: An error occurred (NoSuchKey) when calling the GetObject operation: The specified key does not exist.
  5478/8883: mp-1110584
unable to access bucket: 'materialsproject-parsed' key: 'chgcars/mp-1394309.json.gz' version: None error: An error occurred (NoSuchKey) when calling the GetObject operation: The specified key does not exist.
  5479/8883: mp-978543
unable to access bucket: 'materialsproject-parsed' key: 'chgcars/mp-1424532.json.gz' version: None error: An error occurred (NoSuchKey) when calling the GetObject operation: The specified key does not exist.
  5480/8883: mp-1184716
unable to access bucket: 'materialsproject-parsed' key: 'chgcars/mp-1397725.json.gz' version: None error: An error occurred (NoSuchKey) when calling the GetObject operation: The specified key does not exist.
  5481/8883: mp-1111941
  5482/8883: mp-1186424
  5483/8883: mp-864970
unable to access bucket: 'materialsproject-parsed' key: 'chgcars/mp-1658407.json.gz' version: None error: An error occurred (NoSuchKey) when calling the GetObject operation: The specified key does not exist.
  5484/8883: mp-1078950
  5485/8883: mp-989388
  5486/8883: mp-867125
unable to access bucket: 'materialsproject-parsed' key: 'chgcars/mp-1430150.json.gz' version: None error: An error occurred (NoSuchKey) when calling the GetObject operation: The specified key does not exist.
  5487/8883: mp-865261
  5488/8883: mp-1110703
  5489/8883: mp-989594
  5490/8883: mp-1185884
unable to access bucket: 'materialsproject-parsed' key: 'chgcars/mp-1414751.json.gz' version: None error: An error occurred (NoSuchKey) when calling the GetObject operation: The specified key does not exist.
  5491/8883: mp-37307
  5492/8883: mp-1111337
  5493/8883: mp-865281
unable to access bucket: 'materialsproject-parsed' key: 'chgcars/mp-1427010.json.gz' version: None error: An error occurred (NoSuchKey) when calling the GetObject operation: The specified key does not exist.
  5494/8883: mp-862619
  5495/8883: mp-1111692
unable to access bucket: 'materialsproject-parsed' key: 'chgcars/mp-1386968.json.gz' version: None error: An error occurred (NoSuchKey) when calling the GetObject operation: The specified key does not exist.
  5496/8883: mp-1110893
  5497/8883: mp-1112753
  5498/8883: mp-866010
  5499/8883: mp-672661
  5500/8883: mp-985806
unable to access bucket: 'materialsproject-parsed' key: 'chgcars/mp-1430447.json.gz' version: None error: An error occurred (NoSuchKey) when calling the GetObject operation: The specified key does not exist.
  5501/8883: mp-1206133
  5502/8883: mp-1005693
  5503/8883: mp-7888
  5504/8883: mp-1185750
unable to access bucket: 'materialsproject-parsed' key: 'chgcars/mp-1424764.json.gz' version: None error: An error occurred (NoSuchKey) when calling the GetObject operation: The specified key does not exist.
  5505/8883: mp-1185554
  5506/8883: mp-867196
unable to access bucket: 'materialsproject-parsed' key: 'chgcars/mp-1434163.json.gz' version: None error: An error occurred (NoSuchKey) when calling the GetObject operation: The specified key does not exist.
  5507/8883: mp-1007853
  5508/8883: mp-977564
  5509/8883: mp-1187590
unable to access bucket: 'materialsproject-parsed' key: 'chgcars/mp-1435395.json.gz' version: None error: An error occurred (NoSuchKey) when calling the GetObject operation: The specified key does not exist.
  5510/8883: mp-1112507
  5511/8883: mp-865714
unable to access bucket: 'materialsproject-parsed' key: 'chgcars/mp-1504007.json.gz' version: None error: An error occurred (NoSuchKey) when calling the GetObject operation: The specified key does not exist.
  5512/8883: mp-22372
  5513/8883: mp-1206917
unable to access bucket: 'materialsproject-parsed' key: 'chgcars/mp-1430790.json.gz' version: None error: An error occurred (NoSuchKey) when calling the GetObject operation: The specified key does not exist.
  5514/8883: mp-989522
  5515/8883: mp-1111178
  5516/8883: mp-1113035
  5517/8883: mp-1113710
unable to access bucket: 'materialsproject-parsed' key: 'chgcars/mp-1407750.json.gz' version: None error: An error occurred (NoSuchKey) when calling the GetObject operation: The specified key does not exist.
  5518/8883: mp-1111162
  5519/8883: mp-1283081
  5520/8883: mp-1187002
unable to access bucket: 'materialsproject-parsed' key: 'chgcars/mp-1428626.json.gz' version: None error: An error occurred (NoSuchKey) when calling the GetObject operation: The specified key does not exist.
  5521/8883: mp-978545
unable to access bucket: 'materialsproject-parsed' key: 'chgcars/mp-1416626.json.gz' version: None error: An error occurred (NoSuchKey) when calling the GetObject operation: The specified key does not exist.
  5522/8883: mp-1061865
unable to access bucket: 'materialsproject-parsed' key: 'chgcars/mp-1439761.json.gz' version: None error: An error occurred (NoSuchKey) when calling the GetObject operation: The specified key does not exist.
  5523/8883: mp-1185826
  5524/8883: mp-1187209
  5525/8883: mp-24155
  5526/8883: mp-1738
unable to access bucket: 'materialsproject-parsed' key: 'chgcars/mp-1440291.json.gz' version: None error: An error occurred (NoSuchKey) when calling the GetObject operation: The specified key does not exist.
  5527/8883: mp-1205912
  5528/8883: mp-861878
  5529/8883: mp-1111144
  5530/8883: mp-1183218
unable to access bucket: 'materialsproject-parsed' key: 'chgcars/mp-1424936.json.gz' version: None error: An error occurred (NoSuchKey) when calling the GetObject operation: The specified key does not exist.
  5531/8883: mp-973114
  5532/8883: mp-865231
  5533/8883: mp-1186089
unable to access bucket: 'materialsproject-parsed' key: 'chgcars/mp-1385186.json.gz' version: None error: An error occurred (NoSuchKey) when calling the GetObject operation: The specified key does not exist.
  5534/8883: mp-1111935
  5535/8883: mp-1113705
unable to access bucket: 'materialsproject-parsed' key: 'chgcars/mp-1410462.json.gz' version: None error: An error occurred (NoSuchKey) when calling the GetObject operation: The specified key does not exist.
  5536/8883: mp-1095163
unable to access bucket: 'materialsproject-parsed' key: 'chgcars/mp-1424524.json.gz' version: None error: An error occurred (NoSuchKey) when calling the GetObject operation: The specified key does not exist.
  5537/8883: mp-1185752
  5538/8883: mp-1183873
  5539/8883: mp-1186080
unable to access bucket: 'materialsproject-parsed' key: 'chgcars/mp-1389474.json.gz' version: None error: An error occurred (NoSuchKey) when calling the GetObject operation: The specified key does not exist.
  5540/8883: mp-867788
  5541/8883: mp-23300
  5542/8883: mp-1210624
  5543/8883: mp-1192470
  5544/8883: mp-567981
  5545/8883: mp-1112111
  5546/8883: mp-1114234
  5547/8883: mp-1185618
unable to access bucket: 'materialsproject-parsed' key: 'chgcars/mp-1427081.json.gz' version: None error: An error occurred (NoSuchKey) when calling the GetObject operation: The specified key does not exist.
  5548/8883: mp-1111889
  5549/8883: mp-1184244
  5550/8883: mp-21301
  5551/8883: mp-1110683
  5552/8883: mp-1187911
  5553/8883: mp-1186951
unable to access bucket: 'materialsproject-parsed' key: 'chgcars/mp-1421065.json.gz' version: None error: An error occurred (NoSuchKey) when calling the GetObject operation: The specified key does not exist.
  5554/8883: mp-865206
unable to access bucket: 'materialsproject-parsed' key: 'chgcars/mp-1417381.json.gz' version: None error: An error occurred (NoSuchKey) when calling the GetObject operation: The specified key does not exist.
  5555/8883: mp-34047
  5556/8883: mp-1184585
unable to access bucket: 'materialsproject-parsed' key: 'chgcars/mp-1418909.json.gz' version: None error: An error occurred (NoSuchKey) when calling the GetObject operation: The specified key does not exist.
  5557/8883: mp-864969
unable to access bucket: 'materialsproject-parsed' key: 'chgcars/mp-1419095.json.gz' version: None error: An error occurred (NoSuchKey) when calling the GetObject operation: The specified key does not exist.
  5558/8883: mp-1110709
  5559/8883: mp-865011
  5560/8883: mp-1187921
  5561/8883: mp-1207195
  5562/8883: mp-1187614
unable to access bucket: 'materialsproject-parsed' key: 'chgcars/mp-1387953.json.gz' version: None error: An error occurred (NoSuchKey) when calling the GetObject operation: The specified key does not exist.
  5563/8883: mp-1184071
unable to access bucket: 'materialsproject-parsed' key: 'chgcars/mp-1419688.json.gz' version: None error: An error occurred (NoSuchKey) when calling the GetObject operation: The specified key does not exist.
  5564/8883: mp-1079436
  5565/8883: mp-866122
unable to access bucket: 'materialsproject-parsed' key: 'chgcars/mp-1429956.json.gz' version: None error: An error occurred (NoSuchKey) when calling the GetObject operation: The specified key does not exist.
  5566/8883: mp-975184
  5567/8883: mp-1185409
  5568/8883: mp-1185484
  5569/8883: mp-1186954
  5570/8883: mp-980062
unable to access bucket: 'materialsproject-parsed' key: 'chgcars/mp-1416837.json.gz' version: None error: An error occurred (NoSuchKey) when calling the GetObject operation: The specified key does not exist.
  5571/8883: mp-865986
  5572/8883: mp-1111301
unable to access bucket: 'materialsproject-parsed' key: 'chgcars/mp-1397577.json.gz' version: None error: An error occurred (NoSuchKey) when calling the GetObject operation: The specified key does not exist.
  5573/8883: mp-977386
  5574/8883: mp-1110744
unable to access bucket: 'materialsproject-parsed' key: 'chgcars/mp-1377985.json.gz' version: None error: An error occurred (NoSuchKey) when calling the GetObject operation: The specified key does not exist.
  5575/8883: mp-975897
unable to access bucket: 'materialsproject-parsed' key: 'chgcars/mp-1416838.json.gz' version: None error: An error occurred (NoSuchKey) when calling the GetObject operation: The specified key does not exist.
  5576/8883: mp-1186687
  5577/8883: mp-1186695
  5578/8883: mp-1187894
unable to access bucket: 'materialsproject-parsed' key: 'chgcars/mp-1421281.json.gz' version: None error: An error occurred (NoSuchKey) when calling the GetObject operation: The specified key does not exist.
  5579/8883: mp-1111728
  5580/8883: mp-977555
  5581/8883: mp-867776
unable to access bucket: 'materialsproject-parsed' key: 'chgcars/mp-1384665.json.gz' version: None error: An error occurred (NoSuchKey) when calling the GetObject operation: The specified key does not exist.
  5582/8883: mp-1147658
unable to access bucket: 'materialsproject-parsed' key: 'chgcars/mp-1445489.json.gz' version: None error: An error occurred (NoSuchKey) when calling the GetObject operation: The specified key does not exist.
  5583/8883: mp-20484
  5584/8883: mp-1184980
unable to access bucket: 'materialsproject-parsed' key: 'chgcars/mp-1431952.json.gz' version: None error: An error occurred (NoSuchKey) when calling the GetObject operation: The specified key does not exist.
  5585/8883: mp-865222
unable to access bucket: 'materialsproject-parsed' key: 'chgcars/mp-1428905.json.gz' version: None error: An error occurred (NoSuchKey) when calling the GetObject operation: The specified key does not exist.
  5586/8883: mp-861918
  5587/8883: mp-636953
unable to access bucket: 'materialsproject-parsed' key: 'chgcars/mp-1333740.json.gz' version: None error: An error occurred (NoSuchKey) when calling the GetObject operation: The specified key does not exist.
  5588/8883: mp-979042
  5589/8883: mp-1187072
  5590/8883: mp-979715
  5591/8883: mp-1113747
unable to access bucket: 'materialsproject-parsed' key: 'chgcars/mp-1388085.json.gz' version: None error: An error occurred (NoSuchKey) when calling the GetObject operation: The specified key does not exist.
  5592/8883: mp-24237
  5593/8883: mp-1112629
  5594/8883: mp-1185360
  5595/8883: mp-1183779
unable to access bucket: 'materialsproject-parsed' key: 'chgcars/mp-1420841.json.gz' version: None error: An error occurred (NoSuchKey) when calling the GetObject operation: The specified key does not exist.
  5596/8883: mp-569066
  5597/8883: mp-1112188
  5598/8883: mp-983126
unable to access bucket: 'materialsproject-parsed' key: 'chgcars/mp-1504806.json.gz' version: None error: An error occurred (NoSuchKey) when calling the GetObject operation: The specified key does not exist.
  5599/8883: mp-1187456
  5600/8883: mp-1111324
  5601/8883: mp-979981
unable to access bucket: 'materialsproject-parsed' key: 'chgcars/mp-1395053.json.gz' version: None error: An error occurred (NoSuchKey) when calling the GetObject operation: The specified key does not exist.
  5602/8883: mp-10130
unable to access bucket: 'materialsproject-parsed' key: 'chgcars/mp-1392042.json.gz' version: None error: An error occurred (NoSuchKey) when calling the GetObject operation: The specified key does not exist.
  5603/8883: mp-1206714
  5604/8883: mp-1206362
unable to access bucket: 'materialsproject-parsed' key: 'chgcars/mp-1421926.json.gz' version: None error: An error occurred (NoSuchKey) when calling the GetObject operation: The specified key does not exist.
  5605/8883: mp-1112230
  5606/8883: mp-1114124
  5607/8883: mp-1186441
  5608/8883: mp-1111287
  5609/8883: mp-5407
  5610/8883: mp-1185616
  5611/8883: mp-1110626
  5612/8883: mp-1112081
unable to access bucket: 'materialsproject-parsed' key: 'chgcars/mp-1446010.json.gz' version: None error: An error occurred (NoSuchKey) when calling the GetObject operation: The specified key does not exist.
  5613/8883: mp-549
unable to access bucket: 'materialsproject-parsed' key: 'chgcars/mp-1476252.json.gz' version: None error: An error occurred (NoSuchKey) when calling the GetObject operation: The specified key does not exist.
  5614/8883: mp-1110770
  5615/8883: mp-1213109
  5616/8883: mp-1206014
  5617/8883: mp-863669
unable to access bucket: 'materialsproject-parsed' key: 'chgcars/mp-1434893.json.gz' version: None error: An error occurred (NoSuchKey) when calling the GetObject operation: The specified key does not exist.
  5618/8883: mp-1184380
  5619/8883: mp-1410
  5620/8883: mp-867276
unable to access bucket: 'materialsproject-parsed' key: 'chgcars/mp-1433180.json.gz' version: None error: An error occurred (NoSuchKey) when calling the GetObject operation: The specified key does not exist.
  5621/8883: mp-1214622
unable to access bucket: 'materialsproject-parsed' key: 'chgcars/mp-1411935.json.gz' version: None error: An error occurred (NoSuchKey) when calling the GetObject operation: The specified key does not exist.
  5622/8883: mp-1110788
  5623/8883: mp-1183638
unable to access bucket: 'materialsproject-parsed' key: 'chgcars/mp-1389532.json.gz' version: None error: An error occurred (NoSuchKey) when calling the GetObject operation: The specified key does not exist.
  5624/8883: mp-22725
  5625/8883: mp-867171
  5626/8883: mp-1184873
  5627/8883: mp-1187055
  5628/8883: mp-1206332
unable to access bucket: 'materialsproject-parsed' key: 'chgcars/mp-1409045.json.gz' version: None error: An error occurred (NoSuchKey) when calling the GetObject operation: The specified key does not exist.
  5629/8883: mp-1111824
  5630/8883: mp-10891
  5631/8883: mp-1794
unable to access bucket: 'materialsproject-parsed' key: 'chgcars/mp-1440759.json.gz' version: None error: An error occurred (NoSuchKey) when calling the GetObject operation: The specified key does not exist.
  5632/8883: mp-867418
  5633/8883: mp-977540
unable to access bucket: 'materialsproject-parsed' key: 'chgcars/mp-1393861.json.gz' version: None error: An error occurred (NoSuchKey) when calling the GetObject operation: The specified key does not exist.
  5634/8883: mp-1205683
  5635/8883: mp-561067
  5636/8883: mp-867775
unable to access bucket: 'materialsproject-parsed' key: 'chgcars/mp-1429082.json.gz' version: None error: An error occurred (NoSuchKey) when calling the GetObject operation: The specified key does not exist.
  5637/8883: mp-1223565
unable to access bucket: 'materialsproject-parsed' key: 'chgcars/mp-1329701.json.gz' version: None error: An error occurred (NoSuchKey) when calling the GetObject operation: The specified key does not exist.
  5638/8883: mp-19963
  5639/8883: mp-1111944
  5640/8883: mp-1184254
  5641/8883: mp-1183900
unable to access bucket: 'materialsproject-parsed' key: 'chgcars/mp-1444943.json.gz' version: None error: An error occurred (NoSuchKey) when calling the GetObject operation: The specified key does not exist.
  5642/8883: mp-978532
unable to access bucket: 'materialsproject-parsed' key: 'chgcars/mp-1504349.json.gz' version: None error: An error occurred (NoSuchKey) when calling the GetObject operation: The specified key does not exist.
  5643/8883: mp-571102
  5644/8883: mp-1087
  5645/8883: mp-580744
  5646/8883: mp-1184556
unable to access bucket: 'materialsproject-parsed' key: 'chgcars/mp-1436101.json.gz' version: None error: An error occurred (NoSuchKey) when calling the GetObject operation: The specified key does not exist.
  5647/8883: mp-867928
unable to access bucket: 'materialsproject-parsed' key: 'chgcars/mp-1429952.json.gz' version: None error: An error occurred (NoSuchKey) when calling the GetObject operation: The specified key does not exist.
  5648/8883: mp-23722
  5649/8883: mp-1184854
unable to access bucket: 'materialsproject-parsed' key: 'chgcars/mp-1408782.json.gz' version: None error: An error occurred (NoSuchKey) when calling the GetObject operation: The specified key does not exist.
  5650/8883: mp-866068
  5651/8883: mp-976286
  5652/8883: mp-1111737
  5653/8883: mp-1183826
  5654/8883: mp-1210179
unable to access bucket: 'materialsproject-parsed' key: 'chgcars/mp-1369319.json.gz' version: None error: An error occurred (NoSuchKey) when calling the GetObject operation: The specified key does not exist.
  5655/8883: mp-1078623
unable to access bucket: 'materialsproject-parsed' key: 'chgcars/mp-1425506.json.gz' version: None error: An error occurred (NoSuchKey) when calling the GetObject operation: The specified key does not exist.
  5656/8883: mp-867146
  5657/8883: mp-867262
unable to access bucket: 'materialsproject-parsed' key: 'chgcars/mp-1392828.json.gz' version: None error: An error occurred (NoSuchKey) when calling the GetObject operation: The specified key does not exist.
  5658/8883: mp-1018043
  5659/8883: mp-972907
unable to access bucket: 'materialsproject-parsed' key: 'chgcars/mp-1424550.json.gz' version: None error: An error occurred (NoSuchKey) when calling the GetObject operation: The specified key does not exist.
  5660/8883: mp-1111192
  5661/8883: mp-21013
unable to access bucket: 'materialsproject-parsed' key: 'chgcars/mp-1417349.json.gz' version: None error: An error occurred (NoSuchKey) when calling the GetObject operation: The specified key does not exist.
  5662/8883: mp-867342
  5663/8883: mp-862823
  5664/8883: mp-1193241
  5665/8883: mp-862884
  5666/8883: mp-972741
unable to access bucket: 'materialsproject-parsed' key: 'chgcars/mp-1427379.json.gz' version: None error: An error occurred (NoSuchKey) when calling the GetObject operation: The specified key does not exist.
  5667/8883: mp-972238
  5668/8883: mp-1186955
  5669/8883: mp-754545
  5670/8883: mp-1187096
unable to access bucket: 'materialsproject-parsed' key: 'chgcars/mp-1405025.json.gz' version: None error: An error occurred (NoSuchKey) when calling the GetObject operation: The specified key does not exist.
  5671/8883: mp-1183842
unable to access bucket: 'materialsproject-parsed' key: 'chgcars/mp-1425321.json.gz' version: None error: An error occurred (NoSuchKey) when calling the GetObject operation: The specified key does not exist.
  5672/8883: mp-557938
  5673/8883: mp-867872
unable to access bucket: 'materialsproject-parsed' key: 'chgcars/mp-1408393.json.gz' version: None error: An error occurred (NoSuchKey) when calling the GetObject operation: The specified key does not exist.
  5674/8883: mp-973957
unable to access bucket: 'materialsproject-parsed' key: 'chgcars/mp-1446323.json.gz' version: None error: An error occurred (NoSuchKey) when calling the GetObject operation: The specified key does not exist.
  5675/8883: mp-20399
unable to access bucket: 'materialsproject-parsed' key: 'chgcars/mp-1279433.json.gz' version: None error: An error occurred (NoSuchKey) when calling the GetObject operation: The specified key does not exist.
  5676/8883: mp-1164
  5677/8883: mp-1111457
  5678/8883: mp-1184951
unable to access bucket: 'materialsproject-parsed' key: 'chgcars/mp-1421916.json.gz' version: None error: An error occurred (NoSuchKey) when calling the GetObject operation: The specified key does not exist.
  5679/8883: mp-865912
unable to access bucket: 'materialsproject-parsed' key: 'chgcars/mp-1428125.json.gz' version: None error: An error occurred (NoSuchKey) when calling the GetObject operation: The specified key does not exist.
  5680/8883: mp-1111190
unable to access bucket: 'materialsproject-parsed' key: 'chgcars/mp-1444045.json.gz' version: None error: An error occurred (NoSuchKey) when calling the GetObject operation: The specified key does not exist.
  5681/8883: mp-1113222
  5682/8883: mp-1184360
unable to access bucket: 'materialsproject-parsed' key: 'chgcars/mp-1425582.json.gz' version: None error: An error occurred (NoSuchKey) when calling the GetObject operation: The specified key does not exist.
  5683/8883: mp-315
  5684/8883: mp-978256
unable to access bucket: 'materialsproject-parsed' key: 'chgcars/mp-1419912.json.gz' version: None error: An error occurred (NoSuchKey) when calling the GetObject operation: The specified key does not exist.
  5685/8883: mp-1187616
unable to access bucket: 'materialsproject-parsed' key: 'chgcars/mp-1431673.json.gz' version: None error: An error occurred (NoSuchKey) when calling the GetObject operation: The specified key does not exist.
  5686/8883: mp-30727
  5687/8883: mp-1205960
unable to access bucket: 'materialsproject-parsed' key: 'chgcars/mp-1391812.json.gz' version: None error: An error occurred (NoSuchKey) when calling the GetObject operation: The specified key does not exist.
  5688/8883: mp-541851
unable to access bucket: 'materialsproject-parsed' key: 'chgcars/mp-1443401.json.gz' version: None error: An error occurred (NoSuchKey) when calling the GetObject operation: The specified key does not exist.
  5689/8883: mp-28828
  5690/8883: mp-867201
unable to access bucket: 'materialsproject-parsed' key: 'chgcars/mp-1413318.json.gz' version: None error: An error occurred (NoSuchKey) when calling the GetObject operation: The specified key does not exist.
  5691/8883: mp-866112
unable to access bucket: 'materialsproject-parsed' key: 'chgcars/mp-1418711.json.gz' version: None error: An error occurred (NoSuchKey) when calling the GetObject operation: The specified key does not exist.
  5692/8883: mp-1110787
unable to access bucket: 'materialsproject-parsed' key: 'chgcars/mp-1412629.json.gz' version: None error: An error occurred (NoSuchKey) when calling the GetObject operation: The specified key does not exist.
  5693/8883: mp-867822
  5694/8883: mp-558674
unable to access bucket: 'materialsproject-parsed' key: 'chgcars/mp-1423274.json.gz' version: None error: An error occurred (NoSuchKey) when calling the GetObject operation: The specified key does not exist.
  5695/8883: mp-989551
  5696/8883: mp-30606
  5697/8883: mp-600125
  5698/8883: mp-1111847
  5699/8883: mp-1205495
unable to access bucket: 'materialsproject-parsed' key: 'chgcars/mp-1410321.json.gz' version: None error: An error occurred (NoSuchKey) when calling the GetObject operation: The specified key does not exist.
  5700/8883: mp-982772
unable to access bucket: 'materialsproject-parsed' key: 'chgcars/mp-1420293.json.gz' version: None error: An error occurred (NoSuchKey) when calling the GetObject operation: The specified key does not exist.
  5701/8883: mp-631409
  5702/8883: mp-1111106
unable to access bucket: 'materialsproject-parsed' key: 'chgcars/mp-1392131.json.gz' version: None error: An error occurred (NoSuchKey) when calling the GetObject operation: The specified key does not exist.
  5703/8883: mp-865951
  5704/8883: mp-23251
  5705/8883: mp-1184463
  5706/8883: mp-1187820
  5707/8883: mp-1213008
unable to access bucket: 'materialsproject-parsed' key: 'chgcars/mp-1417551.json.gz' version: None error: An error occurred (NoSuchKey) when calling the GetObject operation: The specified key does not exist.
  5708/8883: mp-866064
unable to access bucket: 'materialsproject-parsed' key: 'chgcars/mp-1414338.json.gz' version: None error: An error occurred (NoSuchKey) when calling the GetObject operation: The specified key does not exist.
  5709/8883: mp-975786
