Querying MP for rocksalt materials with charge density...
Found 8941 rocksalt materials
8883 have task IDs in map
Downloading CHGCARs...
  1/8883: mp-1184158
  2/8883: mp-861934
unable to access bucket: 'materialsproject-parsed' key: 'chgcars/mp-1435624.json.gz' version: None error: An error occurred (NoSuchKey) when calling the GetObject operation: The specified key does not exist.
  3/8883: mp-1112025
unable to access bucket: 'materialsproject-parsed' key: 'chgcars/mp-1388358.json.gz' version: None error: An error occurred (NoSuchKey) when calling the GetObject operation: The specified key does not exist.
  4/8883: mp-18905
  5/8883: mp-1183608
unable to access bucket: 'materialsproject-parsed' key: 'chgcars/mp-1388976.json.gz' version: None error: An error occurred (NoSuchKey) when calling the GetObject operation: The specified key does not exist.
  6/8883: mp-1188003
unable to access bucket: 'materialsproject-parsed' key: 'chgcars/mp-1437345.json.gz' version: None error: An error occurred (NoSuchKey) when calling the GetObject operation: The specified key does not exist.
  7/8883: mp-549
unable to access bucket: 'materialsproject-parsed' key: 'chgcars/mp-1476252.json.gz' version: None error: An error occurred (NoSuchKey) when calling the GetObject operation: The specified key does not exist.
  8/8883: mp-2563
  9/8883: mp-1111022
  10/8883: mp-1205883
unable to access bucket: 'materialsproject-parsed' key: 'chgcars/mp-1392777.json.gz' version: None error: An error occurred (NoSuchKey) when calling the GetObject operation: The specified key does not exist.
  11/8883: mp-1112918
  12/8883: mp-867260
unable to access bucket: 'materialsproject-parsed' key: 'chgcars/mp-1416236.json.gz' version: None error: An error occurred (NoSuchKey) when calling the GetObject operation: The specified key does not exist.
  13/8883: mp-866062
unable to access bucket: 'materialsproject-parsed' key: 'chgcars/mp-1419544.json.gz' version: None error: An error occurred (NoSuchKey) when calling the GetObject operation: The specified key does not exist.
  14/8883: mp-1185251
unable to access bucket: 'materialsproject-parsed' key: 'chgcars/mp-1427736.json.gz' version: None error: An error occurred (NoSuchKey) when calling the GetObject operation: The specified key does not exist.
  15/8883: mp-1114109
  16/8883: mp-864987
unable to access bucket: 'materialsproject-parsed' key: 'chgcars/mp-1414494.json.gz' version: None error: An error occurred (NoSuchKey) when calling the GetObject operation: The specified key does not exist.
  17/8883: mp-504603
  18/8883: mp-862926
  19/8883: mp-14038
unable to access bucket: 'materialsproject-parsed' key: 'chgcars/mp-1431853.json.gz' version: None error: An error occurred (NoSuchKey) when calling the GetObject operation: The specified key does not exist.
  20/8883: mp-1110621
  21/8883: mp-1110864
  22/8883: mp-1112629
  23/8883: mp-1114160
  24/8883: mp-545619
  25/8883: mp-1206702
unable to access bucket: 'materialsproject-parsed' key: 'chgcars/mp-1408691.json.gz' version: None error: An error occurred (NoSuchKey) when calling the GetObject operation: The specified key does not exist.
  26/8883: mp-1189040
  27/8883: mp-1218224
  28/8883: mp-1184724
unable to access bucket: 'materialsproject-parsed' key: 'chgcars/mp-1415859.json.gz' version: None error: An error occurred (NoSuchKey) when calling the GetObject operation: The specified key does not exist.
  29/8883: mp-1186080
unable to access bucket: 'materialsproject-parsed' key: 'chgcars/mp-1389474.json.gz' version: None error: An error occurred (NoSuchKey) when calling the GetObject operation: The specified key does not exist.
  30/8883: mp-1113832
  31/8883: mp-978545
unable to access bucket: 'materialsproject-parsed' key: 'chgcars/mp-1416626.json.gz' version: None error: An error occurred (NoSuchKey) when calling the GetObject operation: The specified key does not exist.
  32/8883: mp-1185979
  33/8883: mp-1110859
  34/8883: mp-973088
  35/8883: mp-614456
unable to access bucket: 'materialsproject-parsed' key: 'chgcars/mp-1440249.json.gz' version: None error: An error occurred (NoSuchKey) when calling the GetObject operation: The specified key does not exist.
  36/8883: mp-1112193
unable to access bucket: 'materialsproject-parsed' key: 'chgcars/mp-1398682.json.gz' version: None error: An error occurred (NoSuchKey) when calling the GetObject operation: The specified key does not exist.
  37/8883: mp-862698
unable to access bucket: 'materialsproject-parsed' key: 'chgcars/mp-1399708.json.gz' version: None error: An error occurred (NoSuchKey) when calling the GetObject operation: The specified key does not exist.
  38/8883: mp-865383
unable to access bucket: 'materialsproject-parsed' key: 'chgcars/mp-1436208.json.gz' version: None error: An error occurred (NoSuchKey) when calling the GetObject operation: The specified key does not exist.
  39/8883: mp-1110813
  40/8883: mp-1183885
  41/8883: mp-1078912
unable to access bucket: 'materialsproject-parsed' key: 'chgcars/mp-1294653.json.gz' version: None error: An error occurred (NoSuchKey) when calling the GetObject operation: The specified key does not exist.
  42/8883: mp-1007854
  43/8883: mp-1112965
  44/8883: mp-867349
  45/8883: mp-1110872
unable to access bucket: 'materialsproject-parsed' key: 'chgcars/mp-1387648.json.gz' version: None error: An error occurred (NoSuchKey) when calling the GetObject operation: The specified key does not exist.
  46/8883: mp-1183463
  47/8883: mp-867862
unable to access bucket: 'materialsproject-parsed' key: 'chgcars/mp-1434947.json.gz' version: None error: An error occurred (NoSuchKey) when calling the GetObject operation: The specified key does not exist.
  48/8883: mp-1191885
  49/8883: mp-1183554
unable to access bucket: 'materialsproject-parsed' key: 'chgcars/mp-1429784.json.gz' version: None error: An error occurred (NoSuchKey) when calling the GetObject operation: The specified key does not exist.
  50/8883: mp-976426
unable to access bucket: 'materialsproject-parsed' key: 'chgcars/mp-1433782.json.gz' version: None error: An error occurred (NoSuchKey) when calling the GetObject operation: The specified key does not exist.
  51/8883: mp-1113030
  52/8883: mp-1206536
  53/8883: mp-569885
  54/8883: mp-1111320
  55/8883: mp-864613
unable to access bucket: 'materialsproject-parsed' key: 'chgcars/mp-1394877.json.gz' version: None error: An error occurred (NoSuchKey) when calling the GetObject operation: The specified key does not exist.
  56/8883: mp-1111331
  57/8883: mp-23657
  58/8883: mp-865914
unable to access bucket: 'materialsproject-parsed' key: 'chgcars/mp-1444540.json.gz' version: None error: An error occurred (NoSuchKey) when calling the GetObject operation: The specified key does not exist.
  59/8883: mp-1110901
  60/8883: mp-1212872
  61/8883: mp-1078950
  62/8883: mp-1094257
  63/8883: mp-1208086
  64/8883: mp-1184330
unable to access bucket: 'materialsproject-parsed' key: 'chgcars/mp-1434054.json.gz' version: None error: An error occurred (NoSuchKey) when calling the GetObject operation: The specified key does not exist.
  65/8883: mp-1215272
  66/8883: mp-1113474
  67/8883: mp-1111071
  68/8883: mp-1184513
unable to access bucket: 'materialsproject-parsed' key: 'chgcars/mp-1427723.json.gz' version: None error: An error occurred (NoSuchKey) when calling the GetObject operation: The specified key does not exist.
  69/8883: mp-1110745
  70/8883: mp-641587
  71/8883: mp-1194237
  72/8883: mp-1112516
  73/8883: mp-30782
  74/8883: mp-19184
unable to access bucket: 'materialsproject-parsed' key: 'chgcars/mp-1287979.json.gz' version: None error: An error occurred (NoSuchKey) when calling the GetObject operation: The specified key does not exist.
  75/8883: mp-1064892
unable to access bucket: 'materialsproject-parsed' key: 'chgcars/mp-1438166.json.gz' version: None error: An error occurred (NoSuchKey) when calling the GetObject operation: The specified key does not exist.
  76/8883: mp-867293
  77/8883: mp-1184111
  78/8883: mp-866116
  79/8883: mp-1110897
  80/8883: mp-1056702
  81/8883: mp-1184968
  82/8883: mp-1112121
  83/8883: mp-1186739
  84/8883: mp-1096937
  85/8883: mp-23171
  86/8883: mp-864808
unable to access bucket: 'materialsproject-parsed' key: 'chgcars/mp-1414491.json.gz' version: None error: An error occurred (NoSuchKey) when calling the GetObject operation: The specified key does not exist.
  87/8883: mp-1153
  88/8883: mp-1194423
  89/8883: mp-974309
unable to access bucket: 'materialsproject-parsed' key: 'chgcars/mp-1428887.json.gz' version: None error: An error occurred (NoSuchKey) when calling the GetObject operation: The specified key does not exist.
  90/8883: mp-974770
unable to access bucket: 'materialsproject-parsed' key: 'chgcars/mp-1437301.json.gz' version: None error: An error occurred (NoSuchKey) when calling the GetObject operation: The specified key does not exist.
  91/8883: mp-980049
unable to access bucket: 'materialsproject-parsed' key: 'chgcars/mp-1436541.json.gz' version: None error: An error occurred (NoSuchKey) when calling the GetObject operation: The specified key does not exist.
  92/8883: mp-1113140
  93/8883: mp-22790
  94/8883: mp-999508
unable to access bucket: 'materialsproject-parsed' key: 'chgcars/mp-1425970.json.gz' version: None error: An error occurred (NoSuchKey) when calling the GetObject operation: The specified key does not exist.
  95/8883: mp-1184622
  96/8883: mp-1185046
unable to access bucket: 'materialsproject-parsed' key: 'chgcars/mp-1402349.json.gz' version: None error: An error occurred (NoSuchKey) when calling the GetObject operation: The specified key does not exist.
  97/8883: mp-20966
  98/8883: mp-1110575
unable to access bucket: 'materialsproject-parsed' key: 'chgcars/mp-1403680.json.gz' version: None error: An error occurred (NoSuchKey) when calling the GetObject operation: The specified key does not exist.
  99/8883: mp-1112163
  100/8883: mp-971836
  101/8883: mp-1186011
unable to access bucket: 'materialsproject-parsed' key: 'chgcars/mp-1435773.json.gz' version: None error: An error occurred (NoSuchKey) when calling the GetObject operation: The specified key does not exist.
  102/8883: mp-1113231
  103/8883: mp-1187982
  104/8883: mp-1208001
  105/8883: mp-1214905
unable to access bucket: 'materialsproject-parsed' key: 'chgcars/mp-1343942.json.gz' version: None error: An error occurred (NoSuchKey) when calling the GetObject operation: The specified key does not exist.
  106/8883: mp-980649
unable to access bucket: 'materialsproject-parsed' key: 'chgcars/mp-1422999.json.gz' version: None error: An error occurred (NoSuchKey) when calling the GetObject operation: The specified key does not exist.
  107/8883: mp-866058
unable to access bucket: 'materialsproject-parsed' key: 'chgcars/mp-1392764.json.gz' version: None error: An error occurred (NoSuchKey) when calling the GetObject operation: The specified key does not exist.
  108/8883: mp-865254
unable to access bucket: 'materialsproject-parsed' key: 'chgcars/mp-1424565.json.gz' version: None error: An error occurred (NoSuchKey) when calling the GetObject operation: The specified key does not exist.
  109/8883: mp-21235
  110/8883: mp-865367
  111/8883: mp-1114627
unable to access bucket: 'materialsproject-parsed' key: 'chgcars/mp-1392452.json.gz' version: None error: An error occurred (NoSuchKey) when calling the GetObject operation: The specified key does not exist.
  112/8883: mp-11718
unable to access bucket: 'materialsproject-parsed' key: 'chgcars/mp-1432118.json.gz' version: None error: An error occurred (NoSuchKey) when calling the GetObject operation: The specified key does not exist.
  113/8883: mp-631431
  114/8883: mp-978560
unable to access bucket: 'materialsproject-parsed' key: 'chgcars/mp-1424391.json.gz' version: None error: An error occurred (NoSuchKey) when calling the GetObject operation: The specified key does not exist.
  115/8883: mp-865714
unable to access bucket: 'materialsproject-parsed' key: 'chgcars/mp-1504007.json.gz' version: None error: An error occurred (NoSuchKey) when calling the GetObject operation: The specified key does not exist.
  116/8883: mp-7251
  117/8883: mp-978824
unable to access bucket: 'materialsproject-parsed' key: 'chgcars/mp-1420223.json.gz' version: None error: An error occurred (NoSuchKey) when calling the GetObject operation: The specified key does not exist.
  118/8883: mp-989577
  119/8883: mp-1079581
  120/8883: mp-8426
unable to access bucket: 'materialsproject-parsed' key: 'chgcars/mp-1437892.json.gz' version: None error: An error occurred (NoSuchKey) when calling the GetObject operation: The specified key does not exist.
  121/8883: mp-649627
  122/8883: mp-31170
unable to access bucket: 'materialsproject-parsed' key: 'chgcars/mp-1441656.json.gz' version: None error: An error occurred (NoSuchKey) when calling the GetObject operation: The specified key does not exist.
  123/8883: mp-1111104
unable to access bucket: 'materialsproject-parsed' key: 'chgcars/mp-1446422.json.gz' version: None error: An error occurred (NoSuchKey) when calling the GetObject operation: The specified key does not exist.
  124/8883: mp-1183466
unable to access bucket: 'materialsproject-parsed' key: 'chgcars/mp-1390842.json.gz' version: None error: An error occurred (NoSuchKey) when calling the GetObject operation: The specified key does not exist.
  125/8883: mp-1111697
  126/8883: mp-1184508
unable to access bucket: 'materialsproject-parsed' key: 'chgcars/mp-1774324.json.gz' version: None error: An error occurred (NoSuchKey) when calling the GetObject operation: The specified key does not exist.
  127/8883: mp-1110757
  128/8883: mp-1186073
  129/8883: mp-1187571
unable to access bucket: 'materialsproject-parsed' key: 'chgcars/mp-1384154.json.gz' version: None error: An error occurred (NoSuchKey) when calling the GetObject operation: The specified key does not exist.
  130/8883: mp-1193272
unable to access bucket: 'materialsproject-parsed' key: 'chgcars/mp-1398056.json.gz' version: None error: An error occurred (NoSuchKey) when calling the GetObject operation: The specified key does not exist.
  131/8883: mp-1184055
unable to access bucket: 'materialsproject-parsed' key: 'chgcars/mp-1415229.json.gz' version: None error: An error occurred (NoSuchKey) when calling the GetObject operation: The specified key does not exist.
  132/8883: mp-1207195
  133/8883: mp-1811
  134/8883: mp-1110926
  135/8883: mp-672657
unable to access bucket: 'materialsproject-parsed' key: 'chgcars/mp-1410453.json.gz' version: None error: An error occurred (NoSuchKey) when calling the GetObject operation: The specified key does not exist.
  136/8883: mp-1193845
  137/8883: mp-865227
  138/8883: mp-1192934
  139/8883: mp-1111023
  140/8883: mp-1186422
unable to access bucket: 'materialsproject-parsed' key: 'chgcars/mp-1384688.json.gz' version: None error: An error occurred (NoSuchKey) when calling the GetObject operation: The specified key does not exist.
  141/8883: mp-865121
unable to access bucket: 'materialsproject-parsed' key: 'chgcars/mp-1384555.json.gz' version: None error: An error occurred (NoSuchKey) when calling the GetObject operation: The specified key does not exist.
  142/8883: mp-1111472
unable to access bucket: 'materialsproject-parsed' key: 'chgcars/mp-1396178.json.gz' version: None error: An error occurred (NoSuchKey) when calling the GetObject operation: The specified key does not exist.
  143/8883: mp-1112957
  144/8883: mp-867846
  145/8883: mp-1194458
unable to access bucket: 'materialsproject-parsed' key: 'chgcars/mp-1393115.json.gz' version: None error: An error occurred (NoSuchKey) when calling the GetObject operation: The specified key does not exist.
  146/8883: mp-1114259
unable to access bucket: 'materialsproject-parsed' key: 'chgcars/mp-1442763.json.gz' version: None error: An error occurred (NoSuchKey) when calling the GetObject operation: The specified key does not exist.
  147/8883: mp-634930
unable to access bucket: 'materialsproject-parsed' key: 'chgcars/mp-1437792.json.gz' version: None error: An error occurred (NoSuchKey) when calling the GetObject operation: The specified key does not exist.
  148/8883: mp-1111006
unable to access bucket: 'materialsproject-parsed' key: 'chgcars/mp-1389021.json.gz' version: None error: An error occurred (NoSuchKey) when calling the GetObject operation: The specified key does not exist.
  149/8883: mp-983427
  150/8883: mp-1186628
  151/8883: mp-2183
  152/8883: mp-1113732
unable to access bucket: 'materialsproject-parsed' key: 'chgcars/mp-1444504.json.gz' version: None error: An error occurred (NoSuchKey) when calling the GetObject operation: The specified key does not exist.
  153/8883: mp-862860
unable to access bucket: 'materialsproject-parsed' key: 'chgcars/mp-1431230.json.gz' version: None error: An error occurred (NoSuchKey) when calling the GetObject operation: The specified key does not exist.
  154/8883: mp-1006150
unable to access bucket: 'materialsproject-parsed' key: 'chgcars/mp-1389449.json.gz' version: None error: An error occurred (NoSuchKey) when calling the GetObject operation: The specified key does not exist.
  155/8883: mp-15317
unable to access bucket: 'materialsproject-parsed' key: 'chgcars/mp-1426590.json.gz' version: None error: An error occurred (NoSuchKey) when calling the GetObject operation: The specified key does not exist.
  156/8883: mp-1111613
  157/8883: mp-982974
unable to access bucket: 'materialsproject-parsed' key: 'chgcars/mp-1424229.json.gz' version: None error: An error occurred (NoSuchKey) when calling the GetObject operation: The specified key does not exist.
  158/8883: mp-2746
unable to access bucket: 'materialsproject-parsed' key: 'chgcars/mp-1442147.json.gz' version: None error: An error occurred (NoSuchKey) when calling the GetObject operation: The specified key does not exist.
  159/8883: mp-510546
unable to access bucket: 'materialsproject-parsed' key: 'chgcars/mp-1299270.json.gz' version: None error: An error occurred (NoSuchKey) when calling the GetObject operation: The specified key does not exist.
  160/8883: mp-865210
unable to access bucket: 'materialsproject-parsed' key: 'chgcars/mp-1414770.json.gz' version: None error: An error occurred (NoSuchKey) when calling the GetObject operation: The specified key does not exist.
  161/8883: mp-977397
unable to access bucket: 'materialsproject-parsed' key: 'chgcars/mp-1504264.json.gz' version: None error: An error occurred (NoSuchKey) when calling the GetObject operation: The specified key does not exist.
  162/8883: mp-1186627
  163/8883: mp-989648
unable to access bucket: 'materialsproject-parsed' key: 'chgcars/mp-1446067.json.gz' version: None error: An error occurred (NoSuchKey) when calling the GetObject operation: The specified key does not exist.
  164/8883: mp-10765
unable to access bucket: 'materialsproject-parsed' key: 'chgcars/mp-1440265.json.gz' version: None error: An error occurred (NoSuchKey) when calling the GetObject operation: The specified key does not exist.
  165/8883: mp-865790
unable to access bucket: 'materialsproject-parsed' key: 'chgcars/mp-1398053.json.gz' version: None error: An error occurred (NoSuchKey) when calling the GetObject operation: The specified key does not exist.
  166/8883: mp-1110950
  167/8883: mp-1208129
unable to access bucket: 'materialsproject-parsed' key: 'chgcars/mp-1329098.json.gz' version: None error: An error occurred (NoSuchKey) when calling the GetObject operation: The specified key does not exist.
  168/8883: mp-972510
  169/8883: mp-558895
  170/8883: mp-6985
  171/8883: mp-1206608
unable to access bucket: 'materialsproject-parsed' key: 'chgcars/mp-1390948.json.gz' version: None error: An error occurred (NoSuchKey) when calling the GetObject operation: The specified key does not exist.
  172/8883: mp-1184345
  173/8883: mp-867888
unable to access bucket: 'materialsproject-parsed' key: 'chgcars/mp-1415492.json.gz' version: None error: An error occurred (NoSuchKey) when calling the GetObject operation: The specified key does not exist.
  174/8883: mp-865224
  175/8883: mp-867802
unable to access bucket: 'materialsproject-parsed' key: 'chgcars/mp-1393034.json.gz' version: None error: An error occurred (NoSuchKey) when calling the GetObject operation: The specified key does not exist.
  176/8883: mp-1110606
  177/8883: mp-865989
unable to access bucket: 'materialsproject-parsed' key: 'chgcars/mp-1427077.json.gz' version: None error: An error occurred (NoSuchKey) when calling the GetObject operation: The specified key does not exist.
  178/8883: mp-866094
unable to access bucket: 'materialsproject-parsed' key: 'chgcars/mp-1419018.json.gz' version: None error: An error occurred (NoSuchKey) when calling the GetObject operation: The specified key does not exist.
  179/8883: mp-1766
unable to access bucket: 'materialsproject-parsed' key: 'chgcars/mp-1440028.json.gz' version: None error: An error occurred (NoSuchKey) when calling the GetObject operation: The specified key does not exist.
  180/8883: mp-865048
unable to access bucket: 'materialsproject-parsed' key: 'chgcars/mp-1408762.json.gz' version: None error: An error occurred (NoSuchKey) when calling the GetObject operation: The specified key does not exist.
  181/8883: mp-1184958
  182/8883: mp-865730
unable to access bucket: 'materialsproject-parsed' key: 'chgcars/mp-1421583.json.gz' version: None error: An error occurred (NoSuchKey) when calling the GetObject operation: The specified key does not exist.
  183/8883: mp-940
  184/8883: mp-978538
  185/8883: mp-983312
unable to access bucket: 'materialsproject-parsed' key: 'chgcars/mp-1393257.json.gz' version: None error: An error occurred (NoSuchKey) when calling the GetObject operation: The specified key does not exist.
  186/8883: mp-1184208
unable to access bucket: 'materialsproject-parsed' key: 'chgcars/mp-1422652.json.gz' version: None error: An error occurred (NoSuchKey) when calling the GetObject operation: The specified key does not exist.
  187/8883: mp-3944
unable to access bucket: 'materialsproject-parsed' key: 'chgcars/mp-1439235.json.gz' version: None error: An error occurred (NoSuchKey) when calling the GetObject operation: The specified key does not exist.
  188/8883: mp-1183459
  189/8883: mp-1186783
unable to access bucket: 'materialsproject-parsed' key: 'chgcars/mp-1430816.json.gz' version: None error: An error occurred (NoSuchKey) when calling the GetObject operation: The specified key does not exist.
  190/8883: mp-1111945
  191/8883: mp-1186945
unable to access bucket: 'materialsproject-parsed' key: 'chgcars/mp-1504541.json.gz' version: None error: An error occurred (NoSuchKey) when calling the GetObject operation: The specified key does not exist.
  192/8883: mp-866027
unable to access bucket: 'materialsproject-parsed' key: 'chgcars/mp-1432159.json.gz' version: None error: An error occurred (NoSuchKey) when calling the GetObject operation: The specified key does not exist.
  193/8883: mp-1185185
  194/8883: mp-867840
unable to access bucket: 'materialsproject-parsed' key: 'chgcars/mp-1771235.json.gz' version: None error: An error occurred (NoSuchKey) when calling the GetObject operation: The specified key does not exist.
  195/8883: mp-862849
unable to access bucket: 'materialsproject-parsed' key: 'chgcars/mp-1432881.json.gz' version: None error: An error occurred (NoSuchKey) when calling the GetObject operation: The specified key does not exist.
  196/8883: mp-1110838
unable to access bucket: 'materialsproject-parsed' key: 'chgcars/mp-1406116.json.gz' version: None error: An error occurred (NoSuchKey) when calling the GetObject operation: The specified key does not exist.
  197/8883: mp-1113707
unable to access bucket: 'materialsproject-parsed' key: 'chgcars/mp-1402933.json.gz' version: None error: An error occurred (NoSuchKey) when calling the GetObject operation: The specified key does not exist.
  198/8883: mp-867182
unable to access bucket: 'materialsproject-parsed' key: 'chgcars/mp-1424579.json.gz' version: None error: An error occurred (NoSuchKey) when calling the GetObject operation: The specified key does not exist.
  199/8883: mp-862549
  200/8883: mp-989542
  201/8883: mp-697044
  202/8883: mp-1206176
unable to access bucket: 'materialsproject-parsed' key: 'chgcars/mp-1392359.json.gz' version: None error: An error occurred (NoSuchKey) when calling the GetObject operation: The specified key does not exist.
  203/8883: mp-865253
unable to access bucket: 'materialsproject-parsed' key: 'chgcars/mp-1434285.json.gz' version: None error: An error occurred (NoSuchKey) when calling the GetObject operation: The specified key does not exist.
  204/8883: mp-1110717
  205/8883: mp-16501
  206/8883: mp-1111141
  207/8883: mp-1111721
  208/8883: mp-972984
unable to access bucket: 'materialsproject-parsed' key: 'chgcars/mp-1429763.json.gz' version: None error: An error occurred (NoSuchKey) when calling the GetObject operation: The specified key does not exist.
  209/8883: mp-1185181
unable to access bucket: 'materialsproject-parsed' key: 'chgcars/mp-1773092.json.gz' version: None error: An error occurred (NoSuchKey) when calling the GetObject operation: The specified key does not exist.
  210/8883: mp-1193568
unable to access bucket: 'materialsproject-parsed' key: 'chgcars/mp-1403290.json.gz' version: None error: An error occurred (NoSuchKey) when calling the GetObject operation: The specified key does not exist.
  211/8883: mp-1184124
  212/8883: mp-1111090
unable to access bucket: 'materialsproject-parsed' key: 'chgcars/mp-1402597.json.gz' version: None error: An error occurred (NoSuchKey) when calling the GetObject operation: The specified key does not exist.
  213/8883: mp-23222
  214/8883: mp-4955
  215/8883: mp-1183796
unable to access bucket: 'materialsproject-parsed' key: 'chgcars/mp-1412565.json.gz' version: None error: An error occurred (NoSuchKey) when calling the GetObject operation: The specified key does not exist.
  216/8883: mp-1187854
unable to access bucket: 'materialsproject-parsed' key: 'chgcars/mp-1385458.json.gz' version: None error: An error occurred (NoSuchKey) when calling the GetObject operation: The specified key does not exist.
  217/8883: mp-519
unable to access bucket: 'materialsproject-parsed' key: 'chgcars/mp-1440563.json.gz' version: None error: An error occurred (NoSuchKey) when calling the GetObject operation: The specified key does not exist.
  218/8883: mp-2646972
  219/8883: mp-24420
  220/8883: mp-1185369
  221/8883: mp-20440
unable to access bucket: 'materialsproject-parsed' key: 'chgcars/mp-1440859.json.gz' version: None error: An error occurred (NoSuchKey) when calling the GetObject operation: The specified key does not exist.
  222/8883: mp-1185459
  223/8883: mp-1110919
  224/8883: mp-1187079
unable to access bucket: 'materialsproject-parsed' key: 'chgcars/mp-1408673.json.gz' version: None error: An error occurred (NoSuchKey) when calling the GetObject operation: The specified key does not exist.
  225/8883: mp-1205594
  226/8883: mp-1184787
unable to access bucket: 'materialsproject-parsed' key: 'chgcars/mp-1421074.json.gz' version: None error: An error occurred (NoSuchKey) when calling the GetObject operation: The specified key does not exist.
  227/8883: mp-867304
unable to access bucket: 'materialsproject-parsed' key: 'chgcars/mp-1656145.json.gz' version: None error: An error occurred (NoSuchKey) when calling the GetObject operation: The specified key does not exist.
  228/8883: mp-1186378
unable to access bucket: 'materialsproject-parsed' key: 'chgcars/mp-1655732.json.gz' version: None error: An error occurred (NoSuchKey) when calling the GetObject operation: The specified key does not exist.
  229/8883: mp-2470
unable to access bucket: 'materialsproject-parsed' key: 'chgcars/mp-1440325.json.gz' version: None error: An error occurred (NoSuchKey) when calling the GetObject operation: The specified key does not exist.
  230/8883: mp-1207087
  231/8883: mp-1110676
  232/8883: mp-1164
  233/8883: mp-1205803
  234/8883: mp-1193450
  235/8883: mp-1205823
  236/8883: mp-1183725
  237/8883: mp-1623
unable to access bucket: 'materialsproject-parsed' key: 'chgcars/mp-1476222.json.gz' version: None error: An error occurred (NoSuchKey) when calling the GetObject operation: The specified key does not exist.
  238/8883: mp-861912
  239/8883: mp-1113923
unable to access bucket: 'materialsproject-parsed' key: 'chgcars/mp-1392443.json.gz' version: None error: An error occurred (NoSuchKey) when calling the GetObject operation: The specified key does not exist.
  240/8883: mp-867217
unable to access bucket: 'materialsproject-parsed' key: 'chgcars/mp-1430267.json.gz' version: None error: An error occurred (NoSuchKey) when calling the GetObject operation: The specified key does not exist.
  241/8883: mp-1184199
  242/8883: mp-631418
unable to access bucket: 'materialsproject-parsed' key: 'chgcars/mp-1425800.json.gz' version: None error: An error occurred (NoSuchKey) when calling the GetObject operation: The specified key does not exist.
  243/8883: mp-23903
unable to access bucket: 'materialsproject-parsed' key: 'chgcars/mp-1440332.json.gz' version: None error: An error occurred (NoSuchKey) when calling the GetObject operation: The specified key does not exist.
  244/8883: mp-1185421
  245/8883: mp-1186510
unable to access bucket: 'materialsproject-parsed' key: 'chgcars/mp-1443251.json.gz' version: None error: An error occurred (NoSuchKey) when calling the GetObject operation: The specified key does not exist.
  246/8883: mp-861953
unable to access bucket: 'materialsproject-parsed' key: 'chgcars/mp-1413075.json.gz' version: None error: An error occurred (NoSuchKey) when calling the GetObject operation: The specified key does not exist.
  247/8883: mp-989579
  248/8883: mp-8289
unable to access bucket: 'materialsproject-parsed' key: 'chgcars/mp-1413085.json.gz' version: None error: An error occurred (NoSuchKey) when calling the GetObject operation: The specified key does not exist.
  249/8883: mp-1185366
  250/8883: mp-861977
  251/8883: mp-1111629
unable to access bucket: 'materialsproject-parsed' key: 'chgcars/mp-1386235.json.gz' version: None error: An error occurred (NoSuchKey) when calling the GetObject operation: The specified key does not exist.
  252/8883: mp-1183567
  253/8883: mp-1184909
  254/8883: mp-1078913
unable to access bucket: 'materialsproject-parsed' key: 'chgcars/mp-1417569.json.gz' version: None error: An error occurred (NoSuchKey) when calling the GetObject operation: The specified key does not exist.
  255/8883: mp-862360
unable to access bucket: 'materialsproject-parsed' key: 'chgcars/mp-1445565.json.gz' version: None error: An error occurred (NoSuchKey) when calling the GetObject operation: The specified key does not exist.
  256/8883: mp-1110980
unable to access bucket: 'materialsproject-parsed' key: 'chgcars/mp-1385636.json.gz' version: None error: An error occurred (NoSuchKey) when calling the GetObject operation: The specified key does not exist.
  257/8883: mp-971982
unable to access bucket: 'materialsproject-parsed' key: 'chgcars/mp-1504679.json.gz' version: None error: An error occurred (NoSuchKey) when calling the GetObject operation: The specified key does not exist.
  258/8883: mp-2306
  259/8883: mp-20457
unable to access bucket: 'materialsproject-parsed' key: 'chgcars/mp-1440227.json.gz' version: None error: An error occurred (NoSuchKey) when calling the GetObject operation: The specified key does not exist.
  260/8883: mp-1206007
unable to access bucket: 'materialsproject-parsed' key: 'chgcars/mp-1405459.json.gz' version: None error: An error occurred (NoSuchKey) when calling the GetObject operation: The specified key does not exist.
  261/8883: mp-1018145
  262/8883: mp-864991
  263/8883: mp-1147705
  264/8883: mp-865013
  265/8883: mp-982929
  266/8883: mp-864933
unable to access bucket: 'materialsproject-parsed' key: 'chgcars/mp-1394945.json.gz' version: None error: An error occurred (NoSuchKey) when calling the GetObject operation: The specified key does not exist.
  267/8883: mp-978513
unable to access bucket: 'materialsproject-parsed' key: 'chgcars/mp-1413597.json.gz' version: None error: An error occurred (NoSuchKey) when calling the GetObject operation: The specified key does not exist.
  268/8883: mp-1113424
unable to access bucket: 'materialsproject-parsed' key: 'chgcars/mp-1390007.json.gz' version: None error: An error occurred (NoSuchKey) when calling the GetObject operation: The specified key does not exist.
  269/8883: mp-1184588
  270/8883: mp-1110920
  271/8883: mp-864897
unable to access bucket: 'materialsproject-parsed' key: 'chgcars/mp-1475730.json.gz' version: None error: An error occurred (NoSuchKey) when calling the GetObject operation: The specified key does not exist.
  272/8883: mp-1185192
  273/8883: mp-1187938
unable to access bucket: 'materialsproject-parsed' key: 'chgcars/mp-1425573.json.gz' version: None error: An error occurred (NoSuchKey) when calling the GetObject operation: The specified key does not exist.
  274/8883: mp-5850
  275/8883: mp-1187845
  276/8883: mp-1008986
  277/8883: mp-1187876
unable to access bucket: 'materialsproject-parsed' key: 'chgcars/mp-1422723.json.gz' version: None error: An error occurred (NoSuchKey) when calling the GetObject operation: The specified key does not exist.
  278/8883: mp-15888
  279/8883: mp-862545
  280/8883: mp-2364
  281/8883: mp-867171
  282/8883: mp-867167
unable to access bucket: 'materialsproject-parsed' key: 'chgcars/mp-1433302.json.gz' version: None error: An error occurred (NoSuchKey) when calling the GetObject operation: The specified key does not exist.
  283/8883: mp-973956
unable to access bucket: 'materialsproject-parsed' key: 'chgcars/mp-1427321.json.gz' version: None error: An error occurred (NoSuchKey) when calling the GetObject operation: The specified key does not exist.
  284/8883: mp-863704
  285/8883: mp-1188020
unable to access bucket: 'materialsproject-parsed' key: 'chgcars/mp-1434449.json.gz' version: None error: An error occurred (NoSuchKey) when calling the GetObject operation: The specified key does not exist.
  286/8883: mp-1113914
  287/8883: mp-567172
  288/8883: mp-1111414
unable to access bucket: 'materialsproject-parsed' key: 'chgcars/mp-1405846.json.gz' version: None error: An error occurred (NoSuchKey) when calling the GetObject operation: The specified key does not exist.
  289/8883: mp-864893
  290/8883: mp-631578
  291/8883: mp-864999
  292/8883: mp-568139
  293/8883: mp-1209302
  294/8883: mp-5529
unable to access bucket: 'materialsproject-parsed' key: 'chgcars/mp-1439028.json.gz' version: None error: An error occurred (NoSuchKey) when calling the GetObject operation: The specified key does not exist.
  295/8883: mp-1183165
unable to access bucket: 'materialsproject-parsed' key: 'chgcars/mp-1413072.json.gz' version: None error: An error occurred (NoSuchKey) when calling the GetObject operation: The specified key does not exist.
  296/8883: mp-807
unable to access bucket: 'materialsproject-parsed' key: 'chgcars/mp-1439765.json.gz' version: None error: An error occurred (NoSuchKey) when calling the GetObject operation: The specified key does not exist.
  297/8883: mp-1184284
  298/8883: mp-862375
unable to access bucket: 'materialsproject-parsed' key: 'chgcars/mp-1424372.json.gz' version: None error: An error occurred (NoSuchKey) when calling the GetObject operation: The specified key does not exist.
  299/8883: mp-11523
  300/8883: mp-22907
  301/8883: mp-1183773
unable to access bucket: 'materialsproject-parsed' key: 'chgcars/mp-1475627.json.gz' version: None error: An error occurred (NoSuchKey) when calling the GetObject operation: The specified key does not exist.
  302/8883: mp-1185327
  303/8883: mp-862446
  304/8883: mp-1111280
unable to access bucket: 'materialsproject-parsed' key: 'chgcars/mp-1405983.json.gz' version: None error: An error occurred (NoSuchKey) when calling the GetObject operation: The specified key does not exist.
  305/8883: mp-1183576
unable to access bucket: 'materialsproject-parsed' key: 'chgcars/mp-1417100.json.gz' version: None error: An error occurred (NoSuchKey) when calling the GetObject operation: The specified key does not exist.
  306/8883: mp-1208058
  307/8883: mp-867218
  308/8883: mp-1079118
  309/8883: mp-30661
  310/8883: mp-1110867
  311/8883: mp-1186051
unable to access bucket: 'materialsproject-parsed' key: 'chgcars/mp-1385666.json.gz' version: None error: An error occurred (NoSuchKey) when calling the GetObject operation: The specified key does not exist.
  312/8883: mp-972244
  313/8883: mp-159
unable to access bucket: 'materialsproject-parsed' key: 'chgcars/mp-1440165.json.gz' version: None error: An error occurred (NoSuchKey) when calling the GetObject operation: The specified key does not exist.
  314/8883: mp-1185094
  315/8883: mp-570990
unable to access bucket: 'materialsproject-parsed' key: 'chgcars/mp-1431623.json.gz' version: None error: An error occurred (NoSuchKey) when calling the GetObject operation: The specified key does not exist.
  316/8883: mp-862749
unable to access bucket: 'materialsproject-parsed' key: 'chgcars/mp-1396220.json.gz' version: None error: An error occurred (NoSuchKey) when calling the GetObject operation: The specified key does not exist.
  317/8883: mp-24084
  318/8883: mp-1113538
unable to access bucket: 'materialsproject-parsed' key: 'chgcars/mp-1394017.json.gz' version: None error: An error occurred (NoSuchKey) when calling the GetObject operation: The specified key does not exist.
  319/8883: mp-1111088
unable to access bucket: 'materialsproject-parsed' key: 'chgcars/mp-1402808.json.gz' version: None error: An error occurred (NoSuchKey) when calling the GetObject operation: The specified key does not exist.
  320/8883: mp-1534
unable to access bucket: 'materialsproject-parsed' key: 'chgcars/mp-1440688.json.gz' version: None error: An error occurred (NoSuchKey) when calling the GetObject operation: The specified key does not exist.
  321/8883: mp-973143
unable to access bucket: 'materialsproject-parsed' key: 'chgcars/mp-1384848.json.gz' version: None error: An error occurred (NoSuchKey) when calling the GetObject operation: The specified key does not exist.
  322/8883: mp-546339
  323/8883: mp-1183322
unable to access bucket: 'materialsproject-parsed' key: 'chgcars/mp-1391376.json.gz' version: None error: An error occurred (NoSuchKey) when calling the GetObject operation: The specified key does not exist.
  324/8883: mp-867904
unable to access bucket: 'materialsproject-parsed' key: 'chgcars/mp-1417942.json.gz' version: None error: An error occurred (NoSuchKey) when calling the GetObject operation: The specified key does not exist.
  325/8883: mp-1113861
  326/8883: mp-557938
  327/8883: mp-977563
  328/8883: mp-989566
unable to access bucket: 'materialsproject-parsed' key: 'chgcars/mp-1395980.json.gz' version: None error: An error occurred (NoSuchKey) when calling the GetObject operation: The specified key does not exist.
  329/8883: mp-1110680
  330/8883: mp-1269
unable to access bucket: 'materialsproject-parsed' key: 'chgcars/mp-1440717.json.gz' version: None error: An error occurred (NoSuchKey) when calling the GetObject operation: The specified key does not exist.
  331/8883: mp-1114169
  332/8883: mp-14226
  333/8883: mp-1188001
unable to access bucket: 'materialsproject-parsed' key: 'chgcars/mp-1435661.json.gz' version: None error: An error occurred (NoSuchKey) when calling the GetObject operation: The specified key does not exist.
  334/8883: mp-2233064
  335/8883: mp-983446
  336/8883: mp-631362
unable to access bucket: 'materialsproject-parsed' key: 'chgcars/mp-1504589.json.gz' version: None error: An error occurred (NoSuchKey) when calling the GetObject operation: The specified key does not exist.
  337/8883: mp-867285
unable to access bucket: 'materialsproject-parsed' key: 'chgcars/mp-1417507.json.gz' version: None error: An error occurred (NoSuchKey) when calling the GetObject operation: The specified key does not exist.
  338/8883: mp-1113303
  339/8883: mp-1193693
unable to access bucket: 'materialsproject-parsed' key: 'chgcars/mp-1388937.json.gz' version: None error: An error occurred (NoSuchKey) when calling the GetObject operation: The specified key does not exist.
  340/8883: mp-1112142
  341/8883: mp-20484
  342/8883: mp-1184827
unable to access bucket: 'materialsproject-parsed' key: 'chgcars/mp-1419253.json.gz' version: None error: An error occurred (NoSuchKey) when calling the GetObject operation: The specified key does not exist.
  343/8883: mp-863675
unable to access bucket: 'materialsproject-parsed' key: 'chgcars/mp-1429647.json.gz' version: None error: An error occurred (NoSuchKey) when calling the GetObject operation: The specified key does not exist.
  344/8883: mp-1245924
  345/8883: mp-1186455
unable to access bucket: 'materialsproject-parsed' key: 'chgcars/mp-1408252.json.gz' version: None error: An error occurred (NoSuchKey) when calling the GetObject operation: The specified key does not exist.
  346/8883: mp-1113138
unable to access bucket: 'materialsproject-parsed' key: 'chgcars/mp-1401623.json.gz' version: None error: An error occurred (NoSuchKey) when calling the GetObject operation: The specified key does not exist.
  347/8883: mp-1114197
unable to access bucket: 'materialsproject-parsed' key: 'chgcars/mp-1330346.json.gz' version: None error: An error occurred (NoSuchKey) when calling the GetObject operation: The specified key does not exist.
  348/8883: mp-1113630
unable to access bucket: 'materialsproject-parsed' key: 'chgcars/mp-1445072.json.gz' version: None error: An error occurred (NoSuchKey) when calling the GetObject operation: The specified key does not exist.
  349/8883: mp-601
  350/8883: mp-862974
unable to access bucket: 'materialsproject-parsed' key: 'chgcars/mp-1446057.json.gz' version: None error: An error occurred (NoSuchKey) when calling the GetObject operation: The specified key does not exist.
  351/8883: mp-1113822
unable to access bucket: 'materialsproject-parsed' key: 'chgcars/mp-1399334.json.gz' version: None error: An error occurred (NoSuchKey) when calling the GetObject operation: The specified key does not exist.
  352/8883: mp-1002187
  353/8883: mp-976884
unable to access bucket: 'materialsproject-parsed' key: 'chgcars/mp-1417251.json.gz' version: None error: An error occurred (NoSuchKey) when calling the GetObject operation: The specified key does not exist.
  354/8883: mp-978523
  355/8883: mp-980190
  356/8883: mp-1184390
  357/8883: mp-1185349
unable to access bucket: 'materialsproject-parsed' key: 'chgcars/mp-1386410.json.gz' version: None error: An error occurred (NoSuchKey) when calling the GetObject operation: The specified key does not exist.
  358/8883: mp-1112935
unable to access bucket: 'materialsproject-parsed' key: 'chgcars/mp-1388165.json.gz' version: None error: An error occurred (NoSuchKey) when calling the GetObject operation: The specified key does not exist.
  359/8883: mp-978266
unable to access bucket: 'materialsproject-parsed' key: 'chgcars/mp-1433414.json.gz' version: None error: An error occurred (NoSuchKey) when calling the GetObject operation: The specified key does not exist.
  360/8883: mp-1110572
  361/8883: mp-1215661
unable to access bucket: 'materialsproject-parsed' key: 'chgcars/mp-1412505.json.gz' version: None error: An error occurred (NoSuchKey) when calling the GetObject operation: The specified key does not exist.
  362/8883: mp-1080748
  363/8883: mp-1185265
unable to access bucket: 'materialsproject-parsed' key: 'chgcars/mp-1419255.json.gz' version: None error: An error occurred (NoSuchKey) when calling the GetObject operation: The specified key does not exist.
  364/8883: mp-1114133
unable to access bucket: 'materialsproject-parsed' key: 'chgcars/mp-1405825.json.gz' version: None error: An error occurred (NoSuchKey) when calling the GetObject operation: The specified key does not exist.
  365/8883: mp-1186235
unable to access bucket: 'materialsproject-parsed' key: 'chgcars/mp-1437530.json.gz' version: None error: An error occurred (NoSuchKey) when calling the GetObject operation: The specified key does not exist.
  366/8883: mp-1111611
unable to access bucket: 'materialsproject-parsed' key: 'chgcars/mp-1409356.json.gz' version: None error: An error occurred (NoSuchKey) when calling the GetObject operation: The specified key does not exist.
  367/8883: mp-1186566
unable to access bucket: 'materialsproject-parsed' key: 'chgcars/mp-1406260.json.gz' version: None error: An error occurred (NoSuchKey) when calling the GetObject operation: The specified key does not exist.
  368/8883: mp-864962
  369/8883: mp-553896
  370/8883: mp-1111693
  371/8883: mp-1186684
unable to access bucket: 'materialsproject-parsed' key: 'chgcars/mp-1430708.json.gz' version: None error: An error occurred (NoSuchKey) when calling the GetObject operation: The specified key does not exist.
  372/8883: mp-1219071
unable to access bucket: 'materialsproject-parsed' key: 'chgcars/mp-1774015.json.gz' version: None error: An error occurred (NoSuchKey) when calling the GetObject operation: The specified key does not exist.
  373/8883: mp-1112670
  374/8883: mp-1184135
  375/8883: mp-1193571
  376/8883: mp-996943
  377/8883: mp-1187850
unable to access bucket: 'materialsproject-parsed' key: 'chgcars/mp-1421956.json.gz' version: None error: An error occurred (NoSuchKey) when calling the GetObject operation: The specified key does not exist.
  378/8883: mp-1008642
  379/8883: mp-1280
unable to access bucket: 'materialsproject-parsed' key: 'chgcars/mp-1440221.json.gz' version: None error: An error occurred (NoSuchKey) when calling the GetObject operation: The specified key does not exist.
  380/8883: mp-1112920
  381/8883: mp-973089
  382/8883: mp-1184139
unable to access bucket: 'materialsproject-parsed' key: 'chgcars/mp-1421914.json.gz' version: None error: An error occurred (NoSuchKey) when calling the GetObject operation: The specified key does not exist.
  383/8883: mp-569149
  384/8883: mp-1206064
  385/8883: mp-1112118
  386/8883: mp-978563
unable to access bucket: 'materialsproject-parsed' key: 'chgcars/mp-1416460.json.gz' version: None error: An error occurred (NoSuchKey) when calling the GetObject operation: The specified key does not exist.
  387/8883: mp-1183598
unable to access bucket: 'materialsproject-parsed' key: 'chgcars/mp-1387410.json.gz' version: None error: An error occurred (NoSuchKey) when calling the GetObject operation: The specified key does not exist.
  388/8883: mp-1076925
  389/8883: mp-1185190
  390/8883: mp-1184988
  391/8883: mp-23499
  392/8883: mp-1205532
  393/8883: mp-865432
unable to access bucket: 'materialsproject-parsed' key: 'chgcars/mp-1419955.json.gz' version: None error: An error occurred (NoSuchKey) when calling the GetObject operation: The specified key does not exist.
  394/8883: mp-1183908
unable to access bucket: 'materialsproject-parsed' key: 'chgcars/mp-1445070.json.gz' version: None error: An error occurred (NoSuchKey) when calling the GetObject operation: The specified key does not exist.
  395/8883: mp-1113824
unable to access bucket: 'materialsproject-parsed' key: 'chgcars/mp-1410273.json.gz' version: None error: An error occurred (NoSuchKey) when calling the GetObject operation: The specified key does not exist.
  396/8883: mp-867878
unable to access bucket: 'materialsproject-parsed' key: 'chgcars/mp-1416290.json.gz' version: None error: An error occurred (NoSuchKey) when calling the GetObject operation: The specified key does not exist.
  397/8883: mp-976182
unable to access bucket: 'materialsproject-parsed' key: 'chgcars/mp-1435812.json.gz' version: None error: An error occurred (NoSuchKey) when calling the GetObject operation: The specified key does not exist.
  398/8883: mp-10131
  399/8883: mp-1110853
  400/8883: mp-1186228
unable to access bucket: 'materialsproject-parsed' key: 'chgcars/mp-1416364.json.gz' version: None error: An error occurred (NoSuchKey) when calling the GetObject operation: The specified key does not exist.
  401/8883: mp-1111990
  402/8883: mp-1187269
  403/8883: mp-997616
unable to access bucket: 'materialsproject-parsed' key: 'chgcars/mp-1504001.json.gz' version: None error: An error occurred (NoSuchKey) when calling the GetObject operation: The specified key does not exist.
  404/8883: mp-29398
  405/8883: mp-865660
unable to access bucket: 'materialsproject-parsed' key: 'chgcars/mp-1405066.json.gz' version: None error: An error occurred (NoSuchKey) when calling the GetObject operation: The specified key does not exist.
  406/8883: mp-866180
  407/8883: mp-981208
  408/8883: mp-1184144
  409/8883: mp-998986
unable to access bucket: 'materialsproject-parsed' key: 'chgcars/mp-1423138.json.gz' version: None error: An error occurred (NoSuchKey) when calling the GetObject operation: The specified key does not exist.
  410/8883: mp-1110612
  411/8883: mp-1184092
unable to access bucket: 'materialsproject-parsed' key: 'chgcars/mp-1426965.json.gz' version: None error: An error occurred (NoSuchKey) when calling the GetObject operation: The specified key does not exist.
  412/8883: mp-1187039
  413/8883: mp-1183818
  414/8883: mp-862632
  415/8883: mp-863734
unable to access bucket: 'materialsproject-parsed' key: 'chgcars/mp-1428832.json.gz' version: None error: An error occurred (NoSuchKey) when calling the GetObject operation: The specified key does not exist.
  416/8883: mp-1079896
  417/8883: mp-1111117
  418/8883: mp-1205541
  419/8883: mp-865911
unable to access bucket: 'materialsproject-parsed' key: 'chgcars/mp-1424059.json.gz' version: None error: An error occurred (NoSuchKey) when calling the GetObject operation: The specified key does not exist.
  420/8883: mp-545792
unable to access bucket: 'materialsproject-parsed' key: 'chgcars/mp-1283545.json.gz' version: None error: An error occurred (NoSuchKey) when calling the GetObject operation: The specified key does not exist.
  421/8883: mp-973606
  422/8883: mp-982772
unable to access bucket: 'materialsproject-parsed' key: 'chgcars/mp-1420293.json.gz' version: None error: An error occurred (NoSuchKey) when calling the GetObject operation: The specified key does not exist.
  423/8883: mp-1187800
unable to access bucket: 'materialsproject-parsed' key: 'chgcars/mp-1403018.json.gz' version: None error: An error occurred (NoSuchKey) when calling the GetObject operation: The specified key does not exist.
  424/8883: mp-1111300
  425/8883: mp-1184603
unable to access bucket: 'materialsproject-parsed' key: 'chgcars/mp-1443815.json.gz' version: None error: An error occurred (NoSuchKey) when calling the GetObject operation: The specified key does not exist.
  426/8883: mp-1004753
unable to access bucket: 'materialsproject-parsed' key: 'chgcars/mp-1412528.json.gz' version: None error: An error occurred (NoSuchKey) when calling the GetObject operation: The specified key does not exist.
  427/8883: mp-1009077
unable to access bucket: 'materialsproject-parsed' key: 'chgcars/mp-1432223.json.gz' version: None error: An error occurred (NoSuchKey) when calling the GetObject operation: The specified key does not exist.
  428/8883: mp-973433
unable to access bucket: 'materialsproject-parsed' key: 'chgcars/mp-1413652.json.gz' version: None error: An error occurred (NoSuchKey) when calling the GetObject operation: The specified key does not exist.
  429/8883: mp-865744
  430/8883: mp-1112085
  431/8883: mp-1185980
  432/8883: mp-1112907
  433/8883: mp-1110587
  434/8883: mp-1184249
  435/8883: mp-85
unable to access bucket: 'materialsproject-parsed' key: 'chgcars/mp-1440884.json.gz' version: None error: An error occurred (NoSuchKey) when calling the GetObject operation: The specified key does not exist.
  436/8883: mp-867156
unable to access bucket: 'materialsproject-parsed' key: 'chgcars/mp-1475808.json.gz' version: None error: An error occurred (NoSuchKey) when calling the GetObject operation: The specified key does not exist.
  437/8883: mp-1113232
  438/8883: mp-1220373
  439/8883: mp-1067509
  440/8883: mp-1110798
  441/8883: mp-1110599
  442/8883: mp-1104892
  443/8883: mp-976076
  444/8883: mp-4922
  445/8883: mp-1113384
  446/8883: mp-865848
unable to access bucket: 'materialsproject-parsed' key: 'chgcars/mp-1436132.json.gz' version: None error: An error occurred (NoSuchKey) when calling the GetObject operation: The specified key does not exist.
  447/8883: mp-1111134
unable to access bucket: 'materialsproject-parsed' key: 'chgcars/mp-1446720.json.gz' version: None error: An error occurred (NoSuchKey) when calling the GetObject operation: The specified key does not exist.
  448/8883: mp-1183038
unable to access bucket: 'materialsproject-parsed' key: 'chgcars/mp-1399247.json.gz' version: None error: An error occurred (NoSuchKey) when calling the GetObject operation: The specified key does not exist.
  449/8883: mp-978500
unable to access bucket: 'materialsproject-parsed' key: 'chgcars/mp-1422338.json.gz' version: None error: An error occurred (NoSuchKey) when calling the GetObject operation: The specified key does not exist.
  450/8883: mp-1002182
unable to access bucket: 'materialsproject-parsed' key: 'chgcars/mp-1422161.json.gz' version: None error: An error occurred (NoSuchKey) when calling the GetObject operation: The specified key does not exist.
  451/8883: mp-1104066
unable to access bucket: 'materialsproject-parsed' key: 'chgcars/mp-1425533.json.gz' version: None error: An error occurred (NoSuchKey) when calling the GetObject operation: The specified key does not exist.
  452/8883: mp-863668
unable to access bucket: 'materialsproject-parsed' key: 'chgcars/mp-1417939.json.gz' version: None error: An error occurred (NoSuchKey) when calling the GetObject operation: The specified key does not exist.
  453/8883: mp-1187629
unable to access bucket: 'materialsproject-parsed' key: 'chgcars/mp-1436340.json.gz' version: None error: An error occurred (NoSuchKey) when calling the GetObject operation: The specified key does not exist.
  454/8883: mp-1112148
  455/8883: mp-1183037
unable to access bucket: 'materialsproject-parsed' key: 'chgcars/mp-1424109.json.gz' version: None error: An error occurred (NoSuchKey) when calling the GetObject operation: The specified key does not exist.
  456/8883: mp-1112919
  457/8883: mp-1185090
  458/8883: mp-631
  459/8883: mp-1111093
  460/8883: mp-1112503
unable to access bucket: 'materialsproject-parsed' key: 'chgcars/mp-1411117.json.gz' version: None error: An error occurred (NoSuchKey) when calling the GetObject operation: The specified key does not exist.
  461/8883: mp-861625
  462/8883: mp-1206861
  463/8883: mp-1208719
unable to access bucket: 'materialsproject-parsed' key: 'chgcars/mp-1404398.json.gz' version: None error: An error occurred (NoSuchKey) when calling the GetObject operation: The specified key does not exist.
  464/8883: mp-1185419
  465/8883: mp-1110806
  466/8883: mp-1187326
unable to access bucket: 'materialsproject-parsed' key: 'chgcars/mp-1415914.json.gz' version: None error: An error occurred (NoSuchKey) when calling the GetObject operation: The specified key does not exist.
  467/8883: mp-1112416
  468/8883: mp-1187720
  469/8883: mp-867795
  470/8883: mp-1184163
unable to access bucket: 'materialsproject-parsed' key: 'chgcars/mp-1504933.json.gz' version: None error: An error occurred (NoSuchKey) when calling the GetObject operation: The specified key does not exist.
  471/8883: mp-1187018
  472/8883: mp-1205753
  473/8883: mp-1185430
  474/8883: mp-1111365
  475/8883: mp-1111685
  476/8883: mp-865167
unable to access bucket: 'materialsproject-parsed' key: 'chgcars/mp-1415957.json.gz' version: None error: An error occurred (NoSuchKey) when calling the GetObject operation: The specified key does not exist.
  477/8883: mp-1110935
  478/8883: mp-979946
  479/8883: mp-1110917
  480/8883: mp-1113321
  481/8883: mp-977434
unable to access bucket: 'materialsproject-parsed' key: 'chgcars/mp-1428355.json.gz' version: None error: An error occurred (NoSuchKey) when calling the GetObject operation: The specified key does not exist.
  482/8883: mp-865918
  483/8883: mp-1113300
  484/8883: mp-612118
unable to access bucket: 'materialsproject-parsed' key: 'chgcars/mp-1439320.json.gz' version: None error: An error occurred (NoSuchKey) when calling the GetObject operation: The specified key does not exist.
  485/8883: mp-865987
  486/8883: mp-977545
  487/8883: mp-1112887
  488/8883: mp-862340
unable to access bucket: 'materialsproject-parsed' key: 'chgcars/mp-1419426.json.gz' version: None error: An error occurred (NoSuchKey) when calling the GetObject operation: The specified key does not exist.
  489/8883: mp-983480
  490/8883: mp-867958
  491/8883: mp-864908
unable to access bucket: 'materialsproject-parsed' key: 'chgcars/mp-1413254.json.gz' version: None error: An error occurred (NoSuchKey) when calling the GetObject operation: The specified key does not exist.
  492/8883: mp-982666
unable to access bucket: 'materialsproject-parsed' key: 'chgcars/mp-1427354.json.gz' version: None error: An error occurred (NoSuchKey) when calling the GetObject operation: The specified key does not exist.
  493/8883: mp-865919
unable to access bucket: 'materialsproject-parsed' key: 'chgcars/mp-1430368.json.gz' version: None error: An error occurred (NoSuchKey) when calling the GetObject operation: The specified key does not exist.
  494/8883: mp-1110931
unable to access bucket: 'materialsproject-parsed' key: 'chgcars/mp-1399897.json.gz' version: None error: An error occurred (NoSuchKey) when calling the GetObject operation: The specified key does not exist.
  495/8883: mp-1192883
unable to access bucket: 'materialsproject-parsed' key: 'chgcars/mp-1404154.json.gz' version: None error: An error occurred (NoSuchKey) when calling the GetObject operation: The specified key does not exist.
  496/8883: mp-1113281
  497/8883: mp-863666
unable to access bucket: 'materialsproject-parsed' key: 'chgcars/mp-1428473.json.gz' version: None error: An error occurred (NoSuchKey) when calling the GetObject operation: The specified key does not exist.
  498/8883: mp-863667
  499/8883: mp-1183881
  500/8883: mp-1112643
  501/8883: mp-865002
unable to access bucket: 'materialsproject-parsed' key: 'chgcars/mp-1433041.json.gz' version: None error: An error occurred (NoSuchKey) when calling the GetObject operation: The specified key does not exist.
  502/8883: mp-1185397
  503/8883: mp-862797
unable to access bucket: 'materialsproject-parsed' key: 'chgcars/mp-1407315.json.gz' version: None error: An error occurred (NoSuchKey) when calling the GetObject operation: The specified key does not exist.
  504/8883: mp-865803
  505/8883: mp-1111231
  506/8883: mp-978539
  507/8883: mp-1110768
  508/8883: mp-862336
  509/8883: mp-974270
unable to access bucket: 'materialsproject-parsed' key: 'chgcars/mp-1414983.json.gz' version: None error: An error occurred (NoSuchKey) when calling the GetObject operation: The specified key does not exist.
  510/8883: mp-867299
  511/8883: mp-1111856
  512/8883: mp-977325
unable to access bucket: 'materialsproject-parsed' key: 'chgcars/mp-1429900.json.gz' version: None error: An error occurred (NoSuchKey) when calling the GetObject operation: The specified key does not exist.
  513/8883: mp-1112407
  514/8883: mp-1110925
  515/8883: mp-644504
  516/8883: mp-24722
  517/8883: mp-977187
  518/8883: mp-865338
  519/8883: mp-866290
unable to access bucket: 'materialsproject-parsed' key: 'chgcars/mp-1475446.json.gz' version: None error: An error occurred (NoSuchKey) when calling the GetObject operation: The specified key does not exist.
  520/8883: mp-1111313
  521/8883: mp-1209571
  522/8883: mp-1176
unable to access bucket: 'materialsproject-parsed' key: 'chgcars/mp-1442296.json.gz' version: None error: An error occurred (NoSuchKey) when calling the GetObject operation: The specified key does not exist.
  523/8883: mp-1112185
  524/8883: mp-1184594
unable to access bucket: 'materialsproject-parsed' key: 'chgcars/mp-1407058.json.gz' version: None error: An error occurred (NoSuchKey) when calling the GetObject operation: The specified key does not exist.
  525/8883: mp-1111711
  526/8883: mp-755421
unable to access bucket: 'materialsproject-parsed' key: 'chgcars/mp-1446662.json.gz' version: None error: An error occurred (NoSuchKey) when calling the GetObject operation: The specified key does not exist.
  527/8883: mp-862948
  528/8883: mp-1183986
unable to access bucket: 'materialsproject-parsed' key: 'chgcars/mp-1388818.json.gz' version: None error: An error occurred (NoSuchKey) when calling the GetObject operation: The specified key does not exist.
  529/8883: mp-865893
unable to access bucket: 'materialsproject-parsed' key: 'chgcars/mp-1414247.json.gz' version: None error: An error occurred (NoSuchKey) when calling the GetObject operation: The specified key does not exist.
  530/8883: mp-1183888
unable to access bucket: 'materialsproject-parsed' key: 'chgcars/mp-1398563.json.gz' version: None error: An error occurred (NoSuchKey) when calling the GetObject operation: The specified key does not exist.
  531/8883: mp-867280
  532/8883: mp-1111577
  533/8883: mp-1186553
unable to access bucket: 'materialsproject-parsed' key: 'chgcars/mp-1416912.json.gz' version: None error: An error occurred (NoSuchKey) when calling the GetObject operation: The specified key does not exist.
  534/8883: mp-862775
unable to access bucket: 'materialsproject-parsed' key: 'chgcars/mp-1398150.json.gz' version: None error: An error occurred (NoSuchKey) when calling the GetObject operation: The specified key does not exist.
  535/8883: mp-1187403
unable to access bucket: 'materialsproject-parsed' key: 'chgcars/mp-1416582.json.gz' version: None error: An error occurred (NoSuchKey) when calling the GetObject operation: The specified key does not exist.
  536/8883: mp-863716
unable to access bucket: 'materialsproject-parsed' key: 'chgcars/mp-1429716.json.gz' version: None error: An error occurred (NoSuchKey) when calling the GetObject operation: The specified key does not exist.
  537/8883: mp-1113973
  538/8883: mp-867257
unable to access bucket: 'materialsproject-parsed' key: 'chgcars/mp-1406716.json.gz' version: None error: An error occurred (NoSuchKey) when calling the GetObject operation: The specified key does not exist.
  539/8883: mp-1183454
  540/8883: mp-1209295
unable to access bucket: 'materialsproject-parsed' key: 'chgcars/mp-1371486.json.gz' version: None error: An error occurred (NoSuchKey) when calling the GetObject operation: The specified key does not exist.
  541/8883: mp-1185260
unable to access bucket: 'materialsproject-parsed' key: 'chgcars/mp-1419182.json.gz' version: None error: An error occurred (NoSuchKey) when calling the GetObject operation: The specified key does not exist.
  542/8883: mp-865979
unable to access bucket: 'materialsproject-parsed' key: 'chgcars/mp-1445816.json.gz' version: None error: An error occurred (NoSuchKey) when calling the GetObject operation: The specified key does not exist.
  543/8883: mp-862300
unable to access bucket: 'materialsproject-parsed' key: 'chgcars/mp-1415741.json.gz' version: None error: An error occurred (NoSuchKey) when calling the GetObject operation: The specified key does not exist.
  544/8883: mp-977140
  545/8883: mp-976334
  546/8883: mp-581024
  547/8883: mp-977406
unable to access bucket: 'materialsproject-parsed' key: 'chgcars/mp-1417196.json.gz' version: None error: An error occurred (NoSuchKey) when calling the GetObject operation: The specified key does not exist.
  548/8883: mp-1187433
  549/8883: mp-975390
  550/8883: mp-1111142
  551/8883: mp-977437
unable to access bucket: 'materialsproject-parsed' key: 'chgcars/mp-1414582.json.gz' version: None error: An error occurred (NoSuchKey) when calling the GetObject operation: The specified key does not exist.
  552/8883: mp-1184997
  553/8883: mp-864807
  554/8883: mp-867108
  555/8883: mp-977407
  556/8883: mp-867902
unable to access bucket: 'materialsproject-parsed' key: 'chgcars/mp-1430511.json.gz' version: None error: An error occurred (NoSuchKey) when calling the GetObject operation: The specified key does not exist.
  557/8883: mp-862445
unable to access bucket: 'materialsproject-parsed' key: 'chgcars/mp-1425262.json.gz' version: None error: An error occurred (NoSuchKey) when calling the GetObject operation: The specified key does not exist.
  558/8883: mp-865978
unable to access bucket: 'materialsproject-parsed' key: 'chgcars/mp-1430768.json.gz' version: None error: An error occurred (NoSuchKey) when calling the GetObject operation: The specified key does not exist.
  559/8883: mp-865067
  560/8883: mp-1112430
  561/8883: mp-1111489
  562/8883: mp-1210990
  563/8883: mp-867197
  564/8883: mp-1111704
  565/8883: mp-1184250
unable to access bucket: 'materialsproject-parsed' key: 'chgcars/mp-1771805.json.gz' version: None error: An error occurred (NoSuchKey) when calling the GetObject operation: The specified key does not exist.
  566/8883: mp-972542
unable to access bucket: 'materialsproject-parsed' key: 'chgcars/mp-1401716.json.gz' version: None error: An error occurred (NoSuchKey) when calling the GetObject operation: The specified key does not exist.
  567/8883: mp-19403
  568/8883: mp-1110709
  569/8883: mp-862553
unable to access bucket: 'materialsproject-parsed' key: 'chgcars/mp-1415068.json.gz' version: None error: An error occurred (NoSuchKey) when calling the GetObject operation: The specified key does not exist.
  570/8883: mp-864968
  571/8883: mp-10740
unable to access bucket: 'materialsproject-parsed' key: 'chgcars/mp-1440330.json.gz' version: None error: An error occurred (NoSuchKey) when calling the GetObject operation: The specified key does not exist.
  572/8883: mp-867361
unable to access bucket: 'materialsproject-parsed' key: 'chgcars/mp-1431044.json.gz' version: None error: An error occurred (NoSuchKey) when calling the GetObject operation: The specified key does not exist.
  573/8883: mp-1110884
  574/8883: mp-1111069
  575/8883: mp-1186451
unable to access bucket: 'materialsproject-parsed' key: 'chgcars/mp-1427510.json.gz' version: None error: An error occurred (NoSuchKey) when calling the GetObject operation: The specified key does not exist.
  576/8883: mp-7187
  577/8883: mp-865433
  578/8883: mp-863258
unable to access bucket: 'materialsproject-parsed' key: 'chgcars/mp-1411619.json.gz' version: None error: An error occurred (NoSuchKey) when calling the GetObject operation: The specified key does not exist.
  579/8883: mp-24161
  580/8883: mp-1186417
  581/8883: mp-989574
  582/8883: mp-973979
  583/8883: mp-1111735
  584/8883: mp-1111610
  585/8883: mp-865030
unable to access bucket: 'materialsproject-parsed' key: 'chgcars/mp-1504454.json.gz' version: None error: An error occurred (NoSuchKey) when calling the GetObject operation: The specified key does not exist.
  586/8883: mp-1111740
  587/8883: mp-1087
  588/8883: mp-624070
  589/8883: mp-996942
unable to access bucket: 'materialsproject-parsed' key: 'chgcars/mp-1387936.json.gz' version: None error: An error occurred (NoSuchKey) when calling the GetObject operation: The specified key does not exist.
  590/8883: mp-866011
  591/8883: mp-21587
unable to access bucket: 'materialsproject-parsed' key: 'chgcars/mp-1408079.json.gz' version: None error: An error occurred (NoSuchKey) when calling the GetObject operation: The specified key does not exist.
  592/8883: mp-1111999
unable to access bucket: 'materialsproject-parsed' key: 'chgcars/mp-1389194.json.gz' version: None error: An error occurred (NoSuchKey) when calling the GetObject operation: The specified key does not exist.
  593/8883: mp-1111683
  594/8883: mp-1100781
  595/8883: mp-989642
  596/8883: mp-1187770
unable to access bucket: 'materialsproject-parsed' key: 'chgcars/mp-1427534.json.gz' version: None error: An error occurred (NoSuchKey) when calling the GetObject operation: The specified key does not exist.
  597/8883: mp-1205939
unable to access bucket: 'materialsproject-parsed' key: 'chgcars/mp-1390830.json.gz' version: None error: An error occurred (NoSuchKey) when calling the GetObject operation: The specified key does not exist.
  598/8883: mp-24153
unable to access bucket: 'materialsproject-parsed' key: 'chgcars/mp-1442015.json.gz' version: None error: An error occurred (NoSuchKey) when calling the GetObject operation: The specified key does not exist.
  599/8883: mp-1206690
  600/8883: mp-1205667
  601/8883: mp-989585
unable to access bucket: 'materialsproject-parsed' key: 'chgcars/mp-1383442.json.gz' version: None error: An error occurred (NoSuchKey) when calling the GetObject operation: The specified key does not exist.
  602/8883: mp-1112472
  603/8883: mp-31171
  604/8883: mp-972945
  605/8883: mp-975198
  606/8883: mp-1193083
  607/8883: mp-863744
unable to access bucket: 'materialsproject-parsed' key: 'chgcars/mp-1430292.json.gz' version: None error: An error occurred (NoSuchKey) when calling the GetObject operation: The specified key does not exist.
  608/8883: mp-974843
  609/8883: mp-1187806
  610/8883: mp-8640
  611/8883: mp-1206644
unable to access bucket: 'materialsproject-parsed' key: 'chgcars/mp-1443603.json.gz' version: None error: An error occurred (NoSuchKey) when calling the GetObject operation: The specified key does not exist.
  612/8883: mp-463
unable to access bucket: 'materialsproject-parsed' key: 'chgcars/mp-1440360.json.gz' version: None error: An error occurred (NoSuchKey) when calling the GetObject operation: The specified key does not exist.
  613/8883: mp-862830
  614/8883: mp-20812
  615/8883: mp-1205571
  616/8883: mp-1111952
  617/8883: mp-1186604
  618/8883: mp-1112024
  619/8883: mp-1110600
  620/8883: mp-1185537
  621/8883: mp-1187181
  622/8883: mp-1183488
  623/8883: mp-759844
  624/8883: mp-1187307
  625/8883: mp-1187771
unable to access bucket: 'materialsproject-parsed' key: 'chgcars/mp-1400816.json.gz' version: None error: An error occurred (NoSuchKey) when calling the GetObject operation: The specified key does not exist.
  626/8883: mp-861958
  627/8883: mp-1183902
unable to access bucket: 'materialsproject-parsed' key: 'chgcars/mp-1387363.json.gz' version: None error: An error occurred (NoSuchKey) when calling the GetObject operation: The specified key does not exist.
  628/8883: mp-1112961
  629/8883: mp-549970
  630/8883: mp-1112251
unable to access bucket: 'materialsproject-parsed' key: 'chgcars/mp-1395188.json.gz' version: None error: An error occurred (NoSuchKey) when calling the GetObject operation: The specified key does not exist.
  631/8883: mp-27635
  632/8883: mp-13926
  633/8883: mp-1112290
  634/8883: mp-864878
unable to access bucket: 'materialsproject-parsed' key: 'chgcars/mp-1422072.json.gz' version: None error: An error occurred (NoSuchKey) when calling the GetObject operation: The specified key does not exist.
  635/8883: mp-1185616
  636/8883: mp-1186550
unable to access bucket: 'materialsproject-parsed' key: 'chgcars/mp-1428962.json.gz' version: None error: An error occurred (NoSuchKey) when calling the GetObject operation: The specified key does not exist.
  637/8883: mp-982015
  638/8883: mp-1009822
  639/8883: mp-23295
  640/8883: mp-979435
unable to access bucket: 'materialsproject-parsed' key: 'chgcars/mp-1422111.json.gz' version: None error: An error occurred (NoSuchKey) when calling the GetObject operation: The specified key does not exist.
  641/8883: mp-976261
  642/8883: mp-1186465
  643/8883: mp-989399
unable to access bucket: 'materialsproject-parsed' key: 'chgcars/mp-1386714.json.gz' version: None error: An error occurred (NoSuchKey) when calling the GetObject operation: The specified key does not exist.
  644/8883: mp-1111505
  645/8883: mp-1113823
  646/8883: mp-1111646
  647/8883: mp-1111778
unable to access bucket: 'materialsproject-parsed' key: 'chgcars/mp-1383340.json.gz' version: None error: An error occurred (NoSuchKey) when calling the GetObject operation: The specified key does not exist.
  648/8883: mp-1111178
  649/8883: mp-1111974
unable to access bucket: 'materialsproject-parsed' key: 'chgcars/mp-1410277.json.gz' version: None error: An error occurred (NoSuchKey) when calling the GetObject operation: The specified key does not exist.
  650/8883: mp-1206368
  651/8883: mp-977364
unable to access bucket: 'materialsproject-parsed' key: 'chgcars/mp-1415338.json.gz' version: None error: An error occurred (NoSuchKey) when calling the GetObject operation: The specified key does not exist.
  652/8883: mp-1113967
  653/8883: mp-1111439
  654/8883: mp-1207196
unable to access bucket: 'materialsproject-parsed' key: 'chgcars/mp-1385896.json.gz' version: None error: An error occurred (NoSuchKey) when calling the GetObject operation: The specified key does not exist.
  655/8883: mp-862912
  656/8883: mp-30819
unable to access bucket: 'materialsproject-parsed' key: 'chgcars/mp-1412930.json.gz' version: None error: An error occurred (NoSuchKey) when calling the GetObject operation: The specified key does not exist.
  657/8883: mp-862921
unable to access bucket: 'materialsproject-parsed' key: 'chgcars/mp-1422419.json.gz' version: None error: An error occurred (NoSuchKey) when calling the GetObject operation: The specified key does not exist.
  658/8883: mp-1186692
unable to access bucket: 'materialsproject-parsed' key: 'chgcars/mp-1410528.json.gz' version: None error: An error occurred (NoSuchKey) when calling the GetObject operation: The specified key does not exist.
  659/8883: mp-865099
  660/8883: mp-1228067
unable to access bucket: 'materialsproject-parsed' key: 'chgcars/mp-1409820.json.gz' version: None error: An error occurred (NoSuchKey) when calling the GetObject operation: The specified key does not exist.
  661/8883: mp-865513
  662/8883: mp-1187643
unable to access bucket: 'materialsproject-parsed' key: 'chgcars/mp-1391041.json.gz' version: None error: An error occurred (NoSuchKey) when calling the GetObject operation: The specified key does not exist.
  663/8883: mp-1184561
unable to access bucket: 'materialsproject-parsed' key: 'chgcars/mp-1435726.json.gz' version: None error: An error occurred (NoSuchKey) when calling the GetObject operation: The specified key does not exist.
  664/8883: mp-867882
unable to access bucket: 'materialsproject-parsed' key: 'chgcars/mp-1437120.json.gz' version: None error: An error occurred (NoSuchKey) when calling the GetObject operation: The specified key does not exist.
  665/8883: mp-867753
  666/8883: mp-865607
unable to access bucket: 'materialsproject-parsed' key: 'chgcars/mp-1436746.json.gz' version: None error: An error occurred (NoSuchKey) when calling the GetObject operation: The specified key does not exist.
  667/8883: mp-1180839
  668/8883: mp-867142
unable to access bucket: 'materialsproject-parsed' key: 'chgcars/mp-1430104.json.gz' version: None error: An error occurred (NoSuchKey) when calling the GetObject operation: The specified key does not exist.
  669/8883: mp-1009539
  670/8883: mp-22029
  671/8883: mp-1064667
unable to access bucket: 'materialsproject-parsed' key: 'chgcars/mp-1404965.json.gz' version: None error: An error occurred (NoSuchKey) when calling the GetObject operation: The specified key does not exist.
  672/8883: mp-1183810
  673/8883: mp-865385
unable to access bucket: 'materialsproject-parsed' key: 'chgcars/mp-1390837.json.gz' version: None error: An error occurred (NoSuchKey) when calling the GetObject operation: The specified key does not exist.
  674/8883: mp-865320
  675/8883: mp-1113264
  676/8883: mp-1111688
  677/8883: mp-983460
  678/8883: mp-1205507
unable to access bucket: 'materialsproject-parsed' key: 'chgcars/mp-1774386.json.gz' version: None error: An error occurred (NoSuchKey) when calling the GetObject operation: The specified key does not exist.
  679/8883: mp-865161
unable to access bucket: 'materialsproject-parsed' key: 'chgcars/mp-1420754.json.gz' version: None error: An error occurred (NoSuchKey) when calling the GetObject operation: The specified key does not exist.
  680/8883: mp-1113997
unable to access bucket: 'materialsproject-parsed' key: 'chgcars/mp-1395866.json.gz' version: None error: An error occurred (NoSuchKey) when calling the GetObject operation: The specified key does not exist.
  681/8883: mp-631547
unable to access bucket: 'materialsproject-parsed' key: 'chgcars/mp-1387469.json.gz' version: None error: An error occurred (NoSuchKey) when calling the GetObject operation: The specified key does not exist.
  682/8883: mp-607917
  683/8883: mp-1110782
  684/8883: mp-977422
  685/8883: mp-865081
unable to access bucket: 'materialsproject-parsed' key: 'chgcars/mp-1389547.json.gz' version: None error: An error occurred (NoSuchKey) when calling the GetObject operation: The specified key does not exist.
  686/8883: mp-2795
  687/8883: mp-1185625
unable to access bucket: 'materialsproject-parsed' key: 'chgcars/mp-1397548.json.gz' version: None error: An error occurred (NoSuchKey) when calling the GetObject operation: The specified key does not exist.
  688/8883: mp-1111321
  689/8883: mp-864674
  690/8883: mp-1432
  691/8883: mp-1186207
  692/8883: mp-1184579
  693/8883: mp-11489
  694/8883: mp-1187613
unable to access bucket: 'materialsproject-parsed' key: 'chgcars/mp-1435878.json.gz' version: None error: An error occurred (NoSuchKey) when calling the GetObject operation: The specified key does not exist.
  695/8883: mp-867776
unable to access bucket: 'materialsproject-parsed' key: 'chgcars/mp-1384665.json.gz' version: None error: An error occurred (NoSuchKey) when calling the GetObject operation: The specified key does not exist.
  696/8883: mp-1063245
unable to access bucket: 'materialsproject-parsed' key: 'chgcars/mp-1441298.json.gz' version: None error: An error occurred (NoSuchKey) when calling the GetObject operation: The specified key does not exist.
  697/8883: mp-1184476
  698/8883: mp-865192
  699/8883: mp-1205885
  700/8883: mp-1112364
  701/8883: mp-1240
unable to access bucket: 'materialsproject-parsed' key: 'chgcars/mp-1439985.json.gz' version: None error: An error occurred (NoSuchKey) when calling the GetObject operation: The specified key does not exist.
  702/8883: mp-972514
unable to access bucket: 'materialsproject-parsed' key: 'chgcars/mp-1424824.json.gz' version: None error: An error occurred (NoSuchKey) when calling the GetObject operation: The specified key does not exist.
  703/8883: mp-982009
  704/8883: mp-1113271
  705/8883: mp-1205699
  706/8883: mp-1186664
unable to access bucket: 'materialsproject-parsed' key: 'chgcars/mp-1429020.json.gz' version: None error: An error occurred (NoSuchKey) when calling the GetObject operation: The specified key does not exist.
  707/8883: mp-1184388
  708/8883: mp-862890
unable to access bucket: 'materialsproject-parsed' key: 'chgcars/mp-1433384.json.gz' version: None error: An error occurred (NoSuchKey) when calling the GetObject operation: The specified key does not exist.
  709/8883: mp-10181
  710/8883: mp-1184293
  711/8883: mp-1110618
  712/8883: mp-1100768
  713/8883: mp-1184589
  714/8883: mp-29250
  715/8883: mp-1112130
  716/8883: mp-1111955
  717/8883: mp-972993
  718/8883: mp-975037
unable to access bucket: 'materialsproject-parsed' key: 'chgcars/mp-1383665.json.gz' version: None error: An error occurred (NoSuchKey) when calling the GetObject operation: The specified key does not exist.
  719/8883: mp-574653
unable to access bucket: 'materialsproject-parsed' key: 'chgcars/mp-1435707.json.gz' version: None error: An error occurred (NoSuchKey) when calling the GetObject operation: The specified key does not exist.
  720/8883: mp-1112191
  721/8883: mp-1186663
  722/8883: mp-866287
unable to access bucket: 'materialsproject-parsed' key: 'chgcars/mp-1413709.json.gz' version: None error: An error occurred (NoSuchKey) when calling the GetObject operation: The specified key does not exist.
  723/8883: mp-1110918
  724/8883: mp-1185231
  725/8883: mp-1111303
  726/8883: mp-492
  727/8883: mp-867857
  728/8883: mp-1185295
unable to access bucket: 'materialsproject-parsed' key: 'chgcars/mp-1424577.json.gz' version: None error: An error occurred (NoSuchKey) when calling the GetObject operation: The specified key does not exist.
  729/8883: mp-1184435
unable to access bucket: 'materialsproject-parsed' key: 'chgcars/mp-1393683.json.gz' version: None error: An error occurred (NoSuchKey) when calling the GetObject operation: The specified key does not exist.
  730/8883: mp-1185622
unable to access bucket: 'materialsproject-parsed' key: 'chgcars/mp-1415855.json.gz' version: None error: An error occurred (NoSuchKey) when calling the GetObject operation: The specified key does not exist.
  731/8883: mp-975609
unable to access bucket: 'materialsproject-parsed' key: 'chgcars/mp-1416847.json.gz' version: None error: An error occurred (NoSuchKey) when calling the GetObject operation: The specified key does not exist.
  732/8883: mp-1192551
unable to access bucket: 'materialsproject-parsed' key: 'chgcars/mp-1395512.json.gz' version: None error: An error occurred (NoSuchKey) when calling the GetObject operation: The specified key does not exist.
  733/8883: mp-979433
  734/8883: mp-999473
unable to access bucket: 'materialsproject-parsed' key: 'chgcars/mp-1426216.json.gz' version: None error: An error occurred (NoSuchKey) when calling the GetObject operation: The specified key does not exist.
  735/8883: mp-570547
  736/8883: mp-1206062
  737/8883: mp-12093
unable to access bucket: 'materialsproject-parsed' key: 'chgcars/mp-1440316.json.gz' version: None error: An error occurred (NoSuchKey) when calling the GetObject operation: The specified key does not exist.
  738/8883: mp-865731
unable to access bucket: 'materialsproject-parsed' key: 'chgcars/mp-1434283.json.gz' version: None error: An error occurred (NoSuchKey) when calling the GetObject operation: The specified key does not exist.
  739/8883: mp-867265
unable to access bucket: 'materialsproject-parsed' key: 'chgcars/mp-1437261.json.gz' version: None error: An error occurred (NoSuchKey) when calling the GetObject operation: The specified key does not exist.
  740/8883: mp-1111394
unable to access bucket: 'materialsproject-parsed' key: 'chgcars/mp-1398439.json.gz' version: None error: An error occurred (NoSuchKey) when calling the GetObject operation: The specified key does not exist.
  741/8883: mp-1111144
  742/8883: mp-9935
unable to access bucket: 'materialsproject-parsed' key: 'chgcars/mp-1439536.json.gz' version: None error: An error occurred (NoSuchKey) when calling the GetObject operation: The specified key does not exist.
  743/8883: mp-862368
  744/8883: mp-1111707
  745/8883: mp-12644
  746/8883: mp-568059
  747/8883: mp-569066
  748/8883: mp-1187380
unable to access bucket: 'materialsproject-parsed' key: 'chgcars/mp-1436882.json.gz' version: None error: An error occurred (NoSuchKey) when calling the GetObject operation: The specified key does not exist.
  749/8883: mp-867128
  750/8883: mp-862955
  751/8883: mp-1110815
  752/8883: mp-1113101
unable to access bucket: 'materialsproject-parsed' key: 'chgcars/mp-1408934.json.gz' version: None error: An error occurred (NoSuchKey) when calling the GetObject operation: The specified key does not exist.
  753/8883: mp-1113963
unable to access bucket: 'materialsproject-parsed' key: 'chgcars/mp-1385546.json.gz' version: None error: An error occurred (NoSuchKey) when calling the GetObject operation: The specified key does not exist.
  754/8883: mp-1008734
  755/8883: mp-978291
  756/8883: mp-1185965
unable to access bucket: 'materialsproject-parsed' key: 'chgcars/mp-1384308.json.gz' version: None error: An error occurred (NoSuchKey) when calling the GetObject operation: The specified key does not exist.
  757/8883: mp-10893
  758/8883: mp-1185617
  759/8883: mp-554302
  760/8883: mp-1112930
  761/8883: mp-1186575
unable to access bucket: 'materialsproject-parsed' key: 'chgcars/mp-1437252.json.gz' version: None error: An error occurred (NoSuchKey) when calling the GetObject operation: The specified key does not exist.
  762/8883: mp-1184980
unable to access bucket: 'materialsproject-parsed' key: 'chgcars/mp-1431952.json.gz' version: None error: An error occurred (NoSuchKey) when calling the GetObject operation: The specified key does not exist.
  763/8883: mp-1184595
  764/8883: mp-867306
unable to access bucket: 'materialsproject-parsed' key: 'chgcars/mp-1424213.json.gz' version: None error: An error occurred (NoSuchKey) when calling the GetObject operation: The specified key does not exist.
  765/8883: mp-865964
  766/8883: mp-23155
unable to access bucket: 'materialsproject-parsed' key: 'chgcars/mp-1476242.json.gz' version: None error: An error occurred (NoSuchKey) when calling the GetObject operation: The specified key does not exist.
  767/8883: mp-6065
  768/8883: mp-974822
unable to access bucket: 'materialsproject-parsed' key: 'chgcars/mp-1401460.json.gz' version: None error: An error occurred (NoSuchKey) when calling the GetObject operation: The specified key does not exist.
  769/8883: mp-984335
unable to access bucket: 'materialsproject-parsed' key: 'chgcars/mp-1428031.json.gz' version: None error: An error occurred (NoSuchKey) when calling the GetObject operation: The specified key does not exist.
  770/8883: mp-1192593
  771/8883: mp-1185762
  772/8883: mp-1113307
  773/8883: mp-973564
unable to access bucket: 'materialsproject-parsed' key: 'chgcars/mp-1396290.json.gz' version: None error: An error occurred (NoSuchKey) when calling the GetObject operation: The specified key does not exist.
  774/8883: mp-1111795
unable to access bucket: 'materialsproject-parsed' key: 'chgcars/mp-1367542.json.gz' version: None error: An error occurred (NoSuchKey) when calling the GetObject operation: The specified key does not exist.
  775/8883: mp-1113779
  776/8883: mp-1186435
unable to access bucket: 'materialsproject-parsed' key: 'chgcars/mp-1392157.json.gz' version: None error: An error occurred (NoSuchKey) when calling the GetObject operation: The specified key does not exist.
  777/8883: mp-1186560
  778/8883: mp-1110591
unable to access bucket: 'materialsproject-parsed' key: 'chgcars/mp-1406915.json.gz' version: None error: An error occurred (NoSuchKey) when calling the GetObject operation: The specified key does not exist.
  779/8883: mp-1187885
unable to access bucket: 'materialsproject-parsed' key: 'chgcars/mp-1427052.json.gz' version: None error: An error occurred (NoSuchKey) when calling the GetObject operation: The specified key does not exist.
  780/8883: mp-1114138
unable to access bucket: 'materialsproject-parsed' key: 'chgcars/mp-1323639.json.gz' version: None error: An error occurred (NoSuchKey) when calling the GetObject operation: The specified key does not exist.
  781/8883: mp-1184630
unable to access bucket: 'materialsproject-parsed' key: 'chgcars/mp-1420518.json.gz' version: None error: An error occurred (NoSuchKey) when calling the GetObject operation: The specified key does not exist.
  782/8883: mp-1187670
unable to access bucket: 'materialsproject-parsed' key: 'chgcars/mp-1504879.json.gz' version: None error: An error occurred (NoSuchKey) when calling the GetObject operation: The specified key does not exist.
  783/8883: mp-1184648
  784/8883: mp-1184843
unable to access bucket: 'materialsproject-parsed' key: 'chgcars/mp-1421409.json.gz' version: None error: An error occurred (NoSuchKey) when calling the GetObject operation: The specified key does not exist.
  785/8883: mp-688151
unable to access bucket: 'materialsproject-parsed' key: 'chgcars/mp-1413322.json.gz' version: None error: An error occurred (NoSuchKey) when calling the GetObject operation: The specified key does not exist.
  786/8883: mp-1184643
  787/8883: mp-1186872
  788/8883: mp-862722
  789/8883: mp-983581
  790/8883: mp-1078952
  791/8883: mp-865011
  792/8883: mp-865187
  793/8883: mp-1187702
unable to access bucket: 'materialsproject-parsed' key: 'chgcars/mp-1436235.json.gz' version: None error: An error occurred (NoSuchKey) when calling the GetObject operation: The specified key does not exist.
  794/8883: mp-11327
  795/8883: mp-971752
unable to access bucket: 'materialsproject-parsed' key: 'chgcars/mp-1422637.json.gz' version: None error: An error occurred (NoSuchKey) when calling the GetObject operation: The specified key does not exist.
  796/8883: mp-973662
unable to access bucket: 'materialsproject-parsed' key: 'chgcars/mp-1436758.json.gz' version: None error: An error occurred (NoSuchKey) when calling the GetObject operation: The specified key does not exist.
  797/8883: mp-1183179
unable to access bucket: 'materialsproject-parsed' key: 'chgcars/mp-1387006.json.gz' version: None error: An error occurred (NoSuchKey) when calling the GetObject operation: The specified key does not exist.
  798/8883: mp-635327
unable to access bucket: 'materialsproject-parsed' key: 'chgcars/mp-1411356.json.gz' version: None error: An error occurred (NoSuchKey) when calling the GetObject operation: The specified key does not exist.
  799/8883: mp-972633
  800/8883: mp-1206134
  801/8883: mp-861599
unable to access bucket: 'materialsproject-parsed' key: 'chgcars/mp-1444623.json.gz' version: None error: An error occurred (NoSuchKey) when calling the GetObject operation: The specified key does not exist.
  802/8883: mp-1232425
  803/8883: mp-1111282
  804/8883: mp-867814
unable to access bucket: 'materialsproject-parsed' key: 'chgcars/mp-1414192.json.gz' version: None error: An error occurred (NoSuchKey) when calling the GetObject operation: The specified key does not exist.
  805/8883: mp-2052
  806/8883: mp-862374
unable to access bucket: 'materialsproject-parsed' key: 'chgcars/mp-1429968.json.gz' version: None error: An error occurred (NoSuchKey) when calling the GetObject operation: The specified key does not exist.
  807/8883: mp-864948
  808/8883: mp-1110679
  809/8883: mp-1110750
  810/8883: mp-1186938
  811/8883: mp-977544
unable to access bucket: 'materialsproject-parsed' key: 'chgcars/mp-1426140.json.gz' version: None error: An error occurred (NoSuchKey) when calling the GetObject operation: The specified key does not exist.
  812/8883: mp-1206266
  813/8883: mp-979270
  814/8883: mp-1110866
unable to access bucket: 'materialsproject-parsed' key: 'chgcars/mp-1401182.json.gz' version: None error: An error occurred (NoSuchKey) when calling the GetObject operation: The specified key does not exist.
  815/8883: mp-862264
unable to access bucket: 'materialsproject-parsed' key: 'chgcars/mp-1418368.json.gz' version: None error: An error occurred (NoSuchKey) when calling the GetObject operation: The specified key does not exist.
  816/8883: mp-865925
  817/8883: mp-976590
unable to access bucket: 'materialsproject-parsed' key: 'chgcars/mp-1434633.json.gz' version: None error: An error occurred (NoSuchKey) when calling the GetObject operation: The specified key does not exist.
  818/8883: mp-1112448
unable to access bucket: 'materialsproject-parsed' key: 'chgcars/mp-1394532.json.gz' version: None error: An error occurred (NoSuchKey) when calling the GetObject operation: The specified key does not exist.
  819/8883: mp-1009787
unable to access bucket: 'materialsproject-parsed' key: 'chgcars/mp-1430605.json.gz' version: None error: An error occurred (NoSuchKey) when calling the GetObject operation: The specified key does not exist.
  820/8883: mp-863729
  821/8883: mp-1111457
  822/8883: mp-568333
  823/8883: mp-1112948
  824/8883: mp-1187459
  825/8883: mp-865569
unable to access bucket: 'materialsproject-parsed' key: 'chgcars/mp-1424954.json.gz' version: None error: An error occurred (NoSuchKey) when calling the GetObject operation: The specified key does not exist.
  826/8883: mp-1187455
unable to access bucket: 'materialsproject-parsed' key: 'chgcars/mp-1428001.json.gz' version: None error: An error occurred (NoSuchKey) when calling the GetObject operation: The specified key does not exist.
  827/8883: mp-542583
unable to access bucket: 'materialsproject-parsed' key: 'chgcars/mp-1442249.json.gz' version: None error: An error occurred (NoSuchKey) when calling the GetObject operation: The specified key does not exist.
  828/8883: mp-862895
  829/8883: mp-1207065
unable to access bucket: 'materialsproject-parsed' key: 'chgcars/mp-1410217.json.gz' version: None error: An error occurred (NoSuchKey) when calling the GetObject operation: The specified key does not exist.
  830/8883: mp-865515
unable to access bucket: 'materialsproject-parsed' key: 'chgcars/mp-1419669.json.gz' version: None error: An error occurred (NoSuchKey) when calling the GetObject operation: The specified key does not exist.
  831/8883: mp-1018013
unable to access bucket: 'materialsproject-parsed' key: 'chgcars/mp-1425725.json.gz' version: None error: An error occurred (NoSuchKey) when calling the GetObject operation: The specified key does not exist.
  832/8883: mp-1205602
  833/8883: mp-1113320
  834/8883: mp-1110984
  835/8883: mp-1114118
  836/8883: mp-865537
unable to access bucket: 'materialsproject-parsed' key: 'chgcars/mp-1423036.json.gz' version: None error: An error occurred (NoSuchKey) when calling the GetObject operation: The specified key does not exist.
  837/8883: mp-1111150
unable to access bucket: 'materialsproject-parsed' key: 'chgcars/mp-1390542.json.gz' version: None error: An error occurred (NoSuchKey) when calling the GetObject operation: The specified key does not exist.
  838/8883: mp-1111359
  839/8883: mp-984702
  840/8883: mp-1194111
  841/8883: mp-1066751
unable to access bucket: 'materialsproject-parsed' key: 'chgcars/mp-1424535.json.gz' version: None error: An error occurred (NoSuchKey) when calling the GetObject operation: The specified key does not exist.
  842/8883: mp-1185058
unable to access bucket: 'materialsproject-parsed' key: 'chgcars/mp-1407698.json.gz' version: None error: An error occurred (NoSuchKey) when calling the GetObject operation: The specified key does not exist.
  843/8883: mp-1008491
unable to access bucket: 'materialsproject-parsed' key: 'chgcars/mp-1436875.json.gz' version: None error: An error occurred (NoSuchKey) when calling the GetObject operation: The specified key does not exist.
  844/8883: mp-753668
  845/8883: mp-1080142
  846/8883: mp-979417
unable to access bucket: 'materialsproject-parsed' key: 'chgcars/mp-1435255.json.gz' version: None error: An error occurred (NoSuchKey) when calling the GetObject operation: The specified key does not exist.
  847/8883: mp-1211466
  848/8883: mp-865488
unable to access bucket: 'materialsproject-parsed' key: 'chgcars/mp-1389756.json.gz' version: None error: An error occurred (NoSuchKey) when calling the GetObject operation: The specified key does not exist.
  849/8883: mp-861994
  850/8883: mp-1185244
  851/8883: mp-1194143
unable to access bucket: 'materialsproject-parsed' key: 'chgcars/mp-1405252.json.gz' version: None error: An error occurred (NoSuchKey) when calling the GetObject operation: The specified key does not exist.
  852/8883: mp-38843
unable to access bucket: 'materialsproject-parsed' key: 'chgcars/mp-1387286.json.gz' version: None error: An error occurred (NoSuchKey) when calling the GetObject operation: The specified key does not exist.
  853/8883: mp-1187353
  854/8883: mp-1186253
  855/8883: mp-1110959
unable to access bucket: 'materialsproject-parsed' key: 'chgcars/mp-1346786.json.gz' version: None error: An error occurred (NoSuchKey) when calling the GetObject operation: The specified key does not exist.
  856/8883: mp-865566
unable to access bucket: 'materialsproject-parsed' key: 'chgcars/mp-1415646.json.gz' version: None error: An error occurred (NoSuchKey) when calling the GetObject operation: The specified key does not exist.
  857/8883: mp-861725
unable to access bucket: 'materialsproject-parsed' key: 'chgcars/mp-1395345.json.gz' version: None error: An error occurred (NoSuchKey) when calling the GetObject operation: The specified key does not exist.
  858/8883: mp-1205845
unable to access bucket: 'materialsproject-parsed' key: 'chgcars/mp-1393368.json.gz' version: None error: An error occurred (NoSuchKey) when calling the GetObject operation: The specified key does not exist.
  859/8883: mp-634659
unable to access bucket: 'materialsproject-parsed' key: 'chgcars/mp-1442348.json.gz' version: None error: An error occurred (NoSuchKey) when calling the GetObject operation: The specified key does not exist.
  860/8883: mp-1114034
unable to access bucket: 'materialsproject-parsed' key: 'chgcars/mp-1393707.json.gz' version: None error: An error occurred (NoSuchKey) when calling the GetObject operation: The specified key does not exist.
  861/8883: mp-1112693
unable to access bucket: 'materialsproject-parsed' key: 'chgcars/mp-1401794.json.gz' version: None error: An error occurred (NoSuchKey) when calling the GetObject operation: The specified key does not exist.
  862/8883: mp-81
  863/8883: mp-1112288
  864/8883: mp-863742
unable to access bucket: 'materialsproject-parsed' key: 'chgcars/mp-1415960.json.gz' version: None error: An error occurred (NoSuchKey) when calling the GetObject operation: The specified key does not exist.
  865/8883: mp-1185024
  866/8883: mp-863681
unable to access bucket: 'materialsproject-parsed' key: 'chgcars/mp-1392608.json.gz' version: None error: An error occurred (NoSuchKey) when calling the GetObject operation: The specified key does not exist.
  867/8883: mp-30080
unable to access bucket: 'materialsproject-parsed' key: 'chgcars/mp-1412954.json.gz' version: None error: An error occurred (NoSuchKey) when calling the GetObject operation: The specified key does not exist.
  868/8883: mp-864787
  869/8883: mp-983410
unable to access bucket: 'materialsproject-parsed' key: 'chgcars/mp-1428992.json.gz' version: None error: An error occurred (NoSuchKey) when calling the GetObject operation: The specified key does not exist.
  870/8883: mp-972370
unable to access bucket: 'materialsproject-parsed' key: 'chgcars/mp-1414431.json.gz' version: None error: An error occurred (NoSuchKey) when calling the GetObject operation: The specified key does not exist.
  871/8883: mp-989556
  872/8883: mp-638729
  873/8883: mp-862941
unable to access bucket: 'materialsproject-parsed' key: 'chgcars/mp-1414386.json.gz' version: None error: An error occurred (NoSuchKey) when calling the GetObject operation: The specified key does not exist.
  874/8883: mp-867178
unable to access bucket: 'materialsproject-parsed' key: 'chgcars/mp-1432840.json.gz' version: None error: An error occurred (NoSuchKey) when calling the GetObject operation: The specified key does not exist.
  875/8883: mp-866212
  876/8883: mp-862923
unable to access bucket: 'materialsproject-parsed' key: 'chgcars/mp-1431050.json.gz' version: None error: An error occurred (NoSuchKey) when calling the GetObject operation: The specified key does not exist.
  877/8883: mp-1187418
unable to access bucket: 'materialsproject-parsed' key: 'chgcars/mp-1418004.json.gz' version: None error: An error occurred (NoSuchKey) when calling the GetObject operation: The specified key does not exist.
  878/8883: mp-865319
unable to access bucket: 'materialsproject-parsed' key: 'chgcars/mp-1434566.json.gz' version: None error: An error occurred (NoSuchKey) when calling the GetObject operation: The specified key does not exist.
  879/8883: mp-3499
  880/8883: mp-865896
unable to access bucket: 'materialsproject-parsed' key: 'chgcars/mp-1419653.json.gz' version: None error: An error occurred (NoSuchKey) when calling the GetObject operation: The specified key does not exist.
  881/8883: mp-1183460
unable to access bucket: 'materialsproject-parsed' key: 'chgcars/mp-1397537.json.gz' version: None error: An error occurred (NoSuchKey) when calling the GetObject operation: The specified key does not exist.
  882/8883: mp-1110942
  883/8883: mp-567981
  884/8883: mp-862838
unable to access bucket: 'materialsproject-parsed' key: 'chgcars/mp-1428102.json.gz' version: None error: An error occurred (NoSuchKey) when calling the GetObject operation: The specified key does not exist.
  885/8883: mp-150
  886/8883: mp-568719
  887/8883: mp-980034
unable to access bucket: 'materialsproject-parsed' key: 'chgcars/mp-1404363.json.gz' version: None error: An error occurred (NoSuchKey) when calling the GetObject operation: The specified key does not exist.
  888/8883: mp-1187036
  889/8883: mp-2943
unable to access bucket: 'materialsproject-parsed' key: 'chgcars/mp-1418634.json.gz' version: None error: An error occurred (NoSuchKey) when calling the GetObject operation: The specified key does not exist.
  890/8883: mp-1183596
unable to access bucket: 'materialsproject-parsed' key: 'chgcars/mp-1428071.json.gz' version: None error: An error occurred (NoSuchKey) when calling the GetObject operation: The specified key does not exist.
  891/8883: mp-1062620
unable to access bucket: 'materialsproject-parsed' key: 'chgcars/mp-1441718.json.gz' version: None error: An error occurred (NoSuchKey) when calling the GetObject operation: The specified key does not exist.
  892/8883: mp-1114167
  893/8883: mp-1113414
unable to access bucket: 'materialsproject-parsed' key: 'chgcars/mp-1332894.json.gz' version: None error: An error occurred (NoSuchKey) when calling the GetObject operation: The specified key does not exist.
  894/8883: mp-862747
unable to access bucket: 'materialsproject-parsed' key: 'chgcars/mp-1420592.json.gz' version: None error: An error occurred (NoSuchKey) when calling the GetObject operation: The specified key does not exist.
  895/8883: mp-1113199
unable to access bucket: 'materialsproject-parsed' key: 'chgcars/mp-1443901.json.gz' version: None error: An error occurred (NoSuchKey) when calling the GetObject operation: The specified key does not exist.
  896/8883: mp-1205990
unable to access bucket: 'materialsproject-parsed' key: 'chgcars/mp-1404185.json.gz' version: None error: An error occurred (NoSuchKey) when calling the GetObject operation: The specified key does not exist.
  897/8883: mp-20265
  898/8883: mp-1113631
  899/8883: mp-861992
unable to access bucket: 'materialsproject-parsed' key: 'chgcars/mp-1395154.json.gz' version: None error: An error occurred (NoSuchKey) when calling the GetObject operation: The specified key does not exist.
  900/8883: mp-1112345
unable to access bucket: 'materialsproject-parsed' key: 'chgcars/mp-1407636.json.gz' version: None error: An error occurred (NoSuchKey) when calling the GetObject operation: The specified key does not exist.
  901/8883: mp-1184099
  902/8883: mp-977405
unable to access bucket: 'materialsproject-parsed' key: 'chgcars/mp-1420501.json.gz' version: None error: An error occurred (NoSuchKey) when calling the GetObject operation: The specified key does not exist.
  903/8883: mp-124
unable to access bucket: 'materialsproject-parsed' key: 'chgcars/mp-1440650.json.gz' version: None error: An error occurred (NoSuchKey) when calling the GetObject operation: The specified key does not exist.
  904/8883: mp-13799
  905/8883: mp-1183074
  906/8883: mp-723
unable to access bucket: 'materialsproject-parsed' key: 'chgcars/mp-1429745.json.gz' version: None error: An error occurred (NoSuchKey) when calling the GetObject operation: The specified key does not exist.
  907/8883: mp-1210624
  908/8883: mp-864599
unable to access bucket: 'materialsproject-parsed' key: 'chgcars/mp-1423064.json.gz' version: None error: An error occurred (NoSuchKey) when calling the GetObject operation: The specified key does not exist.
  909/8883: mp-977574
  910/8883: mp-22886
  911/8883: mp-865401
unable to access bucket: 'materialsproject-parsed' key: 'chgcars/mp-1418139.json.gz' version: None error: An error occurred (NoSuchKey) when calling the GetObject operation: The specified key does not exist.
  912/8883: mp-1008785
  913/8883: mp-20145
  914/8883: mp-1183185
unable to access bucket: 'materialsproject-parsed' key: 'chgcars/mp-1425296.json.gz' version: None error: An error occurred (NoSuchKey) when calling the GetObject operation: The specified key does not exist.
  915/8883: mp-976321
  916/8883: mp-1112200
  917/8883: mp-1111416
  918/8883: mp-632724
  919/8883: mp-1183321
  920/8883: mp-1008275
  921/8883: mp-1111080
  922/8883: mp-865409
  923/8883: mp-1187922
  924/8883: mp-1112208
unable to access bucket: 'materialsproject-parsed' key: 'chgcars/mp-1392870.json.gz' version: None error: An error occurred (NoSuchKey) when calling the GetObject operation: The specified key does not exist.
  925/8883: mp-862615
  926/8883: mp-1187799
  927/8883: mp-23209
unable to access bucket: 'materialsproject-parsed' key: 'chgcars/mp-1439671.json.gz' version: None error: An error occurred (NoSuchKey) when calling the GetObject operation: The specified key does not exist.
  928/8883: mp-30350
  929/8883: mp-541938
  930/8883: mp-867254
  931/8883: mp-865907
  932/8883: mp-1111372
unable to access bucket: 'materialsproject-parsed' key: 'chgcars/mp-1444179.json.gz' version: None error: An error occurred (NoSuchKey) when calling the GetObject operation: The specified key does not exist.
  933/8883: mp-5172
  934/8883: mp-1206883
  935/8883: mp-708
unable to access bucket: 'materialsproject-parsed' key: 'chgcars/mp-1440340.json.gz' version: None error: An error occurred (NoSuchKey) when calling the GetObject operation: The specified key does not exist.
  936/8883: mp-22898
  937/8883: mp-545603
unable to access bucket: 'materialsproject-parsed' key: 'chgcars/mp-1415184.json.gz' version: None error: An error occurred (NoSuchKey) when calling the GetObject operation: The specified key does not exist.
  938/8883: mp-1206497
  939/8883: mp-1114040
  940/8883: mp-1184750
  941/8883: mp-866021
unable to access bucket: 'materialsproject-parsed' key: 'chgcars/mp-1774348.json.gz' version: None error: An error occurred (NoSuchKey) when calling the GetObject operation: The specified key does not exist.
  942/8883: mp-1183779
unable to access bucket: 'materialsproject-parsed' key: 'chgcars/mp-1420841.json.gz' version: None error: An error occurred (NoSuchKey) when calling the GetObject operation: The specified key does not exist.
  943/8883: mp-978519
  944/8883: mp-866200
  945/8883: mp-1110623
unable to access bucket: 'materialsproject-parsed' key: 'chgcars/mp-1406084.json.gz' version: None error: An error occurred (NoSuchKey) when calling the GetObject operation: The specified key does not exist.
  946/8883: mp-1114015
unable to access bucket: 'materialsproject-parsed' key: 'chgcars/mp-1406042.json.gz' version: None error: An error occurred (NoSuchKey) when calling the GetObject operation: The specified key does not exist.
  947/8883: mp-1184976
  948/8883: mp-1184130
  949/8883: mp-1111679
  950/8883: mp-1111979
unable to access bucket: 'materialsproject-parsed' key: 'chgcars/mp-1407136.json.gz' version: None error: An error occurred (NoSuchKey) when calling the GetObject operation: The specified key does not exist.
  951/8883: mp-861483
unable to access bucket: 'materialsproject-parsed' key: 'chgcars/mp-1504904.json.gz' version: None error: An error occurred (NoSuchKey) when calling the GetObject operation: The specified key does not exist.
  952/8883: mp-1111934
  953/8883: mp-22685
unable to access bucket: 'materialsproject-parsed' key: 'chgcars/mp-1439146.json.gz' version: None error: An error occurred (NoSuchKey) when calling the GetObject operation: The specified key does not exist.
  954/8883: mp-865616
  955/8883: mp-1114251
  956/8883: mp-1186957
  957/8883: mp-865046
  958/8883: mp-983555
unable to access bucket: 'materialsproject-parsed' key: 'chgcars/mp-1429826.json.gz' version: None error: An error occurred (NoSuchKey) when calling the GetObject operation: The specified key does not exist.
  959/8883: mp-1111822
  960/8883: mp-1110871
  961/8883: mp-1112838
  962/8883: mp-865940
unable to access bucket: 'materialsproject-parsed' key: 'chgcars/mp-1433808.json.gz' version: None error: An error occurred (NoSuchKey) when calling the GetObject operation: The specified key does not exist.
  963/8883: mp-865079
unable to access bucket: 'materialsproject-parsed' key: 'chgcars/mp-1417502.json.gz' version: None error: An error occurred (NoSuchKey) when calling the GetObject operation: The specified key does not exist.
  964/8883: mp-1186805
unable to access bucket: 'materialsproject-parsed' key: 'chgcars/mp-1437197.json.gz' version: None error: An error occurred (NoSuchKey) when calling the GetObject operation: The specified key does not exist.
  965/8883: mp-1002227
unable to access bucket: 'materialsproject-parsed' key: 'chgcars/mp-1431447.json.gz' version: None error: An error occurred (NoSuchKey) when calling the GetObject operation: The specified key does not exist.
  966/8883: mp-862913
unable to access bucket: 'materialsproject-parsed' key: 'chgcars/mp-1401727.json.gz' version: None error: An error occurred (NoSuchKey) when calling the GetObject operation: The specified key does not exist.
  967/8883: mp-1184647
  968/8883: mp-867176
unable to access bucket: 'materialsproject-parsed' key: 'chgcars/mp-1415061.json.gz' version: None error: An error occurred (NoSuchKey) when calling the GetObject operation: The specified key does not exist.
  969/8883: mp-865849
unable to access bucket: 'materialsproject-parsed' key: 'chgcars/mp-1436615.json.gz' version: None error: An error occurred (NoSuchKey) when calling the GetObject operation: The specified key does not exist.
  970/8883: mp-1084762
  971/8883: mp-1184446
  972/8883: mp-861658
  973/8883: mp-1186191
  974/8883: mp-1184989
unable to access bucket: 'materialsproject-parsed' key: 'chgcars/mp-1388695.json.gz' version: None error: An error occurred (NoSuchKey) when calling the GetObject operation: The specified key does not exist.
  975/8883: mp-1112923
  976/8883: mp-30759
  977/8883: mp-1110810
  978/8883: mp-1184977
unable to access bucket: 'materialsproject-parsed' key: 'chgcars/mp-1426947.json.gz' version: None error: An error occurred (NoSuchKey) when calling the GetObject operation: The specified key does not exist.
  979/8883: mp-1184253
  980/8883: mp-570611
  981/8883: mp-1185102
unable to access bucket: 'materialsproject-parsed' key: 'chgcars/mp-1397259.json.gz' version: None error: An error occurred (NoSuchKey) when calling the GetObject operation: The specified key does not exist.
  982/8883: mp-976129
  983/8883: mp-540735
  984/8883: mp-1111705
unable to access bucket: 'materialsproject-parsed' key: 'chgcars/mp-1444381.json.gz' version: None error: An error occurred (NoSuchKey) when calling the GetObject operation: The specified key does not exist.
  985/8883: mp-1185018
unable to access bucket: 'materialsproject-parsed' key: 'chgcars/mp-1420921.json.gz' version: None error: An error occurred (NoSuchKey) when calling the GetObject operation: The specified key does not exist.
  986/8883: mp-1113404
  987/8883: mp-974063
unable to access bucket: 'materialsproject-parsed' key: 'chgcars/mp-1390697.json.gz' version: None error: An error occurred (NoSuchKey) when calling the GetObject operation: The specified key does not exist.
  988/8883: mp-1183146
unable to access bucket: 'materialsproject-parsed' key: 'chgcars/mp-1437376.json.gz' version: None error: An error occurred (NoSuchKey) when calling the GetObject operation: The specified key does not exist.
  989/8883: mp-9319
  990/8883: mp-1112115
  991/8883: mp-980426
unable to access bucket: 'materialsproject-parsed' key: 'chgcars/mp-1437000.json.gz' version: None error: An error occurred (NoSuchKey) when calling the GetObject operation: The specified key does not exist.
  992/8883: mp-865186
unable to access bucket: 'materialsproject-parsed' key: 'chgcars/mp-1504308.json.gz' version: None error: An error occurred (NoSuchKey) when calling the GetObject operation: The specified key does not exist.
  993/8883: mp-1223462
unable to access bucket: 'materialsproject-parsed' key: 'chgcars/mp-1408939.json.gz' version: None error: An error occurred (NoSuchKey) when calling the GetObject operation: The specified key does not exist.
  994/8883: mp-5181
  995/8883: mp-976972
  996/8883: mp-1213780
  997/8883: mp-11492
  998/8883: mp-582759
  999/8883: mp-1193216
  1000/8883: mp-1184689
  1001/8883: mp-865696
unable to access bucket: 'materialsproject-parsed' key: 'chgcars/mp-1417087.json.gz' version: None error: An error occurred (NoSuchKey) when calling the GetObject operation: The specified key does not exist.
  1002/8883: mp-1183184
unable to access bucket: 'materialsproject-parsed' key: 'chgcars/mp-1429279.json.gz' version: None error: An error occurred (NoSuchKey) when calling the GetObject operation: The specified key does not exist.
  1003/8883: mp-1113296
  1004/8883: mp-865298
  1005/8883: mp-1111264
  1006/8883: mp-2987
unable to access bucket: 'materialsproject-parsed' key: 'chgcars/mp-1438494.json.gz' version: None error: An error occurred (NoSuchKey) when calling the GetObject operation: The specified key does not exist.
  1007/8883: mp-2748
unable to access bucket: 'materialsproject-parsed' key: 'chgcars/mp-1442059.json.gz' version: None error: An error occurred (NoSuchKey) when calling the GetObject operation: The specified key does not exist.
  1008/8883: mp-1111532
  1009/8883: mp-548149
unable to access bucket: 'materialsproject-parsed' key: 'chgcars/mp-1977654.json.gz' version: None error: An error occurred (NoSuchKey) when calling the GetObject operation: The specified key does not exist.
  1010/8883: mp-6986
  1011/8883: mp-1079458
  1012/8883: mp-631386
unable to access bucket: 'materialsproject-parsed' key: 'chgcars/mp-1429103.json.gz' version: None error: An error occurred (NoSuchKey) when calling the GetObject operation: The specified key does not exist.
  1013/8883: mp-1209053
unable to access bucket: 'materialsproject-parsed' key: 'chgcars/mp-1411617.json.gz' version: None error: An error occurred (NoSuchKey) when calling the GetObject operation: The specified key does not exist.
  1014/8883: mp-1110779
  1015/8883: mp-1205815
unable to access bucket: 'materialsproject-parsed' key: 'chgcars/mp-1443044.json.gz' version: None error: An error occurred (NoSuchKey) when calling the GetObject operation: The specified key does not exist.
  1016/8883: mp-867873
  1017/8883: mp-867926
  1018/8883: mp-1110974
  1019/8883: mp-862492
  1020/8883: mp-30606
  1021/8883: mp-865580
  1022/8883: mp-627
  1023/8883: mp-1820
  1024/8883: mp-1183873
  1025/8883: mp-973843
  1026/8883: mp-984785
  1027/8883: mp-865504
unable to access bucket: 'materialsproject-parsed' key: 'chgcars/mp-1423466.json.gz' version: None error: An error occurred (NoSuchKey) when calling the GetObject operation: The specified key does not exist.
  1028/8883: mp-864975
unable to access bucket: 'materialsproject-parsed' key: 'chgcars/mp-1418656.json.gz' version: None error: An error occurred (NoSuchKey) when calling the GetObject operation: The specified key does not exist.
  1029/8883: mp-974611
  1030/8883: mp-16349
  1031/8883: mp-861600
  1032/8883: mp-1091394
  1033/8883: mp-1185184
unable to access bucket: 'materialsproject-parsed' key: 'chgcars/mp-1504254.json.gz' version: None error: An error occurred (NoSuchKey) when calling the GetObject operation: The specified key does not exist.
  1034/8883: mp-30465
  1035/8883: mp-973056
unable to access bucket: 'materialsproject-parsed' key: 'chgcars/mp-1413902.json.gz' version: None error: An error occurred (NoSuchKey) when calling the GetObject operation: The specified key does not exist.
  1036/8883: mp-571648
  1037/8883: mp-557533
  1038/8883: mp-973286
unable to access bucket: 'materialsproject-parsed' key: 'chgcars/mp-1402639.json.gz' version: None error: An error occurred (NoSuchKey) when calling the GetObject operation: The specified key does not exist.
  1039/8883: mp-1114041
  1040/8883: mp-980199
unable to access bucket: 'materialsproject-parsed' key: 'chgcars/mp-1428806.json.gz' version: None error: An error occurred (NoSuchKey) when calling the GetObject operation: The specified key does not exist.
  1041/8883: mp-1185062
unable to access bucket: 'materialsproject-parsed' key: 'chgcars/mp-1443677.json.gz' version: None error: An error occurred (NoSuchKey) when calling the GetObject operation: The specified key does not exist.
  1042/8883: mp-10764
unable to access bucket: 'materialsproject-parsed' key: 'chgcars/mp-1440065.json.gz' version: None error: An error occurred (NoSuchKey) when calling the GetObject operation: The specified key does not exist.
  1043/8883: mp-977110
unable to access bucket: 'materialsproject-parsed' key: 'chgcars/mp-1432192.json.gz' version: None error: An error occurred (NoSuchKey) when calling the GetObject operation: The specified key does not exist.
  1044/8883: mp-1183061
unable to access bucket: 'materialsproject-parsed' key: 'chgcars/mp-1388144.json.gz' version: None error: An error occurred (NoSuchKey) when calling the GetObject operation: The specified key does not exist.
  1045/8883: mp-1185506
unable to access bucket: 'materialsproject-parsed' key: 'chgcars/mp-1386312.json.gz' version: None error: An error occurred (NoSuchKey) when calling the GetObject operation: The specified key does not exist.
  1046/8883: mp-6037
  1047/8883: mp-1112894
  1048/8883: mp-865774
  1049/8883: mp-1111739
  1050/8883: mp-979289
unable to access bucket: 'materialsproject-parsed' key: 'chgcars/mp-1386637.json.gz' version: None error: An error occurred (NoSuchKey) when calling the GetObject operation: The specified key does not exist.
  1051/8883: mp-1111700
  1052/8883: mp-1192616
  1053/8883: mp-1059357
  1054/8883: mp-1006151
unable to access bucket: 'materialsproject-parsed' key: 'chgcars/mp-1396300.json.gz' version: None error: An error occurred (NoSuchKey) when calling the GetObject operation: The specified key does not exist.
  1055/8883: mp-1111787
unable to access bucket: 'materialsproject-parsed' key: 'chgcars/mp-1369806.json.gz' version: None error: An error occurred (NoSuchKey) when calling the GetObject operation: The specified key does not exist.
  1056/8883: mp-1113564
unable to access bucket: 'materialsproject-parsed' key: 'chgcars/mp-1394042.json.gz' version: None error: An error occurred (NoSuchKey) when calling the GetObject operation: The specified key does not exist.
  1057/8883: mp-1185191
  1058/8883: mp-1110953
unable to access bucket: 'materialsproject-parsed' key: 'chgcars/mp-1376463.json.gz' version: None error: An error occurred (NoSuchKey) when calling the GetObject operation: The specified key does not exist.
  1059/8883: mp-1184635
  1060/8883: mp-865172
  1061/8883: mp-1184505
  1062/8883: mp-1184574
  1063/8883: mp-14842
  1064/8883: mp-1184039
unable to access bucket: 'materialsproject-parsed' key: 'chgcars/mp-1406606.json.gz' version: None error: An error occurred (NoSuchKey) when calling the GetObject operation: The specified key does not exist.
  1065/8883: mp-1185035
unable to access bucket: 'materialsproject-parsed' key: 'chgcars/mp-1422037.json.gz' version: None error: An error occurred (NoSuchKey) when calling the GetObject operation: The specified key does not exist.
  1066/8883: mp-1111791
  1067/8883: mp-1111448
  1068/8883: mp-862291
unable to access bucket: 'materialsproject-parsed' key: 'chgcars/mp-1432600.json.gz' version: None error: An error occurred (NoSuchKey) when calling the GetObject operation: The specified key does not exist.
  1069/8883: mp-1186674
unable to access bucket: 'materialsproject-parsed' key: 'chgcars/mp-1422856.json.gz' version: None error: An error occurred (NoSuchKey) when calling the GetObject operation: The specified key does not exist.
  1070/8883: mp-1209116
  1071/8883: mp-866125
  1072/8883: mp-1183931
unable to access bucket: 'materialsproject-parsed' key: 'chgcars/mp-1402334.json.gz' version: None error: An error occurred (NoSuchKey) when calling the GetObject operation: The specified key does not exist.
  1073/8883: mp-1113981
unable to access bucket: 'materialsproject-parsed' key: 'chgcars/mp-1385934.json.gz' version: None error: An error occurred (NoSuchKey) when calling the GetObject operation: The specified key does not exist.
  1074/8883: mp-862677
  1075/8883: mp-1111691
unable to access bucket: 'materialsproject-parsed' key: 'chgcars/mp-1402816.json.gz' version: None error: An error occurred (NoSuchKey) when calling the GetObject operation: The specified key does not exist.
  1076/8883: mp-1112657
  1077/8883: mp-989526
  1078/8883: mp-1114007
  1079/8883: mp-1111878
unable to access bucket: 'materialsproject-parsed' key: 'chgcars/mp-1410106.json.gz' version: None error: An error occurred (NoSuchKey) when calling the GetObject operation: The specified key does not exist.
  1080/8883: mp-1205924
  1081/8883: mp-1100772
unable to access bucket: 'materialsproject-parsed' key: 'chgcars/mp-1435235.json.gz' version: None error: An error occurred (NoSuchKey) when calling the GetObject operation: The specified key does not exist.
  1082/8883: mp-1112183
unable to access bucket: 'materialsproject-parsed' key: 'chgcars/mp-1384956.json.gz' version: None error: An error occurred (NoSuchKey) when calling the GetObject operation: The specified key does not exist.
  1083/8883: mp-1185242
  1084/8883: mp-1211950
unable to access bucket: 'materialsproject-parsed' key: 'chgcars/mp-1397565.json.gz' version: None error: An error occurred (NoSuchKey) when calling the GetObject operation: The specified key does not exist.
  1085/8883: mp-1187537
  1086/8883: mp-1112289
  1087/8883: mp-1184967
  1088/8883: mp-13935
  1089/8883: mp-865050
  1090/8883: mp-1187001
unable to access bucket: 'materialsproject-parsed' key: 'chgcars/mp-1411966.json.gz' version: None error: An error occurred (NoSuchKey) when calling the GetObject operation: The specified key does not exist.
  1091/8883: mp-861501
unable to access bucket: 'materialsproject-parsed' key: 'chgcars/mp-1397626.json.gz' version: None error: An error occurred (NoSuchKey) when calling the GetObject operation: The specified key does not exist.
  1092/8883: mp-1208277
unable to access bucket: 'materialsproject-parsed' key: 'chgcars/mp-1345338.json.gz' version: None error: An error occurred (NoSuchKey) when calling the GetObject operation: The specified key does not exist.
  1093/8883: mp-865867
  1094/8883: mp-1184522
unable to access bucket: 'materialsproject-parsed' key: 'chgcars/mp-1425392.json.gz' version: None error: An error occurred (NoSuchKey) when calling the GetObject operation: The specified key does not exist.
  1095/8883: mp-12559
unable to access bucket: 'materialsproject-parsed' key: 'chgcars/mp-1773993.json.gz' version: None error: An error occurred (NoSuchKey) when calling the GetObject operation: The specified key does not exist.
  1096/8883: mp-1112422
  1097/8883: mp-1111478
unable to access bucket: 'materialsproject-parsed' key: 'chgcars/mp-1390745.json.gz' version: None error: An error occurred (NoSuchKey) when calling the GetObject operation: The specified key does not exist.
  1098/8883: mp-1187184
  1099/8883: mp-864923
  1100/8883: mp-1147673
  1101/8883: mp-1111316
  1102/8883: mp-865255
  1103/8883: mp-1112551
unable to access bucket: 'materialsproject-parsed' key: 'chgcars/mp-1392298.json.gz' version: None error: An error occurred (NoSuchKey) when calling the GetObject operation: The specified key does not exist.
  1104/8883: mp-863741
  1105/8883: mp-980067
  1106/8883: mp-973402
unable to access bucket: 'materialsproject-parsed' key: 'chgcars/mp-1504882.json.gz' version: None error: An error occurred (NoSuchKey) when calling the GetObject operation: The specified key does not exist.
  1107/8883: mp-865090
  1108/8883: mp-862733
unable to access bucket: 'materialsproject-parsed' key: 'chgcars/mp-1426992.json.gz' version: None error: An error occurred (NoSuchKey) when calling the GetObject operation: The specified key does not exist.
  1109/8883: mp-23304
  1110/8883: mp-1029
  1111/8883: mp-1206273
unable to access bucket: 'materialsproject-parsed' key: 'chgcars/mp-1403403.json.gz' version: None error: An error occurred (NoSuchKey) when calling the GetObject operation: The specified key does not exist.
  1112/8883: mp-1111068
unable to access bucket: 'materialsproject-parsed' key: 'chgcars/mp-1443322.json.gz' version: None error: An error occurred (NoSuchKey) when calling the GetObject operation: The specified key does not exist.
  1113/8883: mp-556264
  1114/8883: mp-865241
  1115/8883: mp-1110881
  1116/8883: mp-21467
unable to access bucket: 'materialsproject-parsed' key: 'chgcars/mp-1442173.json.gz' version: None error: An error occurred (NoSuchKey) when calling the GetObject operation: The specified key does not exist.
  1117/8883: mp-865206
unable to access bucket: 'materialsproject-parsed' key: 'chgcars/mp-1417381.json.gz' version: None error: An error occurred (NoSuchKey) when calling the GetObject operation: The specified key does not exist.
  1118/8883: mp-1187836
unable to access bucket: 'materialsproject-parsed' key: 'chgcars/mp-1423091.json.gz' version: None error: An error occurred (NoSuchKey) when calling the GetObject operation: The specified key does not exist.
  1119/8883: mp-1112056
unable to access bucket: 'materialsproject-parsed' key: 'chgcars/mp-1345205.json.gz' version: None error: An error occurred (NoSuchKey) when calling the GetObject operation: The specified key does not exist.
  1120/8883: mp-866126
unable to access bucket: 'materialsproject-parsed' key: 'chgcars/mp-1418010.json.gz' version: None error: An error occurred (NoSuchKey) when calling the GetObject operation: The specified key does not exist.
  1121/8883: mp-1110577
unable to access bucket: 'materialsproject-parsed' key: 'chgcars/mp-1444942.json.gz' version: None error: An error occurred (NoSuchKey) when calling the GetObject operation: The specified key does not exist.
  1122/8883: mp-1185224
  1123/8883: mp-866220
unable to access bucket: 'materialsproject-parsed' key: 'chgcars/mp-1435261.json.gz' version: None error: An error occurred (NoSuchKey) when calling the GetObject operation: The specified key does not exist.
  1124/8883: mp-18904
  1125/8883: mp-1185926
  1126/8883: mp-295
  1127/8883: mp-866217
  1128/8883: mp-864628
unable to access bucket: 'materialsproject-parsed' key: 'chgcars/mp-1400973.json.gz' version: None error: An error occurred (NoSuchKey) when calling the GetObject operation: The specified key does not exist.
  1129/8883: mp-1112944
  1130/8883: mp-865588
unable to access bucket: 'materialsproject-parsed' key: 'chgcars/mp-1437044.json.gz' version: None error: An error occurred (NoSuchKey) when calling the GetObject operation: The specified key does not exist.
  1131/8883: mp-567580
  1132/8883: mp-862903
  1133/8883: mp-1110923
  1134/8883: mp-1186749
unable to access bucket: 'materialsproject-parsed' key: 'chgcars/mp-1403057.json.gz' version: None error: An error occurred (NoSuchKey) when calling the GetObject operation: The specified key does not exist.
  1135/8883: mp-1111736
  1136/8883: mp-17838
  1137/8883: mp-865221
unable to access bucket: 'materialsproject-parsed' key: 'chgcars/mp-1414885.json.gz' version: None error: An error occurred (NoSuchKey) when calling the GetObject operation: The specified key does not exist.
  1138/8883: mp-1185452
  1139/8883: mp-1111743
  1140/8883: mp-1111718
unable to access bucket: 'materialsproject-parsed' key: 'chgcars/mp-1412600.json.gz' version: None error: An error occurred (NoSuchKey) when calling the GetObject operation: The specified key does not exist.
  1141/8883: mp-865554
unable to access bucket: 'materialsproject-parsed' key: 'chgcars/mp-1504548.json.gz' version: None error: An error occurred (NoSuchKey) when calling the GetObject operation: The specified key does not exist.
  1142/8883: mp-973625
unable to access bucket: 'materialsproject-parsed' key: 'chgcars/mp-1424968.json.gz' version: None error: An error occurred (NoSuchKey) when calling the GetObject operation: The specified key does not exist.
  1143/8883: mp-972082
  1144/8883: mp-1110726
unable to access bucket: 'materialsproject-parsed' key: 'chgcars/mp-1400861.json.gz' version: None error: An error occurred (NoSuchKey) when calling the GetObject operation: The specified key does not exist.
  1145/8883: mp-1111199
  1146/8883: mp-1110912
  1147/8883: mp-1183068
  1148/8883: mp-631323
  1149/8883: mp-569823
unable to access bucket: 'materialsproject-parsed' key: 'chgcars/mp-1438315.json.gz' version: None error: An error occurred (NoSuchKey) when calling the GetObject operation: The specified key does not exist.
  1150/8883: mp-866017
unable to access bucket: 'materialsproject-parsed' key: 'chgcars/mp-1425537.json.gz' version: None error: An error occurred (NoSuchKey) when calling the GetObject operation: The specified key does not exist.
  1151/8883: mp-1185246
unable to access bucket: 'materialsproject-parsed' key: 'chgcars/mp-1411373.json.gz' version: None error: An error occurred (NoSuchKey) when calling the GetObject operation: The specified key does not exist.
  1152/8883: mp-867346
unable to access bucket: 'materialsproject-parsed' key: 'chgcars/mp-1408001.json.gz' version: None error: An error occurred (NoSuchKey) when calling the GetObject operation: The specified key does not exist.
  1153/8883: mp-1111998
unable to access bucket: 'materialsproject-parsed' key: 'chgcars/mp-1442706.json.gz' version: None error: An error occurred (NoSuchKey) when calling the GetObject operation: The specified key does not exist.
  1154/8883: mp-1206839
unable to access bucket: 'materialsproject-parsed' key: 'chgcars/mp-1409830.json.gz' version: None error: An error occurred (NoSuchKey) when calling the GetObject operation: The specified key does not exist.
  1155/8883: mp-1184738
unable to access bucket: 'materialsproject-parsed' key: 'chgcars/mp-1429461.json.gz' version: None error: An error occurred (NoSuchKey) when calling the GetObject operation: The specified key does not exist.
  1156/8883: mp-1111070
unable to access bucket: 'materialsproject-parsed' key: 'chgcars/mp-1386718.json.gz' version: None error: An error occurred (NoSuchKey) when calling the GetObject operation: The specified key does not exist.
  1157/8883: mp-542739
  1158/8883: mp-1113305
  1159/8883: mp-1184699
  1160/8883: mp-1185915
  1161/8883: mp-21612
  1162/8883: mp-1111804
  1163/8883: mp-1206106
  1164/8883: mp-1078677
  1165/8883: mp-631481
unable to access bucket: 'materialsproject-parsed' key: 'chgcars/mp-1405891.json.gz' version: None error: An error occurred (NoSuchKey) when calling the GetObject operation: The specified key does not exist.
  1166/8883: mp-865810
  1167/8883: mp-866013
unable to access bucket: 'materialsproject-parsed' key: 'chgcars/mp-1429158.json.gz' version: None error: An error occurred (NoSuchKey) when calling the GetObject operation: The specified key does not exist.
  1168/8883: mp-1186939
  1169/8883: mp-866183
  1170/8883: mp-1113828
  1171/8883: mp-867781
unable to access bucket: 'materialsproject-parsed' key: 'chgcars/mp-1431241.json.gz' version: None error: An error occurred (NoSuchKey) when calling the GetObject operation: The specified key does not exist.
  1172/8883: mp-1187499
  1173/8883: mp-981378
  1174/8883: mp-1110590
  1175/8883: mp-1112129
  1176/8883: mp-1112275
  1177/8883: mp-1110879
unable to access bucket: 'materialsproject-parsed' key: 'chgcars/mp-1445649.json.gz' version: None error: An error occurred (NoSuchKey) when calling the GetObject operation: The specified key does not exist.
  1178/8883: mp-867255
unable to access bucket: 'materialsproject-parsed' key: 'chgcars/mp-1385888.json.gz' version: None error: An error occurred (NoSuchKey) when calling the GetObject operation: The specified key does not exist.
  1179/8883: mp-865126
  1180/8883: mp-1111774
unable to access bucket: 'materialsproject-parsed' key: 'chgcars/mp-1342576.json.gz' version: None error: An error occurred (NoSuchKey) when calling the GetObject operation: The specified key does not exist.
  1181/8883: mp-1113755
  1182/8883: mp-1212443
unable to access bucket: 'materialsproject-parsed' key: 'chgcars/mp-1370893.json.gz' version: None error: An error occurred (NoSuchKey) when calling the GetObject operation: The specified key does not exist.
  1183/8883: mp-1113598
unable to access bucket: 'materialsproject-parsed' key: 'chgcars/mp-1397945.json.gz' version: None error: An error occurred (NoSuchKey) when calling the GetObject operation: The specified key does not exist.
  1184/8883: mp-865519
unable to access bucket: 'materialsproject-parsed' key: 'chgcars/mp-1429062.json.gz' version: None error: An error occurred (NoSuchKey) when calling the GetObject operation: The specified key does not exist.
  1185/8883: mp-1183177
  1186/8883: mp-1186896
  1187/8883: mp-2692
unable to access bucket: 'materialsproject-parsed' key: 'chgcars/mp-1442178.json.gz' version: None error: An error occurred (NoSuchKey) when calling the GetObject operation: The specified key does not exist.
  1188/8883: mp-1187930
  1189/8883: mp-1205992
  1190/8883: mp-974832
unable to access bucket: 'materialsproject-parsed' key: 'chgcars/mp-1409537.json.gz' version: None error: An error occurred (NoSuchKey) when calling the GetObject operation: The specified key does not exist.
  1191/8883: mp-973841
  1192/8883: mp-1206026
  1193/8883: mp-16366
  1194/8883: mp-1112926
  1195/8883: mp-984704
unable to access bucket: 'materialsproject-parsed' key: 'chgcars/mp-1429797.json.gz' version: None error: An error occurred (NoSuchKey) when calling the GetObject operation: The specified key does not exist.
  1196/8883: mp-1184458
  1197/8883: mp-1186857
  1198/8883: mp-1183809
  1199/8883: mp-1112260
  1200/8883: mp-1113873
  1201/8883: mp-861913
  1202/8883: mp-862990
  1203/8883: mp-1185505
  1204/8883: mp-861505
unable to access bucket: 'materialsproject-parsed' key: 'chgcars/mp-1400223.json.gz' version: None error: An error occurred (NoSuchKey) when calling the GetObject operation: The specified key does not exist.
  1205/8883: mp-8632
  1206/8883: mp-1185484
  1207/8883: mp-989610
unable to access bucket: 'materialsproject-parsed' key: 'chgcars/mp-1411433.json.gz' version: None error: An error occurred (NoSuchKey) when calling the GetObject operation: The specified key does not exist.
  1208/8883: mp-861963
unable to access bucket: 'materialsproject-parsed' key: 'chgcars/mp-1425395.json.gz' version: None error: An error occurred (NoSuchKey) when calling the GetObject operation: The specified key does not exist.
  1209/8883: mp-865909
  1210/8883: mp-1001602
unable to access bucket: 'materialsproject-parsed' key: 'chgcars/mp-1400968.json.gz' version: None error: An error occurred (NoSuchKey) when calling the GetObject operation: The specified key does not exist.
  1211/8883: mp-865608
unable to access bucket: 'materialsproject-parsed' key: 'chgcars/mp-1435670.json.gz' version: None error: An error occurred (NoSuchKey) when calling the GetObject operation: The specified key does not exist.
  1212/8883: mp-1184283
  1213/8883: mp-27125
  1214/8883: mp-866071
  1215/8883: mp-1079382
unable to access bucket: 'materialsproject-parsed' key: 'chgcars/mp-1393444.json.gz' version: None error: An error occurred (NoSuchKey) when calling the GetObject operation: The specified key does not exist.
  1216/8883: mp-1006112
  1217/8883: mp-1187932
  1218/8883: mp-976406
  1219/8883: mp-1186223
unable to access bucket: 'materialsproject-parsed' key: 'chgcars/mp-1417040.json.gz' version: None error: An error occurred (NoSuchKey) when calling the GetObject operation: The specified key does not exist.
  1220/8883: mp-22916
  1221/8883: mp-862900
unable to access bucket: 'materialsproject-parsed' key: 'chgcars/mp-1391203.json.gz' version: None error: An error occurred (NoSuchKey) when calling the GetObject operation: The specified key does not exist.
  1222/8883: mp-974789
unable to access bucket: 'materialsproject-parsed' key: 'chgcars/mp-1403390.json.gz' version: None error: An error occurred (NoSuchKey) when calling the GetObject operation: The specified key does not exist.
  1223/8883: mp-866295
unable to access bucket: 'materialsproject-parsed' key: 'chgcars/mp-1437036.json.gz' version: None error: An error occurred (NoSuchKey) when calling the GetObject operation: The specified key does not exist.
  1224/8883: mp-13560
  1225/8883: mp-24095
unable to access bucket: 'materialsproject-parsed' key: 'chgcars/mp-1442027.json.gz' version: None error: An error occurred (NoSuchKey) when calling the GetObject operation: The specified key does not exist.
  1226/8883: mp-972640
unable to access bucket: 'materialsproject-parsed' key: 'chgcars/mp-1416312.json.gz' version: None error: An error occurred (NoSuchKey) when calling the GetObject operation: The specified key does not exist.
  1227/8883: mp-865472
unable to access bucket: 'materialsproject-parsed' key: 'chgcars/mp-1432654.json.gz' version: None error: An error occurred (NoSuchKey) when calling the GetObject operation: The specified key does not exist.
  1228/8883: mp-557958
  1229/8883: mp-1111477
  1230/8883: mp-1187374
  1231/8883: mp-862287
unable to access bucket: 'materialsproject-parsed' key: 'chgcars/mp-1422802.json.gz' version: None error: An error occurred (NoSuchKey) when calling the GetObject operation: The specified key does not exist.
  1232/8883: mp-1079529
  1233/8883: mp-867344
  1234/8883: mp-1111836
  1235/8883: mp-1184662
unable to access bucket: 'materialsproject-parsed' key: 'chgcars/mp-1504639.json.gz' version: None error: An error occurred (NoSuchKey) when calling the GetObject operation: The specified key does not exist.
  1236/8883: mp-1080527
unable to access bucket: 'materialsproject-parsed' key: 'chgcars/mp-1383016.json.gz' version: None error: An error occurred (NoSuchKey) when calling the GetObject operation: The specified key does not exist.
  1237/8883: mp-723017
unable to access bucket: 'materialsproject-parsed' key: 'chgcars/mp-1432367.json.gz' version: None error: An error occurred (NoSuchKey) when calling the GetObject operation: The specified key does not exist.
  1238/8883: mp-1186751
  1239/8883: mp-865954
unable to access bucket: 'materialsproject-parsed' key: 'chgcars/mp-1400664.json.gz' version: None error: An error occurred (NoSuchKey) when calling the GetObject operation: The specified key does not exist.
  1240/8883: mp-1112184
  1241/8883: mp-867253
unable to access bucket: 'materialsproject-parsed' key: 'chgcars/mp-1424616.json.gz' version: None error: An error occurred (NoSuchKey) when calling the GetObject operation: The specified key does not exist.
  1242/8883: mp-1112439
  1243/8883: mp-1112245
unable to access bucket: 'materialsproject-parsed' key: 'chgcars/mp-1398408.json.gz' version: None error: An error occurred (NoSuchKey) when calling the GetObject operation: The specified key does not exist.
  1244/8883: mp-567465
  1245/8883: mp-1112359
  1246/8883: mp-865538
  1247/8883: mp-1232361
unable to access bucket: 'materialsproject-parsed' key: 'chgcars/mp-1408711.json.gz' version: None error: An error occurred (NoSuchKey) when calling the GetObject operation: The specified key does not exist.
  1248/8883: mp-1113040
  1249/8883: mp-865801
unable to access bucket: 'materialsproject-parsed' key: 'chgcars/mp-1426486.json.gz' version: None error: An error occurred (NoSuchKey) when calling the GetObject operation: The specified key does not exist.
  1250/8883: mp-865337
unable to access bucket: 'materialsproject-parsed' key: 'chgcars/mp-1399564.json.gz' version: None error: An error occurred (NoSuchKey) when calling the GetObject operation: The specified key does not exist.
  1251/8883: mp-1184593
unable to access bucket: 'materialsproject-parsed' key: 'chgcars/mp-1417903.json.gz' version: None error: An error occurred (NoSuchKey) when calling the GetObject operation: The specified key does not exist.
  1252/8883: mp-2863
  1253/8883: mp-867201
unable to access bucket: 'materialsproject-parsed' key: 'chgcars/mp-1413318.json.gz' version: None error: An error occurred (NoSuchKey) when calling the GetObject operation: The specified key does not exist.
  1254/8883: mp-1112911
unable to access bucket: 'materialsproject-parsed' key: 'chgcars/mp-1412127.json.gz' version: None error: An error occurred (NoSuchKey) when calling the GetObject operation: The specified key does not exist.
  1255/8883: mp-1110811
  1256/8883: mp-570442
unable to access bucket: 'materialsproject-parsed' key: 'chgcars/mp-1445007.json.gz' version: None error: An error occurred (NoSuchKey) when calling the GetObject operation: The specified key does not exist.
  1257/8883: mp-866140
  1258/8883: mp-1114168
  1259/8883: mp-1205696
  1260/8883: mp-867826
  1261/8883: mp-862972
  1262/8883: mp-1184097
  1263/8883: mp-867880
  1264/8883: mp-865152
unable to access bucket: 'materialsproject-parsed' key: 'chgcars/mp-1435006.json.gz' version: None error: An error occurred (NoSuchKey) when calling the GetObject operation: The specified key does not exist.
  1265/8883: mp-1187704
  1266/8883: mp-975886
unable to access bucket: 'materialsproject-parsed' key: 'chgcars/mp-1426978.json.gz' version: None error: An error occurred (NoSuchKey) when calling the GetObject operation: The specified key does not exist.
  1267/8883: mp-1220306
  1268/8883: mp-978558
  1269/8883: mp-1112205
  1270/8883: mp-971924
  1271/8883: mp-866213
unable to access bucket: 'materialsproject-parsed' key: 'chgcars/mp-1413533.json.gz' version: None error: An error occurred (NoSuchKey) when calling the GetObject operation: The specified key does not exist.
  1272/8883: mp-1111432
unable to access bucket: 'materialsproject-parsed' key: 'chgcars/mp-1395062.json.gz' version: None error: An error occurred (NoSuchKey) when calling the GetObject operation: The specified key does not exist.
  1273/8883: mp-1184889
unable to access bucket: 'materialsproject-parsed' key: 'chgcars/mp-1397117.json.gz' version: None error: An error occurred (NoSuchKey) when calling the GetObject operation: The specified key does not exist.
  1274/8883: mp-1078457
unable to access bucket: 'materialsproject-parsed' key: 'chgcars/mp-1419820.json.gz' version: None error: An error occurred (NoSuchKey) when calling the GetObject operation: The specified key does not exist.
  1275/8883: mp-1183078
  1276/8883: mp-1209091
  1277/8883: mp-980052
  1278/8883: mp-865659
unable to access bucket: 'materialsproject-parsed' key: 'chgcars/mp-1424355.json.gz' version: None error: An error occurred (NoSuchKey) when calling the GetObject operation: The specified key does not exist.
  1279/8883: mp-1110886
unable to access bucket: 'materialsproject-parsed' key: 'chgcars/mp-1408922.json.gz' version: None error: An error occurred (NoSuchKey) when calling the GetObject operation: The specified key does not exist.
  1280/8883: mp-1187958
  1281/8883: mp-980059
  1282/8883: mp-866002
unable to access bucket: 'materialsproject-parsed' key: 'chgcars/mp-1432334.json.gz' version: None error: An error occurred (NoSuchKey) when calling the GetObject operation: The specified key does not exist.
  1283/8883: mp-568512
  1284/8883: mp-862843
  1285/8883: mp-972866
  1286/8883: mp-1112495
  1287/8883: mp-977360
unable to access bucket: 'materialsproject-parsed' key: 'chgcars/mp-1415255.json.gz' version: None error: An error occurred (NoSuchKey) when calling the GetObject operation: The specified key does not exist.
  1288/8883: mp-977162
unable to access bucket: 'materialsproject-parsed' key: 'chgcars/mp-1446560.json.gz' version: None error: An error occurred (NoSuchKey) when calling the GetObject operation: The specified key does not exist.
  1289/8883: mp-1078303
unable to access bucket: 'materialsproject-parsed' key: 'chgcars/mp-1300267.json.gz' version: None error: An error occurred (NoSuchKey) when calling the GetObject operation: The specified key does not exist.
  1290/8883: mp-1212316
  1291/8883: mp-22594
  1292/8883: mp-1095079
  1293/8883: mp-865369
unable to access bucket: 'materialsproject-parsed' key: 'chgcars/mp-1432033.json.gz' version: None error: An error occurred (NoSuchKey) when calling the GetObject operation: The specified key does not exist.
  1294/8883: mp-1184520
unable to access bucket: 'materialsproject-parsed' key: 'chgcars/mp-1396329.json.gz' version: None error: An error occurred (NoSuchKey) when calling the GetObject operation: The specified key does not exist.
  1295/8883: mp-1007853
  1296/8883: mp-862710
unable to access bucket: 'materialsproject-parsed' key: 'chgcars/mp-1423907.json.gz' version: None error: An error occurred (NoSuchKey) when calling the GetObject operation: The specified key does not exist.
  1297/8883: mp-865737
unable to access bucket: 'materialsproject-parsed' key: 'chgcars/mp-1420983.json.gz' version: None error: An error occurred (NoSuchKey) when calling the GetObject operation: The specified key does not exist.
  1298/8883: mp-865906
unable to access bucket: 'materialsproject-parsed' key: 'chgcars/mp-1427235.json.gz' version: None error: An error occurred (NoSuchKey) when calling the GetObject operation: The specified key does not exist.
  1299/8883: mp-1113094
  1300/8883: mp-863713
unable to access bucket: 'materialsproject-parsed' key: 'chgcars/mp-1399375.json.gz' version: None error: An error occurred (NoSuchKey) when calling the GetObject operation: The specified key does not exist.
  1301/8883: mp-1183877
  1302/8883: mp-867804
  1303/8883: mp-867325
  1304/8883: mp-1186793
  1305/8883: mp-977439
  1306/8883: mp-1147639
  1307/8883: mp-636232
  1308/8883: mp-1112895
unable to access bucket: 'materialsproject-parsed' key: 'chgcars/mp-1366842.json.gz' version: None error: An error occurred (NoSuchKey) when calling the GetObject operation: The specified key does not exist.
  1309/8883: mp-867333
  1310/8883: mp-865581
  1311/8883: mp-1112257
unable to access bucket: 'materialsproject-parsed' key: 'chgcars/mp-1396299.json.gz' version: None error: An error occurred (NoSuchKey) when calling the GetObject operation: The specified key does not exist.
  1312/8883: mp-1111618
  1313/8883: mp-22672
unable to access bucket: 'materialsproject-parsed' key: 'chgcars/mp-1439062.json.gz' version: None error: An error occurred (NoSuchKey) when calling the GetObject operation: The specified key does not exist.
  1314/8883: mp-7331
  1315/8883: mp-865271
unable to access bucket: 'materialsproject-parsed' key: 'chgcars/mp-1432670.json.gz' version: None error: An error occurred (NoSuchKey) when calling the GetObject operation: The specified key does not exist.
  1316/8883: mp-864669
unable to access bucket: 'materialsproject-parsed' key: 'chgcars/mp-1415658.json.gz' version: None error: An error occurred (NoSuchKey) when calling the GetObject operation: The specified key does not exist.
  1317/8883: mp-23301
unable to access bucket: 'materialsproject-parsed' key: 'chgcars/mp-1437847.json.gz' version: None error: An error occurred (NoSuchKey) when calling the GetObject operation: The specified key does not exist.
  1318/8883: mp-1112157
  1319/8883: mp-865247
  1320/8883: mp-1184251
unable to access bucket: 'materialsproject-parsed' key: 'chgcars/mp-1397052.json.gz' version: None error: An error occurred (NoSuchKey) when calling the GetObject operation: The specified key does not exist.
  1321/8883: mp-2199
  1322/8883: mp-1206014
  1323/8883: mp-1186832
unable to access bucket: 'materialsproject-parsed' key: 'chgcars/mp-1389197.json.gz' version: None error: An error occurred (NoSuchKey) when calling the GetObject operation: The specified key does not exist.
  1324/8883: mp-1185025
unable to access bucket: 'materialsproject-parsed' key: 'chgcars/mp-1400783.json.gz' version: None error: An error occurred (NoSuchKey) when calling the GetObject operation: The specified key does not exist.
  1325/8883: mp-1187153
unable to access bucket: 'materialsproject-parsed' key: 'chgcars/mp-1394167.json.gz' version: None error: An error occurred (NoSuchKey) when calling the GetObject operation: The specified key does not exist.
  1326/8883: mp-861672
unable to access bucket: 'materialsproject-parsed' key: 'chgcars/mp-1413171.json.gz' version: None error: An error occurred (NoSuchKey) when calling the GetObject operation: The specified key does not exist.
  1327/8883: mp-1186351
unable to access bucket: 'materialsproject-parsed' key: 'chgcars/mp-1401921.json.gz' version: None error: An error occurred (NoSuchKey) when calling the GetObject operation: The specified key does not exist.
  1328/8883: mp-1183811
unable to access bucket: 'materialsproject-parsed' key: 'chgcars/mp-1445327.json.gz' version: None error: An error occurred (NoSuchKey) when calling the GetObject operation: The specified key does not exist.
  1329/8883: mp-6798
unable to access bucket: 'materialsproject-parsed' key: 'chgcars/mp-1414337.json.gz' version: None error: An error occurred (NoSuchKey) when calling the GetObject operation: The specified key does not exist.
  1330/8883: mp-1018017
  1331/8883: mp-867910
  1332/8883: mp-1186583
unable to access bucket: 'materialsproject-parsed' key: 'chgcars/mp-1429905.json.gz' version: None error: An error occurred (NoSuchKey) when calling the GetObject operation: The specified key does not exist.
  1333/8883: mp-977575
  1334/8883: mp-7381
  1335/8883: mp-631455
unable to access bucket: 'materialsproject-parsed' key: 'chgcars/mp-1433819.json.gz' version: None error: An error occurred (NoSuchKey) when calling the GetObject operation: The specified key does not exist.
  1336/8883: mp-867269
unable to access bucket: 'materialsproject-parsed' key: 'chgcars/mp-1420827.json.gz' version: None error: An error occurred (NoSuchKey) when calling the GetObject operation: The specified key does not exist.
  1337/8883: mp-989561
  1338/8883: mp-1110862
  1339/8883: mp-20194
  1340/8883: mp-1111709
  1341/8883: mp-989572
  1342/8883: mp-20211
  1343/8883: mp-1187809
unable to access bucket: 'materialsproject-parsed' key: 'chgcars/mp-1426159.json.gz' version: None error: An error occurred (NoSuchKey) when calling the GetObject operation: The specified key does not exist.
  1344/8883: mp-1184896
unable to access bucket: 'materialsproject-parsed' key: 'chgcars/mp-1399118.json.gz' version: None error: An error occurred (NoSuchKey) when calling the GetObject operation: The specified key does not exist.
  1345/8883: mp-12730
  1346/8883: mp-1187194
unable to access bucket: 'materialsproject-parsed' key: 'chgcars/mp-1405078.json.gz' version: None error: An error occurred (NoSuchKey) when calling the GetObject operation: The specified key does not exist.
  1347/8883: mp-622636
unable to access bucket: 'materialsproject-parsed' key: 'chgcars/mp-1438086.json.gz' version: None error: An error occurred (NoSuchKey) when calling the GetObject operation: The specified key does not exist.
  1348/8883: mp-23059
  1349/8883: mp-1111272
  1350/8883: mp-1207020
unable to access bucket: 'materialsproject-parsed' key: 'chgcars/mp-1389804.json.gz' version: None error: An error occurred (NoSuchKey) when calling the GetObject operation: The specified key does not exist.
  1351/8883: mp-972241
unable to access bucket: 'materialsproject-parsed' key: 'chgcars/mp-1416538.json.gz' version: None error: An error occurred (NoSuchKey) when calling the GetObject operation: The specified key does not exist.
  1352/8883: mp-1110788
  1353/8883: mp-1187803
  1354/8883: mp-1110581
  1355/8883: mp-1182179
  1356/8883: mp-1183268
unable to access bucket: 'materialsproject-parsed' key: 'chgcars/mp-1771374.json.gz' version: None error: An error occurred (NoSuchKey) when calling the GetObject operation: The specified key does not exist.
  1357/8883: mp-865897
  1358/8883: mp-11519
  1359/8883: mp-1186023
  1360/8883: mp-982870
unable to access bucket: 'materialsproject-parsed' key: 'chgcars/mp-1433992.json.gz' version: None error: An error occurred (NoSuchKey) when calling the GetObject operation: The specified key does not exist.
  1361/8883: mp-1111111
  1362/8883: mp-8022
  1363/8883: mp-628606
  1364/8883: mp-3504
  1365/8883: mp-865715
  1366/8883: mp-865497
  1367/8883: mp-1111016
  1368/8883: mp-1111325
  1369/8883: mp-863717
  1370/8883: mp-984767
unable to access bucket: 'materialsproject-parsed' key: 'chgcars/mp-1387858.json.gz' version: None error: An error occurred (NoSuchKey) when calling the GetObject operation: The specified key does not exist.
  1371/8883: mp-1100765
  1372/8883: mp-861978
  1373/8883: mp-1111349
  1374/8883: mp-36
  1375/8883: mp-864791
unable to access bucket: 'materialsproject-parsed' key: 'chgcars/mp-1433721.json.gz' version: None error: An error occurred (NoSuchKey) when calling the GetObject operation: The specified key does not exist.
  1376/8883: mp-1193281
  1377/8883: mp-989511
  1378/8883: mp-19830
unable to access bucket: 'materialsproject-parsed' key: 'chgcars/mp-1440897.json.gz' version: None error: An error occurred (NoSuchKey) when calling the GetObject operation: The specified key does not exist.
  1379/8883: mp-22712
  1380/8883: mp-1111078
unable to access bucket: 'materialsproject-parsed' key: 'chgcars/mp-1389945.json.gz' version: None error: An error occurred (NoSuchKey) when calling the GetObject operation: The specified key does not exist.
  1381/8883: mp-1111108
  1382/8883: mp-1187013
  1383/8883: mp-1185453
  1384/8883: mp-1187272
  1385/8883: mp-1112000
  1386/8883: mp-867767
  1387/8883: mp-1186795
unable to access bucket: 'materialsproject-parsed' key: 'chgcars/mp-1421023.json.gz' version: None error: An error occurred (NoSuchKey) when calling the GetObject operation: The specified key does not exist.
  1388/8883: mp-1206163
  1389/8883: mp-1207215
unable to access bucket: 'materialsproject-parsed' key: 'chgcars/mp-1385124.json.gz' version: None error: An error occurred (NoSuchKey) when calling the GetObject operation: The specified key does not exist.
  1390/8883: mp-2612
unable to access bucket: 'materialsproject-parsed' key: 'chgcars/mp-1440909.json.gz' version: None error: An error occurred (NoSuchKey) when calling the GetObject operation: The specified key does not exist.
  1391/8883: mp-570798
  1392/8883: mp-1039447
unable to access bucket: 'materialsproject-parsed' key: 'chgcars/mp-1395910.json.gz' version: None error: An error occurred (NoSuchKey) when calling the GetObject operation: The specified key does not exist.
  1393/8883: mp-989529
  1394/8883: mp-1183826
  1395/8883: mp-1193515
  1396/8883: mp-862680
unable to access bucket: 'materialsproject-parsed' key: 'chgcars/mp-1429088.json.gz' version: None error: An error occurred (NoSuchKey) when calling the GetObject operation: The specified key does not exist.
  1397/8883: mp-1208981
  1398/8883: mp-973434
unable to access bucket: 'materialsproject-parsed' key: 'chgcars/mp-1414291.json.gz' version: None error: An error occurred (NoSuchKey) when calling the GetObject operation: The specified key does not exist.
  1399/8883: mp-865174
unable to access bucket: 'materialsproject-parsed' key: 'chgcars/mp-1429404.json.gz' version: None error: An error occurred (NoSuchKey) when calling the GetObject operation: The specified key does not exist.
  1400/8883: mp-865842
  1401/8883: mp-1111287
  1402/8883: mp-1112647
unable to access bucket: 'materialsproject-parsed' key: 'chgcars/mp-1345919.json.gz' version: None error: An error occurred (NoSuchKey) when calling the GetObject operation: The specified key does not exist.
  1403/8883: mp-1111471
  1404/8883: mp-971985
  1405/8883: mp-1112105
  1406/8883: mp-982725
  1407/8883: mp-1112438
unable to access bucket: 'materialsproject-parsed' key: 'chgcars/mp-1399743.json.gz' version: None error: An error occurred (NoSuchKey) when calling the GetObject operation: The specified key does not exist.
  1408/8883: mp-631377
unable to access bucket: 'materialsproject-parsed' key: 'chgcars/mp-1504046.json.gz' version: None error: An error occurred (NoSuchKey) when calling the GetObject operation: The specified key does not exist.
  1409/8883: mp-9349
  1410/8883: mp-1205668
unable to access bucket: 'materialsproject-parsed' key: 'chgcars/mp-1391086.json.gz' version: None error: An error occurred (NoSuchKey) when calling the GetObject operation: The specified key does not exist.
  1411/8883: mp-1111190
unable to access bucket: 'materialsproject-parsed' key: 'chgcars/mp-1444045.json.gz' version: None error: An error occurred (NoSuchKey) when calling the GetObject operation: The specified key does not exist.
  1412/8883: mp-540957
  1413/8883: mp-1114119
  1414/8883: mp-2530
  1415/8883: mp-1112927
  1416/8883: mp-1072204
  1417/8883: mp-976412
unable to access bucket: 'materialsproject-parsed' key: 'chgcars/mp-1415314.json.gz' version: None error: An error occurred (NoSuchKey) when calling the GetObject operation: The specified key does not exist.
  1418/8883: mp-976122
unable to access bucket: 'materialsproject-parsed' key: 'chgcars/mp-1434454.json.gz' version: None error: An error occurred (NoSuchKey) when calling the GetObject operation: The specified key does not exist.
  1419/8883: mp-1184818
unable to access bucket: 'materialsproject-parsed' key: 'chgcars/mp-1436895.json.gz' version: None error: An error occurred (NoSuchKey) when calling the GetObject operation: The specified key does not exist.
  1420/8883: mp-1186089
unable to access bucket: 'materialsproject-parsed' key: 'chgcars/mp-1385186.json.gz' version: None error: An error occurred (NoSuchKey) when calling the GetObject operation: The specified key does not exist.
  1421/8883: mp-1113050
unable to access bucket: 'materialsproject-parsed' key: 'chgcars/mp-1409146.json.gz' version: None error: An error occurred (NoSuchKey) when calling the GetObject operation: The specified key does not exist.
  1422/8883: mp-1206567
  1423/8883: mp-1205847
  1424/8883: mp-1112620
unable to access bucket: 'materialsproject-parsed' key: 'chgcars/mp-1398468.json.gz' version: None error: An error occurred (NoSuchKey) when calling the GetObject operation: The specified key does not exist.
  1425/8883: mp-864831
unable to access bucket: 'materialsproject-parsed' key: 'chgcars/mp-1422949.json.gz' version: None error: An error occurred (NoSuchKey) when calling the GetObject operation: The specified key does not exist.
  1426/8883: mp-1183747
  1427/8883: mp-976595
  1428/8883: mp-866194
  1429/8883: mp-1184094
unable to access bucket: 'materialsproject-parsed' key: 'chgcars/mp-1424106.json.gz' version: None error: An error occurred (NoSuchKey) when calling the GetObject operation: The specified key does not exist.
  1430/8883: mp-1207426
unable to access bucket: 'materialsproject-parsed' key: 'chgcars/mp-1345730.json.gz' version: None error: An error occurred (NoSuchKey) when calling the GetObject operation: The specified key does not exist.
  1431/8883: mp-23950
unable to access bucket: 'materialsproject-parsed' key: 'chgcars/mp-1416109.json.gz' version: None error: An error occurred (NoSuchKey) when calling the GetObject operation: The specified key does not exist.
  1432/8883: mp-1112017
  1433/8883: mp-862372
unable to access bucket: 'materialsproject-parsed' key: 'chgcars/mp-1429721.json.gz' version: None error: An error occurred (NoSuchKey) when calling the GetObject operation: The specified key does not exist.
  1434/8883: mp-863705
  1435/8883: mp-1232420
unable to access bucket: 'materialsproject-parsed' key: 'chgcars/mp-1416914.json.gz' version: None error: An error occurred (NoSuchKey) when calling the GetObject operation: The specified key does not exist.
  1436/8883: mp-21391
unable to access bucket: 'materialsproject-parsed' key: 'chgcars/mp-1439310.json.gz' version: None error: An error occurred (NoSuchKey) when calling the GetObject operation: The specified key does not exist.
  1437/8883: mp-1184847
  1438/8883: mp-24412
  1439/8883: mp-27839
unable to access bucket: 'materialsproject-parsed' key: 'chgcars/mp-1423061.json.gz' version: None error: An error occurred (NoSuchKey) when calling the GetObject operation: The specified key does not exist.
  1440/8883: mp-1747
  1441/8883: mp-979939
  1442/8883: mp-864840
  1443/8883: mp-4583
  1444/8883: mp-1184134
  1445/8883: mp-1110706
  1446/8883: mp-2002
  1447/8883: mp-1110965
  1448/8883: mp-972327
unable to access bucket: 'materialsproject-parsed' key: 'chgcars/mp-1294611.json.gz' version: None error: An error occurred (NoSuchKey) when calling the GetObject operation: The specified key does not exist.
  1449/8883: mp-866219
unable to access bucket: 'materialsproject-parsed' key: 'chgcars/mp-1431805.json.gz' version: None error: An error occurred (NoSuchKey) when calling the GetObject operation: The specified key does not exist.
  1450/8883: mp-1206032
unable to access bucket: 'materialsproject-parsed' key: 'chgcars/mp-1387774.json.gz' version: None error: An error occurred (NoSuchKey) when calling the GetObject operation: The specified key does not exist.
  1451/8883: mp-1207229
unable to access bucket: 'materialsproject-parsed' key: 'chgcars/mp-1412451.json.gz' version: None error: An error occurred (NoSuchKey) when calling the GetObject operation: The specified key does not exist.
  1452/8883: mp-975896
unable to access bucket: 'materialsproject-parsed' key: 'chgcars/mp-1408317.json.gz' version: None error: An error occurred (NoSuchKey) when calling the GetObject operation: The specified key does not exist.
  1453/8883: mp-862752
unable to access bucket: 'materialsproject-parsed' key: 'chgcars/mp-1504900.json.gz' version: None error: An error occurred (NoSuchKey) when calling the GetObject operation: The specified key does not exist.
  1454/8883: mp-1112334
  1455/8883: mp-1111425
  1456/8883: mp-1187378
unable to access bucket: 'materialsproject-parsed' key: 'chgcars/mp-1430830.json.gz' version: None error: An error occurred (NoSuchKey) when calling the GetObject operation: The specified key does not exist.
  1457/8883: mp-863759
unable to access bucket: 'materialsproject-parsed' key: 'chgcars/mp-1394136.json.gz' version: None error: An error occurred (NoSuchKey) when calling the GetObject operation: The specified key does not exist.
  1458/8883: mp-984768
  1459/8883: mp-1187762
  1460/8883: mp-571059
unable to access bucket: 'materialsproject-parsed' key: 'chgcars/mp-1441054.json.gz' version: None error: An error occurred (NoSuchKey) when calling the GetObject operation: The specified key does not exist.
  1461/8883: mp-989520
unable to access bucket: 'materialsproject-parsed' key: 'chgcars/mp-1409039.json.gz' version: None error: An error occurred (NoSuchKey) when calling the GetObject operation: The specified key does not exist.
  1462/8883: mp-1367
  1463/8883: mp-510401
  1464/8883: mp-1111326
  1465/8883: mp-1187473
  1466/8883: mp-3791
  1467/8883: mp-1079023
  1468/8883: mp-1110814
unable to access bucket: 'materialsproject-parsed' key: 'chgcars/mp-1400976.json.gz' version: None error: An error occurred (NoSuchKey) when calling the GetObject operation: The specified key does not exist.
  1469/8883: mp-1186218
unable to access bucket: 'materialsproject-parsed' key: 'chgcars/mp-1432853.json.gz' version: None error: An error occurred (NoSuchKey) when calling the GetObject operation: The specified key does not exist.
  1470/8883: mp-864963
  1471/8883: mp-1394
  1472/8883: mp-151
  1473/8883: mp-864837
unable to access bucket: 'materialsproject-parsed' key: 'chgcars/mp-1415232.json.gz' version: None error: An error occurred (NoSuchKey) when calling the GetObject operation: The specified key does not exist.
  1474/8883: mp-978554
unable to access bucket: 'materialsproject-parsed' key: 'chgcars/mp-1434762.json.gz' version: None error: An error occurred (NoSuchKey) when calling the GetObject operation: The specified key does not exist.
  1475/8883: mp-1112318
  1476/8883: mp-865630
  1477/8883: mp-1185057
unable to access bucket: 'materialsproject-parsed' key: 'chgcars/mp-1395308.json.gz' version: None error: An error occurred (NoSuchKey) when calling the GetObject operation: The specified key does not exist.
  1478/8883: mp-861497
  1479/8883: mp-866096
unable to access bucket: 'materialsproject-parsed' key: 'chgcars/mp-1432249.json.gz' version: None error: An error occurred (NoSuchKey) when calling the GetObject operation: The specified key does not exist.
  1480/8883: mp-1185331
unable to access bucket: 'materialsproject-parsed' key: 'chgcars/mp-1434223.json.gz' version: None error: An error occurred (NoSuchKey) when calling the GetObject operation: The specified key does not exist.
  1481/8883: mp-1209491
  1482/8883: mp-867794
unable to access bucket: 'materialsproject-parsed' key: 'chgcars/mp-1393906.json.gz' version: None error: An error occurred (NoSuchKey) when calling the GetObject operation: The specified key does not exist.
  1483/8883: mp-1183197
unable to access bucket: 'materialsproject-parsed' key: 'chgcars/mp-1387580.json.gz' version: None error: An error occurred (NoSuchKey) when calling the GetObject operation: The specified key does not exist.
  1484/8883: mp-861726
unable to access bucket: 'materialsproject-parsed' key: 'chgcars/mp-1418210.json.gz' version: None error: An error occurred (NoSuchKey) when calling the GetObject operation: The specified key does not exist.
  1485/8883: mp-22503
  1486/8883: mp-864944
  1487/8883: mp-861915
unable to access bucket: 'materialsproject-parsed' key: 'chgcars/mp-1402460.json.gz' version: None error: An error occurred (NoSuchKey) when calling the GetObject operation: The specified key does not exist.
  1488/8883: mp-862933
unable to access bucket: 'materialsproject-parsed' key: 'chgcars/mp-1433584.json.gz' version: None error: An error occurred (NoSuchKey) when calling the GetObject operation: The specified key does not exist.
  1489/8883: mp-1112159
  1490/8883: mp-1184951
unable to access bucket: 'materialsproject-parsed' key: 'chgcars/mp-1421916.json.gz' version: None error: An error occurred (NoSuchKey) when calling the GetObject operation: The specified key does not exist.
  1491/8883: mp-1110889
  1492/8883: mp-862743
unable to access bucket: 'materialsproject-parsed' key: 'chgcars/mp-1414182.json.gz' version: None error: An error occurred (NoSuchKey) when calling the GetObject operation: The specified key does not exist.
  1493/8883: mp-1228086
  1494/8883: mp-1476
  1495/8883: mp-5385
  1496/8883: mp-1184494
unable to access bucket: 'materialsproject-parsed' key: 'chgcars/mp-1405001.json.gz' version: None error: An error occurred (NoSuchKey) when calling the GetObject operation: The specified key does not exist.
  1497/8883: mp-1110888
  1498/8883: mp-1111285
  1499/8883: mp-1205582
unable to access bucket: 'materialsproject-parsed' key: 'chgcars/mp-1276231.json.gz' version: None error: An error occurred (NoSuchKey) when calling the GetObject operation: The specified key does not exist.
  1500/8883: mp-1185386
  1501/8883: mp-862881
unable to access bucket: 'materialsproject-parsed' key: 'chgcars/mp-1446141.json.gz' version: None error: An error occurred (NoSuchKey) when calling the GetObject operation: The specified key does not exist.
  1502/8883: mp-1187660
unable to access bucket: 'materialsproject-parsed' key: 'chgcars/mp-1390492.json.gz' version: None error: An error occurred (NoSuchKey) when calling the GetObject operation: The specified key does not exist.
  1503/8883: mp-1111400
unable to access bucket: 'materialsproject-parsed' key: 'chgcars/mp-1391637.json.gz' version: None error: An error occurred (NoSuchKey) when calling the GetObject operation: The specified key does not exist.
  1504/8883: mp-1112877
  1505/8883: mp-4552
  1506/8883: mp-10197
  1507/8883: mp-865275
unable to access bucket: 'materialsproject-parsed' key: 'chgcars/mp-1435123.json.gz' version: None error: An error occurred (NoSuchKey) when calling the GetObject operation: The specified key does not exist.
  1508/8883: mp-861961
unable to access bucket: 'materialsproject-parsed' key: 'chgcars/mp-1417990.json.gz' version: None error: An error occurred (NoSuchKey) when calling the GetObject operation: The specified key does not exist.
  1509/8883: mp-19282
  1510/8883: mp-1100770
unable to access bucket: 'materialsproject-parsed' key: 'chgcars/mp-1390279.json.gz' version: None error: An error occurred (NoSuchKey) when calling the GetObject operation: The specified key does not exist.
  1511/8883: mp-1111433
  1512/8883: mp-1018144
  1513/8883: mp-1187253
  1514/8883: mp-1206369
  1515/8883: mp-1185243
  1516/8883: mp-983412
  1517/8883: mp-974583
  1518/8883: mp-1186139
unable to access bucket: 'materialsproject-parsed' key: 'chgcars/mp-1399240.json.gz' version: None error: An error occurred (NoSuchKey) when calling the GetObject operation: The specified key does not exist.
  1519/8883: mp-1192585
  1520/8883: mp-973533
unable to access bucket: 'materialsproject-parsed' key: 'chgcars/mp-1429804.json.gz' version: None error: An error occurred (NoSuchKey) when calling the GetObject operation: The specified key does not exist.
  1521/8883: mp-631498
unable to access bucket: 'materialsproject-parsed' key: 'chgcars/mp-1414082.json.gz' version: None error: An error occurred (NoSuchKey) when calling the GetObject operation: The specified key does not exist.
  1522/8883: mp-866133
  1523/8883: mp-12628
unable to access bucket: 'materialsproject-parsed' key: 'chgcars/mp-1439819.json.gz' version: None error: An error occurred (NoSuchKey) when calling the GetObject operation: The specified key does not exist.
  1524/8883: mp-1008224
  1525/8883: mp-989514
  1526/8883: mp-867919
unable to access bucket: 'materialsproject-parsed' key: 'chgcars/mp-1431337.json.gz' version: None error: An error occurred (NoSuchKey) when calling the GetObject operation: The specified key does not exist.
  1527/8883: mp-1112194
unable to access bucket: 'materialsproject-parsed' key: 'chgcars/mp-1385869.json.gz' version: None error: An error occurred (NoSuchKey) when calling the GetObject operation: The specified key does not exist.
  1528/8883: mp-1245352
  1529/8883: mp-1111553
  1530/8883: mp-1112127
  1531/8883: mp-1113850
  1532/8883: mp-1110712
  1533/8883: mp-862700
  1534/8883: mp-10584
unable to access bucket: 'materialsproject-parsed' key: 'chgcars/mp-1431921.json.gz' version: None error: An error occurred (NoSuchKey) when calling the GetObject operation: The specified key does not exist.
  1535/8883: mp-1185800
  1536/8883: mp-1187705
  1537/8883: mp-1187127
unable to access bucket: 'materialsproject-parsed' key: 'chgcars/mp-1385247.json.gz' version: None error: An error occurred (NoSuchKey) when calling the GetObject operation: The specified key does not exist.
  1538/8883: mp-1110802
  1539/8883: mp-1111177
unable to access bucket: 'materialsproject-parsed' key: 'chgcars/mp-1390264.json.gz' version: None error: An error occurred (NoSuchKey) when calling the GetObject operation: The specified key does not exist.
  1540/8883: mp-866216
unable to access bucket: 'materialsproject-parsed' key: 'chgcars/mp-1434966.json.gz' version: None error: An error occurred (NoSuchKey) when calling the GetObject operation: The specified key does not exist.
  1541/8883: mp-866225
unable to access bucket: 'materialsproject-parsed' key: 'chgcars/mp-1406512.json.gz' version: None error: An error occurred (NoSuchKey) when calling the GetObject operation: The specified key does not exist.
  1542/8883: mp-7171
  1543/8883: mp-1185518
  1544/8883: mp-1185425
  1545/8883: mp-1185054
  1546/8883: mp-1186121
  1547/8883: mp-1205973
  1548/8883: mp-1111492
unable to access bucket: 'materialsproject-parsed' key: 'chgcars/mp-1398744.json.gz' version: None error: An error occurred (NoSuchKey) when calling the GetObject operation: The specified key does not exist.
  1549/8883: mp-1112217
  1550/8883: mp-1111482
unable to access bucket: 'materialsproject-parsed' key: 'chgcars/mp-1445842.json.gz' version: None error: An error occurred (NoSuchKey) when calling the GetObject operation: The specified key does not exist.
  1551/8883: mp-1183672
unable to access bucket: 'materialsproject-parsed' key: 'chgcars/mp-1417720.json.gz' version: None error: An error occurred (NoSuchKey) when calling the GetObject operation: The specified key does not exist.
  1552/8883: mp-865232
  1553/8883: mp-1187984
unable to access bucket: 'materialsproject-parsed' key: 'chgcars/mp-1413078.json.gz' version: None error: An error occurred (NoSuchKey) when calling the GetObject operation: The specified key does not exist.
  1554/8883: mp-1184245
unable to access bucket: 'materialsproject-parsed' key: 'chgcars/mp-1426718.json.gz' version: None error: An error occurred (NoSuchKey) when calling the GetObject operation: The specified key does not exist.
  1555/8883: mp-867235
unable to access bucket: 'materialsproject-parsed' key: 'chgcars/mp-1423139.json.gz' version: None error: An error occurred (NoSuchKey) when calling the GetObject operation: The specified key does not exist.
  1556/8883: mp-15626
unable to access bucket: 'materialsproject-parsed' key: 'chgcars/mp-1423985.json.gz' version: None error: An error occurred (NoSuchKey) when calling the GetObject operation: The specified key does not exist.
  1557/8883: mp-23060
  1558/8883: mp-861875
unable to access bucket: 'materialsproject-parsed' key: 'chgcars/mp-1413271.json.gz' version: None error: An error occurred (NoSuchKey) when calling the GetObject operation: The specified key does not exist.
  1559/8883: mp-1113945
unable to access bucket: 'materialsproject-parsed' key: 'chgcars/mp-1410760.json.gz' version: None error: An error occurred (NoSuchKey) when calling the GetObject operation: The specified key does not exist.
  1560/8883: mp-861645
unable to access bucket: 'materialsproject-parsed' key: 'chgcars/mp-1385916.json.gz' version: None error: An error occurred (NoSuchKey) when calling the GetObject operation: The specified key does not exist.
  1561/8883: mp-984049
  1562/8883: mp-19093
unable to access bucket: 'materialsproject-parsed' key: 'chgcars/mp-1421527.json.gz' version: None error: An error occurred (NoSuchKey) when calling the GetObject operation: The specified key does not exist.
  1563/8883: mp-1114014
  1564/8883: mp-865944
  1565/8883: mp-1111315
unable to access bucket: 'materialsproject-parsed' key: 'chgcars/mp-1384191.json.gz' version: None error: An error occurred (NoSuchKey) when calling the GetObject operation: The specified key does not exist.
  1566/8883: mp-981541
  1567/8883: mp-1185016
  1568/8883: mp-866001
  1569/8883: mp-1184895
unable to access bucket: 'materialsproject-parsed' key: 'chgcars/mp-1405715.json.gz' version: None error: An error occurred (NoSuchKey) when calling the GetObject operation: The specified key does not exist.
  1570/8883: mp-989517
unable to access bucket: 'materialsproject-parsed' key: 'chgcars/mp-1386483.json.gz' version: None error: An error occurred (NoSuchKey) when calling the GetObject operation: The specified key does not exist.
  1571/8883: mp-1193995
  1572/8883: mp-1186643
  1573/8883: mp-865026
unable to access bucket: 'materialsproject-parsed' key: 'chgcars/mp-1435287.json.gz' version: None error: An error occurred (NoSuchKey) when calling the GetObject operation: The specified key does not exist.
  1574/8883: mp-1206967
  1575/8883: mp-1112070
unable to access bucket: 'materialsproject-parsed' key: 'chgcars/mp-1412551.json.gz' version: None error: An error occurred (NoSuchKey) when calling the GetObject operation: The specified key does not exist.
  1576/8883: mp-978089
  1577/8883: mp-864622
unable to access bucket: 'materialsproject-parsed' key: 'chgcars/mp-1418568.json.gz' version: None error: An error occurred (NoSuchKey) when calling the GetObject operation: The specified key does not exist.
  1578/8883: mp-1008922
  1579/8883: mp-504699
unable to access bucket: 'materialsproject-parsed' key: 'chgcars/mp-1434314.json.gz' version: None error: An error occurred (NoSuchKey) when calling the GetObject operation: The specified key does not exist.
  1580/8883: mp-1187580
  1581/8883: mp-1113018
  1582/8883: mp-1110597
  1583/8883: mp-1113451
unable to access bucket: 'materialsproject-parsed' key: 'chgcars/mp-1403760.json.gz' version: None error: An error occurred (NoSuchKey) when calling the GetObject operation: The specified key does not exist.
  1584/8883: mp-1184131
unable to access bucket: 'materialsproject-parsed' key: 'chgcars/mp-1435012.json.gz' version: None error: An error occurred (NoSuchKey) when calling the GetObject operation: The specified key does not exist.
  1585/8883: mp-1205825
unable to access bucket: 'materialsproject-parsed' key: 'chgcars/mp-1400789.json.gz' version: None error: An error occurred (NoSuchKey) when calling the GetObject operation: The specified key does not exist.
  1586/8883: mp-1206146
  1587/8883: mp-973100
  1588/8883: mp-1114191
  1589/8883: mp-1222699
unable to access bucket: 'materialsproject-parsed' key: 'chgcars/mp-1404933.json.gz' version: None error: An error occurred (NoSuchKey) when calling the GetObject operation: The specified key does not exist.
  1590/8883: mp-972236
unable to access bucket: 'materialsproject-parsed' key: 'chgcars/mp-1433912.json.gz' version: None error: An error occurred (NoSuchKey) when calling the GetObject operation: The specified key does not exist.
  1591/8883: mp-865838
  1592/8883: mp-1111932
  1593/8883: mp-866052
unable to access bucket: 'materialsproject-parsed' key: 'chgcars/mp-1407946.json.gz' version: None error: An error occurred (NoSuchKey) when calling the GetObject operation: The specified key does not exist.
  1594/8883: mp-1112570
  1595/8883: mp-1113284
  1596/8883: mp-1114116
  1597/8883: mp-30342
unable to access bucket: 'materialsproject-parsed' key: 'chgcars/mp-1475970.json.gz' version: None error: An error occurred (NoSuchKey) when calling the GetObject operation: The specified key does not exist.
  1598/8883: mp-989516
  1599/8883: mp-1186155
  1600/8883: mp-867196
unable to access bucket: 'materialsproject-parsed' key: 'chgcars/mp-1434163.json.gz' version: None error: An error occurred (NoSuchKey) when calling the GetObject operation: The specified key does not exist.
  1601/8883: mp-672191
  1602/8883: mp-12305
unable to access bucket: 'materialsproject-parsed' key: 'chgcars/mp-1399793.json.gz' version: None error: An error occurred (NoSuchKey) when calling the GetObject operation: The specified key does not exist.
  1603/8883: mp-1194036
  1604/8883: mp-1208491
  1605/8883: mp-865868
unable to access bucket: 'materialsproject-parsed' key: 'chgcars/mp-1432435.json.gz' version: None error: An error occurred (NoSuchKey) when calling the GetObject operation: The specified key does not exist.
  1606/8883: mp-864775
unable to access bucket: 'materialsproject-parsed' key: 'chgcars/mp-1433774.json.gz' version: None error: An error occurred (NoSuchKey) when calling the GetObject operation: The specified key does not exist.
  1607/8883: mp-1186472
  1608/8883: mp-1005850
unable to access bucket: 'materialsproject-parsed' key: 'chgcars/mp-1400240.json.gz' version: None error: An error occurred (NoSuchKey) when calling the GetObject operation: The specified key does not exist.
  1609/8883: mp-865892
  1610/8883: mp-865334
  1611/8883: mp-1210153
  1612/8883: mp-1110801
unable to access bucket: 'materialsproject-parsed' key: 'chgcars/mp-1398459.json.gz' version: None error: An error occurred (NoSuchKey) when calling the GetObject operation: The specified key does not exist.
  1613/8883: mp-979421
unable to access bucket: 'materialsproject-parsed' key: 'chgcars/mp-1422463.json.gz' version: None error: An error occurred (NoSuchKey) when calling the GetObject operation: The specified key does not exist.
  1614/8883: mp-20149
  1615/8883: mp-1186338
unable to access bucket: 'materialsproject-parsed' key: 'chgcars/mp-1395554.json.gz' version: None error: An error occurred (NoSuchKey) when calling the GetObject operation: The specified key does not exist.
  1616/8883: mp-1188052
unable to access bucket: 'materialsproject-parsed' key: 'chgcars/mp-1415279.json.gz' version: None error: An error occurred (NoSuchKey) when calling the GetObject operation: The specified key does not exist.
  1617/8883: mp-1186573
  1618/8883: mp-1194311
unable to access bucket: 'materialsproject-parsed' key: 'chgcars/mp-1413107.json.gz' version: None error: An error occurred (NoSuchKey) when calling the GetObject operation: The specified key does not exist.
  1619/8883: mp-1111168
unable to access bucket: 'materialsproject-parsed' key: 'chgcars/mp-1411411.json.gz' version: None error: An error occurred (NoSuchKey) when calling the GetObject operation: The specified key does not exist.
  1620/8883: mp-983426
  1621/8883: mp-862841
unable to access bucket: 'materialsproject-parsed' key: 'chgcars/mp-1429625.json.gz' version: None error: An error occurred (NoSuchKey) when calling the GetObject operation: The specified key does not exist.
  1622/8883: mp-867311
unable to access bucket: 'materialsproject-parsed' key: 'chgcars/mp-1390259.json.gz' version: None error: An error occurred (NoSuchKey) when calling the GetObject operation: The specified key does not exist.
  1623/8883: mp-1113669
unable to access bucket: 'materialsproject-parsed' key: 'chgcars/mp-1389731.json.gz' version: None error: An error occurred (NoSuchKey) when calling the GetObject operation: The specified key does not exist.
  1624/8883: mp-30727
  1625/8883: mp-554252
  1626/8883: mp-1185321
unable to access bucket: 'materialsproject-parsed' key: 'chgcars/mp-1423018.json.gz' version: None error: An error occurred (NoSuchKey) when calling the GetObject operation: The specified key does not exist.
  1627/8883: mp-1185048
unable to access bucket: 'materialsproject-parsed' key: 'chgcars/mp-1388103.json.gz' version: None error: An error occurred (NoSuchKey) when calling the GetObject operation: The specified key does not exist.
  1628/8883: mp-1111670
  1629/8883: mp-1209289
  1630/8883: mp-1184270
  1631/8883: mp-33018
  1632/8883: mp-1114234
  1633/8883: mp-862899
unable to access bucket: 'materialsproject-parsed' key: 'chgcars/mp-1422406.json.gz' version: None error: An error occurred (NoSuchKey) when calling the GetObject operation: The specified key does not exist.
  1634/8883: mp-12979
  1635/8883: mp-1111145
  1636/8883: mp-6231
  1637/8883: mp-1186242
unable to access bucket: 'materialsproject-parsed' key: 'chgcars/mp-1391204.json.gz' version: None error: An error occurred (NoSuchKey) when calling the GetObject operation: The specified key does not exist.
  1638/8883: mp-978805
  1639/8883: mp-864716
  1640/8883: mp-972752
unable to access bucket: 'materialsproject-parsed' key: 'chgcars/mp-1418321.json.gz' version: None error: An error occurred (NoSuchKey) when calling the GetObject operation: The specified key does not exist.
  1641/8883: mp-21009
  1642/8883: mp-865780
unable to access bucket: 'materialsproject-parsed' key: 'chgcars/mp-1432309.json.gz' version: None error: An error occurred (NoSuchKey) when calling the GetObject operation: The specified key does not exist.
  1643/8883: mp-1184850
  1644/8883: mp-6621
  1645/8883: mp-1187041
  1646/8883: mp-1209962
  1647/8883: mp-867775
unable to access bucket: 'materialsproject-parsed' key: 'chgcars/mp-1429082.json.gz' version: None error: An error occurred (NoSuchKey) when calling the GetObject operation: The specified key does not exist.
  1648/8883: mp-865894
unable to access bucket: 'materialsproject-parsed' key: 'chgcars/mp-1423933.json.gz' version: None error: An error occurred (NoSuchKey) when calling the GetObject operation: The specified key does not exist.
  1649/8883: mp-1112906
  1650/8883: mp-10899
  1651/8883: mp-1114110
  1652/8883: mp-1184197
unable to access bucket: 'materialsproject-parsed' key: 'chgcars/mp-1403383.json.gz' version: None error: An error occurred (NoSuchKey) when calling the GetObject operation: The specified key does not exist.
  1653/8883: mp-1205700
  1654/8883: mp-865601
unable to access bucket: 'materialsproject-parsed' key: 'chgcars/mp-1433251.json.gz' version: None error: An error occurred (NoSuchKey) when calling the GetObject operation: The specified key does not exist.
  1655/8883: mp-1187954
  1656/8883: mp-1079096
  1657/8883: mp-1113980
  1658/8883: mp-11540
  1659/8883: mp-1112445
  1660/8883: mp-866196
  1661/8883: mp-1110640
  1662/8883: mp-1183065
unable to access bucket: 'materialsproject-parsed' key: 'chgcars/mp-1421929.json.gz' version: None error: An error occurred (NoSuchKey) when calling the GetObject operation: The specified key does not exist.
  1663/8883: mp-867206
  1664/8883: mp-1207216
  1665/8883: mp-1008225
  1666/8883: mp-973734
  1667/8883: mp-1111894
  1668/8883: mp-977380
unable to access bucket: 'materialsproject-parsed' key: 'chgcars/mp-1422830.json.gz' version: None error: An error occurred (NoSuchKey) when calling the GetObject operation: The specified key does not exist.
  1669/8883: mp-1113791
  1670/8883: mp-865446
unable to access bucket: 'materialsproject-parsed' key: 'chgcars/mp-1432020.json.gz' version: None error: An error occurred (NoSuchKey) when calling the GetObject operation: The specified key does not exist.
  1671/8883: mp-126
  1672/8883: mp-1110744
unable to access bucket: 'materialsproject-parsed' key: 'chgcars/mp-1377985.json.gz' version: None error: An error occurred (NoSuchKey) when calling the GetObject operation: The specified key does not exist.
  1673/8883: mp-1184854
unable to access bucket: 'materialsproject-parsed' key: 'chgcars/mp-1408782.json.gz' version: None error: An error occurred (NoSuchKey) when calling the GetObject operation: The specified key does not exist.
  1674/8883: mp-1187622
  1675/8883: mp-1186569
  1676/8883: mp-864672
unable to access bucket: 'materialsproject-parsed' key: 'chgcars/mp-1413465.json.gz' version: None error: An error occurred (NoSuchKey) when calling the GetObject operation: The specified key does not exist.
  1677/8883: mp-12637
  1678/8883: mp-862918
unable to access bucket: 'materialsproject-parsed' key: 'chgcars/mp-1428820.json.gz' version: None error: An error occurred (NoSuchKey) when calling the GetObject operation: The specified key does not exist.
  1679/8883: mp-864623
  1680/8883: mp-865307
  1681/8883: mp-1218750
unable to access bucket: 'materialsproject-parsed' key: 'chgcars/mp-1401523.json.gz' version: None error: An error occurred (NoSuchKey) when calling the GetObject operation: The specified key does not exist.
  1682/8883: mp-1185294
  1683/8883: mp-2229
  1684/8883: mp-1084748
  1685/8883: mp-864755
unable to access bucket: 'materialsproject-parsed' key: 'chgcars/mp-1394981.json.gz' version: None error: An error occurred (NoSuchKey) when calling the GetObject operation: The specified key does not exist.
  1686/8883: mp-1186399
  1687/8883: mp-1186630
unable to access bucket: 'materialsproject-parsed' key: 'chgcars/mp-1423181.json.gz' version: None error: An error occurred (NoSuchKey) when calling the GetObject operation: The specified key does not exist.
  1688/8883: mp-1114134
  1689/8883: mp-1110728
  1690/8883: mp-976252
unable to access bucket: 'materialsproject-parsed' key: 'chgcars/mp-1433249.json.gz' version: None error: An error occurred (NoSuchKey) when calling the GetObject operation: The specified key does not exist.
  1691/8883: mp-865792
unable to access bucket: 'materialsproject-parsed' key: 'chgcars/mp-1411569.json.gz' version: None error: An error occurred (NoSuchKey) when calling the GetObject operation: The specified key does not exist.
  1692/8883: mp-865288
unable to access bucket: 'materialsproject-parsed' key: 'chgcars/mp-1423460.json.gz' version: None error: An error occurred (NoSuchKey) when calling the GetObject operation: The specified key does not exist.
  1693/8883: mp-974816
  1694/8883: mp-1513
unable to access bucket: 'materialsproject-parsed' key: 'chgcars/mp-1380892.json.gz' version: None error: An error occurred (NoSuchKey) when calling the GetObject operation: The specified key does not exist.
  1695/8883: mp-1187583
unable to access bucket: 'materialsproject-parsed' key: 'chgcars/mp-1416072.json.gz' version: None error: An error occurred (NoSuchKey) when calling the GetObject operation: The specified key does not exist.
  1696/8883: mp-11360
  1697/8883: mp-1201735
  1698/8883: mp-866203
  1699/8883: mp-1110996
  1700/8883: mp-864990
  1701/8883: mp-862951
unable to access bucket: 'materialsproject-parsed' key: 'chgcars/mp-1437175.json.gz' version: None error: An error occurred (NoSuchKey) when calling the GetObject operation: The specified key does not exist.
  1702/8883: mp-975028
unable to access bucket: 'materialsproject-parsed' key: 'chgcars/mp-1395825.json.gz' version: None error: An error occurred (NoSuchKey) when calling the GetObject operation: The specified key does not exist.
  1703/8883: mp-865010
unable to access bucket: 'materialsproject-parsed' key: 'chgcars/mp-1415397.json.gz' version: None error: An error occurred (NoSuchKey) when calling the GetObject operation: The specified key does not exist.
  1704/8883: mp-980665
unable to access bucket: 'materialsproject-parsed' key: 'chgcars/mp-1403520.json.gz' version: None error: An error occurred (NoSuchKey) when calling the GetObject operation: The specified key does not exist.
  1705/8883: mp-977427
  1706/8883: mp-1113076
  1707/8883: mp-865118
  1708/8883: mp-30758
  1709/8883: mp-1207116
  1710/8883: mp-1112588
  1711/8883: mp-865738
unable to access bucket: 'materialsproject-parsed' key: 'chgcars/mp-1425072.json.gz' version: None error: An error occurred (NoSuchKey) when calling the GetObject operation: The specified key does not exist.
  1712/8883: mp-866037
  1713/8883: mp-866047
unable to access bucket: 'materialsproject-parsed' key: 'chgcars/mp-1394492.json.gz' version: None error: An error occurred (NoSuchKey) when calling the GetObject operation: The specified key does not exist.
  1714/8883: mp-1113428
unable to access bucket: 'materialsproject-parsed' key: 'chgcars/mp-1395105.json.gz' version: None error: An error occurred (NoSuchKey) when calling the GetObject operation: The specified key does not exist.
  1715/8883: mp-1111014
  1716/8883: mp-1112542
  1717/8883: mp-4813
  1718/8883: mp-1112338
  1719/8883: mp-1193241
  1720/8883: mp-1184983
unable to access bucket: 'materialsproject-parsed' key: 'chgcars/mp-1385528.json.gz' version: None error: An error occurred (NoSuchKey) when calling the GetObject operation: The specified key does not exist.
  1721/8883: mp-1184370
  1722/8883: mp-1186208
unable to access bucket: 'materialsproject-parsed' key: 'chgcars/mp-1415024.json.gz' version: None error: An error occurred (NoSuchKey) when calling the GetObject operation: The specified key does not exist.
  1723/8883: mp-2154
unable to access bucket: 'materialsproject-parsed' key: 'chgcars/mp-1440595.json.gz' version: None error: An error occurred (NoSuchKey) when calling the GetObject operation: The specified key does not exist.
  1724/8883: mp-1187833
  1725/8883: mp-866227
unable to access bucket: 'materialsproject-parsed' key: 'chgcars/mp-1416941.json.gz' version: None error: An error occurred (NoSuchKey) when calling the GetObject operation: The specified key does not exist.
  1726/8883: mp-1111385
  1727/8883: mp-1184328
  1728/8883: mp-1187507
unable to access bucket: 'materialsproject-parsed' key: 'chgcars/mp-1390858.json.gz' version: None error: An error occurred (NoSuchKey) when calling the GetObject operation: The specified key does not exist.
  1729/8883: mp-1111283
unable to access bucket: 'materialsproject-parsed' key: 'chgcars/mp-1446531.json.gz' version: None error: An error occurred (NoSuchKey) when calling the GetObject operation: The specified key does not exist.
  1730/8883: mp-1113975
  1731/8883: mp-999208
unable to access bucket: 'materialsproject-parsed' key: 'chgcars/mp-1422357.json.gz' version: None error: An error occurred (NoSuchKey) when calling the GetObject operation: The specified key does not exist.
  1732/8883: mp-1186596
unable to access bucket: 'materialsproject-parsed' key: 'chgcars/mp-1410763.json.gz' version: None error: An error occurred (NoSuchKey) when calling the GetObject operation: The specified key does not exist.
  1733/8883: mp-1112470
  1734/8883: mp-1187152
  1735/8883: mp-21377
unable to access bucket: 'materialsproject-parsed' key: 'chgcars/mp-1440116.json.gz' version: None error: An error occurred (NoSuchKey) when calling the GetObject operation: The specified key does not exist.
  1736/8883: mp-865874
  1737/8883: mp-1087513
unable to access bucket: 'materialsproject-parsed' key: 'chgcars/mp-1431990.json.gz' version: None error: An error occurred (NoSuchKey) when calling the GetObject operation: The specified key does not exist.
  1738/8883: mp-1110662
unable to access bucket: 'materialsproject-parsed' key: 'chgcars/mp-1400857.json.gz' version: None error: An error occurred (NoSuchKey) when calling the GetObject operation: The specified key does not exist.
  1739/8883: mp-1187933
unable to access bucket: 'materialsproject-parsed' key: 'chgcars/mp-1504733.json.gz' version: None error: An error occurred (NoSuchKey) when calling the GetObject operation: The specified key does not exist.
  1740/8883: mp-560071
  1741/8883: mp-1111470
  1742/8883: mp-1111651
  1743/8883: mp-4913
  1744/8883: mp-979430
unable to access bucket: 'materialsproject-parsed' key: 'chgcars/mp-1437369.json.gz' version: None error: An error occurred (NoSuchKey) when calling the GetObject operation: The specified key does not exist.
  1745/8883: mp-504729
unable to access bucket: 'materialsproject-parsed' key: 'chgcars/mp-1413899.json.gz' version: None error: An error occurred (NoSuchKey) when calling the GetObject operation: The specified key does not exist.
  1746/8883: mp-1227082
unable to access bucket: 'materialsproject-parsed' key: 'chgcars/mp-1402797.json.gz' version: None error: An error occurred (NoSuchKey) when calling the GetObject operation: The specified key does not exist.
  1747/8883: mp-1185130
unable to access bucket: 'materialsproject-parsed' key: 'chgcars/mp-1415497.json.gz' version: None error: An error occurred (NoSuchKey) when calling the GetObject operation: The specified key does not exist.
  1748/8883: mp-1186574
  1749/8883: mp-1114124
  1750/8883: mp-1186174
  1751/8883: mp-1113313
  1752/8883: mp-1110632
  1753/8883: mp-862940
unable to access bucket: 'materialsproject-parsed' key: 'chgcars/mp-1414054.json.gz' version: None error: An error occurred (NoSuchKey) when calling the GetObject operation: The specified key does not exist.
  1754/8883: mp-1183117
  1755/8883: mp-1110624
  1756/8883: mp-865901
  1757/8883: mp-867874
unable to access bucket: 'materialsproject-parsed' key: 'chgcars/mp-1430810.json.gz' version: None error: An error occurred (NoSuchKey) when calling the GetObject operation: The specified key does not exist.
  1758/8883: mp-864949
  1759/8883: mp-1185218
  1760/8883: mp-865840
unable to access bucket: 'materialsproject-parsed' key: 'chgcars/mp-1433013.json.gz' version: None error: An error occurred (NoSuchKey) when calling the GetObject operation: The specified key does not exist.
  1761/8883: mp-2495
  1762/8883: mp-865443
unable to access bucket: 'materialsproject-parsed' key: 'chgcars/mp-1430494.json.gz' version: None error: An error occurred (NoSuchKey) when calling the GetObject operation: The specified key does not exist.
  1763/8883: mp-865920
unable to access bucket: 'materialsproject-parsed' key: 'chgcars/mp-1428333.json.gz' version: None error: An error occurred (NoSuchKey) when calling the GetObject operation: The specified key does not exist.
  1764/8883: mp-976311
unable to access bucket: 'materialsproject-parsed' key: 'chgcars/mp-1423944.json.gz' version: None error: An error occurred (NoSuchKey) when calling the GetObject operation: The specified key does not exist.
  1765/8883: mp-1186448
  1766/8883: mp-862473
unable to access bucket: 'materialsproject-parsed' key: 'chgcars/mp-1435432.json.gz' version: None error: An error occurred (NoSuchKey) when calling the GetObject operation: The specified key does not exist.
  1767/8883: mp-1113905
unable to access bucket: 'materialsproject-parsed' key: 'chgcars/mp-1387374.json.gz' version: None error: An error occurred (NoSuchKey) when calling the GetObject operation: The specified key does not exist.
  1768/8883: mp-978505
  1769/8883: mp-863665
  1770/8883: mp-977400
  1771/8883: mp-1120741
  1772/8883: mp-1184424
unable to access bucket: 'materialsproject-parsed' key: 'chgcars/mp-1430377.json.gz' version: None error: An error occurred (NoSuchKey) when calling the GetObject operation: The specified key does not exist.
  1773/8883: mp-1186327
unable to access bucket: 'materialsproject-parsed' key: 'chgcars/mp-1433972.json.gz' version: None error: An error occurred (NoSuchKey) when calling the GetObject operation: The specified key does not exist.
  1774/8883: mp-1205510
  1775/8883: mp-1206178
unable to access bucket: 'materialsproject-parsed' key: 'chgcars/mp-1407886.json.gz' version: None error: An error occurred (NoSuchKey) when calling the GetObject operation: The specified key does not exist.
  1776/8883: mp-1232424
  1777/8883: mp-1187711
unable to access bucket: 'materialsproject-parsed' key: 'chgcars/mp-1422423.json.gz' version: None error: An error occurred (NoSuchKey) when calling the GetObject operation: The specified key does not exist.
  1778/8883: mp-865749
unable to access bucket: 'materialsproject-parsed' key: 'chgcars/mp-1426155.json.gz' version: None error: An error occurred (NoSuchKey) when calling the GetObject operation: The specified key does not exist.
  1779/8883: mp-7817
unable to access bucket: 'materialsproject-parsed' key: 'chgcars/mp-1435658.json.gz' version: None error: An error occurred (NoSuchKey) when calling the GetObject operation: The specified key does not exist.
  1780/8883: mp-971754
unable to access bucket: 'materialsproject-parsed' key: 'chgcars/mp-1426973.json.gz' version: None error: An error occurred (NoSuchKey) when calling the GetObject operation: The specified key does not exist.
  1781/8883: mp-640158
unable to access bucket: 'materialsproject-parsed' key: 'chgcars/mp-1397664.json.gz' version: None error: An error occurred (NoSuchKey) when calling the GetObject operation: The specified key does not exist.
  1782/8883: mp-982069
  1783/8883: mp-27833
  1784/8883: mp-1112498
unable to access bucket: 'materialsproject-parsed' key: 'chgcars/mp-1370182.json.gz' version: None error: An error occurred (NoSuchKey) when calling the GetObject operation: The specified key does not exist.
  1785/8883: mp-1110654
  1786/8883: mp-1185334
  1787/8883: mp-505791
  1788/8883: mp-1185169
unable to access bucket: 'materialsproject-parsed' key: 'chgcars/mp-1445767.json.gz' version: None error: An error occurred (NoSuchKey) when calling the GetObject operation: The specified key does not exist.
  1789/8883: mp-672652
  1790/8883: mp-1110746
  1791/8883: mp-867291
unable to access bucket: 'materialsproject-parsed' key: 'chgcars/mp-1432229.json.gz' version: None error: An error occurred (NoSuchKey) when calling the GetObject operation: The specified key does not exist.
  1792/8883: mp-27831
  1793/8883: mp-865548
  1794/8883: mp-1111957
unable to access bucket: 'materialsproject-parsed' key: 'chgcars/mp-1388524.json.gz' version: None error: An error occurred (NoSuchKey) when calling the GetObject operation: The specified key does not exist.
  1795/8883: mp-1111453
  1796/8883: mp-560037
  1797/8883: mp-1186611
  1798/8883: mp-865381
unable to access bucket: 'materialsproject-parsed' key: 'chgcars/mp-1424411.json.gz' version: None error: An error occurred (NoSuchKey) when calling the GetObject operation: The specified key does not exist.
  1799/8883: mp-1207874
  1800/8883: mp-13811
unable to access bucket: 'materialsproject-parsed' key: 'chgcars/mp-1373291.json.gz' version: None error: An error occurred (NoSuchKey) when calling the GetObject operation: The specified key does not exist.
  1801/8883: mp-1112690
  1802/8883: mp-32939
unable to access bucket: 'materialsproject-parsed' key: 'chgcars/mp-1412686.json.gz' version: None error: An error occurred (NoSuchKey) when calling the GetObject operation: The specified key does not exist.
  1803/8883: mp-1112910
  1804/8883: mp-1113853
unable to access bucket: 'materialsproject-parsed' key: 'chgcars/mp-1409954.json.gz' version: None error: An error occurred (NoSuchKey) when calling the GetObject operation: The specified key does not exist.
  1805/8883: mp-1184516
  1806/8883: mp-978917
  1807/8883: mp-1185239
unable to access bucket: 'materialsproject-parsed' key: 'chgcars/mp-1432353.json.gz' version: None error: An error occurred (NoSuchKey) when calling the GetObject operation: The specified key does not exist.
  1808/8883: mp-631331
unable to access bucket: 'materialsproject-parsed' key: 'chgcars/mp-1419803.json.gz' version: None error: An error occurred (NoSuchKey) when calling the GetObject operation: The specified key does not exist.
  1809/8883: mp-1183887
unable to access bucket: 'materialsproject-parsed' key: 'chgcars/mp-1446445.json.gz' version: None error: An error occurred (NoSuchKey) when calling the GetObject operation: The specified key does not exist.
  1810/8883: mp-1186645
  1811/8883: mp-1183909
unable to access bucket: 'materialsproject-parsed' key: 'chgcars/mp-1445643.json.gz' version: None error: An error occurred (NoSuchKey) when calling the GetObject operation: The specified key does not exist.
  1812/8883: mp-1111845
  1813/8883: mp-1113768
unable to access bucket: 'materialsproject-parsed' key: 'chgcars/mp-1403682.json.gz' version: None error: An error occurred (NoSuchKey) when calling the GetObject operation: The specified key does not exist.
  1814/8883: mp-866080
unable to access bucket: 'materialsproject-parsed' key: 'chgcars/mp-1427241.json.gz' version: None error: An error occurred (NoSuchKey) when calling the GetObject operation: The specified key does not exist.
  1815/8883: mp-2807
  1816/8883: mp-1056955
unable to access bucket: 'materialsproject-parsed' key: 'chgcars/mp-1421918.json.gz' version: None error: An error occurred (NoSuchKey) when calling the GetObject operation: The specified key does not exist.
  1817/8883: mp-1187616
unable to access bucket: 'materialsproject-parsed' key: 'chgcars/mp-1431673.json.gz' version: None error: An error occurred (NoSuchKey) when calling the GetObject operation: The specified key does not exist.
  1818/8883: mp-2693
  1819/8883: mp-867121
unable to access bucket: 'materialsproject-parsed' key: 'chgcars/mp-1428502.json.gz' version: None error: An error occurred (NoSuchKey) when calling the GetObject operation: The specified key does not exist.
  1820/8883: mp-973561
  1821/8883: mp-1186978
  1822/8883: mp-1187693
unable to access bucket: 'materialsproject-parsed' key: 'chgcars/mp-1435781.json.gz' version: None error: An error occurred (NoSuchKey) when calling the GetObject operation: The specified key does not exist.
  1823/8883: mp-1111061
  1824/8883: mp-1794
unable to access bucket: 'materialsproject-parsed' key: 'chgcars/mp-1440759.json.gz' version: None error: An error occurred (NoSuchKey) when calling the GetObject operation: The specified key does not exist.
  1825/8883: mp-867773
unable to access bucket: 'materialsproject-parsed' key: 'chgcars/mp-1436125.json.gz' version: None error: An error occurred (NoSuchKey) when calling the GetObject operation: The specified key does not exist.
  1826/8883: mp-1063314
unable to access bucket: 'materialsproject-parsed' key: 'chgcars/mp-1437622.json.gz' version: None error: An error occurred (NoSuchKey) when calling the GetObject operation: The specified key does not exist.
  1827/8883: mp-989539
unable to access bucket: 'materialsproject-parsed' key: 'chgcars/mp-1406566.json.gz' version: None error: An error occurred (NoSuchKey) when calling the GetObject operation: The specified key does not exist.
  1828/8883: mp-1206701
unable to access bucket: 'materialsproject-parsed' key: 'chgcars/mp-1390805.json.gz' version: None error: An error occurred (NoSuchKey) when calling the GetObject operation: The specified key does not exist.
  1829/8883: mp-1060982
  1830/8883: mp-983428
unable to access bucket: 'materialsproject-parsed' key: 'chgcars/mp-1432907.json.gz' version: None error: An error occurred (NoSuchKey) when calling the GetObject operation: The specified key does not exist.
  1831/8883: mp-1111139
unable to access bucket: 'materialsproject-parsed' key: 'chgcars/mp-1383352.json.gz' version: None error: An error occurred (NoSuchKey) when calling the GetObject operation: The specified key does not exist.
  1832/8883: mp-451
unable to access bucket: 'materialsproject-parsed' key: 'chgcars/mp-1476254.json.gz' version: None error: An error occurred (NoSuchKey) when calling the GetObject operation: The specified key does not exist.
  1833/8883: mp-865015
  1834/8883: mp-865398
unable to access bucket: 'materialsproject-parsed' key: 'chgcars/mp-1436237.json.gz' version: None error: An error occurred (NoSuchKey) when calling the GetObject operation: The specified key does not exist.
  1835/8883: mp-1079140
  1836/8883: mp-865552
  1837/8883: mp-1110902
  1838/8883: mp-867213
  1839/8883: mp-975932
unable to access bucket: 'materialsproject-parsed' key: 'chgcars/mp-1390040.json.gz' version: None error: An error occurred (NoSuchKey) when calling the GetObject operation: The specified key does not exist.
  1840/8883: mp-973544
  1841/8883: mp-1110630
  1842/8883: mp-1214804
  1843/8883: mp-867871
unable to access bucket: 'materialsproject-parsed' key: 'chgcars/mp-1413415.json.gz' version: None error: An error occurred (NoSuchKey) when calling the GetObject operation: The specified key does not exist.
  1844/8883: mp-1078746
unable to access bucket: 'materialsproject-parsed' key: 'chgcars/mp-1432862.json.gz' version: None error: An error occurred (NoSuchKey) when calling the GetObject operation: The specified key does not exist.
  1845/8883: mp-5033
  1846/8883: mp-974545
  1847/8883: mp-1205634
unable to access bucket: 'materialsproject-parsed' key: 'chgcars/mp-1392812.json.gz' version: None error: An error occurred (NoSuchKey) when calling the GetObject operation: The specified key does not exist.
  1848/8883: mp-1111716
  1849/8883: mp-7127
unable to access bucket: 'materialsproject-parsed' key: 'chgcars/mp-1417097.json.gz' version: None error: An error occurred (NoSuchKey) when calling the GetObject operation: The specified key does not exist.
  1850/8883: mp-647363
unable to access bucket: 'materialsproject-parsed' key: 'chgcars/mp-1353772.json.gz' version: None error: An error occurred (NoSuchKey) when calling the GetObject operation: The specified key does not exist.
  1851/8883: mp-1008677
unable to access bucket: 'materialsproject-parsed' key: 'chgcars/mp-1428419.json.gz' version: None error: An error occurred (NoSuchKey) when calling the GetObject operation: The specified key does not exist.
  1852/8883: mp-560878
  1853/8883: mp-20813
  1854/8883: mp-864789
  1855/8883: mp-975656
unable to access bucket: 'materialsproject-parsed' key: 'chgcars/mp-1445596.json.gz' version: None error: An error occurred (NoSuchKey) when calling the GetObject operation: The specified key does not exist.
  1856/8883: mp-1178936
unable to access bucket: 'materialsproject-parsed' key: 'chgcars/mp-1414288.json.gz' version: None error: An error occurred (NoSuchKey) when calling the GetObject operation: The specified key does not exist.
  1857/8883: mp-1110998
  1858/8883: mp-865577
  1859/8883: mp-971737
  1860/8883: mp-979968
  1861/8883: mp-1188066
  1862/8883: mp-865110
unable to access bucket: 'materialsproject-parsed' key: 'chgcars/mp-1429484.json.gz' version: None error: An error occurred (NoSuchKey) when calling the GetObject operation: The specified key does not exist.
  1863/8883: mp-978085
unable to access bucket: 'materialsproject-parsed' key: 'chgcars/mp-1436654.json.gz' version: None error: An error occurred (NoSuchKey) when calling the GetObject operation: The specified key does not exist.
  1864/8883: mp-865091
  1865/8883: mp-977399
unable to access bucket: 'materialsproject-parsed' key: 'chgcars/mp-1415667.json.gz' version: None error: An error occurred (NoSuchKey) when calling the GetObject operation: The specified key does not exist.
  1866/8883: mp-1209332
  1867/8883: mp-1205725
  1868/8883: mp-10630
  1869/8883: mp-1113403
unable to access bucket: 'materialsproject-parsed' key: 'chgcars/mp-1444997.json.gz' version: None error: An error occurred (NoSuchKey) when calling the GetObject operation: The specified key does not exist.
  1870/8883: mp-18848
  1871/8883: mp-1057758
  1872/8883: mp-862876
unable to access bucket: 'materialsproject-parsed' key: 'chgcars/mp-1422803.json.gz' version: None error: An error occurred (NoSuchKey) when calling the GetObject operation: The specified key does not exist.
  1873/8883: mp-1114122
unable to access bucket: 'materialsproject-parsed' key: 'chgcars/mp-1402711.json.gz' version: None error: An error occurred (NoSuchKey) when calling the GetObject operation: The specified key does not exist.
  1874/8883: mp-1111343
unable to access bucket: 'materialsproject-parsed' key: 'chgcars/mp-1443259.json.gz' version: None error: An error occurred (NoSuchKey) when calling the GetObject operation: The specified key does not exist.
  1875/8883: mp-1111722
unable to access bucket: 'materialsproject-parsed' key: 'chgcars/mp-1388109.json.gz' version: None error: An error occurred (NoSuchKey) when calling the GetObject operation: The specified key does not exist.
  1876/8883: mp-1184155
unable to access bucket: 'materialsproject-parsed' key: 'chgcars/mp-1436280.json.gz' version: None error: An error occurred (NoSuchKey) when calling the GetObject operation: The specified key does not exist.
  1877/8883: mp-1187140
  1878/8883: mp-1110657
unable to access bucket: 'materialsproject-parsed' key: 'chgcars/mp-1394420.json.gz' version: None error: An error occurred (NoSuchKey) when calling the GetObject operation: The specified key does not exist.
  1879/8883: mp-974739
unable to access bucket: 'materialsproject-parsed' key: 'chgcars/mp-1412363.json.gz' version: None error: An error occurred (NoSuchKey) when calling the GetObject operation: The specified key does not exist.
  1880/8883: mp-975512
  1881/8883: mp-1184790
  1882/8883: mp-1111010
  1883/8883: mp-1110611
  1884/8883: mp-865885
  1885/8883: mp-1111417
  1886/8883: mp-865449
unable to access bucket: 'materialsproject-parsed' key: 'chgcars/mp-1406092.json.gz' version: None error: An error occurred (NoSuchKey) when calling the GetObject operation: The specified key does not exist.
  1887/8883: mp-1110773
  1888/8883: mp-865162
  1889/8883: mp-21171
  1890/8883: mp-814
unable to access bucket: 'materialsproject-parsed' key: 'chgcars/mp-1439211.json.gz' version: None error: An error occurred (NoSuchKey) when calling the GetObject operation: The specified key does not exist.
  1891/8883: mp-1184201
unable to access bucket: 'materialsproject-parsed' key: 'chgcars/mp-1379046.json.gz' version: None error: An error occurred (NoSuchKey) when calling the GetObject operation: The specified key does not exist.
  1892/8883: mp-1187203
unable to access bucket: 'materialsproject-parsed' key: 'chgcars/mp-1421088.json.gz' version: None error: An error occurred (NoSuchKey) when calling the GetObject operation: The specified key does not exist.
  1893/8883: mp-867787
unable to access bucket: 'materialsproject-parsed' key: 'chgcars/mp-1402213.json.gz' version: None error: An error occurred (NoSuchKey) when calling the GetObject operation: The specified key does not exist.
  1894/8883: mp-1228308
unable to access bucket: 'materialsproject-parsed' key: 'chgcars/mp-1402935.json.gz' version: None error: An error occurred (NoSuchKey) when calling the GetObject operation: The specified key does not exist.
  1895/8883: mp-866012
unable to access bucket: 'materialsproject-parsed' key: 'chgcars/mp-1432302.json.gz' version: None error: An error occurred (NoSuchKey) when calling the GetObject operation: The specified key does not exist.
  1896/8883: mp-567362
  1897/8883: mp-1110895
  1898/8883: mp-865785
  1899/8883: mp-1185457
  1900/8883: mp-931
  1901/8883: mp-31349
unable to access bucket: 'materialsproject-parsed' key: 'chgcars/mp-1421172.json.gz' version: None error: An error occurred (NoSuchKey) when calling the GetObject operation: The specified key does not exist.
  1902/8883: mp-862911
  1903/8883: mp-1186936
unable to access bucket: 'materialsproject-parsed' key: 'chgcars/mp-1444321.json.gz' version: None error: An error occurred (NoSuchKey) when calling the GetObject operation: The specified key does not exist.
  1904/8883: mp-1112940
  1905/8883: mp-864799
unable to access bucket: 'materialsproject-parsed' key: 'chgcars/mp-1415422.json.gz' version: None error: An error occurred (NoSuchKey) when calling the GetObject operation: The specified key does not exist.
  1906/8883: mp-1185993
  1907/8883: mp-862734
unable to access bucket: 'materialsproject-parsed' key: 'chgcars/mp-1425063.json.gz' version: None error: An error occurred (NoSuchKey) when calling the GetObject operation: The specified key does not exist.
  1908/8883: mp-1112619
  1909/8883: mp-1186480
  1910/8883: mp-504778
unable to access bucket: 'materialsproject-parsed' key: 'chgcars/mp-1429914.json.gz' version: None error: An error occurred (NoSuchKey) when calling the GetObject operation: The specified key does not exist.
  1911/8883: mp-866204
  1912/8883: mp-976008
unable to access bucket: 'materialsproject-parsed' key: 'chgcars/mp-1432069.json.gz' version: None error: An error occurred (NoSuchKey) when calling the GetObject operation: The specified key does not exist.
  1913/8883: mp-867251
  1914/8883: mp-636320
unable to access bucket: 'materialsproject-parsed' key: 'chgcars/mp-1437771.json.gz' version: None error: An error occurred (NoSuchKey) when calling the GetObject operation: The specified key does not exist.
  1915/8883: mp-1113539
  1916/8883: mp-1185378
  1917/8883: mp-1111674
  1918/8883: mp-1112319
unable to access bucket: 'materialsproject-parsed' key: 'chgcars/mp-1399482.json.gz' version: None error: An error occurred (NoSuchKey) when calling the GetObject operation: The specified key does not exist.
  1919/8883: mp-861660
unable to access bucket: 'materialsproject-parsed' key: 'chgcars/mp-1419999.json.gz' version: None error: An error occurred (NoSuchKey) when calling the GetObject operation: The specified key does not exist.
  1920/8883: mp-865200
  1921/8883: mp-1112945
  1922/8883: mp-867979
  1923/8883: mp-861951
  1924/8883: mp-1113560
  1925/8883: mp-1184299
  1926/8883: mp-1186689
unable to access bucket: 'materialsproject-parsed' key: 'chgcars/mp-1446368.json.gz' version: None error: An error occurred (NoSuchKey) when calling the GetObject operation: The specified key does not exist.
  1927/8883: mp-1110694
  1928/8883: mp-985438
  1929/8883: mp-570632
  1930/8883: mp-862873
  1931/8883: mp-865003
  1932/8883: mp-1009221
unable to access bucket: 'materialsproject-parsed' key: 'chgcars/mp-1436964.json.gz' version: None error: An error occurred (NoSuchKey) when calling the GetObject operation: The specified key does not exist.
  1933/8883: mp-1112226
  1934/8883: mp-1114049
  1935/8883: mp-989405
  1936/8883: mp-865963
unable to access bucket: 'materialsproject-parsed' key: 'chgcars/mp-1399214.json.gz' version: None error: An error occurred (NoSuchKey) when calling the GetObject operation: The specified key does not exist.
  1937/8883: mp-1183453
unable to access bucket: 'materialsproject-parsed' key: 'chgcars/mp-1405582.json.gz' version: None error: An error occurred (NoSuchKey) when calling the GetObject operation: The specified key does not exist.
  1938/8883: mp-28828
  1939/8883: mp-1113748
unable to access bucket: 'materialsproject-parsed' key: 'chgcars/mp-1388924.json.gz' version: None error: An error occurred (NoSuchKey) when calling the GetObject operation: The specified key does not exist.
  1940/8883: mp-1184456
  1941/8883: mp-865829
  1942/8883: mp-1186017
  1943/8883: mp-20988
  1944/8883: mp-1113614
  1945/8883: mp-23465
  1946/8883: mp-24096
unable to access bucket: 'materialsproject-parsed' key: 'chgcars/mp-1442247.json.gz' version: None error: An error occurred (NoSuchKey) when calling the GetObject operation: The specified key does not exist.
  1947/8883: mp-977433
unable to access bucket: 'materialsproject-parsed' key: 'chgcars/mp-1475556.json.gz' version: None error: An error occurred (NoSuchKey) when calling the GetObject operation: The specified key does not exist.
  1948/8883: mp-1192795
unable to access bucket: 'materialsproject-parsed' key: 'chgcars/mp-1394779.json.gz' version: None error: An error occurred (NoSuchKey) when calling the GetObject operation: The specified key does not exist.
  1949/8883: mp-1113693
unable to access bucket: 'materialsproject-parsed' key: 'chgcars/mp-1392786.json.gz' version: None error: An error occurred (NoSuchKey) when calling the GetObject operation: The specified key does not exist.
  1950/8883: mp-10474
  1951/8883: mp-1183462
unable to access bucket: 'materialsproject-parsed' key: 'chgcars/mp-1432167.json.gz' version: None error: An error occurred (NoSuchKey) when calling the GetObject operation: The specified key does not exist.
  1952/8883: mp-13175
unable to access bucket: 'materialsproject-parsed' key: 'chgcars/mp-1429426.json.gz' version: None error: An error occurred (NoSuchKey) when calling the GetObject operation: The specified key does not exist.
  1953/8883: mp-861604
unable to access bucket: 'materialsproject-parsed' key: 'chgcars/mp-1394279.json.gz' version: None error: An error occurred (NoSuchKey) when calling the GetObject operation: The specified key does not exist.
  1954/8883: mp-865100
  1955/8883: mp-408
  1956/8883: mp-1112296
  1957/8883: mp-983598
unable to access bucket: 'materialsproject-parsed' key: 'chgcars/mp-1424374.json.gz' version: None error: An error occurred (NoSuchKey) when calling the GetObject operation: The specified key does not exist.
  1958/8883: mp-1185372
unable to access bucket: 'materialsproject-parsed' key: 'chgcars/mp-1426430.json.gz' version: None error: An error occurred (NoSuchKey) when calling the GetObject operation: The specified key does not exist.
  1959/8883: mp-7243
  1960/8883: mp-10894
  1961/8883: mp-22866
unable to access bucket: 'materialsproject-parsed' key: 'chgcars/mp-1442266.json.gz' version: None error: An error occurred (NoSuchKey) when calling the GetObject operation: The specified key does not exist.
  1962/8883: mp-1113115
  1963/8883: mp-27834
  1964/8883: mp-1111531
  1965/8883: mp-1187367
unable to access bucket: 'materialsproject-parsed' key: 'chgcars/mp-1431448.json.gz' version: None error: An error occurred (NoSuchKey) when calling the GetObject operation: The specified key does not exist.
  1966/8883: mp-1094636
unable to access bucket: 'materialsproject-parsed' key: 'chgcars/mp-1411293.json.gz' version: None error: An error occurred (NoSuchKey) when calling the GetObject operation: The specified key does not exist.
  1967/8883: mp-3640
unable to access bucket: 'materialsproject-parsed' key: 'chgcars/mp-1333907.json.gz' version: None error: An error occurred (NoSuchKey) when calling the GetObject operation: The specified key does not exist.
  1968/8883: mp-1079583
  1969/8883: mp-1188022
unable to access bucket: 'materialsproject-parsed' key: 'chgcars/mp-1414637.json.gz' version: None error: An error occurred (NoSuchKey) when calling the GetObject operation: The specified key does not exist.
  1970/8883: mp-554222
  1971/8883: mp-567628
  1972/8883: mp-1111197
  1973/8883: mp-1110667
  1974/8883: mp-1112640
  1975/8883: mp-1112905
  1976/8883: mp-862931
unable to access bucket: 'materialsproject-parsed' key: 'chgcars/mp-1423559.json.gz' version: None error: An error occurred (NoSuchKey) when calling the GetObject operation: The specified key does not exist.
  1977/8883: mp-862672
unable to access bucket: 'materialsproject-parsed' key: 'chgcars/mp-1415205.json.gz' version: None error: An error occurred (NoSuchKey) when calling the GetObject operation: The specified key does not exist.
  1978/8883: mp-1184835
  1979/8883: mp-1186005
  1980/8883: mp-1113901
  1981/8883: mp-862996
  1982/8883: mp-1063920
unable to access bucket: 'materialsproject-parsed' key: 'chgcars/mp-1300249.json.gz' version: None error: An error occurred (NoSuchKey) when calling the GetObject operation: The specified key does not exist.
  1983/8883: mp-1185306
unable to access bucket: 'materialsproject-parsed' key: 'chgcars/mp-1413468.json.gz' version: None error: An error occurred (NoSuchKey) when calling the GetObject operation: The specified key does not exist.
  1984/8883: mp-1113379
unable to access bucket: 'materialsproject-parsed' key: 'chgcars/mp-1371482.json.gz' version: None error: An error occurred (NoSuchKey) when calling the GetObject operation: The specified key does not exist.
  1985/8883: mp-1183166
unable to access bucket: 'materialsproject-parsed' key: 'chgcars/mp-1425732.json.gz' version: None error: An error occurred (NoSuchKey) when calling the GetObject operation: The specified key does not exist.
  1986/8883: mp-1205508
unable to access bucket: 'materialsproject-parsed' key: 'chgcars/mp-1404997.json.gz' version: None error: An error occurred (NoSuchKey) when calling the GetObject operation: The specified key does not exist.
  1987/8883: mp-1183236
  1988/8883: mp-864620
unable to access bucket: 'materialsproject-parsed' key: 'chgcars/mp-1396711.json.gz' version: None error: An error occurred (NoSuchKey) when calling the GetObject operation: The specified key does not exist.
  1989/8883: mp-1111951
  1990/8883: mp-1112169
  1991/8883: mp-30774
  1992/8883: mp-631406
unable to access bucket: 'materialsproject-parsed' key: 'chgcars/mp-1429249.json.gz' version: None error: An error occurred (NoSuchKey) when calling the GetObject operation: The specified key does not exist.
  1993/8883: mp-864970
unable to access bucket: 'materialsproject-parsed' key: 'chgcars/mp-1658407.json.gz' version: None error: An error occurred (NoSuchKey) when calling the GetObject operation: The specified key does not exist.
  1994/8883: mp-1187357
  1995/8883: mp-37737
unable to access bucket: 'materialsproject-parsed' key: 'chgcars/mp-1384622.json.gz' version: None error: An error occurred (NoSuchKey) when calling the GetObject operation: The specified key does not exist.
  1996/8883: mp-20521
  1997/8883: mp-1114184
unable to access bucket: 'materialsproject-parsed' key: 'chgcars/mp-1379655.json.gz' version: None error: An error occurred (NoSuchKey) when calling the GetObject operation: The specified key does not exist.
  1998/8883: mp-1187942
unable to access bucket: 'materialsproject-parsed' key: 'chgcars/mp-1475716.json.gz' version: None error: An error occurred (NoSuchKey) when calling the GetObject operation: The specified key does not exist.
  1999/8883: mp-1183707
  2000/8883: mp-636619
  2001/8883: mp-977423
unable to access bucket: 'materialsproject-parsed' key: 'chgcars/mp-1435231.json.gz' version: None error: An error occurred (NoSuchKey) when calling the GetObject operation: The specified key does not exist.
  2002/8883: mp-865485
unable to access bucket: 'materialsproject-parsed' key: 'chgcars/mp-1424839.json.gz' version: None error: An error occurred (NoSuchKey) when calling the GetObject operation: The specified key does not exist.
  2003/8883: mp-1222315
unable to access bucket: 'materialsproject-parsed' key: 'chgcars/mp-1396154.json.gz' version: None error: An error occurred (NoSuchKey) when calling the GetObject operation: The specified key does not exist.
  2004/8883: mp-862991
unable to access bucket: 'materialsproject-parsed' key: 'chgcars/mp-1427371.json.gz' version: None error: An error occurred (NoSuchKey) when calling the GetObject operation: The specified key does not exist.
  2005/8883: mp-1206097
unable to access bucket: 'materialsproject-parsed' key: 'chgcars/mp-1390592.json.gz' version: None error: An error occurred (NoSuchKey) when calling the GetObject operation: The specified key does not exist.
  2006/8883: mp-864743
unable to access bucket: 'materialsproject-parsed' key: 'chgcars/mp-1442906.json.gz' version: None error: An error occurred (NoSuchKey) when calling the GetObject operation: The specified key does not exist.
  2007/8883: mp-1111922
  2008/8883: mp-1187411
unable to access bucket: 'materialsproject-parsed' key: 'chgcars/mp-1419160.json.gz' version: None error: An error occurred (NoSuchKey) when calling the GetObject operation: The specified key does not exist.
  2009/8883: mp-1184217
  2010/8883: mp-867279
  2011/8883: mp-1447
  2012/8883: mp-24720
  2013/8883: mp-1205568
  2014/8883: mp-1113863
  2015/8883: mp-1113979
  2016/8883: mp-1111672
  2017/8883: mp-983430
unable to access bucket: 'materialsproject-parsed' key: 'chgcars/mp-1433271.json.gz' version: None error: An error occurred (NoSuchKey) when calling the GetObject operation: The specified key does not exist.
  2018/8883: mp-933
unable to access bucket: 'materialsproject-parsed' key: 'chgcars/mp-1442217.json.gz' version: None error: An error occurred (NoSuchKey) when calling the GetObject operation: The specified key does not exist.
  2019/8883: mp-1187785
  2020/8883: mp-863740
unable to access bucket: 'materialsproject-parsed' key: 'chgcars/mp-1415389.json.gz' version: None error: An error occurred (NoSuchKey) when calling the GetObject operation: The specified key does not exist.
  2021/8883: mp-862758
unable to access bucket: 'materialsproject-parsed' key: 'chgcars/mp-1422935.json.gz' version: None error: An error occurred (NoSuchKey) when calling the GetObject operation: The specified key does not exist.
  2022/8883: mp-864611
  2023/8883: mp-1186616
unable to access bucket: 'materialsproject-parsed' key: 'chgcars/mp-1419580.json.gz' version: None error: An error occurred (NoSuchKey) when calling the GetObject operation: The specified key does not exist.
  2024/8883: mp-867136
unable to access bucket: 'materialsproject-parsed' key: 'chgcars/mp-1435588.json.gz' version: None error: An error occurred (NoSuchKey) when calling the GetObject operation: The specified key does not exist.
  2025/8883: mp-865029
unable to access bucket: 'materialsproject-parsed' key: 'chgcars/mp-1420010.json.gz' version: None error: An error occurred (NoSuchKey) when calling the GetObject operation: The specified key does not exist.
  2026/8883: mp-1113187
  2027/8883: mp-1206662
  2028/8883: mp-1205830
  2029/8883: mp-1113236
  2030/8883: mp-5979
unable to access bucket: 'materialsproject-parsed' key: 'chgcars/mp-1387300.json.gz' version: None error: An error occurred (NoSuchKey) when calling the GetObject operation: The specified key does not exist.
  2031/8883: mp-1113008
  2032/8883: mp-1185136
  2033/8883: mp-1206737
unable to access bucket: 'materialsproject-parsed' key: 'chgcars/mp-1411883.json.gz' version: None error: An error occurred (NoSuchKey) when calling the GetObject operation: The specified key does not exist.
  2034/8883: mp-1185981
  2035/8883: mp-1110718
unable to access bucket: 'materialsproject-parsed' key: 'chgcars/mp-1388796.json.gz' version: None error: An error occurred (NoSuchKey) when calling the GetObject operation: The specified key does not exist.
  2036/8883: mp-1184526
unable to access bucket: 'materialsproject-parsed' key: 'chgcars/mp-1411821.json.gz' version: None error: An error occurred (NoSuchKey) when calling the GetObject operation: The specified key does not exist.
  2037/8883: mp-1110626
  2038/8883: mp-978100
unable to access bucket: 'materialsproject-parsed' key: 'chgcars/mp-1390585.json.gz' version: None error: An error occurred (NoSuchKey) when calling the GetObject operation: The specified key does not exist.
  2039/8883: mp-1183041
unable to access bucket: 'materialsproject-parsed' key: 'chgcars/mp-1415091.json.gz' version: None error: An error occurred (NoSuchKey) when calling the GetObject operation: The specified key does not exist.
  2040/8883: mp-1186466
  2041/8883: mp-1111009
unable to access bucket: 'materialsproject-parsed' key: 'chgcars/mp-1383749.json.gz' version: None error: An error occurred (NoSuchKey) when calling the GetObject operation: The specified key does not exist.
  2042/8883: mp-1111947
  2043/8883: mp-978950
  2044/8883: mp-1113592
  2045/8883: mp-992141
  2046/8883: mp-977352
unable to access bucket: 'materialsproject-parsed' key: 'chgcars/mp-1434600.json.gz' version: None error: An error occurred (NoSuchKey) when calling the GetObject operation: The specified key does not exist.
  2047/8883: mp-1110836
unable to access bucket: 'materialsproject-parsed' key: 'chgcars/mp-1383586.json.gz' version: None error: An error occurred (NoSuchKey) when calling the GetObject operation: The specified key does not exist.
  2048/8883: mp-972641
  2049/8883: mp-1112131
  2050/8883: mp-866115
  2051/8883: mp-1186763
  2052/8883: mp-1113503
  2053/8883: mp-1111830
unable to access bucket: 'materialsproject-parsed' key: 'chgcars/mp-1377581.json.gz' version: None error: An error occurred (NoSuchKey) when calling the GetObject operation: The specified key does not exist.
  2054/8883: mp-861510
unable to access bucket: 'materialsproject-parsed' key: 'chgcars/mp-1415030.json.gz' version: None error: An error occurred (NoSuchKey) when calling the GetObject operation: The specified key does not exist.
  2055/8883: mp-1183118
  2056/8883: mp-1113146
  2057/8883: mp-1039180
  2058/8883: mp-1183243
  2059/8883: mp-1110567
  2060/8883: mp-863710
unable to access bucket: 'materialsproject-parsed' key: 'chgcars/mp-1388359.json.gz' version: None error: An error occurred (NoSuchKey) when calling the GetObject operation: The specified key does not exist.
  2061/8883: mp-1224119
  2062/8883: mp-1110995
  2063/8883: mp-1183086
unable to access bucket: 'materialsproject-parsed' key: 'chgcars/mp-1394028.json.gz' version: None error: An error occurred (NoSuchKey) when calling the GetObject operation: The specified key does not exist.
  2064/8883: mp-1186693
  2065/8883: mp-1183760
unable to access bucket: 'materialsproject-parsed' key: 'chgcars/mp-1443412.json.gz' version: None error: An error occurred (NoSuchKey) when calling the GetObject operation: The specified key does not exist.
  2066/8883: mp-608555
  2067/8883: mp-1111923
  2068/8883: mp-972971
  2069/8883: mp-1183842
unable to access bucket: 'materialsproject-parsed' key: 'chgcars/mp-1425321.json.gz' version: None error: An error occurred (NoSuchKey) when calling the GetObject operation: The specified key does not exist.
  2070/8883: mp-973831
unable to access bucket: 'materialsproject-parsed' key: 'chgcars/mp-1422303.json.gz' version: None error: An error occurred (NoSuchKey) when calling the GetObject operation: The specified key does not exist.
  2071/8883: mp-862969
unable to access bucket: 'materialsproject-parsed' key: 'chgcars/mp-1420617.json.gz' version: None error: An error occurred (NoSuchKey) when calling the GetObject operation: The specified key does not exist.
  2072/8883: mp-863739
  2073/8883: mp-1111015
  2074/8883: mp-1112304
  2075/8883: mp-1110748
  2076/8883: mp-1112492
  2077/8883: mp-1111983
unable to access bucket: 'materialsproject-parsed' key: 'chgcars/mp-1388885.json.gz' version: None error: An error occurred (NoSuchKey) when calling the GetObject operation: The specified key does not exist.
  2078/8883: mp-867837
unable to access bucket: 'materialsproject-parsed' key: 'chgcars/mp-1436887.json.gz' version: None error: An error occurred (NoSuchKey) when calling the GetObject operation: The specified key does not exist.
  2079/8883: mp-1184616
  2080/8883: mp-1205547
  2081/8883: mp-1184364
unable to access bucket: 'materialsproject-parsed' key: 'chgcars/mp-1389612.json.gz' version: None error: An error occurred (NoSuchKey) when calling the GetObject operation: The specified key does not exist.
  2082/8883: mp-3574
  2083/8883: mp-971799
  2084/8883: mp-1110588
  2085/8883: mp-1110713
  2086/8883: mp-11577
unable to access bucket: 'materialsproject-parsed' key: 'chgcars/mp-1437256.json.gz' version: None error: An error occurred (NoSuchKey) when calling the GetObject operation: The specified key does not exist.
  2087/8883: mp-978527
unable to access bucket: 'materialsproject-parsed' key: 'chgcars/mp-1504010.json.gz' version: None error: An error occurred (NoSuchKey) when calling the GetObject operation: The specified key does not exist.
  2088/8883: mp-1205822
unable to access bucket: 'materialsproject-parsed' key: 'chgcars/mp-1393882.json.gz' version: None error: An error occurred (NoSuchKey) when calling the GetObject operation: The specified key does not exist.
  2089/8883: mp-1186592
  2090/8883: mp-13915
  2091/8883: mp-13940
  2092/8883: mp-21370
  2093/8883: mp-1213204
  2094/8883: mp-1110933
  2095/8883: mp-1111972
unable to access bucket: 'materialsproject-parsed' key: 'chgcars/mp-1386010.json.gz' version: None error: An error occurred (NoSuchKey) when calling the GetObject operation: The specified key does not exist.
  2096/8883: mp-862297
unable to access bucket: 'materialsproject-parsed' key: 'chgcars/mp-1428902.json.gz' version: None error: An error occurred (NoSuchKey) when calling the GetObject operation: The specified key does not exist.
  2097/8883: mp-861644
  2098/8883: mp-973778
  2099/8883: mp-1205947
unable to access bucket: 'materialsproject-parsed' key: 'chgcars/mp-1385320.json.gz' version: None error: An error occurred (NoSuchKey) when calling the GetObject operation: The specified key does not exist.
  2100/8883: mp-541854
unable to access bucket: 'materialsproject-parsed' key: 'chgcars/mp-1382107.json.gz' version: None error: An error occurred (NoSuchKey) when calling the GetObject operation: The specified key does not exist.
  2101/8883: mp-1186665
  2102/8883: mp-865807
unable to access bucket: 'materialsproject-parsed' key: 'chgcars/mp-1428059.json.gz' version: None error: An error occurred (NoSuchKey) when calling the GetObject operation: The specified key does not exist.
  2103/8883: mp-1112095
  2104/8883: mp-20221
  2105/8883: mp-976405
  2106/8883: mp-989584
unable to access bucket: 'materialsproject-parsed' key: 'chgcars/mp-1443441.json.gz' version: None error: An error occurred (NoSuchKey) when calling the GetObject operation: The specified key does not exist.
  2107/8883: mp-1183573
  2108/8883: mp-865952
unable to access bucket: 'materialsproject-parsed' key: 'chgcars/mp-1422965.json.gz' version: None error: An error occurred (NoSuchKey) when calling the GetObject operation: The specified key does not exist.
  2109/8883: mp-865316
  2110/8883: mp-866019
  2111/8883: mp-1147677
  2112/8883: mp-989565
unable to access bucket: 'materialsproject-parsed' key: 'chgcars/mp-1401221.json.gz' version: None error: An error occurred (NoSuchKey) when calling the GetObject operation: The specified key does not exist.
  2113/8883: mp-1113545
  2114/8883: mp-1113655
  2115/8883: mp-861964
unable to access bucket: 'materialsproject-parsed' key: 'chgcars/mp-1432610.json.gz' version: None error: An error occurred (NoSuchKey) when calling the GetObject operation: The specified key does not exist.
  2116/8883: mp-973882
  2117/8883: mp-1111605
unable to access bucket: 'materialsproject-parsed' key: 'chgcars/mp-1394919.json.gz' version: None error: An error occurred (NoSuchKey) when calling the GetObject operation: The specified key does not exist.
  2118/8883: mp-974452
unable to access bucket: 'materialsproject-parsed' key: 'chgcars/mp-1421582.json.gz' version: None error: An error occurred (NoSuchKey) when calling the GetObject operation: The specified key does not exist.
  2119/8883: mp-1183674
  2120/8883: mp-31328
  2121/8883: mp-1110724
unable to access bucket: 'materialsproject-parsed' key: 'chgcars/mp-1393162.json.gz' version: None error: An error occurred (NoSuchKey) when calling the GetObject operation: The specified key does not exist.
  2122/8883: mp-23067
  2123/8883: mp-1111402
unable to access bucket: 'materialsproject-parsed' key: 'chgcars/mp-1405443.json.gz' version: None error: An error occurred (NoSuchKey) when calling the GetObject operation: The specified key does not exist.
  2124/8883: mp-864788
unable to access bucket: 'materialsproject-parsed' key: 'chgcars/mp-1416931.json.gz' version: None error: An error occurred (NoSuchKey) when calling the GetObject operation: The specified key does not exist.
  2125/8883: mp-1112278
  2126/8883: mp-867241
unable to access bucket: 'materialsproject-parsed' key: 'chgcars/mp-1475622.json.gz' version: None error: An error occurred (NoSuchKey) when calling the GetObject operation: The specified key does not exist.
  2127/8883: mp-1183800
  2128/8883: mp-1113113
  2129/8883: mp-1113202
  2130/8883: mp-1110875
unable to access bucket: 'materialsproject-parsed' key: 'chgcars/mp-1410758.json.gz' version: None error: An error occurred (NoSuchKey) when calling the GetObject operation: The specified key does not exist.
  2131/8883: mp-1187155
unable to access bucket: 'materialsproject-parsed' key: 'chgcars/mp-1443198.json.gz' version: None error: An error occurred (NoSuchKey) when calling the GetObject operation: The specified key does not exist.
  2132/8883: mp-580631
  2133/8883: mp-2828
  2134/8883: mp-23512
  2135/8883: mp-3576
unable to access bucket: 'materialsproject-parsed' key: 'chgcars/mp-1438745.json.gz' version: None error: An error occurred (NoSuchKey) when calling the GetObject operation: The specified key does not exist.
  2136/8883: mp-11247
  2137/8883: mp-1186205
unable to access bucket: 'materialsproject-parsed' key: 'chgcars/mp-1429107.json.gz' version: None error: An error occurred (NoSuchKey) when calling the GetObject operation: The specified key does not exist.
  2138/8883: mp-10752
unable to access bucket: 'materialsproject-parsed' key: 'chgcars/mp-1439965.json.gz' version: None error: An error occurred (NoSuchKey) when calling the GetObject operation: The specified key does not exist.
  2139/8883: mp-867226
unable to access bucket: 'materialsproject-parsed' key: 'chgcars/mp-1414958.json.gz' version: None error: An error occurred (NoSuchKey) when calling the GetObject operation: The specified key does not exist.
  2140/8883: mp-23350
unable to access bucket: 'materialsproject-parsed' key: 'chgcars/mp-1425763.json.gz' version: None error: An error occurred (NoSuchKey) when calling the GetObject operation: The specified key does not exist.
  2141/8883: mp-10117
  2142/8883: mp-1112137
  2143/8883: mp-1186107
  2144/8883: mp-1185328
  2145/8883: mp-1112176
  2146/8883: mp-672653
unable to access bucket: 'materialsproject-parsed' key: 'chgcars/mp-1397388.json.gz' version: None error: An error occurred (NoSuchKey) when calling the GetObject operation: The specified key does not exist.
  2147/8883: mp-1187599
  2148/8883: mp-975972
unable to access bucket: 'materialsproject-parsed' key: 'chgcars/mp-1421028.json.gz' version: None error: An error occurred (NoSuchKey) when calling the GetObject operation: The specified key does not exist.
  2149/8883: mp-864654
  2150/8883: mp-561561
  2151/8883: mp-1111434
  2152/8883: mp-1113896
  2153/8883: mp-8636
unable to access bucket: 'materialsproject-parsed' key: 'chgcars/mp-1504844.json.gz' version: None error: An error occurred (NoSuchKey) when calling the GetObject operation: The specified key does not exist.
  2154/8883: mp-1184615
unable to access bucket: 'materialsproject-parsed' key: 'chgcars/mp-1417517.json.gz' version: None error: An error occurred (NoSuchKey) when calling the GetObject operation: The specified key does not exist.
  2155/8883: mp-1110877
  2156/8883: mp-1206110
  2157/8883: mp-1205556
unable to access bucket: 'materialsproject-parsed' key: 'chgcars/mp-1391829.json.gz' version: None error: An error occurred (NoSuchKey) when calling the GetObject operation: The specified key does not exist.
  2158/8883: mp-973886
  2159/8883: mp-1205639
  2160/8883: mp-1184559
unable to access bucket: 'materialsproject-parsed' key: 'chgcars/mp-1414198.json.gz' version: None error: An error occurred (NoSuchKey) when calling the GetObject operation: The specified key does not exist.
  2161/8883: mp-1114044
unable to access bucket: 'materialsproject-parsed' key: 'chgcars/mp-1390907.json.gz' version: None error: An error occurred (NoSuchKey) when calling the GetObject operation: The specified key does not exist.
  2162/8883: mp-980069
unable to access bucket: 'materialsproject-parsed' key: 'chgcars/mp-1432359.json.gz' version: None error: An error occurred (NoSuchKey) when calling the GetObject operation: The specified key does not exist.
  2163/8883: mp-862836
  2164/8883: mp-865037
unable to access bucket: 'materialsproject-parsed' key: 'chgcars/mp-1416029.json.gz' version: None error: An error occurred (NoSuchKey) when calling the GetObject operation: The specified key does not exist.
  2165/8883: mp-1111122
unable to access bucket: 'materialsproject-parsed' key: 'chgcars/mp-1410290.json.gz' version: None error: An error occurred (NoSuchKey) when calling the GetObject operation: The specified key does not exist.
  2166/8883: mp-1185347
  2167/8883: mp-865032
unable to access bucket: 'materialsproject-parsed' key: 'chgcars/mp-1504567.json.gz' version: None error: An error occurred (NoSuchKey) when calling the GetObject operation: The specified key does not exist.
  2168/8883: mp-1222718
unable to access bucket: 'materialsproject-parsed' key: 'chgcars/mp-1403546.json.gz' version: None error: An error occurred (NoSuchKey) when calling the GetObject operation: The specified key does not exist.
  2169/8883: mp-1113736
  2170/8883: mp-865149
unable to access bucket: 'materialsproject-parsed' key: 'chgcars/mp-1412689.json.gz' version: None error: An error occurred (NoSuchKey) when calling the GetObject operation: The specified key does not exist.
  2171/8883: mp-978975
unable to access bucket: 'materialsproject-parsed' key: 'chgcars/mp-1425574.json.gz' version: None error: An error occurred (NoSuchKey) when calling the GetObject operation: The specified key does not exist.
  2172/8883: mp-1184477
unable to access bucket: 'materialsproject-parsed' key: 'chgcars/mp-1430176.json.gz' version: None error: An error occurred (NoSuchKey) when calling the GetObject operation: The specified key does not exist.
  2173/8883: mp-1206631
unable to access bucket: 'materialsproject-parsed' key: 'chgcars/mp-1287093.json.gz' version: None error: An error occurred (NoSuchKey) when calling the GetObject operation: The specified key does not exist.
  2174/8883: mp-1186018
  2175/8883: mp-1186615
  2176/8883: mp-1186102
unable to access bucket: 'materialsproject-parsed' key: 'chgcars/mp-1428080.json.gz' version: None error: An error occurred (NoSuchKey) when calling the GetObject operation: The specified key does not exist.
  2177/8883: mp-10192
  2178/8883: mp-1186143
  2179/8883: mp-568448
  2180/8883: mp-1184091
  2181/8883: mp-1183556
  2182/8883: mp-865854
  2183/8883: mp-1187858
  2184/8883: mp-1112879
unable to access bucket: 'materialsproject-parsed' key: 'chgcars/mp-1388161.json.gz' version: None error: An error occurred (NoSuchKey) when calling the GetObject operation: The specified key does not exist.
  2185/8883: mp-1192877
  2186/8883: mp-1112367
  2187/8883: mp-1798
  2188/8883: mp-557686
unable to access bucket: 'materialsproject-parsed' key: 'chgcars/mp-1419453.json.gz' version: None error: An error occurred (NoSuchKey) when calling the GetObject operation: The specified key does not exist.
  2189/8883: mp-861905
unable to access bucket: 'materialsproject-parsed' key: 'chgcars/mp-1433021.json.gz' version: None error: An error occurred (NoSuchKey) when calling the GetObject operation: The specified key does not exist.
  2190/8883: mp-1708
unable to access bucket: 'materialsproject-parsed' key: 'chgcars/mp-1440833.json.gz' version: None error: An error occurred (NoSuchKey) when calling the GetObject operation: The specified key does not exist.
  2191/8883: mp-1184106
  2192/8883: mp-1114152
  2193/8883: mp-1186589
unable to access bucket: 'materialsproject-parsed' key: 'chgcars/mp-1388170.json.gz' version: None error: An error occurred (NoSuchKey) when calling the GetObject operation: The specified key does not exist.
  2194/8883: mp-690785
unable to access bucket: 'materialsproject-parsed' key: 'chgcars/mp-1421425.json.gz' version: None error: An error occurred (NoSuchKey) when calling the GetObject operation: The specified key does not exist.
  2195/8883: mp-984549
  2196/8883: mp-1112020
unable to access bucket: 'materialsproject-parsed' key: 'chgcars/mp-1345948.json.gz' version: None error: An error occurred (NoSuchKey) when calling the GetObject operation: The specified key does not exist.
  2197/8883: mp-862730
unable to access bucket: 'materialsproject-parsed' key: 'chgcars/mp-1426162.json.gz' version: None error: An error occurred (NoSuchKey) when calling the GetObject operation: The specified key does not exist.
  2198/8883: mp-1111169
unable to access bucket: 'materialsproject-parsed' key: 'chgcars/mp-1410328.json.gz' version: None error: An error occurred (NoSuchKey) when calling the GetObject operation: The specified key does not exist.
  2199/8883: mp-2664
  2200/8883: mp-1183512
unable to access bucket: 'materialsproject-parsed' key: 'chgcars/mp-1398154.json.gz' version: None error: An error occurred (NoSuchKey) when calling the GetObject operation: The specified key does not exist.
  2201/8883: mp-1183792
  2202/8883: mp-1114076
  2203/8883: mp-10679
  2204/8883: mp-642331
  2205/8883: mp-27632
  2206/8883: mp-1187598
  2207/8883: mp-12128
  2208/8883: mp-867422
unable to access bucket: 'materialsproject-parsed' key: 'chgcars/mp-1429537.json.gz' version: None error: An error occurred (NoSuchKey) when calling the GetObject operation: The specified key does not exist.
  2209/8883: mp-974634
unable to access bucket: 'materialsproject-parsed' key: 'chgcars/mp-1414172.json.gz' version: None error: An error occurred (NoSuchKey) when calling the GetObject operation: The specified key does not exist.
  2210/8883: mp-1194195
unable to access bucket: 'materialsproject-parsed' key: 'chgcars/mp-1391206.json.gz' version: None error: An error occurred (NoSuchKey) when calling the GetObject operation: The specified key does not exist.
  2211/8883: mp-1112267
  2212/8883: mp-1006223
  2213/8883: mp-5149
  2214/8883: mp-865729
  2215/8883: mp-1080123
  2216/8883: mp-989400
  2217/8883: mp-999257
  2218/8883: mp-1183358
unable to access bucket: 'materialsproject-parsed' key: 'chgcars/mp-1416061.json.gz' version: None error: An error occurred (NoSuchKey) when calling the GetObject operation: The specified key does not exist.
  2219/8883: mp-1187527
  2220/8883: mp-1110992
unable to access bucket: 'materialsproject-parsed' key: 'chgcars/mp-1385285.json.gz' version: None error: An error occurred (NoSuchKey) when calling the GetObject operation: The specified key does not exist.
  2221/8883: mp-1246900
  2222/8883: mp-982869
unable to access bucket: 'materialsproject-parsed' key: 'chgcars/mp-1403504.json.gz' version: None error: An error occurred (NoSuchKey) when calling the GetObject operation: The specified key does not exist.
  2223/8883: mp-1187428
unable to access bucket: 'materialsproject-parsed' key: 'chgcars/mp-1416860.json.gz' version: None error: An error occurred (NoSuchKey) when calling the GetObject operation: The specified key does not exist.
  2224/8883: mp-1110824
unable to access bucket: 'materialsproject-parsed' key: 'chgcars/mp-1328941.json.gz' version: None error: An error occurred (NoSuchKey) when calling the GetObject operation: The specified key does not exist.
  2225/8883: mp-1187263
  2226/8883: mp-631333
  2227/8883: mp-580541
  2228/8883: mp-1111622
unable to access bucket: 'materialsproject-parsed' key: 'chgcars/mp-1389510.json.gz' version: None error: An error occurred (NoSuchKey) when calling the GetObject operation: The specified key does not exist.
  2229/8883: mp-978542
unable to access bucket: 'materialsproject-parsed' key: 'chgcars/mp-1415046.json.gz' version: None error: An error occurred (NoSuchKey) when calling the GetObject operation: The specified key does not exist.
  2230/8883: mp-1112616
unable to access bucket: 'materialsproject-parsed' key: 'chgcars/mp-1385472.json.gz' version: None error: An error occurred (NoSuchKey) when calling the GetObject operation: The specified key does not exist.
  2231/8883: mp-973456
  2232/8883: mp-1184354
unable to access bucket: 'materialsproject-parsed' key: 'chgcars/mp-1415282.json.gz' version: None error: An error occurred (NoSuchKey) when calling the GetObject operation: The specified key does not exist.
  2233/8883: mp-1110831
  2234/8883: mp-980195
  2235/8883: mp-1227951
unable to access bucket: 'materialsproject-parsed' key: 'chgcars/mp-1408350.json.gz' version: None error: An error occurred (NoSuchKey) when calling the GetObject operation: The specified key does not exist.
  2236/8883: mp-865836
unable to access bucket: 'materialsproject-parsed' key: 'chgcars/mp-1443830.json.gz' version: None error: An error occurred (NoSuchKey) when calling the GetObject operation: The specified key does not exist.
  2237/8883: mp-1183791
  2238/8883: mp-4502
unable to access bucket: 'materialsproject-parsed' key: 'chgcars/mp-1331856.json.gz' version: None error: An error occurred (NoSuchKey) when calling the GetObject operation: The specified key does not exist.
  2239/8883: mp-978995
unable to access bucket: 'materialsproject-parsed' key: 'chgcars/mp-1417613.json.gz' version: None error: An error occurred (NoSuchKey) when calling the GetObject operation: The specified key does not exist.
  2240/8883: mp-1114115
  2241/8883: mp-975897
unable to access bucket: 'materialsproject-parsed' key: 'chgcars/mp-1416838.json.gz' version: None error: An error occurred (NoSuchKey) when calling the GetObject operation: The specified key does not exist.
  2242/8883: mp-865755
  2243/8883: mp-1113156
  2244/8883: mp-1112086
  2245/8883: mp-567348
  2246/8883: mp-29724
  2247/8883: mp-1111115
unable to access bucket: 'materialsproject-parsed' key: 'chgcars/mp-1388679.json.gz' version: None error: An error occurred (NoSuchKey) when calling the GetObject operation: The specified key does not exist.
  2248/8883: mp-1113393
  2249/8883: mp-1184260
  2250/8883: mp-861946
unable to access bucket: 'materialsproject-parsed' key: 'chgcars/mp-1420273.json.gz' version: None error: An error occurred (NoSuchKey) when calling the GetObject operation: The specified key does not exist.
  2251/8883: mp-1187721
  2252/8883: mp-1113004
unable to access bucket: 'materialsproject-parsed' key: 'chgcars/mp-1403734.json.gz' version: None error: An error occurred (NoSuchKey) when calling the GetObject operation: The specified key does not exist.
  2253/8883: mp-1352
  2254/8883: mp-865926
  2255/8883: mp-1184074
  2256/8883: mp-1187211
  2257/8883: mp-862738
unable to access bucket: 'materialsproject-parsed' key: 'chgcars/mp-1423894.json.gz' version: None error: An error occurred (NoSuchKey) when calling the GetObject operation: The specified key does not exist.
  2258/8883: mp-1193521
unable to access bucket: 'materialsproject-parsed' key: 'chgcars/mp-1427169.json.gz' version: None error: An error occurred (NoSuchKey) when calling the GetObject operation: The specified key does not exist.
  2259/8883: mp-1112114
  2260/8883: mp-30844
unable to access bucket: 'materialsproject-parsed' key: 'chgcars/mp-1438030.json.gz' version: None error: An error occurred (NoSuchKey) when calling the GetObject operation: The specified key does not exist.
  2261/8883: mp-1112271
  2262/8883: mp-30641
unable to access bucket: 'materialsproject-parsed' key: 'chgcars/mp-1430803.json.gz' version: None error: An error occurred (NoSuchKey) when calling the GetObject operation: The specified key does not exist.
  2263/8883: mp-979420
  2264/8883: mp-1112596
  2265/8883: mp-1674
  2266/8883: mp-978095
unable to access bucket: 'materialsproject-parsed' key: 'chgcars/mp-1442760.json.gz' version: None error: An error occurred (NoSuchKey) when calling the GetObject operation: The specified key does not exist.
  2267/8883: mp-22725
  2268/8883: mp-1114106
unable to access bucket: 'materialsproject-parsed' key: 'chgcars/mp-1378724.json.gz' version: None error: An error occurred (NoSuchKey) when calling the GetObject operation: The specified key does not exist.
  2269/8883: mp-1186678
unable to access bucket: 'materialsproject-parsed' key: 'chgcars/mp-1419918.json.gz' version: None error: An error occurred (NoSuchKey) when calling the GetObject operation: The specified key does not exist.
  2270/8883: mp-1114075
  2271/8883: mp-989535
unable to access bucket: 'materialsproject-parsed' key: 'chgcars/mp-1387964.json.gz' version: None error: An error occurred (NoSuchKey) when calling the GetObject operation: The specified key does not exist.
  2272/8883: mp-542995
unable to access bucket: 'materialsproject-parsed' key: 'chgcars/mp-1443780.json.gz' version: None error: An error occurred (NoSuchKey) when calling the GetObject operation: The specified key does not exist.
  2273/8883: mp-631527
unable to access bucket: 'materialsproject-parsed' key: 'chgcars/mp-1430965.json.gz' version: None error: An error occurred (NoSuchKey) when calling the GetObject operation: The specified key does not exist.
  2274/8883: mp-1187210
  2275/8883: mp-1113971
  2276/8883: mp-1111065
unable to access bucket: 'materialsproject-parsed' key: 'chgcars/mp-1443629.json.gz' version: None error: An error occurred (NoSuchKey) when calling the GetObject operation: The specified key does not exist.
  2277/8883: mp-1120775
  2278/8883: mp-2272
  2279/8883: mp-3498
unable to access bucket: 'materialsproject-parsed' key: 'chgcars/mp-1437561.json.gz' version: None error: An error occurred (NoSuchKey) when calling the GetObject operation: The specified key does not exist.
  2280/8883: mp-10051
unable to access bucket: 'materialsproject-parsed' key: 'chgcars/mp-1439786.json.gz' version: None error: An error occurred (NoSuchKey) when calling the GetObject operation: The specified key does not exist.
  2281/8883: mp-6428
  2282/8883: mp-1110790
  2283/8883: mp-22290
  2284/8883: mp-978973
unable to access bucket: 'materialsproject-parsed' key: 'chgcars/mp-1428498.json.gz' version: None error: An error occurred (NoSuchKey) when calling the GetObject operation: The specified key does not exist.
  2285/8883: mp-976023
  2286/8883: mp-865783
unable to access bucket: 'materialsproject-parsed' key: 'chgcars/mp-1433487.json.gz' version: None error: An error occurred (NoSuchKey) when calling the GetObject operation: The specified key does not exist.
  2287/8883: mp-567389
  2288/8883: mp-864946
  2289/8883: mp-1187429
  2290/8883: mp-1194187
  2291/8883: mp-1111483
  2292/8883: mp-1114161
unable to access bucket: 'materialsproject-parsed' key: 'chgcars/mp-1333271.json.gz' version: None error: An error occurred (NoSuchKey) when calling the GetObject operation: The specified key does not exist.
  2293/8883: mp-1110783
  2294/8883: mp-1112023
unable to access bucket: 'materialsproject-parsed' key: 'chgcars/mp-1331545.json.gz' version: None error: An error occurred (NoSuchKey) when calling the GetObject operation: The specified key does not exist.
  2295/8883: mp-10759
  2296/8883: mp-22441
  2297/8883: mp-977576
unable to access bucket: 'materialsproject-parsed' key: 'chgcars/mp-1415523.json.gz' version: None error: An error occurred (NoSuchKey) when calling the GetObject operation: The specified key does not exist.
  2298/8883: mp-979986
  2299/8883: mp-863703
  2300/8883: mp-864800
unable to access bucket: 'materialsproject-parsed' key: 'chgcars/mp-1426743.json.gz' version: None error: An error occurred (NoSuchKey) when calling the GetObject operation: The specified key does not exist.
  2301/8883: mp-1112903
  2302/8883: mp-1186065
  2303/8883: mp-1205708
  2304/8883: mp-1187757
unable to access bucket: 'materialsproject-parsed' key: 'chgcars/mp-1416515.json.gz' version: None error: An error occurred (NoSuchKey) when calling the GetObject operation: The specified key does not exist.
  2305/8883: mp-1185393
  2306/8883: mp-865640
unable to access bucket: 'materialsproject-parsed' key: 'chgcars/mp-1419184.json.gz' version: None error: An error occurred (NoSuchKey) when calling the GetObject operation: The specified key does not exist.
  2307/8883: mp-972119
  2308/8883: mp-973126
  2309/8883: mp-861479
unable to access bucket: 'materialsproject-parsed' key: 'chgcars/mp-1504707.json.gz' version: None error: An error occurred (NoSuchKey) when calling the GetObject operation: The specified key does not exist.
  2310/8883: mp-1112721
  2311/8883: mp-510402
  2312/8883: mp-1110765
  2313/8883: mp-1102
  2314/8883: mp-1185017
  2315/8883: mp-973067
unable to access bucket: 'materialsproject-parsed' key: 'chgcars/mp-1437064.json.gz' version: None error: An error occurred (NoSuchKey) when calling the GetObject operation: The specified key does not exist.
  2316/8883: mp-1183492
unable to access bucket: 'materialsproject-parsed' key: 'chgcars/mp-1386963.json.gz' version: None error: An error occurred (NoSuchKey) when calling the GetObject operation: The specified key does not exist.
  2317/8883: mp-1110822
unable to access bucket: 'materialsproject-parsed' key: 'chgcars/mp-1410463.json.gz' version: None error: An error occurred (NoSuchKey) when calling the GetObject operation: The specified key does not exist.
  2318/8883: mp-1185587
  2319/8883: mp-1255847
  2320/8883: mp-1187509
unable to access bucket: 'materialsproject-parsed' key: 'chgcars/mp-1425774.json.gz' version: None error: An error occurred (NoSuchKey) when calling the GetObject operation: The specified key does not exist.
  2321/8883: mp-1112663
  2322/8883: mp-1185447
  2323/8883: mp-1185390
  2324/8883: mp-1187370
  2325/8883: mp-864844
unable to access bucket: 'materialsproject-parsed' key: 'chgcars/mp-1384055.json.gz' version: None error: An error occurred (NoSuchKey) when calling the GetObject operation: The specified key does not exist.
  2326/8883: mp-866178
  2327/8883: mp-1112145
  2328/8883: mp-1185368
unable to access bucket: 'materialsproject-parsed' key: 'chgcars/mp-1418972.json.gz' version: None error: An error occurred (NoSuchKey) when calling the GetObject operation: The specified key does not exist.
  2329/8883: mp-1018074
  2330/8883: mp-1187002
unable to access bucket: 'materialsproject-parsed' key: 'chgcars/mp-1428626.json.gz' version: None error: An error occurred (NoSuchKey) when calling the GetObject operation: The specified key does not exist.
  2331/8883: mp-1187072
  2332/8883: mp-862755
unable to access bucket: 'materialsproject-parsed' key: 'chgcars/mp-1415292.json.gz' version: None error: An error occurred (NoSuchKey) when calling the GetObject operation: The specified key does not exist.
  2333/8883: mp-1079705
  2334/8883: mp-1184816
  2335/8883: mp-1207009
  2336/8883: mp-2765
unable to access bucket: 'materialsproject-parsed' key: 'chgcars/mp-1439041.json.gz' version: None error: An error occurred (NoSuchKey) when calling the GetObject operation: The specified key does not exist.
  2337/8883: mp-697030
  2338/8883: mp-631569
unable to access bucket: 'materialsproject-parsed' key: 'chgcars/mp-1433677.json.gz' version: None error: An error occurred (NoSuchKey) when calling the GetObject operation: The specified key does not exist.
  2339/8883: mp-867848
unable to access bucket: 'materialsproject-parsed' key: 'chgcars/mp-1431843.json.gz' version: None error: An error occurred (NoSuchKey) when calling the GetObject operation: The specified key does not exist.
  2340/8883: mp-1185623
unable to access bucket: 'materialsproject-parsed' key: 'chgcars/mp-1401181.json.gz' version: None error: An error occurred (NoSuchKey) when calling the GetObject operation: The specified key does not exist.
  2341/8883: mp-1111156
  2342/8883: mp-1186343
unable to access bucket: 'materialsproject-parsed' key: 'chgcars/mp-1443448.json.gz' version: None error: An error occurred (NoSuchKey) when calling the GetObject operation: The specified key does not exist.
  2343/8883: mp-1185359
unable to access bucket: 'materialsproject-parsed' key: 'chgcars/mp-1432032.json.gz' version: None error: An error occurred (NoSuchKey) when calling the GetObject operation: The specified key does not exist.
  2344/8883: mp-867116
  2345/8883: mp-972511
  2346/8883: mp-20483
  2347/8883: mp-1185238
unable to access bucket: 'materialsproject-parsed' key: 'chgcars/mp-1428811.json.gz' version: None error: An error occurred (NoSuchKey) when calling the GetObject operation: The specified key does not exist.
  2348/8883: mp-1110616
  2349/8883: mp-22319
unable to access bucket: 'materialsproject-parsed' key: 'chgcars/mp-1425450.json.gz' version: None error: An error occurred (NoSuchKey) when calling the GetObject operation: The specified key does not exist.
  2350/8883: mp-976256
unable to access bucket: 'materialsproject-parsed' key: 'chgcars/mp-1422323.json.gz' version: None error: An error occurred (NoSuchKey) when calling the GetObject operation: The specified key does not exist.
  2351/8883: mp-1183762
  2352/8883: mp-1110883
  2353/8883: mp-1112284
unable to access bucket: 'materialsproject-parsed' key: 'chgcars/mp-1404664.json.gz' version: None error: An error occurred (NoSuchKey) when calling the GetObject operation: The specified key does not exist.
  2354/8883: mp-1187768
  2355/8883: mp-1186929
unable to access bucket: 'materialsproject-parsed' key: 'chgcars/mp-1395425.json.gz' version: None error: An error occurred (NoSuchKey) when calling the GetObject operation: The specified key does not exist.
  2356/8883: mp-1067817
unable to access bucket: 'materialsproject-parsed' key: 'chgcars/mp-1300540.json.gz' version: None error: An error occurred (NoSuchKey) when calling the GetObject operation: The specified key does not exist.
  2357/8883: mp-1111008
  2358/8883: mp-1185917
  2359/8883: mp-1206378
  2360/8883: mp-1184254
  2361/8883: mp-862789
unable to access bucket: 'materialsproject-parsed' key: 'chgcars/mp-1421314.json.gz' version: None error: An error occurred (NoSuchKey) when calling the GetObject operation: The specified key does not exist.
  2362/8883: mp-6854
  2363/8883: mp-1112015
unable to access bucket: 'materialsproject-parsed' key: 'chgcars/mp-1408696.json.gz' version: None error: An error occurred (NoSuchKey) when calling the GetObject operation: The specified key does not exist.
  2364/8883: mp-1112234
  2365/8883: mp-1112525
  2366/8883: mp-1183582
  2367/8883: mp-980198
unable to access bucket: 'materialsproject-parsed' key: 'chgcars/mp-1504829.json.gz' version: None error: An error occurred (NoSuchKey) when calling the GetObject operation: The specified key does not exist.
  2368/8883: mp-1079379
  2369/8883: mp-1186677
  2370/8883: mp-862319
unable to access bucket: 'materialsproject-parsed' key: 'chgcars/mp-1395316.json.gz' version: None error: An error occurred (NoSuchKey) when calling the GetObject operation: The specified key does not exist.
  2371/8883: mp-981314
  2372/8883: mp-862892
unable to access bucket: 'materialsproject-parsed' key: 'chgcars/mp-1413777.json.gz' version: None error: An error occurred (NoSuchKey) when calling the GetObject operation: The specified key does not exist.
  2373/8883: mp-1112753
  2374/8883: mp-981377
unable to access bucket: 'materialsproject-parsed' key: 'chgcars/mp-1385237.json.gz' version: None error: An error occurred (NoSuchKey) when calling the GetObject operation: The specified key does not exist.
  2375/8883: mp-20840
  2376/8883: mp-1205683
  2377/8883: mp-1193149
  2378/8883: mp-22862
  2379/8883: mp-1111744
  2380/8883: mp-977435
  2381/8883: mp-975822
unable to access bucket: 'materialsproject-parsed' key: 'chgcars/mp-1431107.json.gz' version: None error: An error occurred (NoSuchKey) when calling the GetObject operation: The specified key does not exist.
  2382/8883: mp-1184088
unable to access bucket: 'materialsproject-parsed' key: 'chgcars/mp-1431184.json.gz' version: None error: An error occurred (NoSuchKey) when calling the GetObject operation: The specified key does not exist.
  2383/8883: mp-867137
unable to access bucket: 'materialsproject-parsed' key: 'chgcars/mp-1429045.json.gz' version: None error: An error occurred (NoSuchKey) when calling the GetObject operation: The specified key does not exist.
  2384/8883: mp-980044
unable to access bucket: 'materialsproject-parsed' key: 'chgcars/mp-1409084.json.gz' version: None error: An error occurred (NoSuchKey) when calling the GetObject operation: The specified key does not exist.
  2385/8883: mp-865321
unable to access bucket: 'materialsproject-parsed' key: 'chgcars/mp-1436261.json.gz' version: None error: An error occurred (NoSuchKey) when calling the GetObject operation: The specified key does not exist.
  2386/8883: mp-865869
unable to access bucket: 'materialsproject-parsed' key: 'chgcars/mp-1431900.json.gz' version: None error: An error occurred (NoSuchKey) when calling the GetObject operation: The specified key does not exist.
  2387/8883: mp-1025415
  2388/8883: mp-1185502
unable to access bucket: 'materialsproject-parsed' key: 'chgcars/mp-1417213.json.gz' version: None error: An error occurred (NoSuchKey) when calling the GetObject operation: The specified key does not exist.
  2389/8883: mp-1113827
  2390/8883: mp-973285
  2391/8883: mp-10873
  2392/8883: mp-865623
  2393/8883: mp-1183392
unable to access bucket: 'materialsproject-parsed' key: 'chgcars/mp-1391676.json.gz' version: None error: An error occurred (NoSuchKey) when calling the GetObject operation: The specified key does not exist.
  2394/8883: mp-1183551
unable to access bucket: 'materialsproject-parsed' key: 'chgcars/mp-1423177.json.gz' version: None error: An error occurred (NoSuchKey) when calling the GetObject operation: The specified key does not exist.
  2395/8883: mp-1114492
unable to access bucket: 'materialsproject-parsed' key: 'chgcars/mp-1383322.json.gz' version: None error: An error occurred (NoSuchKey) when calling the GetObject operation: The specified key does not exist.
  2396/8883: mp-1183594
unable to access bucket: 'materialsproject-parsed' key: 'chgcars/mp-1397318.json.gz' version: None error: An error occurred (NoSuchKey) when calling the GetObject operation: The specified key does not exist.
  2397/8883: mp-1207285
  2398/8883: mp-865648
  2399/8883: mp-1185554
  2400/8883: mp-1112692
  2401/8883: mp-1184887
  2402/8883: mp-1111075
  2403/8883: mp-1183060
unable to access bucket: 'materialsproject-parsed' key: 'chgcars/mp-1423854.json.gz' version: None error: An error occurred (NoSuchKey) when calling the GetObject operation: The specified key does not exist.
  2404/8883: mp-1185262
unable to access bucket: 'materialsproject-parsed' key: 'chgcars/mp-1422916.json.gz' version: None error: An error occurred (NoSuchKey) when calling the GetObject operation: The specified key does not exist.
  2405/8883: mp-1112197
unable to access bucket: 'materialsproject-parsed' key: 'chgcars/mp-1375534.json.gz' version: None error: An error occurred (NoSuchKey) when calling the GetObject operation: The specified key does not exist.
  2406/8883: mp-1184655
  2407/8883: mp-867118
unable to access bucket: 'materialsproject-parsed' key: 'chgcars/mp-1405712.json.gz' version: None error: An error occurred (NoSuchKey) when calling the GetObject operation: The specified key does not exist.
  2408/8883: mp-1206547
  2409/8883: mp-866082
unable to access bucket: 'materialsproject-parsed' key: 'chgcars/mp-1426258.json.gz' version: None error: An error occurred (NoSuchKey) when calling the GetObject operation: The specified key does not exist.
  2410/8883: mp-24201
  2411/8883: mp-979431
unable to access bucket: 'materialsproject-parsed' key: 'chgcars/mp-1422748.json.gz' version: None error: An error occurred (NoSuchKey) when calling the GetObject operation: The specified key does not exist.
  2412/8883: mp-1186178
unable to access bucket: 'materialsproject-parsed' key: 'chgcars/mp-1396234.json.gz' version: None error: An error occurred (NoSuchKey) when calling the GetObject operation: The specified key does not exist.
  2413/8883: mp-865866
  2414/8883: mp-1208033
  2415/8883: mp-1112339
  2416/8883: mp-864961
unable to access bucket: 'materialsproject-parsed' key: 'chgcars/mp-1413687.json.gz' version: None error: An error occurred (NoSuchKey) when calling the GetObject operation: The specified key does not exist.
  2417/8883: mp-866193
  2418/8883: mp-1112998
  2419/8883: mp-1112016
unable to access bucket: 'materialsproject-parsed' key: 'chgcars/mp-1371746.json.gz' version: None error: An error occurred (NoSuchKey) when calling the GetObject operation: The specified key does not exist.
  2420/8883: mp-862875
unable to access bucket: 'materialsproject-parsed' key: 'chgcars/mp-1428541.json.gz' version: None error: An error occurred (NoSuchKey) when calling the GetObject operation: The specified key does not exist.
  2421/8883: mp-974387
unable to access bucket: 'materialsproject-parsed' key: 'chgcars/mp-1388673.json.gz' version: None error: An error occurred (NoSuchKey) when calling the GetObject operation: The specified key does not exist.
  2422/8883: mp-974949
unable to access bucket: 'materialsproject-parsed' key: 'chgcars/mp-1403622.json.gz' version: None error: An error occurred (NoSuchKey) when calling the GetObject operation: The specified key does not exist.
  2423/8883: mp-1183609
unable to access bucket: 'materialsproject-parsed' key: 'chgcars/mp-1409142.json.gz' version: None error: An error occurred (NoSuchKey) when calling the GetObject operation: The specified key does not exist.
  2424/8883: mp-1183548
unable to access bucket: 'materialsproject-parsed' key: 'chgcars/mp-1413484.json.gz' version: None error: An error occurred (NoSuchKey) when calling the GetObject operation: The specified key does not exist.
  2425/8883: mp-867292
unable to access bucket: 'materialsproject-parsed' key: 'chgcars/mp-1428550.json.gz' version: None error: An error occurred (NoSuchKey) when calling the GetObject operation: The specified key does not exist.
  2426/8883: mp-1007821
  2427/8883: mp-1187565
unable to access bucket: 'materialsproject-parsed' key: 'chgcars/mp-1416715.json.gz' version: None error: An error occurred (NoSuchKey) when calling the GetObject operation: The specified key does not exist.
  2428/8883: mp-862614
unable to access bucket: 'materialsproject-parsed' key: 'chgcars/mp-1384788.json.gz' version: None error: An error occurred (NoSuchKey) when calling the GetObject operation: The specified key does not exist.
  2429/8883: mp-1111110
unable to access bucket: 'materialsproject-parsed' key: 'chgcars/mp-1387084.json.gz' version: None error: An error occurred (NoSuchKey) when calling the GetObject operation: The specified key does not exist.
  2430/8883: mp-1185079
unable to access bucket: 'materialsproject-parsed' key: 'chgcars/mp-1394347.json.gz' version: None error: An error occurred (NoSuchKey) when calling the GetObject operation: The specified key does not exist.
  2431/8883: mp-1205684
unable to access bucket: 'materialsproject-parsed' key: 'chgcars/mp-1410326.json.gz' version: None error: An error occurred (NoSuchKey) when calling the GetObject operation: The specified key does not exist.
  2432/8883: mp-1112186
  2433/8883: mp-865442
unable to access bucket: 'materialsproject-parsed' key: 'chgcars/mp-1431989.json.gz' version: None error: An error occurred (NoSuchKey) when calling the GetObject operation: The specified key does not exist.
  2434/8883: mp-1186432
  2435/8883: mp-1110693
  2436/8883: mp-643
unable to access bucket: 'materialsproject-parsed' key: 'chgcars/mp-1440664.json.gz' version: None error: An error occurred (NoSuchKey) when calling the GetObject operation: The specified key does not exist.
  2437/8883: mp-985450
  2438/8883: mp-1110686
  2439/8883: mp-1111652
unable to access bucket: 'materialsproject-parsed' key: 'chgcars/mp-1394296.json.gz' version: None error: An error occurred (NoSuchKey) when calling the GetObject operation: The specified key does not exist.
  2440/8883: mp-1205833
  2441/8883: mp-1111712
  2442/8883: mp-22903
  2443/8883: mp-1184271
unable to access bucket: 'materialsproject-parsed' key: 'chgcars/mp-1386600.json.gz' version: None error: An error occurred (NoSuchKey) when calling the GetObject operation: The specified key does not exist.
  2444/8883: mp-1183073
unable to access bucket: 'materialsproject-parsed' key: 'chgcars/mp-1393877.json.gz' version: None error: An error occurred (NoSuchKey) when calling the GetObject operation: The specified key does not exist.
  2445/8883: mp-1206562
  2446/8883: mp-867343
unable to access bucket: 'materialsproject-parsed' key: 'chgcars/mp-1421617.json.gz' version: None error: An error occurred (NoSuchKey) when calling the GetObject operation: The specified key does not exist.
  2447/8883: mp-1112343
unable to access bucket: 'materialsproject-parsed' key: 'chgcars/mp-1389921.json.gz' version: None error: An error occurred (NoSuchKey) when calling the GetObject operation: The specified key does not exist.
  2448/8883: mp-1186585
unable to access bucket: 'materialsproject-parsed' key: 'chgcars/mp-1410097.json.gz' version: None error: An error occurred (NoSuchKey) when calling the GetObject operation: The specified key does not exist.
  2449/8883: mp-973996
unable to access bucket: 'materialsproject-parsed' key: 'chgcars/mp-1405227.json.gz' version: None error: An error occurred (NoSuchKey) when calling the GetObject operation: The specified key does not exist.
  2450/8883: mp-723704
unable to access bucket: 'materialsproject-parsed' key: 'chgcars/mp-1413445.json.gz' version: None error: An error occurred (NoSuchKey) when calling the GetObject operation: The specified key does not exist.
  2451/8883: mp-1186869
  2452/8883: mp-1111678
unable to access bucket: 'materialsproject-parsed' key: 'chgcars/mp-1393280.json.gz' version: None error: An error occurred (NoSuchKey) when calling the GetObject operation: The specified key does not exist.
  2453/8883: mp-6110
unable to access bucket: 'materialsproject-parsed' key: 'chgcars/mp-1475809.json.gz' version: None error: An error occurred (NoSuchKey) when calling the GetObject operation: The specified key does not exist.
  2454/8883: mp-1110733
  2455/8883: mp-973114
  2456/8883: mp-867147
unable to access bucket: 'materialsproject-parsed' key: 'chgcars/mp-1393829.json.gz' version: None error: An error occurred (NoSuchKey) when calling the GetObject operation: The specified key does not exist.
  2457/8883: mp-1207114
unable to access bucket: 'materialsproject-parsed' key: 'chgcars/mp-1389444.json.gz' version: None error: An error occurred (NoSuchKey) when calling the GetObject operation: The specified key does not exist.
  2458/8883: mp-1009829
  2459/8883: mp-1007991
  2460/8883: mp-1187274
unable to access bucket: 'materialsproject-parsed' key: 'chgcars/mp-1413329.json.gz' version: None error: An error occurred (NoSuchKey) when calling the GetObject operation: The specified key does not exist.
  2461/8883: mp-1113375
unable to access bucket: 'materialsproject-parsed' key: 'chgcars/mp-1389878.json.gz' version: None error: An error occurred (NoSuchKey) when calling the GetObject operation: The specified key does not exist.
  2462/8883: mp-1103809
unable to access bucket: 'materialsproject-parsed' key: 'chgcars/mp-1424989.json.gz' version: None error: An error occurred (NoSuchKey) when calling the GetObject operation: The specified key does not exist.
  2463/8883: mp-1187664
  2464/8883: mp-2423
  2465/8883: mp-5778
  2466/8883: mp-744
  2467/8883: mp-1111412
unable to access bucket: 'materialsproject-parsed' key: 'chgcars/mp-1391625.json.gz' version: None error: An error occurred (NoSuchKey) when calling the GetObject operation: The specified key does not exist.
  2468/8883: mp-979713
unable to access bucket: 'materialsproject-parsed' key: 'chgcars/mp-1434576.json.gz' version: None error: An error occurred (NoSuchKey) when calling the GetObject operation: The specified key does not exist.
  2469/8883: mp-867211
unable to access bucket: 'materialsproject-parsed' key: 'chgcars/mp-1418006.json.gz' version: None error: An error occurred (NoSuchKey) when calling the GetObject operation: The specified key does not exist.
  2470/8883: mp-867120
unable to access bucket: 'materialsproject-parsed' key: 'chgcars/mp-1657769.json.gz' version: None error: An error occurred (NoSuchKey) when calling the GetObject operation: The specified key does not exist.
  2471/8883: mp-1212354
  2472/8883: mp-1183617
unable to access bucket: 'materialsproject-parsed' key: 'chgcars/mp-1425505.json.gz' version: None error: An error occurred (NoSuchKey) when calling the GetObject operation: The specified key does not exist.
  2473/8883: mp-20711
  2474/8883: mp-861637
unable to access bucket: 'materialsproject-parsed' key: 'chgcars/mp-1419782.json.gz' version: None error: An error occurred (NoSuchKey) when calling the GetObject operation: The specified key does not exist.
  2475/8883: mp-865536
  2476/8883: mp-977359
  2477/8883: mp-1186047
  2478/8883: mp-978907
  2479/8883: mp-861980
unable to access bucket: 'materialsproject-parsed' key: 'chgcars/mp-1421402.json.gz' version: None error: An error occurred (NoSuchKey) when calling the GetObject operation: The specified key does not exist.
  2480/8883: mp-867207
unable to access bucket: 'materialsproject-parsed' key: 'chgcars/mp-1407338.json.gz' version: None error: An error occurred (NoSuchKey) when calling the GetObject operation: The specified key does not exist.
  2481/8883: mp-27830
unable to access bucket: 'materialsproject-parsed' key: 'chgcars/mp-1413120.json.gz' version: None error: An error occurred (NoSuchKey) when calling the GetObject operation: The specified key does not exist.
  2482/8883: mp-1187894
unable to access bucket: 'materialsproject-parsed' key: 'chgcars/mp-1421281.json.gz' version: None error: An error occurred (NoSuchKey) when calling the GetObject operation: The specified key does not exist.
  2483/8883: mp-21394
  2484/8883: mp-866185
unable to access bucket: 'materialsproject-parsed' key: 'chgcars/mp-1416598.json.gz' version: None error: An error occurred (NoSuchKey) when calling the GetObject operation: The specified key does not exist.
  2485/8883: mp-865585
  2486/8883: mp-972328
unable to access bucket: 'materialsproject-parsed' key: 'chgcars/mp-1414217.json.gz' version: None error: An error occurred (NoSuchKey) when calling the GetObject operation: The specified key does not exist.
  2487/8883: mp-1186791
  2488/8883: mp-1212386
  2489/8883: mp-559633
  2490/8883: mp-1114061
  2491/8883: mp-864795
unable to access bucket: 'materialsproject-parsed' key: 'chgcars/mp-1445840.json.gz' version: None error: An error occurred (NoSuchKey) when calling the GetObject operation: The specified key does not exist.
  2492/8883: mp-978289
  2493/8883: mp-977593
  2494/8883: mp-865655
unable to access bucket: 'materialsproject-parsed' key: 'chgcars/mp-1413530.json.gz' version: None error: An error occurred (NoSuchKey) when calling the GetObject operation: The specified key does not exist.
  2495/8883: mp-867799
unable to access bucket: 'materialsproject-parsed' key: 'chgcars/mp-1404805.json.gz' version: None error: An error occurred (NoSuchKey) when calling the GetObject operation: The specified key does not exist.
  2496/8883: mp-865520
unable to access bucket: 'materialsproject-parsed' key: 'chgcars/mp-1432727.json.gz' version: None error: An error occurred (NoSuchKey) when calling the GetObject operation: The specified key does not exist.
  2497/8883: mp-1110807
  2498/8883: mp-1009694
unable to access bucket: 'materialsproject-parsed' key: 'chgcars/mp-1427265.json.gz' version: None error: An error occurred (NoSuchKey) when calling the GetObject operation: The specified key does not exist.
  2499/8883: mp-1210881
  2500/8883: mp-865951
  2501/8883: mp-980197
unable to access bucket: 'materialsproject-parsed' key: 'chgcars/mp-1436425.json.gz' version: None error: An error occurred (NoSuchKey) when calling the GetObject operation: The specified key does not exist.
  2502/8883: mp-865895
unable to access bucket: 'materialsproject-parsed' key: 'chgcars/mp-1418851.json.gz' version: None error: An error occurred (NoSuchKey) when calling the GetObject operation: The specified key does not exist.
  2503/8883: mp-865535
unable to access bucket: 'materialsproject-parsed' key: 'chgcars/mp-1399063.json.gz' version: None error: An error occurred (NoSuchKey) when calling the GetObject operation: The specified key does not exist.
  2504/8883: mp-1187522
unable to access bucket: 'materialsproject-parsed' key: 'chgcars/mp-1412690.json.gz' version: None error: An error occurred (NoSuchKey) when calling the GetObject operation: The specified key does not exist.
  2505/8883: mp-864895
  2506/8883: mp-865936
  2507/8883: mp-864972
unable to access bucket: 'materialsproject-parsed' key: 'chgcars/mp-1419421.json.gz' version: None error: An error occurred (NoSuchKey) when calling the GetObject operation: The specified key does not exist.
  2508/8883: mp-976343
  2509/8883: mp-10302
  2510/8883: mp-972907
unable to access bucket: 'materialsproject-parsed' key: 'chgcars/mp-1424550.json.gz' version: None error: An error occurred (NoSuchKey) when calling the GetObject operation: The specified key does not exist.
  2511/8883: mp-1113673
  2512/8883: mp-989555
  2513/8883: mp-5921
  2514/8883: mp-1111459
  2515/8883: mp-1111803
  2516/8883: mp-1184415
unable to access bucket: 'materialsproject-parsed' key: 'chgcars/mp-1410109.json.gz' version: None error: An error occurred (NoSuchKey) when calling the GetObject operation: The specified key does not exist.
  2517/8883: mp-866174
  2518/8883: mp-865742
  2519/8883: mp-977445
  2520/8883: mp-867833
unable to access bucket: 'materialsproject-parsed' key: 'chgcars/mp-1414276.json.gz' version: None error: An error occurred (NoSuchKey) when calling the GetObject operation: The specified key does not exist.
  2521/8883: mp-1183344
  2522/8883: mp-1183614
  2523/8883: mp-1185542
  2524/8883: mp-977372
  2525/8883: mp-2559
unable to access bucket: 'materialsproject-parsed' key: 'chgcars/mp-1419284.json.gz' version: None error: An error occurred (NoSuchKey) when calling the GetObject operation: The specified key does not exist.
  2526/8883: mp-1103476
unable to access bucket: 'materialsproject-parsed' key: 'chgcars/mp-1415247.json.gz' version: None error: An error occurred (NoSuchKey) when calling the GetObject operation: The specified key does not exist.
  2527/8883: mp-862334
unable to access bucket: 'materialsproject-parsed' key: 'chgcars/mp-1424263.json.gz' version: None error: An error occurred (NoSuchKey) when calling the GetObject operation: The specified key does not exist.
  2528/8883: mp-1111180
  2529/8883: mp-1232423
unable to access bucket: 'materialsproject-parsed' key: 'chgcars/mp-1412392.json.gz' version: None error: An error occurred (NoSuchKey) when calling the GetObject operation: The specified key does not exist.
  2530/8883: mp-1206954
  2531/8883: mp-1183798
unable to access bucket: 'materialsproject-parsed' key: 'chgcars/mp-1425284.json.gz' version: None error: An error occurred (NoSuchKey) when calling the GetObject operation: The specified key does not exist.
  2532/8883: mp-976030
unable to access bucket: 'materialsproject-parsed' key: 'chgcars/mp-1404673.json.gz' version: None error: An error occurred (NoSuchKey) when calling the GetObject operation: The specified key does not exist.
  2533/8883: mp-1205935
unable to access bucket: 'materialsproject-parsed' key: 'chgcars/mp-1412500.json.gz' version: None error: An error occurred (NoSuchKey) when calling the GetObject operation: The specified key does not exist.
  2534/8883: mp-1187423
  2535/8883: mp-1188009
unable to access bucket: 'materialsproject-parsed' key: 'chgcars/mp-1423052.json.gz' version: None error: An error occurred (NoSuchKey) when calling the GetObject operation: The specified key does not exist.
  2536/8883: mp-864981
  2537/8883: mp-510404
unable to access bucket: 'materialsproject-parsed' key: 'chgcars/mp-1442288.json.gz' version: None error: An error occurred (NoSuchKey) when calling the GetObject operation: The specified key does not exist.
  2538/8883: mp-1110784
  2539/8883: mp-1110954
  2540/8883: mp-865594
  2541/8883: mp-20056
  2542/8883: mp-1002165
unable to access bucket: 'materialsproject-parsed' key: 'chgcars/mp-1424376.json.gz' version: None error: An error occurred (NoSuchKey) when calling the GetObject operation: The specified key does not exist.
  2543/8883: mp-866143
unable to access bucket: 'materialsproject-parsed' key: 'chgcars/mp-1421060.json.gz' version: None error: An error occurred (NoSuchKey) when calling the GetObject operation: The specified key does not exist.
  2544/8883: mp-1112632
  2545/8883: mp-862667
  2546/8883: mp-1187841
  2547/8883: mp-865434
  2548/8883: mp-865805
  2549/8883: mp-948
unable to access bucket: 'materialsproject-parsed' key: 'chgcars/mp-1476212.json.gz' version: None error: An error occurred (NoSuchKey) when calling the GetObject operation: The specified key does not exist.
  2550/8883: mp-1184652
unable to access bucket: 'materialsproject-parsed' key: 'chgcars/mp-1426240.json.gz' version: None error: An error occurred (NoSuchKey) when calling the GetObject operation: The specified key does not exist.
  2551/8883: mp-867477
unable to access bucket: 'materialsproject-parsed' key: 'chgcars/mp-1401447.json.gz' version: None error: An error occurred (NoSuchKey) when calling the GetObject operation: The specified key does not exist.
  2552/8883: mp-862909
unable to access bucket: 'materialsproject-parsed' key: 'chgcars/mp-1418699.json.gz' version: None error: An error occurred (NoSuchKey) when calling the GetObject operation: The specified key does not exist.
  2553/8883: mp-1185985
unable to access bucket: 'materialsproject-parsed' key: 'chgcars/mp-1427739.json.gz' version: None error: An error occurred (NoSuchKey) when calling the GetObject operation: The specified key does not exist.
  2554/8883: mp-1186609
  2555/8883: mp-1080730
unable to access bucket: 'materialsproject-parsed' key: 'chgcars/mp-1288866.json.gz' version: None error: An error occurred (NoSuchKey) when calling the GetObject operation: The specified key does not exist.
  2556/8883: mp-1184884
unable to access bucket: 'materialsproject-parsed' key: 'chgcars/mp-1397160.json.gz' version: None error: An error occurred (NoSuchKey) when calling the GetObject operation: The specified key does not exist.
  2557/8883: mp-976143
unable to access bucket: 'materialsproject-parsed' key: 'chgcars/mp-1429327.json.gz' version: None error: An error occurred (NoSuchKey) when calling the GetObject operation: The specified key does not exist.
  2558/8883: mp-1187694
  2559/8883: mp-973133
unable to access bucket: 'materialsproject-parsed' key: 'chgcars/mp-1413600.json.gz' version: None error: An error occurred (NoSuchKey) when calling the GetObject operation: The specified key does not exist.
  2560/8883: mp-1111293
  2561/8883: mp-1184081
unable to access bucket: 'materialsproject-parsed' key: 'chgcars/mp-1436593.json.gz' version: None error: An error occurred (NoSuchKey) when calling the GetObject operation: The specified key does not exist.
  2562/8883: mp-865813
unable to access bucket: 'materialsproject-parsed' key: 'chgcars/mp-1429734.json.gz' version: None error: An error occurred (NoSuchKey) when calling the GetObject operation: The specified key does not exist.
  2563/8883: mp-1183801
unable to access bucket: 'materialsproject-parsed' key: 'chgcars/mp-1386467.json.gz' version: None error: An error occurred (NoSuchKey) when calling the GetObject operation: The specified key does not exist.
  2564/8883: mp-28
unable to access bucket: 'materialsproject-parsed' key: 'chgcars/mp-1440988.json.gz' version: None error: An error occurred (NoSuchKey) when calling the GetObject operation: The specified key does not exist.
  2565/8883: mp-1111921
  2566/8883: mp-867769
unable to access bucket: 'materialsproject-parsed' key: 'chgcars/mp-1424539.json.gz' version: None error: An error occurred (NoSuchKey) when calling the GetObject operation: The specified key does not exist.
  2567/8883: mp-1975
  2568/8883: mp-976330
  2569/8883: mp-1111176
  2570/8883: mp-867198
unable to access bucket: 'materialsproject-parsed' key: 'chgcars/mp-1429503.json.gz' version: None error: An error occurred (NoSuchKey) when calling the GetObject operation: The specified key does not exist.
  2571/8883: mp-1187340
unable to access bucket: 'materialsproject-parsed' key: 'chgcars/mp-1433101.json.gz' version: None error: An error occurred (NoSuchKey) when calling the GetObject operation: The specified key does not exist.
  2572/8883: mp-979942
unable to access bucket: 'materialsproject-parsed' key: 'chgcars/mp-1410602.json.gz' version: None error: An error occurred (NoSuchKey) when calling the GetObject operation: The specified key does not exist.
  2573/8883: mp-1110894
  2574/8883: mp-867239
unable to access bucket: 'materialsproject-parsed' key: 'chgcars/mp-1411831.json.gz' version: None error: An error occurred (NoSuchKey) when calling the GetObject operation: The specified key does not exist.
  2575/8883: mp-1187692
unable to access bucket: 'materialsproject-parsed' key: 'chgcars/mp-1388942.json.gz' version: None error: An error occurred (NoSuchKey) when calling the GetObject operation: The specified key does not exist.
  2576/8883: mp-1187747
  2577/8883: mp-1218740
unable to access bucket: 'materialsproject-parsed' key: 'chgcars/mp-1274555.json.gz' version: None error: An error occurred (NoSuchKey) when calling the GetObject operation: The specified key does not exist.
  2578/8883: mp-1111958
unable to access bucket: 'materialsproject-parsed' key: 'chgcars/mp-1398118.json.gz' version: None error: An error occurred (NoSuchKey) when calling the GetObject operation: The specified key does not exist.
  2579/8883: mp-1186125
unable to access bucket: 'materialsproject-parsed' key: 'chgcars/mp-1424889.json.gz' version: None error: An error occurred (NoSuchKey) when calling the GetObject operation: The specified key does not exist.
  2580/8883: mp-867145
  2581/8883: mp-1205736
unable to access bucket: 'materialsproject-parsed' key: 'chgcars/mp-1405791.json.gz' version: None error: An error occurred (NoSuchKey) when calling the GetObject operation: The specified key does not exist.
  2582/8883: mp-1187840
unable to access bucket: 'materialsproject-parsed' key: 'chgcars/mp-1390932.json.gz' version: None error: An error occurred (NoSuchKey) when calling the GetObject operation: The specified key does not exist.
  2583/8883: mp-1111215
  2584/8883: mp-1113650
  2585/8883: mp-862712
  2586/8883: mp-862977
  2587/8883: mp-1111479
  2588/8883: mp-22279
  2589/8883: mp-504723
unable to access bucket: 'materialsproject-parsed' key: 'chgcars/mp-1275215.json.gz' version: None error: An error occurred (NoSuchKey) when calling the GetObject operation: The specified key does not exist.
  2590/8883: mp-1111876
  2591/8883: mp-1112898
unable to access bucket: 'materialsproject-parsed' key: 'chgcars/mp-1389528.json.gz' version: None error: An error occurred (NoSuchKey) when calling the GetObject operation: The specified key does not exist.
  2592/8883: mp-1784
  2593/8883: mp-1184108
  2594/8883: mp-1183461
unable to access bucket: 'materialsproject-parsed' key: 'chgcars/mp-1425922.json.gz' version: None error: An error occurred (NoSuchKey) when calling the GetObject operation: The specified key does not exist.
  2595/8883: mp-1094471
unable to access bucket: 'materialsproject-parsed' key: 'chgcars/mp-1404694.json.gz' version: None error: An error occurred (NoSuchKey) when calling the GetObject operation: The specified key does not exist.
  2596/8883: mp-1113409
  2597/8883: mp-1185508
  2598/8883: mp-1184473
  2599/8883: mp-6430
  2600/8883: mp-1185398
unable to access bucket: 'materialsproject-parsed' key: 'chgcars/mp-1391737.json.gz' version: None error: An error occurred (NoSuchKey) when calling the GetObject operation: The specified key does not exist.
  2601/8883: mp-569768
  2602/8883: mp-865282
unable to access bucket: 'materialsproject-parsed' key: 'chgcars/mp-1421820.json.gz' version: None error: An error occurred (NoSuchKey) when calling the GetObject operation: The specified key does not exist.
  2603/8883: mp-865878
  2604/8883: mp-1111302
  2605/8883: mp-1184667
  2606/8883: mp-1110823
  2607/8883: mp-1186201
unable to access bucket: 'materialsproject-parsed' key: 'chgcars/mp-1384876.json.gz' version: None error: An error occurred (NoSuchKey) when calling the GetObject operation: The specified key does not exist.
  2608/8883: mp-865999
unable to access bucket: 'materialsproject-parsed' key: 'chgcars/mp-1428817.json.gz' version: None error: An error occurred (NoSuchKey) when calling the GetObject operation: The specified key does not exist.
  2609/8883: mp-865995
  2610/8883: mp-8224
  2611/8883: mp-631686
unable to access bucket: 'materialsproject-parsed' key: 'chgcars/mp-1420388.json.gz' version: None error: An error occurred (NoSuchKey) when calling the GetObject operation: The specified key does not exist.
  2612/8883: mp-867812
  2613/8883: mp-1205553
  2614/8883: mp-1057084
  2615/8883: mp-1110799
  2616/8883: mp-973333
unable to access bucket: 'materialsproject-parsed' key: 'chgcars/mp-1392321.json.gz' version: None error: An error occurred (NoSuchKey) when calling the GetObject operation: The specified key does not exist.
  2617/8883: mp-1112754
  2618/8883: mp-864744
unable to access bucket: 'materialsproject-parsed' key: 'chgcars/mp-1421143.json.gz' version: None error: An error occurred (NoSuchKey) when calling the GetObject operation: The specified key does not exist.
  2619/8883: mp-1185222
unable to access bucket: 'materialsproject-parsed' key: 'chgcars/mp-1400402.json.gz' version: None error: An error occurred (NoSuchKey) when calling the GetObject operation: The specified key does not exist.
  2620/8883: mp-1185428
unable to access bucket: 'materialsproject-parsed' key: 'chgcars/mp-1430613.json.gz' version: None error: An error occurred (NoSuchKey) when calling the GetObject operation: The specified key does not exist.
  2621/8883: mp-1187453
  2622/8883: mp-1112417
unable to access bucket: 'materialsproject-parsed' key: 'chgcars/mp-1384566.json.gz' version: None error: An error occurred (NoSuchKey) when calling the GetObject operation: The specified key does not exist.
  2623/8883: mp-1113280
  2624/8883: mp-1185010
  2625/8883: mp-1185286
unable to access bucket: 'materialsproject-parsed' key: 'chgcars/mp-1414135.json.gz' version: None error: An error occurred (NoSuchKey) when calling the GetObject operation: The specified key does not exist.
  2626/8883: mp-865051
  2627/8883: mp-867216
  2628/8883: mp-864927
unable to access bucket: 'materialsproject-parsed' key: 'chgcars/mp-1429325.json.gz' version: None error: An error occurred (NoSuchKey) when calling the GetObject operation: The specified key does not exist.
  2629/8883: mp-864769
  2630/8883: mp-1184247
unable to access bucket: 'materialsproject-parsed' key: 'chgcars/mp-1399505.json.gz' version: None error: An error occurred (NoSuchKey) when calling the GetObject operation: The specified key does not exist.
  2631/8883: mp-999396
  2632/8883: mp-2458
  2633/8883: mp-23438
  2634/8883: mp-1110573
  2635/8883: mp-1186538
  2636/8883: mp-972071
  2637/8883: mp-1186233
unable to access bucket: 'materialsproject-parsed' key: 'chgcars/mp-1424844.json.gz' version: None error: An error occurred (NoSuchKey) when calling the GetObject operation: The specified key does not exist.
  2638/8883: mp-1187891
  2639/8883: mp-862805
unable to access bucket: 'materialsproject-parsed' key: 'chgcars/mp-1420452.json.gz' version: None error: An error occurred (NoSuchKey) when calling the GetObject operation: The specified key does not exist.
  2640/8883: mp-1214897
unable to access bucket: 'materialsproject-parsed' key: 'chgcars/mp-1347897.json.gz' version: None error: An error occurred (NoSuchKey) when calling the GetObject operation: The specified key does not exist.
  2641/8883: mp-865415
unable to access bucket: 'materialsproject-parsed' key: 'chgcars/mp-1428978.json.gz' version: None error: An error occurred (NoSuchKey) when calling the GetObject operation: The specified key does not exist.
  2642/8883: mp-989533
  2643/8883: mp-1205649
unable to access bucket: 'materialsproject-parsed' key: 'chgcars/mp-1387930.json.gz' version: None error: An error occurred (NoSuchKey) when calling the GetObject operation: The specified key does not exist.
  2644/8883: mp-863726
unable to access bucket: 'materialsproject-parsed' key: 'chgcars/mp-1504802.json.gz' version: None error: An error occurred (NoSuchKey) when calling the GetObject operation: The specified key does not exist.
  2645/8883: mp-867109
  2646/8883: mp-979965
unable to access bucket: 'materialsproject-parsed' key: 'chgcars/mp-1445302.json.gz' version: None error: An error occurred (NoSuchKey) when calling the GetObject operation: The specified key does not exist.
  2647/8883: mp-863673
unable to access bucket: 'materialsproject-parsed' key: 'chgcars/mp-1422563.json.gz' version: None error: An error occurred (NoSuchKey) when calling the GetObject operation: The specified key does not exist.
  2648/8883: mp-1206593
  2649/8883: mp-977401
  2650/8883: mp-866136
unable to access bucket: 'materialsproject-parsed' key: 'chgcars/mp-1411068.json.gz' version: None error: An error occurred (NoSuchKey) when calling the GetObject operation: The specified key does not exist.
  2651/8883: mp-1183174
unable to access bucket: 'materialsproject-parsed' key: 'chgcars/mp-1415365.json.gz' version: None error: An error occurred (NoSuchKey) when calling the GetObject operation: The specified key does not exist.
  2652/8883: mp-866150
unable to access bucket: 'materialsproject-parsed' key: 'chgcars/mp-1417418.json.gz' version: None error: An error occurred (NoSuchKey) when calling the GetObject operation: The specified key does not exist.
  2653/8883: mp-977553
unable to access bucket: 'materialsproject-parsed' key: 'chgcars/mp-1414676.json.gz' version: None error: An error occurred (NoSuchKey) when calling the GetObject operation: The specified key does not exist.
  2654/8883: mp-1114020
  2655/8883: mp-866170
  2656/8883: mp-1187087
  2657/8883: mp-1111363
  2658/8883: mp-972456
  2659/8883: mp-977411
unable to access bucket: 'materialsproject-parsed' key: 'chgcars/mp-1383500.json.gz' version: None error: An error occurred (NoSuchKey) when calling the GetObject operation: The specified key does not exist.
  2660/8883: mp-1226521
  2661/8883: mp-1184617
unable to access bucket: 'materialsproject-parsed' key: 'chgcars/mp-1419777.json.gz' version: None error: An error occurred (NoSuchKey) when calling the GetObject operation: The specified key does not exist.
  2662/8883: mp-867853
unable to access bucket: 'materialsproject-parsed' key: 'chgcars/mp-1427163.json.gz' version: None error: An error occurred (NoSuchKey) when calling the GetObject operation: The specified key does not exist.
  2663/8883: mp-542727
unable to access bucket: 'materialsproject-parsed' key: 'chgcars/mp-1382235.json.gz' version: None error: An error occurred (NoSuchKey) when calling the GetObject operation: The specified key does not exist.
  2664/8883: mp-862728
  2665/8883: mp-647205
unable to access bucket: 'materialsproject-parsed' key: 'chgcars/mp-1368101.json.gz' version: None error: An error occurred (NoSuchKey) when calling the GetObject operation: The specified key does not exist.
  2666/8883: mp-569639
  2667/8883: mp-977182
unable to access bucket: 'materialsproject-parsed' key: 'chgcars/mp-1431301.json.gz' version: None error: An error occurred (NoSuchKey) when calling the GetObject operation: The specified key does not exist.
  2668/8883: mp-1111986
unable to access bucket: 'materialsproject-parsed' key: 'chgcars/mp-1403643.json.gz' version: None error: An error occurred (NoSuchKey) when calling the GetObject operation: The specified key does not exist.
  2669/8883: mp-1112518
  2670/8883: mp-863676
  2671/8883: mp-1110598
unable to access bucket: 'materialsproject-parsed' key: 'chgcars/mp-1404561.json.gz' version: None error: An error occurred (NoSuchKey) when calling the GetObject operation: The specified key does not exist.
  2672/8883: mp-1113444
  2673/8883: mp-1183730
  2674/8883: mp-977558
unable to access bucket: 'materialsproject-parsed' key: 'chgcars/mp-1436087.json.gz' version: None error: An error occurred (NoSuchKey) when calling the GetObject operation: The specified key does not exist.
  2675/8883: mp-4897
  2676/8883: mp-1111362
  2677/8883: mp-1110816
unable to access bucket: 'materialsproject-parsed' key: 'chgcars/mp-1372080.json.gz' version: None error: An error occurred (NoSuchKey) when calling the GetObject operation: The specified key does not exist.
  2678/8883: mp-1183416
unable to access bucket: 'materialsproject-parsed' key: 'chgcars/mp-1432455.json.gz' version: None error: An error occurred (NoSuchKey) when calling the GetObject operation: The specified key does not exist.
  2679/8883: mp-1207040
  2680/8883: mp-862740
  2681/8883: mp-999258
  2682/8883: mp-1184846
unable to access bucket: 'materialsproject-parsed' key: 'chgcars/mp-1433934.json.gz' version: None error: An error occurred (NoSuchKey) when calling the GetObject operation: The specified key does not exist.
  2683/8883: mp-978624
unable to access bucket: 'materialsproject-parsed' key: 'chgcars/mp-1419113.json.gz' version: None error: An error occurred (NoSuchKey) when calling the GetObject operation: The specified key does not exist.
  2684/8883: mp-977540
unable to access bucket: 'materialsproject-parsed' key: 'chgcars/mp-1393861.json.gz' version: None error: An error occurred (NoSuchKey) when calling the GetObject operation: The specified key does not exist.
  2685/8883: mp-548615
  2686/8883: mp-567097
  2687/8883: mp-690789
  2688/8883: mp-864957
  2689/8883: mp-1187120
unable to access bucket: 'materialsproject-parsed' key: 'chgcars/mp-1446575.json.gz' version: None error: An error occurred (NoSuchKey) when calling the GetObject operation: The specified key does not exist.
  2690/8883: mp-1112473
unable to access bucket: 'materialsproject-parsed' key: 'chgcars/mp-1396547.json.gz' version: None error: An error occurred (NoSuchKey) when calling the GetObject operation: The specified key does not exist.
  2691/8883: mp-862609
unable to access bucket: 'materialsproject-parsed' key: 'chgcars/mp-1422288.json.gz' version: None error: An error occurred (NoSuchKey) when calling the GetObject operation: The specified key does not exist.
  2692/8883: mp-11335
unable to access bucket: 'materialsproject-parsed' key: 'chgcars/mp-1415350.json.gz' version: None error: An error occurred (NoSuchKey) when calling the GetObject operation: The specified key does not exist.
  2693/8883: mp-1111253
unable to access bucket: 'materialsproject-parsed' key: 'chgcars/mp-1408889.json.gz' version: None error: An error occurred (NoSuchKey) when calling the GetObject operation: The specified key does not exist.
  2694/8883: mp-19877
  2695/8883: mp-1186998
  2696/8883: mp-1184584
unable to access bucket: 'materialsproject-parsed' key: 'chgcars/mp-1420641.json.gz' version: None error: An error occurred (NoSuchKey) when calling the GetObject operation: The specified key does not exist.
  2697/8883: mp-1185870
  2698/8883: mp-977539
unable to access bucket: 'materialsproject-parsed' key: 'chgcars/mp-1424276.json.gz' version: None error: An error occurred (NoSuchKey) when calling the GetObject operation: The specified key does not exist.
  2699/8883: mp-2233053
  2700/8883: mp-1187335
  2701/8883: mp-1183962
unable to access bucket: 'materialsproject-parsed' key: 'chgcars/mp-1412542.json.gz' version: None error: An error occurred (NoSuchKey) when calling the GetObject operation: The specified key does not exist.
  2702/8883: mp-1110703
  2703/8883: mp-1183794
  2704/8883: mp-1111012
  2705/8883: mp-866280
unable to access bucket: 'materialsproject-parsed' key: 'chgcars/mp-1415014.json.gz' version: None error: An error occurred (NoSuchKey) when calling the GetObject operation: The specified key does not exist.
  2706/8883: mp-1183814
  2707/8883: mp-972623
  2708/8883: mp-1218817
unable to access bucket: 'materialsproject-parsed' key: 'chgcars/mp-1444866.json.gz' version: None error: An error occurred (NoSuchKey) when calling the GetObject operation: The specified key does not exist.
  2709/8883: mp-1207191
  2710/8883: mp-1112379
  2711/8883: mp-1193118
  2712/8883: mp-1183894
unable to access bucket: 'materialsproject-parsed' key: 'chgcars/mp-1385607.json.gz' version: None error: An error occurred (NoSuchKey) when calling the GetObject operation: The specified key does not exist.
  2713/8883: mp-28525
  2714/8883: mp-1187722
  2715/8883: mp-1229090
unable to access bucket: 'materialsproject-parsed' key: 'chgcars/mp-1415830.json.gz' version: None error: An error occurred (NoSuchKey) when calling the GetObject operation: The specified key does not exist.
  2716/8883: mp-1185375
  2717/8883: mp-864763
unable to access bucket: 'materialsproject-parsed' key: 'chgcars/mp-1424607.json.gz' version: None error: An error occurred (NoSuchKey) when calling the GetObject operation: The specified key does not exist.
  2718/8883: mp-1112418
  2719/8883: mp-27826
  2720/8883: mp-867761
  2721/8883: mp-973314
unable to access bucket: 'materialsproject-parsed' key: 'chgcars/mp-1445323.json.gz' version: None error: An error occurred (NoSuchKey) when calling the GetObject operation: The specified key does not exist.
  2722/8883: mp-1185884
unable to access bucket: 'materialsproject-parsed' key: 'chgcars/mp-1414751.json.gz' version: None error: An error occurred (NoSuchKey) when calling the GetObject operation: The specified key does not exist.
  2723/8883: mp-1187467
unable to access bucket: 'materialsproject-parsed' key: 'chgcars/mp-1427229.json.gz' version: None error: An error occurred (NoSuchKey) when calling the GetObject operation: The specified key does not exist.
  2724/8883: mp-861960
unable to access bucket: 'materialsproject-parsed' key: 'chgcars/mp-1422257.json.gz' version: None error: An error occurred (NoSuchKey) when calling the GetObject operation: The specified key does not exist.
  2725/8883: mp-865414
  2726/8883: mp-865220
  2727/8883: mp-1112326
  2728/8883: mp-866154
unable to access bucket: 'materialsproject-parsed' key: 'chgcars/mp-1436067.json.gz' version: None error: An error occurred (NoSuchKey) when calling the GetObject operation: The specified key does not exist.
  2729/8883: mp-862882
unable to access bucket: 'materialsproject-parsed' key: 'chgcars/mp-1418821.json.gz' version: None error: An error occurred (NoSuchKey) when calling the GetObject operation: The specified key does not exist.
  2730/8883: mp-1112340
  2731/8883: mp-30340
unable to access bucket: 'materialsproject-parsed' key: 'chgcars/mp-1438076.json.gz' version: None error: An error occurred (NoSuchKey) when calling the GetObject operation: The specified key does not exist.
  2732/8883: mp-1194206
  2733/8883: mp-865270
unable to access bucket: 'materialsproject-parsed' key: 'chgcars/mp-1426495.json.gz' version: None error: An error occurred (NoSuchKey) when calling the GetObject operation: The specified key does not exist.
  2734/8883: mp-1187955
  2735/8883: mp-1187216
unable to access bucket: 'materialsproject-parsed' key: 'chgcars/mp-1399341.json.gz' version: None error: An error occurred (NoSuchKey) when calling the GetObject operation: The specified key does not exist.
  2736/8883: mp-1113654
  2737/8883: mp-1112601
  2738/8883: mp-20534
  2739/8883: mp-977555
  2740/8883: mp-976339
  2741/8883: mp-1184580
  2742/8883: mp-1184752
  2743/8883: mp-1111350
  2744/8883: mp-1184089
  2745/8883: mp-978528
unable to access bucket: 'materialsproject-parsed' key: 'chgcars/mp-1431460.json.gz' version: None error: An error occurred (NoSuchKey) when calling the GetObject operation: The specified key does not exist.
  2746/8883: mp-983229
  2747/8883: mp-865236
  2748/8883: mp-1111095
  2749/8883: mp-3909
  2750/8883: mp-1186330
  2751/8883: mp-1079236
  2752/8883: mp-862925
unable to access bucket: 'materialsproject-parsed' key: 'chgcars/mp-1437167.json.gz' version: None error: An error occurred (NoSuchKey) when calling the GetObject operation: The specified key does not exist.
  2753/8883: mp-1185020
unable to access bucket: 'materialsproject-parsed' key: 'chgcars/mp-1389061.json.gz' version: None error: An error occurred (NoSuchKey) when calling the GetObject operation: The specified key does not exist.
  2754/8883: mp-989568
unable to access bucket: 'materialsproject-parsed' key: 'chgcars/mp-1402927.json.gz' version: None error: An error occurred (NoSuchKey) when calling the GetObject operation: The specified key does not exist.
  2755/8883: mp-1112534
  2756/8883: mp-1185976
unable to access bucket: 'materialsproject-parsed' key: 'chgcars/mp-1429963.json.gz' version: None error: An error occurred (NoSuchKey) when calling the GetObject operation: The specified key does not exist.
  2757/8883: mp-29633
  2758/8883: mp-972205
unable to access bucket: 'materialsproject-parsed' key: 'chgcars/mp-1435452.json.gz' version: None error: An error occurred (NoSuchKey) when calling the GetObject operation: The specified key does not exist.
  2759/8883: mp-1112962
  2760/8883: mp-1078353
unable to access bucket: 'materialsproject-parsed' key: 'chgcars/mp-1272546.json.gz' version: None error: An error occurred (NoSuchKey) when calling the GetObject operation: The specified key does not exist.
  2761/8883: mp-21406
unable to access bucket: 'materialsproject-parsed' key: 'chgcars/mp-1424586.json.gz' version: None error: An error occurred (NoSuchKey) when calling the GetObject operation: The specified key does not exist.
  2762/8883: mp-865843
unable to access bucket: 'materialsproject-parsed' key: 'chgcars/mp-1415173.json.gz' version: None error: An error occurred (NoSuchKey) when calling the GetObject operation: The specified key does not exist.
  2763/8883: mp-1207621
unable to access bucket: 'materialsproject-parsed' key: 'chgcars/mp-1375014.json.gz' version: None error: An error occurred (NoSuchKey) when calling the GetObject operation: The specified key does not exist.
  2764/8883: mp-1183313
unable to access bucket: 'materialsproject-parsed' key: 'chgcars/mp-1446509.json.gz' version: None error: An error occurred (NoSuchKey) when calling the GetObject operation: The specified key does not exist.
  2765/8883: mp-973964
unable to access bucket: 'materialsproject-parsed' key: 'chgcars/mp-1423611.json.gz' version: None error: An error occurred (NoSuchKey) when calling the GetObject operation: The specified key does not exist.
  2766/8883: mp-16548
unable to access bucket: 'materialsproject-parsed' key: 'chgcars/mp-1418197.json.gz' version: None error: An error occurred (NoSuchKey) when calling the GetObject operation: The specified key does not exist.
  2767/8883: mp-631554
  2768/8883: mp-863679
  2769/8883: mp-865278
  2770/8883: mp-19996
  2771/8883: mp-11371
  2772/8883: mp-1206283
  2773/8883: mp-864971
  2774/8883: mp-251
  2775/8883: mp-1111443
unable to access bucket: 'materialsproject-parsed' key: 'chgcars/mp-1405995.json.gz' version: None error: An error occurred (NoSuchKey) when calling the GetObject operation: The specified key does not exist.
  2776/8883: mp-1185892
  2777/8883: mp-1110820
  2778/8883: mp-1748
unable to access bucket: 'materialsproject-parsed' key: 'chgcars/mp-1440614.json.gz' version: None error: An error occurred (NoSuchKey) when calling the GetObject operation: The specified key does not exist.
  2779/8883: mp-1206438
  2780/8883: mp-1186256
  2781/8883: mp-1111198
unable to access bucket: 'materialsproject-parsed' key: 'chgcars/mp-1407042.json.gz' version: None error: An error occurred (NoSuchKey) when calling the GetObject operation: The specified key does not exist.
  2782/8883: mp-867922
unable to access bucket: 'materialsproject-parsed' key: 'chgcars/mp-1420788.json.gz' version: None error: An error occurred (NoSuchKey) when calling the GetObject operation: The specified key does not exist.
  2783/8883: mp-1112196
unable to access bucket: 'materialsproject-parsed' key: 'chgcars/mp-1401950.json.gz' version: None error: An error occurred (NoSuchKey) when calling the GetObject operation: The specified key does not exist.
  2784/8883: mp-1206537
  2785/8883: mp-1187631
unable to access bucket: 'materialsproject-parsed' key: 'chgcars/mp-1419840.json.gz' version: None error: An error occurred (NoSuchKey) when calling the GetObject operation: The specified key does not exist.
  2786/8883: mp-989563
  2787/8883: mp-865360
unable to access bucket: 'materialsproject-parsed' key: 'chgcars/mp-1425784.json.gz' version: None error: An error occurred (NoSuchKey) when calling the GetObject operation: The specified key does not exist.
  2788/8883: mp-1187213
  2789/8883: mp-1111694
  2790/8883: mp-20898
unable to access bucket: 'materialsproject-parsed' key: 'chgcars/mp-1441711.json.gz' version: None error: An error occurred (NoSuchKey) when calling the GetObject operation: The specified key does not exist.
  2791/8883: mp-867847
  2792/8883: mp-1205629
unable to access bucket: 'materialsproject-parsed' key: 'chgcars/mp-1399437.json.gz' version: None error: An error occurred (NoSuchKey) when calling the GetObject operation: The specified key does not exist.
  2793/8883: mp-862262
unable to access bucket: 'materialsproject-parsed' key: 'chgcars/mp-1418813.json.gz' version: None error: An error occurred (NoSuchKey) when calling the GetObject operation: The specified key does not exist.
  2794/8883: mp-1205535
unable to access bucket: 'materialsproject-parsed' key: 'chgcars/mp-1405485.json.gz' version: None error: An error occurred (NoSuchKey) when calling the GetObject operation: The specified key does not exist.
  2795/8883: mp-861629
unable to access bucket: 'materialsproject-parsed' key: 'chgcars/mp-1772086.json.gz' version: None error: An error occurred (NoSuchKey) when calling the GetObject operation: The specified key does not exist.
  2796/8883: mp-1111900
  2797/8883: mp-1183893
unable to access bucket: 'materialsproject-parsed' key: 'chgcars/mp-1393687.json.gz' version: None error: An error occurred (NoSuchKey) when calling the GetObject operation: The specified key does not exist.
  2798/8883: mp-973353
unable to access bucket: 'materialsproject-parsed' key: 'chgcars/mp-1428554.json.gz' version: None error: An error occurred (NoSuchKey) when calling the GetObject operation: The specified key does not exist.
  2799/8883: mp-976943
  2800/8883: mp-1186379
unable to access bucket: 'materialsproject-parsed' key: 'chgcars/mp-1410064.json.gz' version: None error: An error occurred (NoSuchKey) when calling the GetObject operation: The specified key does not exist.
  2801/8883: mp-867273
unable to access bucket: 'materialsproject-parsed' key: 'chgcars/mp-1415465.json.gz' version: None error: An error occurred (NoSuchKey) when calling the GetObject operation: The specified key does not exist.
  2802/8883: mp-865445
  2803/8883: mp-1112572
  2804/8883: mp-1187889
unable to access bucket: 'materialsproject-parsed' key: 'chgcars/mp-1446418.json.gz' version: None error: An error occurred (NoSuchKey) when calling the GetObject operation: The specified key does not exist.
  2805/8883: mp-1185769
unable to access bucket: 'materialsproject-parsed' key: 'chgcars/mp-1414254.json.gz' version: None error: An error occurred (NoSuchKey) when calling the GetObject operation: The specified key does not exist.
  2806/8883: mp-1111045
  2807/8883: mp-1111173
  2808/8883: mp-1218983
  2809/8883: mp-20864
  2810/8883: mp-1113554
  2811/8883: mp-1096
unable to access bucket: 'materialsproject-parsed' key: 'chgcars/mp-1440849.json.gz' version: None error: An error occurred (NoSuchKey) when calling the GetObject operation: The specified key does not exist.
  2812/8883: mp-972528
  2813/8883: mp-1079615
  2814/8883: mp-865841
unable to access bucket: 'materialsproject-parsed' key: 'chgcars/mp-1413637.json.gz' version: None error: An error occurred (NoSuchKey) when calling the GetObject operation: The specified key does not exist.
  2815/8883: mp-865158
unable to access bucket: 'materialsproject-parsed' key: 'chgcars/mp-1504177.json.gz' version: None error: An error occurred (NoSuchKey) when calling the GetObject operation: The specified key does not exist.
  2816/8883: mp-1184286
unable to access bucket: 'materialsproject-parsed' key: 'chgcars/mp-1393936.json.gz' version: None error: An error occurred (NoSuchKey) when calling the GetObject operation: The specified key does not exist.
  2817/8883: mp-1185339
unable to access bucket: 'materialsproject-parsed' key: 'chgcars/mp-1656459.json.gz' version: None error: An error occurred (NoSuchKey) when calling the GetObject operation: The specified key does not exist.
  2818/8883: mp-1184263
  2819/8883: mp-973443
  2820/8883: mp-865467
  2821/8883: mp-1186439
unable to access bucket: 'materialsproject-parsed' key: 'chgcars/mp-1389855.json.gz' version: None error: An error occurred (NoSuchKey) when calling the GetObject operation: The specified key does not exist.
  2822/8883: mp-979073
unable to access bucket: 'materialsproject-parsed' key: 'chgcars/mp-1427329.json.gz' version: None error: An error occurred (NoSuchKey) when calling the GetObject operation: The specified key does not exist.
  2823/8883: mp-862902
unable to access bucket: 'materialsproject-parsed' key: 'chgcars/mp-1417481.json.gz' version: None error: An error occurred (NoSuchKey) when calling the GetObject operation: The specified key does not exist.
  2824/8883: mp-10709
  2825/8883: mp-865280
unable to access bucket: 'materialsproject-parsed' key: 'chgcars/mp-1428069.json.gz' version: None error: An error occurred (NoSuchKey) when calling the GetObject operation: The specified key does not exist.
  2826/8883: mp-867913
unable to access bucket: 'materialsproject-parsed' key: 'chgcars/mp-1425795.json.gz' version: None error: An error occurred (NoSuchKey) when calling the GetObject operation: The specified key does not exist.
  2827/8883: mp-865004
  2828/8883: mp-1110973
  2829/8883: mp-1113676
  2830/8883: mp-1186962
unable to access bucket: 'materialsproject-parsed' key: 'chgcars/mp-1428903.json.gz' version: None error: An error occurred (NoSuchKey) when calling the GetObject operation: The specified key does not exist.
  2831/8883: mp-20581
  2832/8883: mp-1185030
  2833/8883: mp-862943
unable to access bucket: 'materialsproject-parsed' key: 'chgcars/mp-1424588.json.gz' version: None error: An error occurred (NoSuchKey) when calling the GetObject operation: The specified key does not exist.
  2834/8883: mp-971926
  2835/8883: mp-864806
unable to access bucket: 'materialsproject-parsed' key: 'chgcars/mp-1430418.json.gz' version: None error: An error occurred (NoSuchKey) when calling the GetObject operation: The specified key does not exist.
  2836/8883: mp-12777
  2837/8883: mp-22912
  2838/8883: mp-1184347
unable to access bucket: 'materialsproject-parsed' key: 'chgcars/mp-1409983.json.gz' version: None error: An error occurred (NoSuchKey) when calling the GetObject operation: The specified key does not exist.
  2839/8883: mp-1776
unable to access bucket: 'materialsproject-parsed' key: 'chgcars/mp-1439847.json.gz' version: None error: An error occurred (NoSuchKey) when calling the GetObject operation: The specified key does not exist.
  2840/8883: mp-865677
unable to access bucket: 'materialsproject-parsed' key: 'chgcars/mp-1427151.json.gz' version: None error: An error occurred (NoSuchKey) when calling the GetObject operation: The specified key does not exist.
  2841/8883: mp-866065
unable to access bucket: 'materialsproject-parsed' key: 'chgcars/mp-1426313.json.gz' version: None error: An error occurred (NoSuchKey) when calling the GetObject operation: The specified key does not exist.
  2842/8883: mp-989527
unable to access bucket: 'materialsproject-parsed' key: 'chgcars/mp-1393246.json.gz' version: None error: An error occurred (NoSuchKey) when calling the GetObject operation: The specified key does not exist.
  2843/8883: mp-1186482
  2844/8883: mp-672661
  2845/8883: mp-863659
unable to access bucket: 'materialsproject-parsed' key: 'chgcars/mp-1435901.json.gz' version: None error: An error occurred (NoSuchKey) when calling the GetObject operation: The specified key does not exist.
  2846/8883: mp-1113344
  2847/8883: mp-1247753
  2848/8883: mp-8041
  2849/8883: mp-1184159
unable to access bucket: 'materialsproject-parsed' key: 'chgcars/mp-1432431.json.gz' version: None error: An error occurred (NoSuchKey) when calling the GetObject operation: The specified key does not exist.
  2850/8883: mp-1206257
  2851/8883: mp-866284
unable to access bucket: 'materialsproject-parsed' key: 'chgcars/mp-1387683.json.gz' version: None error: An error occurred (NoSuchKey) when calling the GetObject operation: The specified key does not exist.
  2852/8883: mp-1184084
  2853/8883: mp-1187823
  2854/8883: mp-8642
unable to access bucket: 'materialsproject-parsed' key: 'chgcars/mp-1475872.json.gz' version: None error: An error occurred (NoSuchKey) when calling the GetObject operation: The specified key does not exist.
  2855/8883: mp-1110625
  2856/8883: mp-1184586
unable to access bucket: 'materialsproject-parsed' key: 'chgcars/mp-1426660.json.gz' version: None error: An error occurred (NoSuchKey) when calling the GetObject operation: The specified key does not exist.
  2857/8883: mp-1006057
unable to access bucket: 'materialsproject-parsed' key: 'chgcars/mp-1388333.json.gz' version: None error: An error occurred (NoSuchKey) when calling the GetObject operation: The specified key does not exist.
  2858/8883: mp-1183093
  2859/8883: mp-1094230
unable to access bucket: 'materialsproject-parsed' key: 'chgcars/mp-1388175.json.gz' version: None error: An error occurred (NoSuchKey) when calling the GetObject operation: The specified key does not exist.
  2860/8883: mp-983551
  2861/8883: mp-1187627
unable to access bucket: 'materialsproject-parsed' key: 'chgcars/mp-1415573.json.gz' version: None error: An error occurred (NoSuchKey) when calling the GetObject operation: The specified key does not exist.
  2862/8883: mp-10750
unable to access bucket: 'materialsproject-parsed' key: 'chgcars/mp-1439899.json.gz' version: None error: An error occurred (NoSuchKey) when calling the GetObject operation: The specified key does not exist.
  2863/8883: mp-24723
unable to access bucket: 'materialsproject-parsed' key: 'chgcars/mp-1439460.json.gz' version: None error: An error occurred (NoSuchKey) when calling the GetObject operation: The specified key does not exist.
  2864/8883: mp-1110655
  2865/8883: mp-1185330
  2866/8883: mp-1187679
  2867/8883: mp-9472
  2868/8883: mp-862558
unable to access bucket: 'materialsproject-parsed' key: 'chgcars/mp-1422729.json.gz' version: None error: An error occurred (NoSuchKey) when calling the GetObject operation: The specified key does not exist.
  2869/8883: mp-867326
unable to access bucket: 'materialsproject-parsed' key: 'chgcars/mp-1426858.json.gz' version: None error: An error occurred (NoSuchKey) when calling the GetObject operation: The specified key does not exist.
  2870/8883: mp-2288
  2871/8883: mp-980055
unable to access bucket: 'materialsproject-parsed' key: 'chgcars/mp-1421650.json.gz' version: None error: An error occurred (NoSuchKey) when calling the GetObject operation: The specified key does not exist.
  2872/8883: mp-1111386
unable to access bucket: 'materialsproject-parsed' key: 'chgcars/mp-1443875.json.gz' version: None error: An error occurred (NoSuchKey) when calling the GetObject operation: The specified key does not exist.
  2873/8883: mp-1186438
  2874/8883: mp-1113635
  2875/8883: mp-981311
unable to access bucket: 'materialsproject-parsed' key: 'chgcars/mp-1398287.json.gz' version: None error: An error occurred (NoSuchKey) when calling the GetObject operation: The specified key does not exist.
  2876/8883: mp-8177
unable to access bucket: 'materialsproject-parsed' key: 'chgcars/mp-1438652.json.gz' version: None error: An error occurred (NoSuchKey) when calling the GetObject operation: The specified key does not exist.
  2877/8883: mp-1206646
unable to access bucket: 'materialsproject-parsed' key: 'chgcars/mp-1394451.json.gz' version: None error: An error occurred (NoSuchKey) when calling the GetObject operation: The specified key does not exist.
  2878/8883: mp-862555
  2879/8883: mp-973109
  2880/8883: mp-974641
unable to access bucket: 'materialsproject-parsed' key: 'chgcars/mp-1412693.json.gz' version: None error: An error occurred (NoSuchKey) when calling the GetObject operation: The specified key does not exist.
  2881/8883: mp-1187388
  2882/8883: mp-1017516
  2883/8883: mp-51
unable to access bucket: 'materialsproject-parsed' key: 'chgcars/mp-1442053.json.gz' version: None error: An error occurred (NoSuchKey) when calling the GetObject operation: The specified key does not exist.
  2884/8883: mp-1112112
  2885/8883: mp-1111941
  2886/8883: mp-980947
unable to access bucket: 'materialsproject-parsed' key: 'chgcars/mp-1395612.json.gz' version: None error: An error occurred (NoSuchKey) when calling the GetObject operation: The specified key does not exist.
  2887/8883: mp-1185615
  2888/8883: mp-989545
  2889/8883: mp-1185445
  2890/8883: mp-1206179
  2891/8883: mp-1205676
  2892/8883: mp-545659
unable to access bucket: 'materialsproject-parsed' key: 'chgcars/mp-1418024.json.gz' version: None error: An error occurred (NoSuchKey) when calling the GetObject operation: The specified key does not exist.
  2893/8883: mp-1110681
  2894/8883: mp-973614
unable to access bucket: 'materialsproject-parsed' key: 'chgcars/mp-1398086.json.gz' version: None error: An error occurred (NoSuchKey) when calling the GetObject operation: The specified key does not exist.
  2895/8883: mp-1114004
  2896/8883: mp-862263
unable to access bucket: 'materialsproject-parsed' key: 'chgcars/mp-1417482.json.gz' version: None error: An error occurred (NoSuchKey) when calling the GetObject operation: The specified key does not exist.
  2897/8883: mp-1186951
unable to access bucket: 'materialsproject-parsed' key: 'chgcars/mp-1421065.json.gz' version: None error: An error occurred (NoSuchKey) when calling the GetObject operation: The specified key does not exist.
  2898/8883: mp-975786
  2899/8883: mp-1187612
unable to access bucket: 'materialsproject-parsed' key: 'chgcars/mp-1504620.json.gz' version: None error: An error occurred (NoSuchKey) when calling the GetObject operation: The specified key does not exist.
  2900/8883: mp-975997
unable to access bucket: 'materialsproject-parsed' key: 'chgcars/mp-1417035.json.gz' version: None error: An error occurred (NoSuchKey) when calling the GetObject operation: The specified key does not exist.
  2901/8883: mp-1205598
unable to access bucket: 'materialsproject-parsed' key: 'chgcars/mp-1773340.json.gz' version: None error: An error occurred (NoSuchKey) when calling the GetObject operation: The specified key does not exist.
  2902/8883: mp-863735
unable to access bucket: 'materialsproject-parsed' key: 'chgcars/mp-1432873.json.gz' version: None error: An error occurred (NoSuchKey) when calling the GetObject operation: The specified key does not exist.
  2903/8883: mp-862338
unable to access bucket: 'materialsproject-parsed' key: 'chgcars/mp-1427503.json.gz' version: None error: An error occurred (NoSuchKey) when calling the GetObject operation: The specified key does not exist.
  2904/8883: mp-866033
unable to access bucket: 'materialsproject-parsed' key: 'chgcars/mp-1424707.json.gz' version: None error: An error occurred (NoSuchKey) when calling the GetObject operation: The specified key does not exist.
  2905/8883: mp-1183565
  2906/8883: mp-978808
  2907/8883: mp-979712
unable to access bucket: 'materialsproject-parsed' key: 'chgcars/mp-1426077.json.gz' version: None error: An error occurred (NoSuchKey) when calling the GetObject operation: The specified key does not exist.
  2908/8883: mp-989549
  2909/8883: mp-1113548
  2910/8883: mp-862878
  2911/8883: mp-1110656
unable to access bucket: 'materialsproject-parsed' key: 'chgcars/mp-1383439.json.gz' version: None error: An error occurred (NoSuchKey) when calling the GetObject operation: The specified key does not exist.
  2912/8883: mp-21084
  2913/8883: mp-1214698
unable to access bucket: 'materialsproject-parsed' key: 'chgcars/mp-1411097.json.gz' version: None error: An error occurred (NoSuchKey) when calling the GetObject operation: The specified key does not exist.
  2914/8883: mp-1184380
  2915/8883: mp-1183101
  2916/8883: mp-1187726
unable to access bucket: 'materialsproject-parsed' key: 'chgcars/mp-1414437.json.gz' version: None error: An error occurred (NoSuchKey) when calling the GetObject operation: The specified key does not exist.
  2917/8883: mp-1110792
  2918/8883: mp-1111632
  2919/8883: mp-631330
  2920/8883: mp-975769
unable to access bucket: 'materialsproject-parsed' key: 'chgcars/mp-1434962.json.gz' version: None error: An error occurred (NoSuchKey) when calling the GetObject operation: The specified key does not exist.
  2921/8883: mp-1111777
  2922/8883: mp-1096853
unable to access bucket: 'materialsproject-parsed' key: 'chgcars/mp-1771005.json.gz' version: None error: An error occurred (NoSuchKey) when calling the GetObject operation: The specified key does not exist.
  2923/8883: mp-1111799
unable to access bucket: 'materialsproject-parsed' key: 'chgcars/mp-1409210.json.gz' version: None error: An error occurred (NoSuchKey) when calling the GetObject operation: The specified key does not exist.
  2924/8883: mp-505537
  2925/8883: mp-1110957
unable to access bucket: 'materialsproject-parsed' key: 'chgcars/mp-1340543.json.gz' version: None error: An error occurred (NoSuchKey) when calling the GetObject operation: The specified key does not exist.
  2926/8883: mp-863696
  2927/8883: mp-862554
unable to access bucket: 'materialsproject-parsed' key: 'chgcars/mp-1415912.json.gz' version: None error: An error occurred (NoSuchKey) when calling the GetObject operation: The specified key does not exist.
  2928/8883: mp-1111960
  2929/8883: mp-1184470
  2930/8883: mp-1186135
unable to access bucket: 'materialsproject-parsed' key: 'chgcars/mp-1422462.json.gz' version: None error: An error occurred (NoSuchKey) when calling the GetObject operation: The specified key does not exist.
  2931/8883: mp-972048
  2932/8883: mp-974708
unable to access bucket: 'materialsproject-parsed' key: 'chgcars/mp-1432587.json.gz' version: None error: An error occurred (NoSuchKey) when calling the GetObject operation: The specified key does not exist.
  2933/8883: mp-976326
unable to access bucket: 'materialsproject-parsed' key: 'chgcars/mp-1423210.json.gz' version: None error: An error occurred (NoSuchKey) when calling the GetObject operation: The specified key does not exist.
  2934/8883: mp-1184839
  2935/8883: mp-1113757
  2936/8883: mp-1111314
  2937/8883: mp-867187
unable to access bucket: 'materialsproject-parsed' key: 'chgcars/mp-1415653.json.gz' version: None error: An error occurred (NoSuchKey) when calling the GetObject operation: The specified key does not exist.
  2938/8883: mp-1184970
  2939/8883: mp-1039249
unable to access bucket: 'materialsproject-parsed' key: 'chgcars/mp-1404195.json.gz' version: None error: An error occurred (NoSuchKey) when calling the GetObject operation: The specified key does not exist.
  2940/8883: mp-2596
  2941/8883: mp-1184056
  2942/8883: mp-861588
unable to access bucket: 'materialsproject-parsed' key: 'chgcars/mp-1383825.json.gz' version: None error: An error occurred (NoSuchKey) when calling the GetObject operation: The specified key does not exist.
  2943/8883: mp-1113498
  2944/8883: mp-867768
unable to access bucket: 'materialsproject-parsed' key: 'chgcars/mp-1504226.json.gz' version: None error: An error occurred (NoSuchKey) when calling the GetObject operation: The specified key does not exist.
  2945/8883: mp-1113924
  2946/8883: mp-1183690
  2947/8883: mp-977582
  2948/8883: mp-1191949
  2949/8883: mp-1183367
unable to access bucket: 'materialsproject-parsed' key: 'chgcars/mp-1393741.json.gz' version: None error: An error occurred (NoSuchKey) when calling the GetObject operation: The specified key does not exist.
  2950/8883: mp-23870
  2951/8883: mp-1079486
  2952/8883: mp-1110880
  2953/8883: mp-1184104
  2954/8883: mp-18962
unable to access bucket: 'materialsproject-parsed' key: 'chgcars/mp-1421458.json.gz' version: None error: An error occurred (NoSuchKey) when calling the GetObject operation: The specified key does not exist.
  2955/8883: mp-861893
unable to access bucket: 'materialsproject-parsed' key: 'chgcars/mp-1437331.json.gz' version: None error: An error occurred (NoSuchKey) when calling the GetObject operation: The specified key does not exist.
  2956/8883: mp-862888
unable to access bucket: 'materialsproject-parsed' key: 'chgcars/mp-1416280.json.gz' version: None error: An error occurred (NoSuchKey) when calling the GetObject operation: The specified key does not exist.
  2957/8883: mp-1183158
  2958/8883: mp-862318
  2959/8883: mp-978976
unable to access bucket: 'materialsproject-parsed' key: 'chgcars/mp-1410291.json.gz' version: None error: An error occurred (NoSuchKey) when calling the GetObject operation: The specified key does not exist.
  2960/8883: mp-22926
  2961/8883: mp-864631
unable to access bucket: 'materialsproject-parsed' key: 'chgcars/mp-1422461.json.gz' version: None error: An error occurred (NoSuchKey) when calling the GetObject operation: The specified key does not exist.
  2962/8883: mp-1185449
  2963/8883: mp-989547
  2964/8883: mp-1185961
  2965/8883: mp-1205706
  2966/8883: mp-1110610
  2967/8883: mp-1207120
unable to access bucket: 'materialsproject-parsed' key: 'chgcars/mp-1401596.json.gz' version: None error: An error occurred (NoSuchKey) when calling the GetObject operation: The specified key does not exist.
  2968/8883: mp-1111634
  2969/8883: mp-749
unable to access bucket: 'materialsproject-parsed' key: 'chgcars/mp-1440591.json.gz' version: None error: An error occurred (NoSuchKey) when calling the GetObject operation: The specified key does not exist.
  2970/8883: mp-1113787
  2971/8883: mp-6933
  2972/8883: mp-865410
unable to access bucket: 'materialsproject-parsed' key: 'chgcars/mp-1424778.json.gz' version: None error: An error occurred (NoSuchKey) when calling the GetObject operation: The specified key does not exist.
  2973/8883: mp-1187245
  2974/8883: mp-1112599
unable to access bucket: 'materialsproject-parsed' key: 'chgcars/mp-1408763.json.gz' version: None error: An error occurred (NoSuchKey) when calling the GetObject operation: The specified key does not exist.
  2975/8883: mp-1113820
  2976/8883: mp-866015
unable to access bucket: 'materialsproject-parsed' key: 'chgcars/mp-1436066.json.gz' version: None error: An error occurred (NoSuchKey) when calling the GetObject operation: The specified key does not exist.
  2977/8883: mp-1114010
  2978/8883: mp-1113623
  2979/8883: mp-1110762
  2980/8883: mp-1111665
  2981/8883: mp-21865
  2982/8883: mp-1112645
  2983/8883: mp-1111162
  2984/8883: mp-2735
  2985/8883: mp-1111658
unable to access bucket: 'materialsproject-parsed' key: 'chgcars/mp-1401722.json.gz' version: None error: An error occurred (NoSuchKey) when calling the GetObject operation: The specified key does not exist.
  2986/8883: mp-981397
unable to access bucket: 'materialsproject-parsed' key: 'chgcars/mp-1404025.json.gz' version: None error: An error occurred (NoSuchKey) when calling the GetObject operation: The specified key does not exist.
  2987/8883: mp-1111940
unable to access bucket: 'materialsproject-parsed' key: 'chgcars/mp-1412410.json.gz' version: None error: An error occurred (NoSuchKey) when calling the GetObject operation: The specified key does not exist.
  2988/8883: mp-867174
  2989/8883: mp-866064
unable to access bucket: 'materialsproject-parsed' key: 'chgcars/mp-1414338.json.gz' version: None error: An error occurred (NoSuchKey) when calling the GetObject operation: The specified key does not exist.
  2990/8883: mp-862947
  2991/8883: mp-1184372
  2992/8883: mp-1207208
  2993/8883: mp-1184166
  2994/8883: mp-1194154
  2995/8883: mp-1205554
  2996/8883: mp-2162
  2997/8883: mp-867861
unable to access bucket: 'materialsproject-parsed' key: 'chgcars/mp-1415721.json.gz' version: None error: An error occurred (NoSuchKey) when calling the GetObject operation: The specified key does not exist.
  2998/8883: mp-861666
unable to access bucket: 'materialsproject-parsed' key: 'chgcars/mp-1421011.json.gz' version: None error: An error occurred (NoSuchKey) when calling the GetObject operation: The specified key does not exist.
  2999/8883: mp-1184837
unable to access bucket: 'materialsproject-parsed' key: 'chgcars/mp-1393883.json.gz' version: None error: An error occurred (NoSuchKey) when calling the GetObject operation: The specified key does not exist.
  3000/8883: mp-1111403
  3001/8883: mp-3657
  3002/8883: mp-1206917
unable to access bucket: 'materialsproject-parsed' key: 'chgcars/mp-1430790.json.gz' version: None error: An error occurred (NoSuchKey) when calling the GetObject operation: The specified key does not exist.
  3003/8883: mp-1112081
unable to access bucket: 'materialsproject-parsed' key: 'chgcars/mp-1446010.json.gz' version: None error: An error occurred (NoSuchKey) when calling the GetObject operation: The specified key does not exist.
  3004/8883: mp-1110678
  3005/8883: mp-999027
  3006/8883: mp-1208495
  3007/8883: mp-1205636
  3008/8883: mp-1110847
  3009/8883: mp-8860
  3010/8883: mp-865560
  3011/8883: mp-162
unable to access bucket: 'materialsproject-parsed' key: 'chgcars/mp-1476249.json.gz' version: None error: An error occurred (NoSuchKey) when calling the GetObject operation: The specified key does not exist.
  3012/8883: mp-1110650
  3013/8883: mp-1185943
  3014/8883: mp-1185039
unable to access bucket: 'materialsproject-parsed' key: 'chgcars/mp-1427292.json.gz' version: None error: An error occurred (NoSuchKey) when calling the GetObject operation: The specified key does not exist.
  3015/8883: mp-1212173
unable to access bucket: 'materialsproject-parsed' key: 'chgcars/mp-1379448.json.gz' version: None error: An error occurred (NoSuchKey) when calling the GetObject operation: The specified key does not exist.
  3016/8883: mp-31187
  3017/8883: mp-862914
unable to access bucket: 'materialsproject-parsed' key: 'chgcars/mp-1416399.json.gz' version: None error: An error occurred (NoSuchKey) when calling the GetObject operation: The specified key does not exist.
  3018/8883: mp-865304
unable to access bucket: 'materialsproject-parsed' key: 'chgcars/mp-1419019.json.gz' version: None error: An error occurred (NoSuchKey) when calling the GetObject operation: The specified key does not exist.
  3019/8883: mp-1110843
  3020/8883: mp-867813
  3021/8883: mp-1183182
unable to access bucket: 'materialsproject-parsed' key: 'chgcars/mp-1434789.json.gz' version: None error: An error occurred (NoSuchKey) when calling the GetObject operation: The specified key does not exist.
  3022/8883: mp-864783
  3023/8883: mp-972899
unable to access bucket: 'materialsproject-parsed' key: 'chgcars/mp-1437021.json.gz' version: None error: An error occurred (NoSuchKey) when calling the GetObject operation: The specified key does not exist.
  3024/8883: mp-1112144
  3025/8883: mp-1453
  3026/8883: mp-1112007
  3027/8883: mp-973874
unable to access bucket: 'materialsproject-parsed' key: 'chgcars/mp-1430998.json.gz' version: None error: An error occurred (NoSuchKey) when calling the GetObject operation: The specified key does not exist.
  3028/8883: mp-1183173
unable to access bucket: 'materialsproject-parsed' key: 'chgcars/mp-1504057.json.gz' version: None error: An error occurred (NoSuchKey) when calling the GetObject operation: The specified key does not exist.
  3029/8883: mp-984352
  3030/8883: mp-2640
  3031/8883: mp-1187231
  3032/8883: mp-1187399
unable to access bucket: 'materialsproject-parsed' key: 'chgcars/mp-1504298.json.gz' version: None error: An error occurred (NoSuchKey) when calling the GetObject operation: The specified key does not exist.
  3033/8883: mp-1193176
  3034/8883: mp-1114072
  3035/8883: mp-1184663
  3036/8883: mp-1112327
unable to access bucket: 'materialsproject-parsed' key: 'chgcars/mp-1385743.json.gz' version: None error: An error occurred (NoSuchKey) when calling the GetObject operation: The specified key does not exist.
  3037/8883: mp-1192426
  3038/8883: mp-30482
  3039/8883: mp-5436
  3040/8883: mp-1114046
  3041/8883: mp-1193834
  3042/8883: mp-1111096
unable to access bucket: 'materialsproject-parsed' key: 'chgcars/mp-1394089.json.gz' version: None error: An error occurred (NoSuchKey) when calling the GetObject operation: The specified key does not exist.
  3043/8883: mp-557324
  3044/8883: mp-975892
unable to access bucket: 'materialsproject-parsed' key: 'chgcars/mp-1405940.json.gz' version: None error: An error occurred (NoSuchKey) when calling the GetObject operation: The specified key does not exist.
  3045/8883: mp-1113893
  3046/8883: mp-1183613
unable to access bucket: 'materialsproject-parsed' key: 'chgcars/mp-1403964.json.gz' version: None error: An error occurred (NoSuchKey) when calling the GetObject operation: The specified key does not exist.
  3047/8883: mp-1185621
  3048/8883: mp-1086
  3049/8883: mp-1078548
unable to access bucket: 'materialsproject-parsed' key: 'chgcars/mp-1425579.json.gz' version: None error: An error occurred (NoSuchKey) when calling the GetObject operation: The specified key does not exist.
  3050/8883: mp-1184312
  3051/8883: mp-1205495
unable to access bucket: 'materialsproject-parsed' key: 'chgcars/mp-1410321.json.gz' version: None error: An error occurred (NoSuchKey) when calling the GetObject operation: The specified key does not exist.
  3052/8883: mp-865712
  3053/8883: mp-29556
  3054/8883: mp-863655
unable to access bucket: 'materialsproject-parsed' key: 'chgcars/mp-1419464.json.gz' version: None error: An error occurred (NoSuchKey) when calling the GetObject operation: The specified key does not exist.
  3055/8883: mp-977444
unable to access bucket: 'materialsproject-parsed' key: 'chgcars/mp-1417289.json.gz' version: None error: An error occurred (NoSuchKey) when calling the GetObject operation: The specified key does not exist.
  3056/8883: mp-1187927
unable to access bucket: 'materialsproject-parsed' key: 'chgcars/mp-1420937.json.gz' version: None error: An error occurred (NoSuchKey) when calling the GetObject operation: The specified key does not exist.
  3057/8883: mp-865119
  3058/8883: mp-1111002
  3059/8883: mp-1114162
  3060/8883: mp-1227844
  3061/8883: mp-674158
unable to access bucket: 'materialsproject-parsed' key: 'chgcars/mp-1429878.json.gz' version: None error: An error occurred (NoSuchKey) when calling the GetObject operation: The specified key does not exist.
  3062/8883: mp-1094048
unable to access bucket: 'materialsproject-parsed' key: 'chgcars/mp-1279872.json.gz' version: None error: An error occurred (NoSuchKey) when calling the GetObject operation: The specified key does not exist.
  3063/8883: mp-1111785
  3064/8883: mp-1211650
  3065/8883: mp-862361
unable to access bucket: 'materialsproject-parsed' key: 'chgcars/mp-1475725.json.gz' version: None error: An error occurred (NoSuchKey) when calling the GetObject operation: The specified key does not exist.
  3066/8883: mp-1110891
  3067/8883: mp-861657
  3068/8883: mp-1185254
  3069/8883: mp-978833
unable to access bucket: 'materialsproject-parsed' key: 'chgcars/mp-1426946.json.gz' version: None error: An error occurred (NoSuchKey) when calling the GetObject operation: The specified key does not exist.
  3070/8883: mp-977453
unable to access bucket: 'materialsproject-parsed' key: 'chgcars/mp-1409365.json.gz' version: None error: An error occurred (NoSuchKey) when calling the GetObject operation: The specified key does not exist.
  3071/8883: mp-999378
unable to access bucket: 'materialsproject-parsed' key: 'chgcars/mp-1446246.json.gz' version: None error: An error occurred (NoSuchKey) when calling the GetObject operation: The specified key does not exist.
  3072/8883: mp-1183072
unable to access bucket: 'materialsproject-parsed' key: 'chgcars/mp-1396633.json.gz' version: None error: An error occurred (NoSuchKey) when calling the GetObject operation: The specified key does not exist.
  3073/8883: mp-1110929
  3074/8883: mp-1111192
  3075/8883: mp-1060680
  3076/8883: mp-1111936
  3077/8883: mp-1183820
  3078/8883: mp-1112446
  3079/8883: mp-866141
  3080/8883: mp-865713
  3081/8883: mp-1186456
unable to access bucket: 'materialsproject-parsed' key: 'chgcars/mp-1431375.json.gz' version: None error: An error occurred (NoSuchKey) when calling the GetObject operation: The specified key does not exist.
  3082/8883: mp-1205525
  3083/8883: mp-1114240
  3084/8883: mp-862897
unable to access bucket: 'materialsproject-parsed' key: 'chgcars/mp-1434794.json.gz' version: None error: An error occurred (NoSuchKey) when calling the GetObject operation: The specified key does not exist.
  3085/8883: mp-1111844
unable to access bucket: 'materialsproject-parsed' key: 'chgcars/mp-1412731.json.gz' version: None error: An error occurred (NoSuchKey) when calling the GetObject operation: The specified key does not exist.
  3086/8883: mp-1208329
unable to access bucket: 'materialsproject-parsed' key: 'chgcars/mp-1371851.json.gz' version: None error: An error occurred (NoSuchKey) when calling the GetObject operation: The specified key does not exist.
  3087/8883: mp-862337
unable to access bucket: 'materialsproject-parsed' key: 'chgcars/mp-1431677.json.gz' version: None error: An error occurred (NoSuchKey) when calling the GetObject operation: The specified key does not exist.
  3088/8883: mp-1110805
  3089/8883: mp-865130
unable to access bucket: 'materialsproject-parsed' key: 'chgcars/mp-1431178.json.gz' version: None error: An error occurred (NoSuchKey) when calling the GetObject operation: The specified key does not exist.
  3090/8883: mp-998987
  3091/8883: mp-1112512
  3092/8883: mp-867835
unable to access bucket: 'materialsproject-parsed' key: 'chgcars/mp-1432442.json.gz' version: None error: An error occurred (NoSuchKey) when calling the GetObject operation: The specified key does not exist.
  3093/8883: mp-1185317
unable to access bucket: 'materialsproject-parsed' key: 'chgcars/mp-1421845.json.gz' version: None error: An error occurred (NoSuchKey) when calling the GetObject operation: The specified key does not exist.
  3094/8883: mp-19904
unable to access bucket: 'materialsproject-parsed' key: 'chgcars/mp-1441691.json.gz' version: None error: An error occurred (NoSuchKey) when calling the GetObject operation: The specified key does not exist.
  3095/8883: mp-12580
  3096/8883: mp-1079926
  3097/8883: mp-976744
  3098/8883: mp-1110743
  3099/8883: mp-22184
unable to access bucket: 'materialsproject-parsed' key: 'chgcars/mp-2267981.json.gz' version: None error: An error occurred (NoSuchKey) when calling the GetObject operation: The specified key does not exist.
  3100/8883: mp-541852
  3101/8883: mp-1205886
  3102/8883: mp-3340
  3103/8883: mp-981247
unable to access bucket: 'materialsproject-parsed' key: 'chgcars/mp-1422490.json.gz' version: None error: An error occurred (NoSuchKey) when calling the GetObject operation: The specified key does not exist.
  3104/8883: mp-1206492
  3105/8883: mp-865309
  3106/8883: mp-1205631
unable to access bucket: 'materialsproject-parsed' key: 'chgcars/mp-1294185.json.gz' version: None error: An error occurred (NoSuchKey) when calling the GetObject operation: The specified key does not exist.
  3107/8883: mp-1187276
  3108/8883: mp-867836
unable to access bucket: 'materialsproject-parsed' key: 'chgcars/mp-1429814.json.gz' version: None error: An error occurred (NoSuchKey) when calling the GetObject operation: The specified key does not exist.
  3109/8883: mp-865277
unable to access bucket: 'materialsproject-parsed' key: 'chgcars/mp-1419120.json.gz' version: None error: An error occurred (NoSuchKey) when calling the GetObject operation: The specified key does not exist.
  3110/8883: mp-1187099
unable to access bucket: 'materialsproject-parsed' key: 'chgcars/mp-1411409.json.gz' version: None error: An error occurred (NoSuchKey) when calling the GetObject operation: The specified key does not exist.
  3111/8883: mp-865147
  3112/8883: mp-862874
  3113/8883: mp-866009
unable to access bucket: 'materialsproject-parsed' key: 'chgcars/mp-1425446.json.gz' version: None error: An error occurred (NoSuchKey) when calling the GetObject operation: The specified key does not exist.
  3114/8883: mp-22095
  3115/8883: mp-1111123
unable to access bucket: 'materialsproject-parsed' key: 'chgcars/mp-1396179.json.gz' version: None error: An error occurred (NoSuchKey) when calling the GetObject operation: The specified key does not exist.
  3116/8883: mp-866000
  3117/8883: mp-1113500
  3118/8883: mp-862981
  3119/8883: mp-862676
  3120/8883: mp-1183867
  3121/8883: mp-1110582
  3122/8883: mp-6178
  3123/8883: mp-1184605
  3124/8883: mp-1185129
  3125/8883: mp-863714
unable to access bucket: 'materialsproject-parsed' key: 'chgcars/mp-1399776.json.gz' version: None error: An error occurred (NoSuchKey) when calling the GetObject operation: The specified key does not exist.
  3126/8883: mp-1183880
  3127/8883: mp-1110786
  3128/8883: mp-1110646
  3129/8883: mp-1112656
  3130/8883: mp-1111401
unable to access bucket: 'materialsproject-parsed' key: 'chgcars/mp-1407860.json.gz' version: None error: An error occurred (NoSuchKey) when calling the GetObject operation: The specified key does not exist.
  3131/8883: mp-1022725
  3132/8883: mp-1185217
unable to access bucket: 'materialsproject-parsed' key: 'chgcars/mp-1385376.json.gz' version: None error: An error occurred (NoSuchKey) when calling the GetObject operation: The specified key does not exist.
  3133/8883: mp-1187394
unable to access bucket: 'materialsproject-parsed' key: 'chgcars/mp-1432155.json.gz' version: None error: An error occurred (NoSuchKey) when calling the GetObject operation: The specified key does not exist.
  3134/8883: mp-1213702
  3135/8883: mp-980201
unable to access bucket: 'materialsproject-parsed' key: 'chgcars/mp-1429925.json.gz' version: None error: An error occurred (NoSuchKey) when calling the GetObject operation: The specified key does not exist.
  3136/8883: mp-998893
unable to access bucket: 'materialsproject-parsed' key: 'chgcars/mp-1416732.json.gz' version: None error: An error occurred (NoSuchKey) when calling the GetObject operation: The specified key does not exist.
  3137/8883: mp-616501
unable to access bucket: 'materialsproject-parsed' key: 'chgcars/mp-1504838.json.gz' version: None error: An error occurred (NoSuchKey) when calling the GetObject operation: The specified key does not exist.
  3138/8883: mp-1185815
unable to access bucket: 'materialsproject-parsed' key: 'chgcars/mp-1394051.json.gz' version: None error: An error occurred (NoSuchKey) when calling the GetObject operation: The specified key does not exist.
  3139/8883: mp-864673
unable to access bucket: 'materialsproject-parsed' key: 'chgcars/mp-1432677.json.gz' version: None error: An error occurred (NoSuchKey) when calling the GetObject operation: The specified key does not exist.
  3140/8883: mp-977382
unable to access bucket: 'materialsproject-parsed' key: 'chgcars/mp-1413278.json.gz' version: None error: An error occurred (NoSuchKey) when calling the GetObject operation: The specified key does not exist.
  3141/8883: mp-979987
  3142/8883: mp-644281
  3143/8883: mp-2011
  3144/8883: mp-1207069
unable to access bucket: 'materialsproject-parsed' key: 'chgcars/mp-1391718.json.gz' version: None error: An error occurred (NoSuchKey) when calling the GetObject operation: The specified key does not exist.
  3145/8883: mp-19929
  3146/8883: mp-972174
unable to access bucket: 'materialsproject-parsed' key: 'chgcars/mp-1414518.json.gz' version: None error: An error occurred (NoSuchKey) when calling the GetObject operation: The specified key does not exist.
  3147/8883: mp-1185100
unable to access bucket: 'materialsproject-parsed' key: 'chgcars/mp-1394773.json.gz' version: None error: An error occurred (NoSuchKey) when calling the GetObject operation: The specified key does not exist.
  3148/8883: mp-866131
  3149/8883: mp-20958
  3150/8883: mp-862717
  3151/8883: mp-974850
  3152/8883: mp-6613
  3153/8883: mp-1113295
  3154/8883: mp-1206057
  3155/8883: mp-1186185
  3156/8883: mp-1113999
  3157/8883: mp-1187101
  3158/8883: mp-1111083
  3159/8883: mp-862543
unable to access bucket: 'materialsproject-parsed' key: 'chgcars/mp-1429852.json.gz' version: None error: An error occurred (NoSuchKey) when calling the GetObject operation: The specified key does not exist.
  3160/8883: mp-22037
  3161/8883: mp-1183318
unable to access bucket: 'materialsproject-parsed' key: 'chgcars/mp-1386286.json.gz' version: None error: An error occurred (NoSuchKey) when calling the GetObject operation: The specified key does not exist.
  3162/8883: mp-1185418
unable to access bucket: 'materialsproject-parsed' key: 'chgcars/mp-1413293.json.gz' version: None error: An error occurred (NoSuchKey) when calling the GetObject operation: The specified key does not exist.
  3163/8883: mp-867364
unable to access bucket: 'materialsproject-parsed' key: 'chgcars/mp-1416190.json.gz' version: None error: An error occurred (NoSuchKey) when calling the GetObject operation: The specified key does not exist.
  3164/8883: mp-559563
  3165/8883: mp-1187435
  3166/8883: mp-1110720
  3167/8883: mp-862662
unable to access bucket: 'materialsproject-parsed' key: 'chgcars/mp-1403897.json.gz' version: None error: An error occurred (NoSuchKey) when calling the GetObject operation: The specified key does not exist.
  3168/8883: mp-1183120
unable to access bucket: 'materialsproject-parsed' key: 'chgcars/mp-1415973.json.gz' version: None error: An error occurred (NoSuchKey) when calling the GetObject operation: The specified key does not exist.
  3169/8883: mp-8812
unable to access bucket: 'materialsproject-parsed' key: 'chgcars/mp-1425362.json.gz' version: None error: An error occurred (NoSuchKey) when calling the GetObject operation: The specified key does not exist.
  3170/8883: mp-1206435
unable to access bucket: 'materialsproject-parsed' key: 'chgcars/mp-1443113.json.gz' version: None error: An error occurred (NoSuchKey) when calling the GetObject operation: The specified key does not exist.
  3171/8883: mp-1112383
unable to access bucket: 'materialsproject-parsed' key: 'chgcars/mp-1386411.json.gz' version: None error: An error occurred (NoSuchKey) when calling the GetObject operation: The specified key does not exist.
  3172/8883: mp-1185019
unable to access bucket: 'materialsproject-parsed' key: 'chgcars/mp-1412371.json.gz' version: None error: An error occurred (NoSuchKey) when calling the GetObject operation: The specified key does not exist.
  3173/8883: mp-1186907
unable to access bucket: 'materialsproject-parsed' key: 'chgcars/mp-1421107.json.gz' version: None error: An error occurred (NoSuchKey) when calling the GetObject operation: The specified key does not exist.
  3174/8883: mp-1112484
  3175/8883: mp-1184619
unable to access bucket: 'materialsproject-parsed' key: 'chgcars/mp-1413872.json.gz' version: None error: An error occurred (NoSuchKey) when calling the GetObject operation: The specified key does not exist.
  3176/8883: mp-862563
  3177/8883: mp-973623
  3178/8883: mp-1113829
  3179/8883: mp-983388
unable to access bucket: 'materialsproject-parsed' key: 'chgcars/mp-1390078.json.gz' version: None error: An error occurred (NoSuchKey) when calling the GetObject operation: The specified key does not exist.
  3180/8883: mp-1187911
  3181/8883: mp-542996
unable to access bucket: 'materialsproject-parsed' key: 'chgcars/mp-1389226.json.gz' version: None error: An error occurred (NoSuchKey) when calling the GetObject operation: The specified key does not exist.
  3182/8883: mp-19834
unable to access bucket: 'materialsproject-parsed' key: 'chgcars/mp-1438986.json.gz' version: None error: An error occurred (NoSuchKey) when calling the GetObject operation: The specified key does not exist.
  3183/8883: mp-1113818
unable to access bucket: 'materialsproject-parsed' key: 'chgcars/mp-1445181.json.gz' version: None error: An error occurred (NoSuchKey) when calling the GetObject operation: The specified key does not exist.
  3184/8883: mp-1112369
unable to access bucket: 'materialsproject-parsed' key: 'chgcars/mp-1406712.json.gz' version: None error: An error occurred (NoSuchKey) when calling the GetObject operation: The specified key does not exist.
  3185/8883: mp-1207137
unable to access bucket: 'materialsproject-parsed' key: 'chgcars/mp-1414430.json.gz' version: None error: An error occurred (NoSuchKey) when calling the GetObject operation: The specified key does not exist.
  3186/8883: mp-1183689
  3187/8883: mp-1193532
unable to access bucket: 'materialsproject-parsed' key: 'chgcars/mp-1443121.json.gz' version: None error: An error occurred (NoSuchKey) when calling the GetObject operation: The specified key does not exist.
  3188/8883: mp-636212
  3189/8883: mp-989569
  3190/8883: mp-1111186
  3191/8883: mp-865358
unable to access bucket: 'materialsproject-parsed' key: 'chgcars/mp-1417207.json.gz' version: None error: An error occurred (NoSuchKey) when calling the GetObject operation: The specified key does not exist.
  3192/8883: mp-978891
unable to access bucket: 'materialsproject-parsed' key: 'chgcars/mp-1414332.json.gz' version: None error: An error occurred (NoSuchKey) when calling the GetObject operation: The specified key does not exist.
  3193/8883: mp-866166
  3194/8883: mp-975528
unable to access bucket: 'materialsproject-parsed' key: 'chgcars/mp-1398489.json.gz' version: None error: An error occurred (NoSuchKey) when calling the GetObject operation: The specified key does not exist.
  3195/8883: mp-867927
  3196/8883: mp-1186580
unable to access bucket: 'materialsproject-parsed' key: 'chgcars/mp-1434861.json.gz' version: None error: An error occurred (NoSuchKey) when calling the GetObject operation: The specified key does not exist.
  3197/8883: mp-972882
  3198/8883: mp-1110589
  3199/8883: mp-1183138
  3200/8883: mp-1112904
  3201/8883: mp-1110690
  3202/8883: mp-1183896
  3203/8883: mp-1183592
unable to access bucket: 'materialsproject-parsed' key: 'chgcars/mp-1504872.json.gz' version: None error: An error occurred (NoSuchKey) when calling the GetObject operation: The specified key does not exist.
  3204/8883: mp-1112117
  3205/8883: mp-1111442
unable to access bucket: 'materialsproject-parsed' key: 'chgcars/mp-1444240.json.gz' version: None error: An error occurred (NoSuchKey) when calling the GetObject operation: The specified key does not exist.
  3206/8883: mp-631516
  3207/8883: mp-1187937
unable to access bucket: 'materialsproject-parsed' key: 'chgcars/mp-1475468.json.gz' version: None error: An error occurred (NoSuchKey) when calling the GetObject operation: The specified key does not exist.
  3208/8883: mp-1114078
unable to access bucket: 'materialsproject-parsed' key: 'chgcars/mp-1400113.json.gz' version: None error: An error occurred (NoSuchKey) when calling the GetObject operation: The specified key does not exist.
  3209/8883: mp-866072
unable to access bucket: 'materialsproject-parsed' key: 'chgcars/mp-1420635.json.gz' version: None error: An error occurred (NoSuchKey) when calling the GetObject operation: The specified key does not exist.
  3210/8883: mp-29562
unable to access bucket: 'materialsproject-parsed' key: 'chgcars/mp-1504740.json.gz' version: None error: An error occurred (NoSuchKey) when calling the GetObject operation: The specified key does not exist.
  3211/8883: mp-867925
  3212/8883: mp-976142
  3213/8883: mp-1113906
  3214/8883: mp-1079391
  3215/8883: mp-1187628
unable to access bucket: 'materialsproject-parsed' key: 'chgcars/mp-1419671.json.gz' version: None error: An error occurred (NoSuchKey) when calling the GetObject operation: The specified key does not exist.
  3216/8883: mp-1185957
unable to access bucket: 'materialsproject-parsed' key: 'chgcars/mp-1389401.json.gz' version: None error: An error occurred (NoSuchKey) when calling the GetObject operation: The specified key does not exist.
  3217/8883: mp-1078138
  3218/8883: mp-1110986
unable to access bucket: 'materialsproject-parsed' key: 'chgcars/mp-1396318.json.gz' version: None error: An error occurred (NoSuchKey) when calling the GetObject operation: The specified key does not exist.
  3219/8883: mp-1006278
unable to access bucket: 'materialsproject-parsed' key: 'chgcars/mp-1773628.json.gz' version: None error: An error occurred (NoSuchKey) when calling the GetObject operation: The specified key does not exist.
  3220/8883: mp-864898
  3221/8883: mp-1183067
  3222/8883: mp-1111675
  3223/8883: mp-977537
unable to access bucket: 'materialsproject-parsed' key: 'chgcars/mp-1420883.json.gz' version: None error: An error occurred (NoSuchKey) when calling the GetObject operation: The specified key does not exist.
  3224/8883: mp-972526
unable to access bucket: 'materialsproject-parsed' key: 'chgcars/mp-1415540.json.gz' version: None error: An error occurred (NoSuchKey) when calling the GetObject operation: The specified key does not exist.
  3225/8883: mp-972520
unable to access bucket: 'materialsproject-parsed' key: 'chgcars/mp-1435038.json.gz' version: None error: An error occurred (NoSuchKey) when calling the GetObject operation: The specified key does not exist.
  3226/8883: mp-1110907
  3227/8883: mp-865356
unable to access bucket: 'materialsproject-parsed' key: 'chgcars/mp-1436973.json.gz' version: None error: An error occurred (NoSuchKey) when calling the GetObject operation: The specified key does not exist.
  3228/8883: mp-1112483
  3229/8883: mp-1110740
  3230/8883: mp-861643
unable to access bucket: 'materialsproject-parsed' key: 'chgcars/mp-1395831.json.gz' version: None error: An error occurred (NoSuchKey) when calling the GetObject operation: The specified key does not exist.
  3231/8883: mp-1009756
  3232/8883: mp-1183199
unable to access bucket: 'materialsproject-parsed' key: 'chgcars/mp-1434411.json.gz' version: None error: An error occurred (NoSuchKey) when calling the GetObject operation: The specified key does not exist.
  3233/8883: mp-16495
  3234/8883: mp-1186768
  3235/8883: mp-977286
  3236/8883: mp-1206656
  3237/8883: mp-1111284
unable to access bucket: 'materialsproject-parsed' key: 'chgcars/mp-1406871.json.gz' version: None error: An error occurred (NoSuchKey) when calling the GetObject operation: The specified key does not exist.
  3238/8883: mp-1183904
unable to access bucket: 'materialsproject-parsed' key: 'chgcars/mp-1388113.json.gz' version: None error: An error occurred (NoSuchKey) when calling the GetObject operation: The specified key does not exist.
  3239/8883: mp-861667
unable to access bucket: 'materialsproject-parsed' key: 'chgcars/mp-1413138.json.gz' version: None error: An error occurred (NoSuchKey) when calling the GetObject operation: The specified key does not exist.
  3240/8883: mp-971891
  3241/8883: mp-867214
unable to access bucket: 'materialsproject-parsed' key: 'chgcars/mp-1434876.json.gz' version: None error: An error occurred (NoSuchKey) when calling the GetObject operation: The specified key does not exist.
  3242/8883: mp-1112261
  3243/8883: mp-1113387
  3244/8883: mp-1184863
unable to access bucket: 'materialsproject-parsed' key: 'chgcars/mp-1388350.json.gz' version: None error: An error occurred (NoSuchKey) when calling the GetObject operation: The specified key does not exist.
  3245/8883: mp-984769
unable to access bucket: 'materialsproject-parsed' key: 'chgcars/mp-1504837.json.gz' version: None error: An error occurred (NoSuchKey) when calling the GetObject operation: The specified key does not exist.
  3246/8883: mp-1112021
  3247/8883: mp-1185481
  3248/8883: mp-1188017
unable to access bucket: 'materialsproject-parsed' key: 'chgcars/mp-1421796.json.gz' version: None error: An error occurred (NoSuchKey) when calling the GetObject operation: The specified key does not exist.
  3249/8883: mp-865735
  3250/8883: mp-19258
  3251/8883: mp-1184110
  3252/8883: mp-636599
  3253/8883: mp-21683
  3254/8883: mp-30439
  3255/8883: mp-977578
unable to access bucket: 'materialsproject-parsed' key: 'chgcars/mp-1504093.json.gz' version: None error: An error occurred (NoSuchKey) when calling the GetObject operation: The specified key does not exist.
  3256/8883: mp-1186311
  3257/8883: mp-1112210
unable to access bucket: 'materialsproject-parsed' key: 'chgcars/mp-1403445.json.gz' version: None error: An error occurred (NoSuchKey) when calling the GetObject operation: The specified key does not exist.
  3258/8883: mp-1113061
  3259/8883: mp-1112673
  3260/8883: mp-1009582
  3261/8883: mp-1113974
  3262/8883: mp-867244
unable to access bucket: 'materialsproject-parsed' key: 'chgcars/mp-1399327.json.gz' version: None error: An error occurred (NoSuchKey) when calling the GetObject operation: The specified key does not exist.
  3263/8883: mp-1205628
  3264/8883: mp-32641
unable to access bucket: 'materialsproject-parsed' key: 'chgcars/mp-1426510.json.gz' version: None error: An error occurred (NoSuchKey) when calling the GetObject operation: The specified key does not exist.
  3265/8883: mp-1184754
  3266/8883: mp-867204
unable to access bucket: 'materialsproject-parsed' key: 'chgcars/mp-1421051.json.gz' version: None error: An error occurred (NoSuchKey) when calling the GetObject operation: The specified key does not exist.
  3267/8883: mp-867914
unable to access bucket: 'materialsproject-parsed' key: 'chgcars/mp-1425676.json.gz' version: None error: An error occurred (NoSuchKey) when calling the GetObject operation: The specified key does not exist.
  3268/8883: mp-862879
  3269/8883: mp-1110722
  3270/8883: mp-1112951
  3271/8883: mp-1025456
unable to access bucket: 'materialsproject-parsed' key: 'chgcars/mp-1388167.json.gz' version: None error: An error occurred (NoSuchKey) when calling the GetObject operation: The specified key does not exist.
  3272/8883: mp-1186562
unable to access bucket: 'materialsproject-parsed' key: 'chgcars/mp-1425496.json.gz' version: None error: An error occurred (NoSuchKey) when calling the GetObject operation: The specified key does not exist.
  3273/8883: mp-1187225
  3274/8883: mp-1189338
unable to access bucket: 'materialsproject-parsed' key: 'chgcars/mp-1413764.json.gz' version: None error: An error occurred (NoSuchKey) when calling the GetObject operation: The specified key does not exist.
  3275/8883: mp-1110751
  3276/8883: mp-1184227
unable to access bucket: 'materialsproject-parsed' key: 'chgcars/mp-1433555.json.gz' version: None error: An error occurred (NoSuchKey) when calling the GetObject operation: The specified key does not exist.
  3277/8883: mp-1187144
  3278/8883: mp-1187585
unable to access bucket: 'materialsproject-parsed' key: 'chgcars/mp-1416926.json.gz' version: None error: An error occurred (NoSuchKey) when calling the GetObject operation: The specified key does not exist.
  3279/8883: mp-862823
  3280/8883: mp-1055940
unable to access bucket: 'materialsproject-parsed' key: 'chgcars/mp-1439006.json.gz' version: None error: An error occurred (NoSuchKey) when calling the GetObject operation: The specified key does not exist.
  3281/8883: mp-1113345
unable to access bucket: 'materialsproject-parsed' key: 'chgcars/mp-1406737.json.gz' version: None error: An error occurred (NoSuchKey) when calling the GetObject operation: The specified key does not exist.
  3282/8883: mp-1111360
unable to access bucket: 'materialsproject-parsed' key: 'chgcars/mp-1408414.json.gz' version: None error: An error occurred (NoSuchKey) when calling the GetObject operation: The specified key does not exist.
  3283/8883: mp-1184861
unable to access bucket: 'materialsproject-parsed' key: 'chgcars/mp-1409464.json.gz' version: None error: An error occurred (NoSuchKey) when calling the GetObject operation: The specified key does not exist.
  3284/8883: mp-865771
unable to access bucket: 'materialsproject-parsed' key: 'chgcars/mp-1437332.json.gz' version: None error: An error occurred (NoSuchKey) when calling the GetObject operation: The specified key does not exist.
  3285/8883: mp-1079654
  3286/8883: mp-1110987
unable to access bucket: 'materialsproject-parsed' key: 'chgcars/mp-1391185.json.gz' version: None error: An error occurred (NoSuchKey) when calling the GetObject operation: The specified key does not exist.
  3287/8883: mp-1110739
  3288/8883: mp-1112589
unable to access bucket: 'materialsproject-parsed' key: 'chgcars/mp-1390901.json.gz' version: None error: An error occurred (NoSuchKey) when calling the GetObject operation: The specified key does not exist.
  3289/8883: mp-1185432
  3290/8883: mp-1112156
  3291/8883: mp-1112274
unable to access bucket: 'materialsproject-parsed' key: 'chgcars/mp-1443371.json.gz' version: None error: An error occurred (NoSuchKey) when calling the GetObject operation: The specified key does not exist.
  3292/8883: mp-1206836
  3293/8883: mp-862824
unable to access bucket: 'materialsproject-parsed' key: 'chgcars/mp-1398820.json.gz' version: None error: An error occurred (NoSuchKey) when calling the GetObject operation: The specified key does not exist.
  3294/8883: mp-1112123
  3295/8883: mp-1205868
  3296/8883: mp-631336
unable to access bucket: 'materialsproject-parsed' key: 'chgcars/mp-1417791.json.gz' version: None error: An error occurred (NoSuchKey) when calling the GetObject operation: The specified key does not exist.
  3297/8883: mp-974463
unable to access bucket: 'materialsproject-parsed' key: 'chgcars/mp-1425760.json.gz' version: None error: An error occurred (NoSuchKey) when calling the GetObject operation: The specified key does not exist.
  3298/8883: mp-862963
  3299/8883: mp-1183048
unable to access bucket: 'materialsproject-parsed' key: 'chgcars/mp-1425696.json.gz' version: None error: An error occurred (NoSuchKey) when calling the GetObject operation: The specified key does not exist.
  3300/8883: mp-1111950
unable to access bucket: 'materialsproject-parsed' key: 'chgcars/mp-1383269.json.gz' version: None error: An error occurred (NoSuchKey) when calling the GetObject operation: The specified key does not exist.
  3301/8883: mp-1185546
  3302/8883: mp-1185354
unable to access bucket: 'materialsproject-parsed' key: 'chgcars/mp-1443025.json.gz' version: None error: An error occurred (NoSuchKey) when calling the GetObject operation: The specified key does not exist.
  3303/8883: mp-1110899
  3304/8883: mp-1183471
unable to access bucket: 'materialsproject-parsed' key: 'chgcars/mp-1421386.json.gz' version: None error: An error occurred (NoSuchKey) when calling the GetObject operation: The specified key does not exist.
  3305/8883: mp-1111397
  3306/8883: mp-972209
unable to access bucket: 'materialsproject-parsed' key: 'chgcars/mp-1423203.json.gz' version: None error: An error occurred (NoSuchKey) when calling the GetObject operation: The specified key does not exist.
  3307/8883: mp-1187170
  3308/8883: mp-1187344
  3309/8883: mp-1112344
  3310/8883: mp-1094244
unable to access bucket: 'materialsproject-parsed' key: 'chgcars/mp-1405067.json.gz' version: None error: An error occurred (NoSuchKey) when calling the GetObject operation: The specified key does not exist.
  3311/8883: mp-475
  3312/8883: mp-862613
  3313/8883: mp-1112958
unable to access bucket: 'materialsproject-parsed' key: 'chgcars/mp-1387649.json.gz' version: None error: An error occurred (NoSuchKey) when calling the GetObject operation: The specified key does not exist.
  3314/8883: mp-1185500
unable to access bucket: 'materialsproject-parsed' key: 'chgcars/mp-1419205.json.gz' version: None error: An error occurred (NoSuchKey) when calling the GetObject operation: The specified key does not exist.
  3315/8883: mp-866106
  3316/8883: mp-22372
  3317/8883: mp-1186591
unable to access bucket: 'materialsproject-parsed' key: 'chgcars/mp-1388797.json.gz' version: None error: An error occurred (NoSuchKey) when calling the GetObject operation: The specified key does not exist.
  3318/8883: mp-1113222
  3319/8883: mp-1084
unable to access bucket: 'materialsproject-parsed' key: 'chgcars/mp-1427051.json.gz' version: None error: An error occurred (NoSuchKey) when calling the GetObject operation: The specified key does not exist.
  3320/8883: mp-998982
unable to access bucket: 'materialsproject-parsed' key: 'chgcars/mp-1419110.json.gz' version: None error: An error occurred (NoSuchKey) when calling the GetObject operation: The specified key does not exist.
  3321/8883: mp-1114037
  3322/8883: mp-1113807
unable to access bucket: 'materialsproject-parsed' key: 'chgcars/mp-1408450.json.gz' version: None error: An error occurred (NoSuchKey) when calling the GetObject operation: The specified key does not exist.
  3323/8883: mp-10872
  3324/8883: mp-1007975
unable to access bucket: 'materialsproject-parsed' key: 'chgcars/mp-1421158.json.gz' version: None error: An error occurred (NoSuchKey) when calling the GetObject operation: The specified key does not exist.
  3325/8883: mp-861663
  3326/8883: mp-865482
unable to access bucket: 'materialsproject-parsed' key: 'chgcars/mp-1415138.json.gz' version: None error: An error occurred (NoSuchKey) when calling the GetObject operation: The specified key does not exist.
  3327/8883: mp-1080537
  3328/8883: mp-1184233
unable to access bucket: 'materialsproject-parsed' key: 'chgcars/mp-1427457.json.gz' version: None error: An error occurred (NoSuchKey) when calling the GetObject operation: The specified key does not exist.
  3329/8883: mp-1111933
  3330/8883: mp-982730
unable to access bucket: 'materialsproject-parsed' key: 'chgcars/mp-1418470.json.gz' version: None error: An error occurred (NoSuchKey) when calling the GetObject operation: The specified key does not exist.
  3331/8883: mp-865258
unable to access bucket: 'materialsproject-parsed' key: 'chgcars/mp-1416114.json.gz' version: None error: An error occurred (NoSuchKey) when calling the GetObject operation: The specified key does not exist.
  3332/8883: mp-1113141
  3333/8883: mp-15694
unable to access bucket: 'materialsproject-parsed' key: 'chgcars/mp-1476072.json.gz' version: None error: An error occurred (NoSuchKey) when calling the GetObject operation: The specified key does not exist.
  3334/8883: mp-1112519
unable to access bucket: 'materialsproject-parsed' key: 'chgcars/mp-1395453.json.gz' version: None error: An error occurred (NoSuchKey) when calling the GetObject operation: The specified key does not exist.
  3335/8883: mp-976264
  3336/8883: mp-1112938
  3337/8883: mp-862493
  3338/8883: mp-22493
unable to access bucket: 'materialsproject-parsed' key: 'chgcars/mp-1439688.json.gz' version: None error: An error occurred (NoSuchKey) when calling the GetObject operation: The specified key does not exist.
  3339/8883: mp-1113934
  3340/8883: mp-1112900
  3341/8883: mp-1113433
unable to access bucket: 'materialsproject-parsed' key: 'chgcars/mp-1400987.json.gz' version: None error: An error occurred (NoSuchKey) when calling the GetObject operation: The specified key does not exist.
  3342/8883: mp-1206568
unable to access bucket: 'materialsproject-parsed' key: 'chgcars/mp-1390043.json.gz' version: None error: An error occurred (NoSuchKey) when calling the GetObject operation: The specified key does not exist.
  3343/8883: mp-16307
  3344/8883: mp-1112884
  3345/8883: mp-1112067
  3346/8883: mp-1111959
  3347/8883: mp-866292
  3348/8883: mp-975052
  3349/8883: mp-1184300
  3350/8883: mp-1187856
  3351/8883: mp-1206403
  3352/8883: mp-978520
  3353/8883: mp-1114668
  3354/8883: mp-1110913
  3355/8883: mp-865365
unable to access bucket: 'materialsproject-parsed' key: 'chgcars/mp-1415172.json.gz' version: None error: An error occurred (NoSuchKey) when calling the GetObject operation: The specified key does not exist.
  3356/8883: mp-867969
unable to access bucket: 'materialsproject-parsed' key: 'chgcars/mp-1435635.json.gz' version: None error: An error occurred (NoSuchKey) when calling the GetObject operation: The specified key does not exist.
  3357/8883: mp-866156
unable to access bucket: 'materialsproject-parsed' key: 'chgcars/mp-1425926.json.gz' version: None error: An error occurred (NoSuchKey) when calling the GetObject operation: The specified key does not exist.
  3358/8883: mp-1206641
  3359/8883: mp-1183198
unable to access bucket: 'materialsproject-parsed' key: 'chgcars/mp-1442936.json.gz' version: None error: An error occurred (NoSuchKey) when calling the GetObject operation: The specified key does not exist.
  3360/8883: mp-1114043
  3361/8883: mp-134
unable to access bucket: 'materialsproject-parsed' key: 'chgcars/mp-1441016.json.gz' version: None error: An error occurred (NoSuchKey) when calling the GetObject operation: The specified key does not exist.
  3362/8883: mp-1110649
unable to access bucket: 'materialsproject-parsed' key: 'chgcars/mp-1404788.json.gz' version: None error: An error occurred (NoSuchKey) when calling the GetObject operation: The specified key does not exist.
  3363/8883: mp-865095
  3364/8883: mp-1185326
  3365/8883: mp-560936
  3366/8883: mp-1208943
unable to access bucket: 'materialsproject-parsed' key: 'chgcars/mp-1426469.json.gz' version: None error: An error occurred (NoSuchKey) when calling the GetObject operation: The specified key does not exist.
  3367/8883: mp-614481
  3368/8883: mp-1185131
  3369/8883: mp-1111989
  3370/8883: mp-24147
unable to access bucket: 'materialsproject-parsed' key: 'chgcars/mp-1437697.json.gz' version: None error: An error occurred (NoSuchKey) when calling the GetObject operation: The specified key does not exist.
  3371/8883: mp-1110932
  3372/8883: mp-883
  3373/8883: mp-24727
unable to access bucket: 'materialsproject-parsed' key: 'chgcars/mp-1439158.json.gz' version: None error: An error occurred (NoSuchKey) when calling the GetObject operation: The specified key does not exist.
  3374/8883: mp-1111086
  3375/8883: mp-865717
unable to access bucket: 'materialsproject-parsed' key: 'chgcars/mp-1444924.json.gz' version: None error: An error occurred (NoSuchKey) when calling the GetObject operation: The specified key does not exist.
  3376/8883: mp-865318
  3377/8883: mp-755610
  3378/8883: mp-862536
unable to access bucket: 'materialsproject-parsed' key: 'chgcars/mp-1408970.json.gz' version: None error: An error occurred (NoSuchKey) when calling the GetObject operation: The specified key does not exist.
  3379/8883: mp-1205880
unable to access bucket: 'materialsproject-parsed' key: 'chgcars/mp-1346452.json.gz' version: None error: An error occurred (NoSuchKey) when calling the GetObject operation: The specified key does not exist.
  3380/8883: mp-1111319
unable to access bucket: 'materialsproject-parsed' key: 'chgcars/mp-1444991.json.gz' version: None error: An error occurred (NoSuchKey) when calling the GetObject operation: The specified key does not exist.
  3381/8883: mp-1183419
unable to access bucket: 'materialsproject-parsed' key: 'chgcars/mp-1421490.json.gz' version: None error: An error occurred (NoSuchKey) when calling the GetObject operation: The specified key does not exist.
  3382/8883: mp-1113821
  3383/8883: mp-974527
unable to access bucket: 'materialsproject-parsed' key: 'chgcars/mp-1427021.json.gz' version: None error: An error occurred (NoSuchKey) when calling the GetObject operation: The specified key does not exist.
  3384/8883: mp-1110794
  3385/8883: mp-1111234
  3386/8883: mp-579605
unable to access bucket: 'materialsproject-parsed' key: 'chgcars/mp-1504600.json.gz' version: None error: An error occurred (NoSuchKey) when calling the GetObject operation: The specified key does not exist.
  3387/8883: mp-672232
  3388/8883: mp-1114104
unable to access bucket: 'materialsproject-parsed' key: 'chgcars/mp-1347195.json.gz' version: None error: An error occurred (NoSuchKey) when calling the GetObject operation: The specified key does not exist.
  3389/8883: mp-1186519
unable to access bucket: 'materialsproject-parsed' key: 'chgcars/mp-1384292.json.gz' version: None error: An error occurred (NoSuchKey) when calling the GetObject operation: The specified key does not exist.
  3390/8883: mp-1110856
  3391/8883: mp-1112104
  3392/8883: mp-1184512
unable to access bucket: 'materialsproject-parsed' key: 'chgcars/mp-1395480.json.gz' version: None error: An error occurred (NoSuchKey) when calling the GetObject operation: The specified key does not exist.
  3393/8883: mp-1110584
unable to access bucket: 'materialsproject-parsed' key: 'chgcars/mp-1394309.json.gz' version: None error: An error occurred (NoSuchKey) when calling the GetObject operation: The specified key does not exist.
  3394/8883: mp-1113862
  3395/8883: mp-977402
unable to access bucket: 'materialsproject-parsed' key: 'chgcars/mp-1405988.json.gz' version: None error: An error occurred (NoSuchKey) when calling the GetObject operation: The specified key does not exist.
  3396/8883: mp-1110666
  3397/8883: mp-1110903
unable to access bucket: 'materialsproject-parsed' key: 'chgcars/mp-1401407.json.gz' version: None error: An error occurred (NoSuchKey) when calling the GetObject operation: The specified key does not exist.
  3398/8883: mp-1207052
unable to access bucket: 'materialsproject-parsed' key: 'chgcars/mp-1276036.json.gz' version: None error: An error occurred (NoSuchKey) when calling the GetObject operation: The specified key does not exist.
  3399/8883: mp-582719
unable to access bucket: 'materialsproject-parsed' key: 'chgcars/mp-1445775.json.gz' version: None error: An error occurred (NoSuchKey) when calling the GetObject operation: The specified key does not exist.
  3400/8883: mp-1187614
unable to access bucket: 'materialsproject-parsed' key: 'chgcars/mp-1387953.json.gz' version: None error: An error occurred (NoSuchKey) when calling the GetObject operation: The specified key does not exist.
  3401/8883: mp-866119
  3402/8883: mp-867762
unable to access bucket: 'materialsproject-parsed' key: 'chgcars/mp-1415213.json.gz' version: None error: An error occurred (NoSuchKey) when calling the GetObject operation: The specified key does not exist.
  3403/8883: mp-1112709
  3404/8883: mp-1185405
  3405/8883: mp-1009652
unable to access bucket: 'materialsproject-parsed' key: 'chgcars/mp-1433704.json.gz' version: None error: An error occurred (NoSuchKey) when calling the GetObject operation: The specified key does not exist.
  3406/8883: mp-1186555
unable to access bucket: 'materialsproject-parsed' key: 'chgcars/mp-1421388.json.gz' version: None error: An error occurred (NoSuchKey) when calling the GetObject operation: The specified key does not exist.
  3407/8883: mp-16524
  3408/8883: mp-1113778
  3409/8883: mp-1187520
unable to access bucket: 'materialsproject-parsed' key: 'chgcars/mp-1420335.json.gz' version: None error: An error occurred (NoSuchKey) when calling the GetObject operation: The specified key does not exist.
  3410/8883: mp-1111291
unable to access bucket: 'materialsproject-parsed' key: 'chgcars/mp-1392845.json.gz' version: None error: An error occurred (NoSuchKey) when calling the GetObject operation: The specified key does not exist.
  3411/8883: mp-1185442
unable to access bucket: 'materialsproject-parsed' key: 'chgcars/mp-1393052.json.gz' version: None error: An error occurred (NoSuchKey) when calling the GetObject operation: The specified key does not exist.
  3412/8883: mp-865992
  3413/8883: mp-867131
  3414/8883: mp-1112029
  3415/8883: mp-1185763
unable to access bucket: 'materialsproject-parsed' key: 'chgcars/mp-1429060.json.gz' version: None error: An error occurred (NoSuchKey) when calling the GetObject operation: The specified key does not exist.
  3416/8883: mp-867275
  3417/8883: mp-1187426
unable to access bucket: 'materialsproject-parsed' key: 'chgcars/mp-1410403.json.gz' version: None error: An error occurred (NoSuchKey) when calling the GetObject operation: The specified key does not exist.
  3418/8883: mp-1112308
  3419/8883: mp-1097725
  3420/8883: mp-1183688
unable to access bucket: 'materialsproject-parsed' key: 'chgcars/mp-1436624.json.gz' version: None error: An error occurred (NoSuchKey) when calling the GetObject operation: The specified key does not exist.
  3421/8883: mp-1206848
  3422/8883: mp-1113316
unable to access bucket: 'materialsproject-parsed' key: 'chgcars/mp-1397446.json.gz' version: None error: An error occurred (NoSuchKey) when calling the GetObject operation: The specified key does not exist.
  3423/8883: mp-978908
  3424/8883: mp-1184072
unable to access bucket: 'materialsproject-parsed' key: 'chgcars/mp-1424214.json.gz' version: None error: An error occurred (NoSuchKey) when calling the GetObject operation: The specified key does not exist.
  3425/8883: mp-1187765
unable to access bucket: 'materialsproject-parsed' key: 'chgcars/mp-1431739.json.gz' version: None error: An error occurred (NoSuchKey) when calling the GetObject operation: The specified key does not exist.
  3426/8883: mp-1228414
  3427/8883: mp-1187424
unable to access bucket: 'materialsproject-parsed' key: 'chgcars/mp-1422216.json.gz' version: None error: An error occurred (NoSuchKey) when calling the GetObject operation: The specified key does not exist.
  3428/8883: mp-1206407
unable to access bucket: 'materialsproject-parsed' key: 'chgcars/mp-1428749.json.gz' version: None error: An error occurred (NoSuchKey) when calling the GetObject operation: The specified key does not exist.
  3429/8883: mp-1184717
unable to access bucket: 'materialsproject-parsed' key: 'chgcars/mp-1415354.json.gz' version: None error: An error occurred (NoSuchKey) when calling the GetObject operation: The specified key does not exist.
  3430/8883: mp-975275
unable to access bucket: 'materialsproject-parsed' key: 'chgcars/mp-1405188.json.gz' version: None error: An error occurred (NoSuchKey) when calling the GetObject operation: The specified key does not exist.
  3431/8883: mp-2269
  3432/8883: mp-1096926
  3433/8883: mp-1094298
  3434/8883: mp-1007961
  3435/8883: mp-862588
  3436/8883: mp-861908
  3437/8883: mp-18986
  3438/8883: mp-1187095
  3439/8883: mp-1187014
unable to access bucket: 'materialsproject-parsed' key: 'chgcars/mp-1412659.json.gz' version: None error: An error occurred (NoSuchKey) when calling the GetObject operation: The specified key does not exist.
  3440/8883: mp-867272
  3441/8883: mp-1184216
unable to access bucket: 'materialsproject-parsed' key: 'chgcars/mp-1428802.json.gz' version: None error: An error occurred (NoSuchKey) when calling the GetObject operation: The specified key does not exist.
  3442/8883: mp-1112908
  3443/8883: mp-1113412
  3444/8883: mp-864671
unable to access bucket: 'materialsproject-parsed' key: 'chgcars/mp-1433682.json.gz' version: None error: An error occurred (NoSuchKey) when calling the GetObject operation: The specified key does not exist.
  3445/8883: mp-863736
unable to access bucket: 'materialsproject-parsed' key: 'chgcars/mp-1416248.json.gz' version: None error: An error occurred (NoSuchKey) when calling the GetObject operation: The specified key does not exist.
  3446/8883: mp-1184310
unable to access bucket: 'materialsproject-parsed' key: 'chgcars/mp-1411166.json.gz' version: None error: An error occurred (NoSuchKey) when calling the GetObject operation: The specified key does not exist.
  3447/8883: mp-866226
unable to access bucket: 'materialsproject-parsed' key: 'chgcars/mp-1424482.json.gz' version: None error: An error occurred (NoSuchKey) when calling the GetObject operation: The specified key does not exist.
  3448/8883: mp-1185861
  3449/8883: mp-1185767
unable to access bucket: 'materialsproject-parsed' key: 'chgcars/mp-1432130.json.gz' version: None error: An error occurred (NoSuchKey) when calling the GetObject operation: The specified key does not exist.
  3450/8883: mp-12087
  3451/8883: mp-975368
  3452/8883: mp-1184103
unable to access bucket: 'materialsproject-parsed' key: 'chgcars/mp-1416224.json.gz' version: None error: An error occurred (NoSuchKey) when calling the GetObject operation: The specified key does not exist.
  3453/8883: mp-1194145
unable to access bucket: 'materialsproject-parsed' key: 'chgcars/mp-1396709.json.gz' version: None error: An error occurred (NoSuchKey) when calling the GetObject operation: The specified key does not exist.
  3454/8883: mp-864988
unable to access bucket: 'materialsproject-parsed' key: 'chgcars/mp-1428351.json.gz' version: None error: An error occurred (NoSuchKey) when calling the GetObject operation: The specified key does not exist.
  3455/8883: mp-1110852
unable to access bucket: 'materialsproject-parsed' key: 'chgcars/mp-1412579.json.gz' version: None error: An error occurred (NoSuchKey) when calling the GetObject operation: The specified key does not exist.
  3456/8883: mp-1110968
  3457/8883: mp-1207085
  3458/8883: mp-1111328
  3459/8883: mp-7830
unable to access bucket: 'materialsproject-parsed' key: 'chgcars/mp-1439972.json.gz' version: None error: An error occurred (NoSuchKey) when calling the GetObject operation: The specified key does not exist.
  3460/8883: mp-1111541
  3461/8883: mp-1110579
  3462/8883: mp-865231
  3463/8883: mp-865787
unable to access bucket: 'materialsproject-parsed' key: 'chgcars/mp-1415715.json.gz' version: None error: An error occurred (NoSuchKey) when calling the GetObject operation: The specified key does not exist.
  3464/8883: mp-976793
  3465/8883: mp-865858
unable to access bucket: 'materialsproject-parsed' key: 'chgcars/mp-1429517.json.gz' version: None error: An error occurred (NoSuchKey) when calling the GetObject operation: The specified key does not exist.
  3466/8883: mp-1112567
  3467/8883: mp-1079517
unable to access bucket: 'materialsproject-parsed' key: 'chgcars/mp-1395524.json.gz' version: None error: An error occurred (NoSuchKey) when calling the GetObject operation: The specified key does not exist.
  3468/8883: mp-2647
  3469/8883: mp-1111445
  3470/8883: mp-865507
  3471/8883: mp-866067
  3472/8883: mp-1110605
  3473/8883: mp-1110772
  3474/8883: mp-1111968
  3475/8883: mp-1192939
  3476/8883: mp-984707
unable to access bucket: 'materialsproject-parsed' key: 'chgcars/mp-1420519.json.gz' version: None error: An error occurred (NoSuchKey) when calling the GetObject operation: The specified key does not exist.
  3477/8883: mp-2823
  3478/8883: mp-2050
unable to access bucket: 'materialsproject-parsed' key: 'chgcars/mp-1440706.json.gz' version: None error: An error occurred (NoSuchKey) when calling the GetObject operation: The specified key does not exist.
  3479/8883: mp-1183155
unable to access bucket: 'materialsproject-parsed' key: 'chgcars/mp-1437263.json.gz' version: None error: An error occurred (NoSuchKey) when calling the GetObject operation: The specified key does not exist.
  3480/8883: mp-973887
unable to access bucket: 'materialsproject-parsed' key: 'chgcars/mp-1419965.json.gz' version: None error: An error occurred (NoSuchKey) when calling the GetObject operation: The specified key does not exist.
  3481/8883: mp-866029
unable to access bucket: 'materialsproject-parsed' key: 'chgcars/mp-1409534.json.gz' version: None error: An error occurred (NoSuchKey) when calling the GetObject operation: The specified key does not exist.
  3482/8883: mp-1061865
unable to access bucket: 'materialsproject-parsed' key: 'chgcars/mp-1439761.json.gz' version: None error: An error occurred (NoSuchKey) when calling the GetObject operation: The specified key does not exist.
  3483/8883: mp-1183583
unable to access bucket: 'materialsproject-parsed' key: 'chgcars/mp-1428527.json.gz' version: None error: An error occurred (NoSuchKey) when calling the GetObject operation: The specified key does not exist.
  3484/8883: mp-6192
unable to access bucket: 'materialsproject-parsed' key: 'chgcars/mp-1420285.json.gz' version: None error: An error occurred (NoSuchKey) when calling the GetObject operation: The specified key does not exist.
  3485/8883: mp-865107
unable to access bucket: 'materialsproject-parsed' key: 'chgcars/mp-1409264.json.gz' version: None error: An error occurred (NoSuchKey) when calling the GetObject operation: The specified key does not exist.
  3486/8883: mp-867901
unable to access bucket: 'materialsproject-parsed' key: 'chgcars/mp-1428540.json.gz' version: None error: An error occurred (NoSuchKey) when calling the GetObject operation: The specified key does not exist.
  3487/8883: mp-864784
  3488/8883: mp-1112490
  3489/8883: mp-1187920
unable to access bucket: 'materialsproject-parsed' key: 'chgcars/mp-1435968.json.gz' version: None error: An error occurred (NoSuchKey) when calling the GetObject operation: The specified key does not exist.
  3490/8883: mp-1184677
unable to access bucket: 'materialsproject-parsed' key: 'chgcars/mp-1399562.json.gz' version: None error: An error occurred (NoSuchKey) when calling the GetObject operation: The specified key does not exist.
  3491/8883: mp-1205808
unable to access bucket: 'materialsproject-parsed' key: 'chgcars/mp-1445290.json.gz' version: None error: An error occurred (NoSuchKey) when calling the GetObject operation: The specified key does not exist.
  3492/8883: mp-13934
  3493/8883: mp-1110819
  3494/8883: mp-1183156
  3495/8883: mp-867748
unable to access bucket: 'materialsproject-parsed' key: 'chgcars/mp-1420189.json.gz' version: None error: An error occurred (NoSuchKey) when calling the GetObject operation: The specified key does not exist.
  3496/8883: mp-865794
unable to access bucket: 'materialsproject-parsed' key: 'chgcars/mp-1442811.json.gz' version: None error: An error occurred (NoSuchKey) when calling the GetObject operation: The specified key does not exist.
  3497/8883: mp-862819
  3498/8883: mp-37
unable to access bucket: 'materialsproject-parsed' key: 'chgcars/mp-1440776.json.gz' version: None error: An error occurred (NoSuchKey) when calling the GetObject operation: The specified key does not exist.
  3499/8883: mp-1186977
  3500/8883: mp-1112793
  3501/8883: mp-1183338
unable to access bucket: 'materialsproject-parsed' key: 'chgcars/mp-1402947.json.gz' version: None error: An error occurred (NoSuchKey) when calling the GetObject operation: The specified key does not exist.
  3502/8883: mp-1184740
  3503/8883: mp-1185141
unable to access bucket: 'materialsproject-parsed' key: 'chgcars/mp-1390187.json.gz' version: None error: An error occurred (NoSuchKey) when calling the GetObject operation: The specified key does not exist.
  3504/8883: mp-996941
unable to access bucket: 'materialsproject-parsed' key: 'chgcars/mp-1399195.json.gz' version: None error: An error occurred (NoSuchKey) when calling the GetObject operation: The specified key does not exist.
  3505/8883: mp-983583
  3506/8883: mp-867807
  3507/8883: mp-1111074
unable to access bucket: 'materialsproject-parsed' key: 'chgcars/mp-1444747.json.gz' version: None error: An error occurred (NoSuchKey) when calling the GetObject operation: The specified key does not exist.
  3508/8883: mp-1112896
  3509/8883: mp-1206736
  3510/8883: mp-862719
unable to access bucket: 'materialsproject-parsed' key: 'chgcars/mp-1434871.json.gz' version: None error: An error occurred (NoSuchKey) when calling the GetObject operation: The specified key does not exist.
  3511/8883: mp-1111195
  3512/8883: mp-1110708
  3513/8883: mp-988940
unable to access bucket: 'materialsproject-parsed' key: 'chgcars/mp-1415456.json.gz' version: None error: An error occurred (NoSuchKey) when calling the GetObject operation: The specified key does not exist.
  3514/8883: mp-864780
  3515/8883: mp-1185324
  3516/8883: mp-864925
unable to access bucket: 'materialsproject-parsed' key: 'chgcars/mp-1423307.json.gz' version: None error: An error occurred (NoSuchKey) when calling the GetObject operation: The specified key does not exist.
  3517/8883: mp-1111832
  3518/8883: mp-980150
unable to access bucket: 'materialsproject-parsed' key: 'chgcars/mp-1430784.json.gz' version: None error: An error occurred (NoSuchKey) when calling the GetObject operation: The specified key does not exist.
  3519/8883: mp-1111686
  3520/8883: mp-600023
  3521/8883: mp-24292
unable to access bucket: 'materialsproject-parsed' key: 'chgcars/mp-1414073.json.gz' version: None error: An error occurred (NoSuchKey) when calling the GetObject operation: The specified key does not exist.
  3522/8883: mp-1067042
unable to access bucket: 'materialsproject-parsed' key: 'chgcars/mp-1393953.json.gz' version: None error: An error occurred (NoSuchKey) when calling the GetObject operation: The specified key does not exist.
  3523/8883: mp-1185598
unable to access bucket: 'materialsproject-parsed' key: 'chgcars/mp-1444130.json.gz' version: None error: An error occurred (NoSuchKey) when calling the GetObject operation: The specified key does not exist.
  3524/8883: mp-866159
unable to access bucket: 'materialsproject-parsed' key: 'chgcars/mp-1384625.json.gz' version: None error: An error occurred (NoSuchKey) when calling the GetObject operation: The specified key does not exist.
  3525/8883: mp-975801
  3526/8883: mp-865089
  3527/8883: mp-1186203
unable to access bucket: 'materialsproject-parsed' key: 'chgcars/mp-1475741.json.gz' version: None error: An error occurred (NoSuchKey) when calling the GetObject operation: The specified key does not exist.
  3528/8883: mp-19006
unable to access bucket: 'materialsproject-parsed' key: 'chgcars/mp-1658387.json.gz' version: None error: An error occurred (NoSuchKey) when calling the GetObject operation: The specified key does not exist.
  3529/8883: mp-1205742
  3530/8883: mp-862898
unable to access bucket: 'materialsproject-parsed' key: 'chgcars/mp-1424415.json.gz' version: None error: An error occurred (NoSuchKey) when calling the GetObject operation: The specified key does not exist.
  3531/8883: mp-1002114
  3532/8883: mp-1111066
  3533/8883: mp-865814
  3534/8883: mp-1080251
  3535/8883: mp-1078552
  3536/8883: mp-1187355
  3537/8883: mp-1113309
unable to access bucket: 'materialsproject-parsed' key: 'chgcars/mp-1443942.json.gz' version: None error: An error occurred (NoSuchKey) when calling the GetObject operation: The specified key does not exist.
  3538/8883: mp-1205837
  3539/8883: mp-1186111
unable to access bucket: 'materialsproject-parsed' key: 'chgcars/mp-1401753.json.gz' version: None error: An error occurred (NoSuchKey) when calling the GetObject operation: The specified key does not exist.
  3540/8883: mp-2384
unable to access bucket: 'materialsproject-parsed' key: 'chgcars/mp-1439948.json.gz' version: None error: An error occurred (NoSuchKey) when calling the GetObject operation: The specified key does not exist.
  3541/8883: mp-18977
  3542/8883: mp-1187251
unable to access bucket: 'materialsproject-parsed' key: 'chgcars/mp-1433432.json.gz' version: None error: An error occurred (NoSuchKey) when calling the GetObject operation: The specified key does not exist.
  3543/8883: mp-999002
  3544/8883: mp-864992
  3545/8883: mp-1183148
  3546/8883: mp-861902
  3547/8883: mp-865116
  3548/8883: mp-1207222
  3549/8883: mp-976032
  3550/8883: mp-1112230
  3551/8883: mp-1114036
  3552/8883: mp-1183472
unable to access bucket: 'materialsproject-parsed' key: 'chgcars/mp-1399399.json.gz' version: None error: An error occurred (NoSuchKey) when calling the GetObject operation: The specified key does not exist.
  3553/8883: mp-978807
  3554/8883: mp-1185407
  3555/8883: mp-1205840
unable to access bucket: 'materialsproject-parsed' key: 'chgcars/mp-1395213.json.gz' version: None error: An error occurred (NoSuchKey) when calling the GetObject operation: The specified key does not exist.
  3556/8883: mp-866073
  3557/8883: mp-861665
  3558/8883: mp-1193291
unable to access bucket: 'materialsproject-parsed' key: 'chgcars/mp-1444622.json.gz' version: None error: An error occurred (NoSuchKey) when calling the GetObject operation: The specified key does not exist.
  3559/8883: mp-1186729
unable to access bucket: 'materialsproject-parsed' key: 'chgcars/mp-1389576.json.gz' version: None error: An error occurred (NoSuchKey) when calling the GetObject operation: The specified key does not exist.
  3560/8883: mp-972424
unable to access bucket: 'materialsproject-parsed' key: 'chgcars/mp-1433102.json.gz' version: None error: An error occurred (NoSuchKey) when calling the GetObject operation: The specified key does not exist.
  3561/8883: mp-867321
  3562/8883: mp-1114113
  3563/8883: mp-1183898
unable to access bucket: 'materialsproject-parsed' key: 'chgcars/mp-1384518.json.gz' version: None error: An error occurred (NoSuchKey) when calling the GetObject operation: The specified key does not exist.
  3564/8883: mp-864939
  3565/8883: mp-1206761
unable to access bucket: 'materialsproject-parsed' key: 'chgcars/mp-1391958.json.gz' version: None error: An error occurred (NoSuchKey) when calling the GetObject operation: The specified key does not exist.
  3566/8883: mp-864922
unable to access bucket: 'materialsproject-parsed' key: 'chgcars/mp-1430481.json.gz' version: None error: An error occurred (NoSuchKey) when calling the GetObject operation: The specified key does not exist.
  3567/8883: mp-865178
unable to access bucket: 'materialsproject-parsed' key: 'chgcars/mp-1433455.json.gz' version: None error: An error occurred (NoSuchKey) when calling the GetObject operation: The specified key does not exist.
  3568/8883: mp-865225
unable to access bucket: 'materialsproject-parsed' key: 'chgcars/mp-1433470.json.gz' version: None error: An error occurred (NoSuchKey) when calling the GetObject operation: The specified key does not exist.
  3569/8883: mp-1183070
unable to access bucket: 'materialsproject-parsed' key: 'chgcars/mp-1404934.json.gz' version: None error: An error occurred (NoSuchKey) when calling the GetObject operation: The specified key does not exist.
  3570/8883: mp-867978
  3571/8883: mp-1185076
unable to access bucket: 'materialsproject-parsed' key: 'chgcars/mp-1384306.json.gz' version: None error: An error occurred (NoSuchKey) when calling the GetObject operation: The specified key does not exist.
  3572/8883: mp-1205836
  3573/8883: mp-10622
  3574/8883: mp-975780
unable to access bucket: 'materialsproject-parsed' key: 'chgcars/mp-1400793.json.gz' version: None error: An error occurred (NoSuchKey) when calling the GetObject operation: The specified key does not exist.
  3575/8883: mp-1110808
  3576/8883: mp-1094402
  3577/8883: mp-1111798
unable to access bucket: 'materialsproject-parsed' key: 'chgcars/mp-1346937.json.gz' version: None error: An error occurred (NoSuchKey) when calling the GetObject operation: The specified key does not exist.
  3578/8883: mp-672275
unable to access bucket: 'materialsproject-parsed' key: 'chgcars/mp-1407078.json.gz' version: None error: An error occurred (NoSuchKey) when calling the GetObject operation: The specified key does not exist.
  3579/8883: mp-1186119
  3580/8883: mp-1187438
  3581/8883: mp-1113035
  3582/8883: mp-865589
unable to access bucket: 'materialsproject-parsed' key: 'chgcars/mp-1422451.json.gz' version: None error: An error occurred (NoSuchKey) when calling the GetObject operation: The specified key does not exist.
  3583/8883: mp-861594
unable to access bucket: 'materialsproject-parsed' key: 'chgcars/mp-1446120.json.gz' version: None error: An error occurred (NoSuchKey) when calling the GetObject operation: The specified key does not exist.
  3584/8883: mp-1205660
unable to access bucket: 'materialsproject-parsed' key: 'chgcars/mp-1407855.json.gz' version: None error: An error occurred (NoSuchKey) when calling the GetObject operation: The specified key does not exist.
  3585/8883: mp-862371
  3586/8883: mp-1113830
unable to access bucket: 'materialsproject-parsed' key: 'chgcars/mp-1398599.json.gz' version: None error: An error occurred (NoSuchKey) when calling the GetObject operation: The specified key does not exist.
  3587/8883: mp-1011695
  3588/8883: mp-1205585
  3589/8883: mp-1113282
  3590/8883: mp-567210
  3591/8883: mp-1183196
unable to access bucket: 'materialsproject-parsed' key: 'chgcars/mp-1444358.json.gz' version: None error: An error occurred (NoSuchKey) when calling the GetObject operation: The specified key does not exist.
  3592/8883: mp-1111827
  3593/8883: mp-1039170
  3594/8883: mp-1187610
unable to access bucket: 'materialsproject-parsed' key: 'chgcars/mp-1432050.json.gz' version: None error: An error occurred (NoSuchKey) when calling the GetObject operation: The specified key does not exist.
  3595/8883: mp-179
unable to access bucket: 'materialsproject-parsed' key: 'chgcars/mp-1439675.json.gz' version: None error: An error occurred (NoSuchKey) when calling the GetObject operation: The specified key does not exist.
  3596/8883: mp-1113628
  3597/8883: mp-864624
unable to access bucket: 'materialsproject-parsed' key: 'chgcars/mp-1426244.json.gz' version: None error: An error occurred (NoSuchKey) when calling the GetObject operation: The specified key does not exist.
  3598/8883: mp-1187188
unable to access bucket: 'materialsproject-parsed' key: 'chgcars/mp-1402796.json.gz' version: None error: An error occurred (NoSuchKey) when calling the GetObject operation: The specified key does not exist.
  3599/8883: mp-1342
  3600/8883: mp-865908
  3601/8883: mp-1111976
  3602/8883: mp-1184769
  3603/8883: mp-866112
unable to access bucket: 'materialsproject-parsed' key: 'chgcars/mp-1418711.json.gz' version: None error: An error occurred (NoSuchKey) when calling the GetObject operation: The specified key does not exist.
  3604/8883: mp-605034
  3605/8883: mp-1212451
  3606/8883: mp-1112583
unable to access bucket: 'materialsproject-parsed' key: 'chgcars/mp-1392839.json.gz' version: None error: An error occurred (NoSuchKey) when calling the GetObject operation: The specified key does not exist.
  3607/8883: mp-1094256
unable to access bucket: 'materialsproject-parsed' key: 'chgcars/mp-1385586.json.gz' version: None error: An error occurred (NoSuchKey) when calling the GetObject operation: The specified key does not exist.
  3608/8883: mp-1111212
  3609/8883: mp-1565
unable to access bucket: 'materialsproject-parsed' key: 'chgcars/mp-1440669.json.gz' version: None error: An error occurred (NoSuchKey) when calling the GetObject operation: The specified key does not exist.
  3610/8883: mp-1111790
unable to access bucket: 'materialsproject-parsed' key: 'chgcars/mp-1342082.json.gz' version: None error: An error occurred (NoSuchKey) when calling the GetObject operation: The specified key does not exist.
  3611/8883: mp-865142
unable to access bucket: 'materialsproject-parsed' key: 'chgcars/mp-1433057.json.gz' version: None error: An error occurred (NoSuchKey) when calling the GetObject operation: The specified key does not exist.
  3612/8883: mp-7889
  3613/8883: mp-1111626
  3614/8883: mp-1110734
  3615/8883: mp-24151
unable to access bucket: 'materialsproject-parsed' key: 'chgcars/mp-1439585.json.gz' version: None error: An error occurred (NoSuchKey) when calling the GetObject operation: The specified key does not exist.
  3616/8883: mp-975554
  3617/8883: mp-1112281
  3618/8883: mp-866158
unable to access bucket: 'materialsproject-parsed' key: 'chgcars/mp-1432434.json.gz' version: None error: An error occurred (NoSuchKey) when calling the GetObject operation: The specified key does not exist.
  3619/8883: mp-1080652
  3620/8883: mp-1185443
unable to access bucket: 'materialsproject-parsed' key: 'chgcars/mp-1504185.json.gz' version: None error: An error occurred (NoSuchKey) when calling the GetObject operation: The specified key does not exist.
  3621/8883: mp-866155
unable to access bucket: 'materialsproject-parsed' key: 'chgcars/mp-1433078.json.gz' version: None error: An error occurred (NoSuchKey) when calling the GetObject operation: The specified key does not exist.
  3622/8883: mp-861935
unable to access bucket: 'materialsproject-parsed' key: 'chgcars/mp-1433866.json.gz' version: None error: An error occurred (NoSuchKey) when calling the GetObject operation: The specified key does not exist.
  3623/8883: mp-1110585
unable to access bucket: 'materialsproject-parsed' key: 'chgcars/mp-1405107.json.gz' version: None error: An error occurred (NoSuchKey) when calling the GetObject operation: The specified key does not exist.
  3624/8883: mp-1111109
unable to access bucket: 'materialsproject-parsed' key: 'chgcars/mp-1401543.json.gz' version: None error: An error occurred (NoSuchKey) when calling the GetObject operation: The specified key does not exist.
  3625/8883: mp-1111188
  3626/8883: mp-1094180
unable to access bucket: 'materialsproject-parsed' key: 'chgcars/mp-1397227.json.gz' version: None error: An error occurred (NoSuchKey) when calling the GetObject operation: The specified key does not exist.
  3627/8883: mp-1112052
unable to access bucket: 'materialsproject-parsed' key: 'chgcars/mp-1406865.json.gz' version: None error: An error occurred (NoSuchKey) when calling the GetObject operation: The specified key does not exist.
  3628/8883: mp-1185241
  3629/8883: mp-2493
  3630/8883: mp-1014264
  3631/8883: mp-1113939
  3632/8883: mp-1186509
unable to access bucket: 'materialsproject-parsed' key: 'chgcars/mp-1425892.json.gz' version: None error: An error occurred (NoSuchKey) when calling the GetObject operation: The specified key does not exist.
  3633/8883: mp-861896
unable to access bucket: 'materialsproject-parsed' key: 'chgcars/mp-1431002.json.gz' version: None error: An error occurred (NoSuchKey) when calling the GetObject operation: The specified key does not exist.
  3634/8883: mp-1192680
unable to access bucket: 'materialsproject-parsed' key: 'chgcars/mp-1383296.json.gz' version: None error: An error occurred (NoSuchKey) when calling the GetObject operation: The specified key does not exist.
  3635/8883: mp-865195
unable to access bucket: 'materialsproject-parsed' key: 'chgcars/mp-1427990.json.gz' version: None error: An error occurred (NoSuchKey) when calling the GetObject operation: The specified key does not exist.
  3636/8883: mp-1184955
unable to access bucket: 'materialsproject-parsed' key: 'chgcars/mp-1425079.json.gz' version: None error: An error occurred (NoSuchKey) when calling the GetObject operation: The specified key does not exist.
  3637/8883: mp-1110962
  3638/8883: mp-1207138
unable to access bucket: 'materialsproject-parsed' key: 'chgcars/mp-1395072.json.gz' version: None error: An error occurred (NoSuchKey) when calling the GetObject operation: The specified key does not exist.
  3639/8883: mp-1112325
  3640/8883: mp-1183187
unable to access bucket: 'materialsproject-parsed' key: 'chgcars/mp-1399032.json.gz' version: None error: An error occurred (NoSuchKey) when calling the GetObject operation: The specified key does not exist.
  3641/8883: mp-1183509
  3642/8883: mp-1185394
  3643/8883: mp-20730
unable to access bucket: 'materialsproject-parsed' key: 'chgcars/mp-2253560.json.gz' version: None error: An error occurred (NoSuchKey) when calling the GetObject operation: The specified key does not exist.
  3644/8883: mp-1186941
unable to access bucket: 'materialsproject-parsed' key: 'chgcars/mp-1418390.json.gz' version: None error: An error occurred (NoSuchKey) when calling the GetObject operation: The specified key does not exist.
  3645/8883: mp-974523
unable to access bucket: 'materialsproject-parsed' key: 'chgcars/mp-1422123.json.gz' version: None error: An error occurred (NoSuchKey) when calling the GetObject operation: The specified key does not exist.
  3646/8883: mp-1111737
  3647/8883: mp-864919
  3648/8883: mp-1193751
  3649/8883: mp-864983
unable to access bucket: 'materialsproject-parsed' key: 'chgcars/mp-1771751.json.gz' version: None error: An error occurred (NoSuchKey) when calling the GetObject operation: The specified key does not exist.
  3650/8883: mp-867233
unable to access bucket: 'materialsproject-parsed' key: 'chgcars/mp-1433647.json.gz' version: None error: An error occurred (NoSuchKey) when calling the GetObject operation: The specified key does not exist.
  3651/8883: mp-1111431
unable to access bucket: 'materialsproject-parsed' key: 'chgcars/mp-1390507.json.gz' version: None error: An error occurred (NoSuchKey) when calling the GetObject operation: The specified key does not exist.
  3652/8883: mp-982873
  3653/8883: mp-1111341
unable to access bucket: 'materialsproject-parsed' key: 'chgcars/mp-1444366.json.gz' version: None error: An error occurred (NoSuchKey) when calling the GetObject operation: The specified key does not exist.
  3654/8883: mp-865779
  3655/8883: mp-1112330
  3656/8883: mp-865039
  3657/8883: mp-1186024
  3658/8883: mp-1184340
  3659/8883: mp-1110945
unable to access bucket: 'materialsproject-parsed' key: 'chgcars/mp-1375567.json.gz' version: None error: An error occurred (NoSuchKey) when calling the GetObject operation: The specified key does not exist.
  3660/8883: mp-1112211
  3661/8883: mp-1112789
  3662/8883: mp-1183612
unable to access bucket: 'materialsproject-parsed' key: 'chgcars/mp-1395498.json.gz' version: None error: An error occurred (NoSuchKey) when calling the GetObject operation: The specified key does not exist.
  3663/8883: mp-1111422
  3664/8883: mp-1111578
unable to access bucket: 'materialsproject-parsed' key: 'chgcars/mp-1396965.json.gz' version: None error: An error occurred (NoSuchKey) when calling the GetObject operation: The specified key does not exist.
  3665/8883: mp-989402
unable to access bucket: 'materialsproject-parsed' key: 'chgcars/mp-1402362.json.gz' version: None error: An error occurred (NoSuchKey) when calling the GetObject operation: The specified key does not exist.
  3666/8883: mp-1184229
  3667/8883: mp-1111411
  3668/8883: mp-1187921
  3669/8883: mp-1184998
unable to access bucket: 'materialsproject-parsed' key: 'chgcars/mp-1774198.json.gz' version: None error: An error occurred (NoSuchKey) when calling the GetObject operation: The specified key does not exist.
  3670/8883: mp-1014005
unable to access bucket: 'materialsproject-parsed' key: 'chgcars/mp-1431494.json.gz' version: None error: An error occurred (NoSuchKey) when calling the GetObject operation: The specified key does not exist.
  3671/8883: mp-1206796
unable to access bucket: 'materialsproject-parsed' key: 'chgcars/mp-1433014.json.gz' version: None error: An error occurred (NoSuchKey) when calling the GetObject operation: The specified key does not exist.
  3672/8883: mp-1187698
  3673/8883: mp-22899
  3674/8883: mp-865281
unable to access bucket: 'materialsproject-parsed' key: 'chgcars/mp-1427010.json.gz' version: None error: An error occurred (NoSuchKey) when calling the GetObject operation: The specified key does not exist.
  3675/8883: mp-977438
  3676/8883: mp-865855
  3677/8883: mp-1001824
unable to access bucket: 'materialsproject-parsed' key: 'chgcars/mp-1419881.json.gz' version: None error: An error occurred (NoSuchKey) when calling the GetObject operation: The specified key does not exist.
  3678/8883: mp-1205934
  3679/8883: mp-971827
  3680/8883: mp-978543
unable to access bucket: 'materialsproject-parsed' key: 'chgcars/mp-1424532.json.gz' version: None error: An error occurred (NoSuchKey) when calling the GetObject operation: The specified key does not exist.
  3681/8883: mp-1194289
unable to access bucket: 'materialsproject-parsed' key: 'chgcars/mp-1427523.json.gz' version: None error: An error occurred (NoSuchKey) when calling the GetObject operation: The specified key does not exist.
  3682/8883: mp-1183220
unable to access bucket: 'materialsproject-parsed' key: 'chgcars/mp-1429962.json.gz' version: None error: An error occurred (NoSuchKey) when calling the GetObject operation: The specified key does not exist.
  3683/8883: mp-1186485
unable to access bucket: 'materialsproject-parsed' key: 'chgcars/mp-1433346.json.gz' version: None error: An error occurred (NoSuchKey) when calling the GetObject operation: The specified key does not exist.
  3684/8883: mp-1185760
unable to access bucket: 'materialsproject-parsed' key: 'chgcars/mp-1427735.json.gz' version: None error: An error occurred (NoSuchKey) when calling the GetObject operation: The specified key does not exist.
  3685/8883: mp-1111939
  3686/8883: mp-1014311
  3687/8883: mp-1238793
  3688/8883: mp-560710
unable to access bucket: 'materialsproject-parsed' key: 'chgcars/mp-1420887.json.gz' version: None error: An error occurred (NoSuchKey) when calling the GetObject operation: The specified key does not exist.
  3689/8883: mp-1111380
  3690/8883: mp-1114125
  3691/8883: mp-865506
  3692/8883: mp-1100763
  3693/8883: mp-1184521
unable to access bucket: 'materialsproject-parsed' key: 'chgcars/mp-1384799.json.gz' version: None error: An error occurred (NoSuchKey) when calling the GetObject operation: The specified key does not exist.
  3694/8883: mp-1184974
  3695/8883: mp-34047
  3696/8883: mp-863725
  3697/8883: mp-867877
  3698/8883: mp-989639
unable to access bucket: 'materialsproject-parsed' key: 'chgcars/mp-1405419.json.gz' version: None error: An error occurred (NoSuchKey) when calling the GetObject operation: The specified key does not exist.
  3699/8883: mp-1187524
unable to access bucket: 'materialsproject-parsed' key: 'chgcars/mp-1658601.json.gz' version: None error: An error occurred (NoSuchKey) when calling the GetObject operation: The specified key does not exist.
  3700/8883: mp-867227
  3701/8883: mp-972572
unable to access bucket: 'materialsproject-parsed' key: 'chgcars/mp-1422247.json.gz' version: None error: An error occurred (NoSuchKey) when calling the GetObject operation: The specified key does not exist.
  3702/8883: mp-865325
  3703/8883: mp-1009730
  3704/8883: mp-1186145
unable to access bucket: 'materialsproject-parsed' key: 'chgcars/mp-1383591.json.gz' version: None error: An error occurred (NoSuchKey) when calling the GetObject operation: The specified key does not exist.
  3705/8883: mp-580589
  3706/8883: mp-865529
  3707/8883: mp-1193385
  3708/8883: mp-30658
  3709/8883: mp-20286
  3710/8883: mp-345
unable to access bucket: 'materialsproject-parsed' key: 'chgcars/mp-1440261.json.gz' version: None error: An error occurred (NoSuchKey) when calling the GetObject operation: The specified key does not exist.
  3711/8883: mp-1283081
  3712/8883: mp-7886
  3713/8883: mp-1186470
  3714/8883: mp-972837
  3715/8883: mp-1185824
unable to access bucket: 'materialsproject-parsed' key: 'chgcars/mp-1419647.json.gz' version: None error: An error occurred (NoSuchKey) when calling the GetObject operation: The specified key does not exist.
  3716/8883: mp-1112030
  3717/8883: mp-1186954
  3718/8883: mp-863698
unable to access bucket: 'materialsproject-parsed' key: 'chgcars/mp-1446099.json.gz' version: None error: An error occurred (NoSuchKey) when calling the GetObject operation: The specified key does not exist.
  3719/8883: mp-641595
unable to access bucket: 'materialsproject-parsed' key: 'chgcars/mp-1667060.json.gz' version: None error: An error occurred (NoSuchKey) when calling the GetObject operation: The specified key does not exist.
  3720/8883: mp-22300
  3721/8883: mp-862934
  3722/8883: mp-1111381
  3723/8883: mp-1184986
  3724/8883: mp-1191096
  3725/8883: mp-1111660
  3726/8883: mp-1112199
unable to access bucket: 'materialsproject-parsed' key: 'chgcars/mp-1385485.json.gz' version: None error: An error occurred (NoSuchKey) when calling the GetObject operation: The specified key does not exist.
  3727/8883: mp-866103
  3728/8883: mp-1111214
  3729/8883: mp-862619
  3730/8883: mp-10109
  3731/8883: mp-1184880
unable to access bucket: 'materialsproject-parsed' key: 'chgcars/mp-1384487.json.gz' version: None error: An error occurred (NoSuchKey) when calling the GetObject operation: The specified key does not exist.
  3732/8883: mp-1112922
  3733/8883: mp-865354
unable to access bucket: 'materialsproject-parsed' key: 'chgcars/mp-1387490.json.gz' version: None error: An error occurred (NoSuchKey) when calling the GetObject operation: The specified key does not exist.
  3734/8883: mp-1187701
  3735/8883: mp-865406
unable to access bucket: 'materialsproject-parsed' key: 'chgcars/mp-1415908.json.gz' version: None error: An error occurred (NoSuchKey) when calling the GetObject operation: The specified key does not exist.
  3736/8883: mp-865563
  3737/8883: mp-13938
unable to access bucket: 'materialsproject-parsed' key: 'chgcars/mp-1424188.json.gz' version: None error: An error occurred (NoSuchKey) when calling the GetObject operation: The specified key does not exist.
  3738/8883: mp-862964
unable to access bucket: 'materialsproject-parsed' key: 'chgcars/mp-1429769.json.gz' version: None error: An error occurred (NoSuchKey) when calling the GetObject operation: The specified key does not exist.
  3739/8883: mp-980071
unable to access bucket: 'materialsproject-parsed' key: 'chgcars/mp-1419006.json.gz' version: None error: An error occurred (NoSuchKey) when calling the GetObject operation: The specified key does not exist.
  3740/8883: mp-865115
  3741/8883: mp-1410
  3742/8883: mp-1187931
  3743/8883: mp-672374
  3744/8883: mp-1111324
  3745/8883: mp-862684
  3746/8883: mp-867243
unable to access bucket: 'materialsproject-parsed' key: 'chgcars/mp-1423102.json.gz' version: None error: An error occurred (NoSuchKey) when calling the GetObject operation: The specified key does not exist.
  3747/8883: mp-864759
unable to access bucket: 'materialsproject-parsed' key: 'chgcars/mp-1437169.json.gz' version: None error: An error occurred (NoSuchKey) when calling the GetObject operation: The specified key does not exist.
  3748/8883: mp-1184360
unable to access bucket: 'materialsproject-parsed' key: 'chgcars/mp-1425582.json.gz' version: None error: An error occurred (NoSuchKey) when calling the GetObject operation: The specified key does not exist.
  3749/8883: mp-1112925
unable to access bucket: 'materialsproject-parsed' key: 'chgcars/mp-1403124.json.gz' version: None error: An error occurred (NoSuchKey) when calling the GetObject operation: The specified key does not exist.
  3750/8883: mp-1111848
  3751/8883: mp-1112033
  3752/8883: mp-862790
  3753/8883: mp-1183329
unable to access bucket: 'materialsproject-parsed' key: 'chgcars/mp-1403476.json.gz' version: None error: An error occurred (NoSuchKey) when calling the GetObject operation: The specified key does not exist.
  3754/8883: mp-1206223
  3755/8883: mp-1112989
unable to access bucket: 'materialsproject-parsed' key: 'chgcars/mp-1411867.json.gz' version: None error: An error occurred (NoSuchKey) when calling the GetObject operation: The specified key does not exist.
  3756/8883: mp-1184598
unable to access bucket: 'materialsproject-parsed' key: 'chgcars/mp-1421347.json.gz' version: None error: An error occurred (NoSuchKey) when calling the GetObject operation: The specified key does not exist.
  3757/8883: mp-1110882
  3758/8883: mp-1214072
  3759/8883: mp-1111727
  3760/8883: mp-1187861
  3761/8883: mp-1184991
  3762/8883: mp-1187945
  3763/8883: mp-1114172
  3764/8883: mp-1110981
  3765/8883: mp-1113739
  3766/8883: mp-1185466
unable to access bucket: 'materialsproject-parsed' key: 'chgcars/mp-1422155.json.gz' version: None error: An error occurred (NoSuchKey) when calling the GetObject operation: The specified key does not exist.
  3767/8883: mp-10660
unable to access bucket: 'materialsproject-parsed' key: 'chgcars/mp-1439961.json.gz' version: None error: An error occurred (NoSuchKey) when calling the GetObject operation: The specified key does not exist.
  3768/8883: mp-1113704
unable to access bucket: 'materialsproject-parsed' key: 'chgcars/mp-1407130.json.gz' version: None error: An error occurred (NoSuchKey) when calling the GetObject operation: The specified key does not exist.
  3769/8883: mp-15724
  3770/8883: mp-1265
  3771/8883: mp-1187961
  3772/8883: mp-1184095
  3773/8883: mp-1207902
unable to access bucket: 'materialsproject-parsed' key: 'chgcars/mp-1323561.json.gz' version: None error: An error occurred (NoSuchKey) when calling the GetObject operation: The specified key does not exist.
  3774/8883: mp-1186313
unable to access bucket: 'materialsproject-parsed' key: 'chgcars/mp-1503999.json.gz' version: None error: An error occurred (NoSuchKey) when calling the GetObject operation: The specified key does not exist.
  3775/8883: mp-980943
  3776/8883: mp-631491
unable to access bucket: 'materialsproject-parsed' key: 'chgcars/mp-1405626.json.gz' version: None error: An error occurred (NoSuchKey) when calling the GetObject operation: The specified key does not exist.
  3777/8883: mp-1186222
unable to access bucket: 'materialsproject-parsed' key: 'chgcars/mp-1419360.json.gz' version: None error: An error occurred (NoSuchKey) when calling the GetObject operation: The specified key does not exist.
  3778/8883: mp-1111463
  3779/8883: mp-1111498
  3780/8883: mp-977383
  3781/8883: mp-1186168
unable to access bucket: 'materialsproject-parsed' key: 'chgcars/mp-1384749.json.gz' version: None error: An error occurred (NoSuchKey) when calling the GetObject operation: The specified key does not exist.
  3782/8883: mp-1110738
  3783/8883: mp-1110692
unable to access bucket: 'materialsproject-parsed' key: 'chgcars/mp-1385951.json.gz' version: None error: An error occurred (NoSuchKey) when calling the GetObject operation: The specified key does not exist.
  3784/8883: mp-862833
unable to access bucket: 'materialsproject-parsed' key: 'chgcars/mp-1417500.json.gz' version: None error: An error occurred (NoSuchKey) when calling the GetObject operation: The specified key does not exist.
  3785/8883: mp-865128
  3786/8883: mp-1114032
  3787/8883: mp-1187383
  3788/8883: mp-1212746
  3789/8883: mp-862559
unable to access bucket: 'materialsproject-parsed' key: 'chgcars/mp-1435280.json.gz' version: None error: An error occurred (NoSuchKey) when calling the GetObject operation: The specified key does not exist.
  3790/8883: mp-1206442
  3791/8883: mp-980191
unable to access bucket: 'materialsproject-parsed' key: 'chgcars/mp-1401323.json.gz' version: None error: An error occurred (NoSuchKey) when calling the GetObject operation: The specified key does not exist.
  3792/8883: mp-1111701
  3793/8883: mp-1206591
  3794/8883: mp-753304
  3795/8883: mp-1186308
unable to access bucket: 'materialsproject-parsed' key: 'chgcars/mp-1437370.json.gz' version: None error: An error occurred (NoSuchKey) when calling the GetObject operation: The specified key does not exist.
  3796/8883: mp-1008610
  3797/8883: mp-1205480
  3798/8883: mp-1187639
  3799/8883: mp-1184437
  3800/8883: mp-865216
  3801/8883: mp-1186657
unable to access bucket: 'materialsproject-parsed' key: 'chgcars/mp-1387406.json.gz' version: None error: An error occurred (NoSuchKey) when calling the GetObject operation: The specified key does not exist.
  3802/8883: mp-30227
  3803/8883: mp-979424
unable to access bucket: 'materialsproject-parsed' key: 'chgcars/mp-1419104.json.gz' version: None error: An error occurred (NoSuchKey) when calling the GetObject operation: The specified key does not exist.
  3804/8883: mp-1184614
  3805/8883: mp-861507
unable to access bucket: 'materialsproject-parsed' key: 'chgcars/mp-1407945.json.gz' version: None error: An error occurred (NoSuchKey) when calling the GetObject operation: The specified key does not exist.
  3806/8883: mp-541853
unable to access bucket: 'materialsproject-parsed' key: 'chgcars/mp-1427257.json.gz' version: None error: An error occurred (NoSuchKey) when calling the GetObject operation: The specified key does not exist.
  3807/8883: mp-862786
  3808/8883: mp-1111089
unable to access bucket: 'materialsproject-parsed' key: 'chgcars/mp-1446317.json.gz' version: None error: An error occurred (NoSuchKey) when calling the GetObject operation: The specified key does not exist.
  3809/8883: mp-978815
  3810/8883: mp-1185104
  3811/8883: mp-1184534
  3812/8883: mp-867798
unable to access bucket: 'materialsproject-parsed' key: 'chgcars/mp-1397650.json.gz' version: None error: An error occurred (NoSuchKey) when calling the GetObject operation: The specified key does not exist.
  3813/8883: mp-1185307
unable to access bucket: 'materialsproject-parsed' key: 'chgcars/mp-1432194.json.gz' version: None error: An error occurred (NoSuchKey) when calling the GetObject operation: The specified key does not exist.
  3814/8883: mp-1111440
  3815/8883: mp-1186602
  3816/8883: mp-1184757
  3817/8883: mp-978856
unable to access bucket: 'materialsproject-parsed' key: 'chgcars/mp-1423029.json.gz' version: None error: An error occurred (NoSuchKey) when calling the GetObject operation: The specified key does not exist.
  3818/8883: mp-464
unable to access bucket: 'materialsproject-parsed' key: 'chgcars/mp-1439369.json.gz' version: None error: An error occurred (NoSuchKey) when calling the GetObject operation: The specified key does not exist.
  3819/8883: mp-1185194
unable to access bucket: 'materialsproject-parsed' key: 'chgcars/mp-1410038.json.gz' version: None error: An error occurred (NoSuchKey) when calling the GetObject operation: The specified key does not exist.
  3820/8883: mp-1094232
unable to access bucket: 'materialsproject-parsed' key: 'chgcars/mp-1446319.json.gz' version: None error: An error occurred (NoSuchKey) when calling the GetObject operation: The specified key does not exist.
  3821/8883: mp-1193840
unable to access bucket: 'materialsproject-parsed' key: 'chgcars/mp-1391021.json.gz' version: None error: An error occurred (NoSuchKey) when calling the GetObject operation: The specified key does not exist.
  3822/8883: mp-4771
  3823/8883: mp-32548
  3824/8883: mp-867149
unable to access bucket: 'materialsproject-parsed' key: 'chgcars/mp-1396087.json.gz' version: None error: An error occurred (NoSuchKey) when calling the GetObject operation: The specified key does not exist.
  3825/8883: mp-1183281
  3826/8883: mp-1206282
  3827/8883: mp-1009489
unable to access bucket: 'materialsproject-parsed' key: 'chgcars/mp-1431454.json.gz' version: None error: An error occurred (NoSuchKey) when calling the GetObject operation: The specified key does not exist.
  3828/8883: mp-1185004
  3829/8883: mp-1078250
  3830/8883: mp-1183456
unable to access bucket: 'materialsproject-parsed' key: 'chgcars/mp-1389477.json.gz' version: None error: An error occurred (NoSuchKey) when calling the GetObject operation: The specified key does not exist.
  3831/8883: mp-2784
  3832/8883: mp-1184276
  3833/8883: mp-973894
  3834/8883: mp-1113057
  3835/8883: mp-1183136
unable to access bucket: 'materialsproject-parsed' key: 'chgcars/mp-1425789.json.gz' version: None error: An error occurred (NoSuchKey) when calling the GetObject operation: The specified key does not exist.
  3836/8883: mp-864953
  3837/8883: mp-2546
  3838/8883: mp-1183537
unable to access bucket: 'materialsproject-parsed' key: 'chgcars/mp-1429366.json.gz' version: None error: An error occurred (NoSuchKey) when calling the GetObject operation: The specified key does not exist.
  3839/8883: mp-21211
unable to access bucket: 'materialsproject-parsed' key: 'chgcars/mp-1437646.json.gz' version: None error: An error occurred (NoSuchKey) when calling the GetObject operation: The specified key does not exist.
  3840/8883: mp-1112073
  3841/8883: mp-1519
  3842/8883: mp-12641
  3843/8883: mp-862362
unable to access bucket: 'materialsproject-parsed' key: 'chgcars/mp-1422149.json.gz' version: None error: An error occurred (NoSuchKey) when calling the GetObject operation: The specified key does not exist.
  3844/8883: mp-1183953
  3845/8883: mp-1183789
  3846/8883: mp-2104
  3847/8883: mp-1187417
  3848/8883: mp-861877
unable to access bucket: 'materialsproject-parsed' key: 'chgcars/mp-1420662.json.gz' version: None error: An error occurred (NoSuchKey) when calling the GetObject operation: The specified key does not exist.
  3849/8883: mp-865049
unable to access bucket: 'materialsproject-parsed' key: 'chgcars/mp-1422112.json.gz' version: None error: An error occurred (NoSuchKey) when calling the GetObject operation: The specified key does not exist.
  3850/8883: mp-3740
unable to access bucket: 'materialsproject-parsed' key: 'chgcars/mp-1440132.json.gz' version: None error: An error occurred (NoSuchKey) when calling the GetObject operation: The specified key does not exist.
  3851/8883: mp-1112216
unable to access bucket: 'materialsproject-parsed' key: 'chgcars/mp-1388037.json.gz' version: None error: An error occurred (NoSuchKey) when calling the GetObject operation: The specified key does not exist.
  3852/8883: mp-1185434
  3853/8883: mp-866167
unable to access bucket: 'materialsproject-parsed' key: 'chgcars/mp-1417921.json.gz' version: None error: An error occurred (NoSuchKey) when calling the GetObject operation: The specified key does not exist.
  3854/8883: mp-989532
unable to access bucket: 'materialsproject-parsed' key: 'chgcars/mp-1385674.json.gz' version: None error: An error occurred (NoSuchKey) when calling the GetObject operation: The specified key does not exist.
  3855/8883: mp-1183985
  3856/8883: mp-21725
unable to access bucket: 'materialsproject-parsed' key: 'chgcars/mp-1397759.json.gz' version: None error: An error occurred (NoSuchKey) when calling the GetObject operation: The specified key does not exist.
  3857/8883: mp-1194186
unable to access bucket: 'materialsproject-parsed' key: 'chgcars/mp-1411445.json.gz' version: None error: An error occurred (NoSuchKey) when calling the GetObject operation: The specified key does not exist.
  3858/8883: mp-1111793
unable to access bucket: 'materialsproject-parsed' key: 'chgcars/mp-1411163.json.gz' version: None error: An error occurred (NoSuchKey) when calling the GetObject operation: The specified key does not exist.
  3859/8883: mp-21475
unable to access bucket: 'materialsproject-parsed' key: 'chgcars/mp-1438495.json.gz' version: None error: An error occurred (NoSuchKey) when calling the GetObject operation: The specified key does not exist.
  3860/8883: mp-867338
unable to access bucket: 'materialsproject-parsed' key: 'chgcars/mp-1432871.json.gz' version: None error: An error occurred (NoSuchKey) when calling the GetObject operation: The specified key does not exist.
  3861/8883: mp-1183560
unable to access bucket: 'materialsproject-parsed' key: 'chgcars/mp-1429229.json.gz' version: None error: An error occurred (NoSuchKey) when calling the GetObject operation: The specified key does not exist.
  3862/8883: mp-864768
  3863/8883: mp-1185409
  3864/8883: mp-866068
  3865/8883: mp-1646
  3866/8883: mp-999495
  3867/8883: mp-865681
  3868/8883: mp-1202049
  3869/8883: mp-1113932
  3870/8883: mp-861965
unable to access bucket: 'materialsproject-parsed' key: 'chgcars/mp-1416137.json.gz' version: None error: An error occurred (NoSuchKey) when calling the GetObject operation: The specified key does not exist.
  3871/8883: mp-865915
unable to access bucket: 'materialsproject-parsed' key: 'chgcars/mp-1435013.json.gz' version: None error: An error occurred (NoSuchKey) when calling the GetObject operation: The specified key does not exist.
  3872/8883: mp-865796
unable to access bucket: 'materialsproject-parsed' key: 'chgcars/mp-1424796.json.gz' version: None error: An error occurred (NoSuchKey) when calling the GetObject operation: The specified key does not exist.
  3873/8883: mp-1079163
  3874/8883: mp-551702
  3875/8883: mp-1112069
  3876/8883: mp-865093
  3877/8883: mp-1186942
  3878/8883: mp-1113481
  3879/8883: mp-1186695
  3880/8883: mp-865524
unable to access bucket: 'materialsproject-parsed' key: 'chgcars/mp-1385954.json.gz' version: None error: An error occurred (NoSuchKey) when calling the GetObject operation: The specified key does not exist.
  3881/8883: mp-1183530
unable to access bucket: 'materialsproject-parsed' key: 'chgcars/mp-1398834.json.gz' version: None error: An error occurred (NoSuchKey) when calling the GetObject operation: The specified key does not exist.
  3882/8883: mp-1111971
  3883/8883: mp-1194115
unable to access bucket: 'materialsproject-parsed' key: 'chgcars/mp-1446074.json.gz' version: None error: An error occurred (NoSuchKey) when calling the GetObject operation: The specified key does not exist.
  3884/8883: mp-864985
unable to access bucket: 'materialsproject-parsed' key: 'chgcars/mp-1435194.json.gz' version: None error: An error occurred (NoSuchKey) when calling the GetObject operation: The specified key does not exist.
  3885/8883: mp-1187185
  3886/8883: mp-1110993
unable to access bucket: 'materialsproject-parsed' key: 'chgcars/mp-1388330.json.gz' version: None error: An error occurred (NoSuchKey) when calling the GetObject operation: The specified key does not exist.
  3887/8883: mp-631536
  3888/8883: mp-559695
  3889/8883: mp-865680
unable to access bucket: 'materialsproject-parsed' key: 'chgcars/mp-1415042.json.gz' version: None error: An error occurred (NoSuchKey) when calling the GetObject operation: The specified key does not exist.
  3890/8883: mp-1186359
unable to access bucket: 'materialsproject-parsed' key: 'chgcars/mp-1385486.json.gz' version: None error: An error occurred (NoSuchKey) when calling the GetObject operation: The specified key does not exist.
  3891/8883: mp-1187611
  3892/8883: mp-861640
unable to access bucket: 'materialsproject-parsed' key: 'chgcars/mp-1424382.json.gz' version: None error: An error occurred (NoSuchKey) when calling the GetObject operation: The specified key does not exist.
  3893/8883: mp-864883
unable to access bucket: 'materialsproject-parsed' key: 'chgcars/mp-1436210.json.gz' version: None error: An error occurred (NoSuchKey) when calling the GetObject operation: The specified key does not exist.
  3894/8883: mp-1186426
unable to access bucket: 'materialsproject-parsed' key: 'chgcars/mp-1425001.json.gz' version: None error: An error occurred (NoSuchKey) when calling the GetObject operation: The specified key does not exist.
  3895/8883: mp-977541
unable to access bucket: 'materialsproject-parsed' key: 'chgcars/mp-1427386.json.gz' version: None error: An error occurred (NoSuchKey) when calling the GetObject operation: The specified key does not exist.
  3896/8883: mp-867474
  3897/8883: mp-867223
  3898/8883: mp-975522
unable to access bucket: 'materialsproject-parsed' key: 'chgcars/mp-1435971.json.gz' version: None error: An error occurred (NoSuchKey) when calling the GetObject operation: The specified key does not exist.
  3899/8883: mp-1008918
  3900/8883: mp-1193078
unable to access bucket: 'materialsproject-parsed' key: 'chgcars/mp-1388127.json.gz' version: None error: An error occurred (NoSuchKey) when calling the GetObject operation: The specified key does not exist.
  3901/8883: mp-1187337
  3902/8883: mp-1110951
unable to access bucket: 'materialsproject-parsed' key: 'chgcars/mp-1387324.json.gz' version: None error: An error occurred (NoSuchKey) when calling the GetObject operation: The specified key does not exist.
  3903/8883: mp-1186492
unable to access bucket: 'materialsproject-parsed' key: 'chgcars/mp-1408743.json.gz' version: None error: An error occurred (NoSuchKey) when calling the GetObject operation: The specified key does not exist.
  3904/8883: mp-864798
unable to access bucket: 'materialsproject-parsed' key: 'chgcars/mp-1504405.json.gz' version: None error: An error occurred (NoSuchKey) when calling the GetObject operation: The specified key does not exist.
  3905/8883: mp-867151
unable to access bucket: 'materialsproject-parsed' key: 'chgcars/mp-1434800.json.gz' version: None error: An error occurred (NoSuchKey) when calling the GetObject operation: The specified key does not exist.
  3906/8883: mp-974415
  3907/8883: mp-982615
unable to access bucket: 'materialsproject-parsed' key: 'chgcars/mp-1475921.json.gz' version: None error: An error occurred (NoSuchKey) when calling the GetObject operation: The specified key does not exist.
  3908/8883: mp-30586
unable to access bucket: 'materialsproject-parsed' key: 'chgcars/mp-1441462.json.gz' version: None error: An error occurred (NoSuchKey) when calling the GetObject operation: The specified key does not exist.
  3909/8883: mp-1111098
  3910/8883: mp-862723
  3911/8883: mp-1111782
unable to access bucket: 'materialsproject-parsed' key: 'chgcars/mp-1403815.json.gz' version: None error: An error occurred (NoSuchKey) when calling the GetObject operation: The specified key does not exist.
  3912/8883: mp-550274
  3913/8883: mp-3539
  3914/8883: mp-1185423
  3915/8883: mp-1191131
  3916/8883: mp-1209055
unable to access bucket: 'materialsproject-parsed' key: 'chgcars/mp-1410937.json.gz' version: None error: An error occurred (NoSuchKey) when calling the GetObject operation: The specified key does not exist.
  3917/8883: mp-1111649
  3918/8883: mp-1095155
unable to access bucket: 'materialsproject-parsed' key: 'chgcars/mp-1279354.json.gz' version: None error: An error occurred (NoSuchKey) when calling the GetObject operation: The specified key does not exist.
  3919/8883: mp-1205907
unable to access bucket: 'materialsproject-parsed' key: 'chgcars/mp-1411184.json.gz' version: None error: An error occurred (NoSuchKey) when calling the GetObject operation: The specified key does not exist.
  3920/8883: mp-2602
unable to access bucket: 'materialsproject-parsed' key: 'chgcars/mp-1442274.json.gz' version: None error: An error occurred (NoSuchKey) when calling the GetObject operation: The specified key does not exist.
  3921/8883: mp-865336
  3922/8883: mp-983429
  3923/8883: mp-982883
  3924/8883: mp-1185872
  3925/8883: mp-866109
unable to access bucket: 'materialsproject-parsed' key: 'chgcars/mp-1427485.json.gz' version: None error: An error occurred (NoSuchKey) when calling the GetObject operation: The specified key does not exist.
  3926/8883: mp-752735
unable to access bucket: 'materialsproject-parsed' key: 'chgcars/mp-1414712.json.gz' version: None error: An error occurred (NoSuchKey) when calling the GetObject operation: The specified key does not exist.
  3927/8883: mp-1194261
unable to access bucket: 'materialsproject-parsed' key: 'chgcars/mp-1443282.json.gz' version: None error: An error occurred (NoSuchKey) when calling the GetObject operation: The specified key does not exist.
  3928/8883: mp-1112872
  3929/8883: mp-1113777
  3930/8883: mp-865873
  3931/8883: mp-1111888
  3932/8883: mp-977113
unable to access bucket: 'materialsproject-parsed' key: 'chgcars/mp-1418026.json.gz' version: None error: An error occurred (NoSuchKey) when calling the GetObject operation: The specified key does not exist.
  3933/8883: mp-1112322
  3934/8883: mp-1185770
  3935/8883: mp-1187684
  3936/8883: mp-1023128
unable to access bucket: 'materialsproject-parsed' key: 'chgcars/mp-1418340.json.gz' version: None error: An error occurred (NoSuchKey) when calling the GetObject operation: The specified key does not exist.
  3937/8883: mp-983362
  3938/8883: mp-1194264
unable to access bucket: 'materialsproject-parsed' key: 'chgcars/mp-1408119.json.gz' version: None error: An error occurred (NoSuchKey) when calling the GetObject operation: The specified key does not exist.
  3939/8883: mp-623453
  3940/8883: mp-1187070
  3941/8883: mp-1187068
  3942/8883: mp-11490
  3943/8883: mp-1183637
  3944/8883: mp-978512
unable to access bucket: 'materialsproject-parsed' key: 'chgcars/mp-1421494.json.gz' version: None error: An error occurred (NoSuchKey) when calling the GetObject operation: The specified key does not exist.
  3945/8883: mp-1183671
  3946/8883: mp-989558
  3947/8883: mp-1218705
unable to access bucket: 'materialsproject-parsed' key: 'chgcars/mp-1286596.json.gz' version: None error: An error occurred (NoSuchKey) when calling the GetObject operation: The specified key does not exist.
  3948/8883: mp-1113741
  3949/8883: mp-865862
unable to access bucket: 'materialsproject-parsed' key: 'chgcars/mp-1432991.json.gz' version: None error: An error occurred (NoSuchKey) when calling the GetObject operation: The specified key does not exist.
  3950/8883: mp-1112071
  3951/8883: mp-1184865
unable to access bucket: 'materialsproject-parsed' key: 'chgcars/mp-1415268.json.gz' version: None error: An error occurred (NoSuchKey) when calling the GetObject operation: The specified key does not exist.
  3952/8883: mp-1187385
unable to access bucket: 'materialsproject-parsed' key: 'chgcars/mp-1417023.json.gz' version: None error: An error occurred (NoSuchKey) when calling the GetObject operation: The specified key does not exist.
  3953/8883: mp-1206366
  3954/8883: mp-12640
  3955/8883: mp-1184969
  3956/8883: mp-22879
  3957/8883: mp-1111487
  3958/8883: mp-1112952
unable to access bucket: 'materialsproject-parsed' key: 'chgcars/mp-1370072.json.gz' version: None error: An error occurred (NoSuchKey) when calling the GetObject operation: The specified key does not exist.
  3959/8883: mp-866289
unable to access bucket: 'materialsproject-parsed' key: 'chgcars/mp-1388075.json.gz' version: None error: An error occurred (NoSuchKey) when calling the GetObject operation: The specified key does not exist.
  3960/8883: mp-977324
unable to access bucket: 'materialsproject-parsed' key: 'chgcars/mp-1415056.json.gz' version: None error: An error occurred (NoSuchKey) when calling the GetObject operation: The specified key does not exist.
  3961/8883: mp-1112062
  3962/8883: mp-1111390
  3963/8883: mp-1205806
  3964/8883: mp-1186015
  3965/8883: mp-978529
  3966/8883: mp-1184240
unable to access bucket: 'materialsproject-parsed' key: 'chgcars/mp-1402654.json.gz' version: None error: An error occurred (NoSuchKey) when calling the GetObject operation: The specified key does not exist.
  3967/8883: mp-754068
  3968/8883: mp-1186567
  3969/8883: mp-1185995
unable to access bucket: 'materialsproject-parsed' key: 'chgcars/mp-1774365.json.gz' version: None error: An error occurred (NoSuchKey) when calling the GetObject operation: The specified key does not exist.
  3970/8883: mp-971979
  3971/8883: mp-1205752
  3972/8883: mp-1110637
  3973/8883: mp-865857
unable to access bucket: 'materialsproject-parsed' key: 'chgcars/mp-1403113.json.gz' version: None error: An error occurred (NoSuchKey) when calling the GetObject operation: The specified key does not exist.
  3974/8883: mp-978285
unable to access bucket: 'materialsproject-parsed' key: 'chgcars/mp-1386371.json.gz' version: None error: An error occurred (NoSuchKey) when calling the GetObject operation: The specified key does not exist.
  3975/8883: mp-2186
  3976/8883: mp-863251
unable to access bucket: 'materialsproject-parsed' key: 'chgcars/mp-1399025.json.gz' version: None error: An error occurred (NoSuchKey) when calling the GetObject operation: The specified key does not exist.
  3977/8883: mp-867903
  3978/8883: mp-1111138
  3979/8883: mp-989629
unable to access bucket: 'materialsproject-parsed' key: 'chgcars/mp-1388680.json.gz' version: None error: An error occurred (NoSuchKey) when calling the GetObject operation: The specified key does not exist.
  3980/8883: mp-30615
unable to access bucket: 'materialsproject-parsed' key: 'chgcars/mp-1392791.json.gz' version: None error: An error occurred (NoSuchKey) when calling the GetObject operation: The specified key does not exist.
  3981/8883: mp-1112337
  3982/8883: mp-1206448
  3983/8883: mp-1208242
unable to access bucket: 'materialsproject-parsed' key: 'chgcars/mp-1333156.json.gz' version: None error: An error occurred (NoSuchKey) when calling the GetObject operation: The specified key does not exist.
  3984/8883: mp-1232234
  3985/8883: mp-861966
  3986/8883: mp-1185601
  3987/8883: mp-1186020
unable to access bucket: 'materialsproject-parsed' key: 'chgcars/mp-1475920.json.gz' version: None error: An error occurred (NoSuchKey) when calling the GetObject operation: The specified key does not exist.
  3988/8883: mp-1787
unable to access bucket: 'materialsproject-parsed' key: 'chgcars/mp-1438825.json.gz' version: None error: An error occurred (NoSuchKey) when calling the GetObject operation: The specified key does not exist.
  3989/8883: mp-1112207
unable to access bucket: 'materialsproject-parsed' key: 'chgcars/mp-1445679.json.gz' version: None error: An error occurred (NoSuchKey) when calling the GetObject operation: The specified key does not exist.
  3990/8883: mp-1112893
  3991/8883: mp-1112610
unable to access bucket: 'materialsproject-parsed' key: 'chgcars/mp-1411985.json.gz' version: None error: An error occurred (NoSuchKey) when calling the GetObject operation: The specified key does not exist.
  3992/8883: mp-984534
  3993/8883: mp-1112116
  3994/8883: mp-977363
unable to access bucket: 'materialsproject-parsed' key: 'chgcars/mp-1419942.json.gz' version: None error: An error occurred (NoSuchKey) when calling the GetObject operation: The specified key does not exist.
  3995/8883: mp-505544
  3996/8883: mp-1112595
unable to access bucket: 'materialsproject-parsed' key: 'chgcars/mp-1410776.json.gz' version: None error: An error occurred (NoSuchKey) when calling the GetObject operation: The specified key does not exist.
  3997/8883: mp-865437
  3998/8883: mp-865661
unable to access bucket: 'materialsproject-parsed' key: 'chgcars/mp-1413495.json.gz' version: None error: An error occurred (NoSuchKey) when calling the GetObject operation: The specified key does not exist.
  3999/8883: mp-1110848
unable to access bucket: 'materialsproject-parsed' key: 'chgcars/mp-1402361.json.gz' version: None error: An error occurred (NoSuchKey) when calling the GetObject operation: The specified key does not exist.
  4000/8883: mp-1114164
unable to access bucket: 'materialsproject-parsed' key: 'chgcars/mp-1330629.json.gz' version: None error: An error occurred (NoSuchKey) when calling the GetObject operation: The specified key does not exist.
  4001/8883: mp-1185448
  4002/8883: mp-981380
  4003/8883: mp-989525
  4004/8883: mp-20620
  4005/8883: mp-672654
  4006/8883: mp-1186079
unable to access bucket: 'materialsproject-parsed' key: 'chgcars/mp-1415493.json.gz' version: None error: An error occurred (NoSuchKey) when calling the GetObject operation: The specified key does not exist.
  4007/8883: mp-1187731
unable to access bucket: 'materialsproject-parsed' key: 'chgcars/mp-1436707.json.gz' version: None error: An error occurred (NoSuchKey) when calling the GetObject operation: The specified key does not exist.
  4008/8883: mp-1113570
  4009/8883: mp-1183886
unable to access bucket: 'materialsproject-parsed' key: 'chgcars/mp-1390003.json.gz' version: None error: An error occurred (NoSuchKey) when calling the GetObject operation: The specified key does not exist.
  4010/8883: mp-867172
unable to access bucket: 'materialsproject-parsed' key: 'chgcars/mp-1421416.json.gz' version: None error: An error occurred (NoSuchKey) when calling the GetObject operation: The specified key does not exist.
  4011/8883: mp-2232639
  4012/8883: mp-861656
  4013/8883: mp-865077
unable to access bucket: 'materialsproject-parsed' key: 'chgcars/mp-1402924.json.gz' version: None error: An error occurred (NoSuchKey) when calling the GetObject operation: The specified key does not exist.
  4014/8883: mp-866026
unable to access bucket: 'materialsproject-parsed' key: 'chgcars/mp-1425213.json.gz' version: None error: An error occurred (NoSuchKey) when calling the GetObject operation: The specified key does not exist.
  4015/8883: mp-1186882
unable to access bucket: 'materialsproject-parsed' key: 'chgcars/mp-1407089.json.gz' version: None error: An error occurred (NoSuchKey) when calling the GetObject operation: The specified key does not exist.
  4016/8883: mp-1096778
unable to access bucket: 'materialsproject-parsed' key: 'chgcars/mp-1769917.json.gz' version: None error: An error occurred (NoSuchKey) when calling the GetObject operation: The specified key does not exist.
  4017/8883: mp-22680
unable to access bucket: 'materialsproject-parsed' key: 'chgcars/mp-1437613.json.gz' version: None error: An error occurred (NoSuchKey) when calling the GetObject operation: The specified key does not exist.
  4018/8883: mp-4990
unable to access bucket: 'materialsproject-parsed' key: 'chgcars/mp-1439090.json.gz' version: None error: An error occurred (NoSuchKey) when calling the GetObject operation: The specified key does not exist.
  4019/8883: mp-1186650
unable to access bucket: 'materialsproject-parsed' key: 'chgcars/mp-1504911.json.gz' version: None error: An error occurred (NoSuchKey) when calling the GetObject operation: The specified key does not exist.
  4020/8883: mp-864890
unable to access bucket: 'materialsproject-parsed' key: 'chgcars/mp-1434245.json.gz' version: None error: An error occurred (NoSuchKey) when calling the GetObject operation: The specified key does not exist.
  4021/8883: mp-1111713
unable to access bucket: 'materialsproject-parsed' key: 'chgcars/mp-1385273.json.gz' version: None error: An error occurred (NoSuchKey) when calling the GetObject operation: The specified key does not exist.
  4022/8883: mp-428
  4023/8883: mp-865663
unable to access bucket: 'materialsproject-parsed' key: 'chgcars/mp-1424749.json.gz' version: None error: An error occurred (NoSuchKey) when calling the GetObject operation: The specified key does not exist.
  4024/8883: mp-1113410
  4025/8883: mp-863669
unable to access bucket: 'materialsproject-parsed' key: 'chgcars/mp-1434893.json.gz' version: None error: An error occurred (NoSuchKey) when calling the GetObject operation: The specified key does not exist.
  4026/8883: mp-1502
  4027/8883: mp-867119
unable to access bucket: 'materialsproject-parsed' key: 'chgcars/mp-1416011.json.gz' version: None error: An error occurred (NoSuchKey) when calling the GetObject operation: The specified key does not exist.
  4028/8883: mp-2647124
  4029/8883: mp-8643
  4030/8883: mp-1187439
  4031/8883: mp-1185480
  4032/8883: mp-1110994
  4033/8883: mp-21879
unable to access bucket: 'materialsproject-parsed' key: 'chgcars/mp-1475641.json.gz' version: None error: An error occurred (NoSuchKey) when calling the GetObject operation: The specified key does not exist.
  4034/8883: mp-1188015
  4035/8883: mp-972961
unable to access bucket: 'materialsproject-parsed' key: 'chgcars/mp-1427322.json.gz' version: None error: An error occurred (NoSuchKey) when calling the GetObject operation: The specified key does not exist.
  4036/8883: mp-977189
unable to access bucket: 'materialsproject-parsed' key: 'chgcars/mp-1425080.json.gz' version: None error: An error occurred (NoSuchKey) when calling the GetObject operation: The specified key does not exist.
  4037/8883: mp-1206866
  4038/8883: mp-1205790
  4039/8883: mp-1185750
unable to access bucket: 'materialsproject-parsed' key: 'chgcars/mp-1424764.json.gz' version: None error: An error occurred (NoSuchKey) when calling the GetObject operation: The specified key does not exist.
  4040/8883: mp-1184990
unable to access bucket: 'materialsproject-parsed' key: 'chgcars/mp-1383274.json.gz' version: None error: An error occurred (NoSuchKey) when calling the GetObject operation: The specified key does not exist.
  4041/8883: mp-1112192
unable to access bucket: 'materialsproject-parsed' key: 'chgcars/mp-1444870.json.gz' version: None error: An error occurred (NoSuchKey) when calling the GetObject operation: The specified key does not exist.
  4042/8883: mp-867267
unable to access bucket: 'materialsproject-parsed' key: 'chgcars/mp-1426933.json.gz' version: None error: An error occurred (NoSuchKey) when calling the GetObject operation: The specified key does not exist.
  4043/8883: mp-1101
  4044/8883: mp-862725
unable to access bucket: 'materialsproject-parsed' key: 'chgcars/mp-1432423.json.gz' version: None error: An error occurred (NoSuchKey) when calling the GetObject operation: The specified key does not exist.
  4045/8883: mp-1111353
  4046/8883: mp-1009755
  4047/8883: mp-1232419
unable to access bucket: 'materialsproject-parsed' key: 'chgcars/mp-1384226.json.gz' version: None error: An error occurred (NoSuchKey) when calling the GetObject operation: The specified key does not exist.
  4048/8883: mp-631563
unable to access bucket: 'materialsproject-parsed' key: 'chgcars/mp-1423068.json.gz' version: None error: An error occurred (NoSuchKey) when calling the GetObject operation: The specified key does not exist.
  4049/8883: mp-1187193
  4050/8883: mp-867276
unable to access bucket: 'materialsproject-parsed' key: 'chgcars/mp-1433180.json.gz' version: None error: An error occurred (NoSuchKey) when calling the GetObject operation: The specified key does not exist.
  4051/8883: mp-1186606
unable to access bucket: 'materialsproject-parsed' key: 'chgcars/mp-1397754.json.gz' version: None error: An error occurred (NoSuchKey) when calling the GetObject operation: The specified key does not exist.
  4052/8883: mp-504731
unable to access bucket: 'materialsproject-parsed' key: 'chgcars/mp-1439248.json.gz' version: None error: An error occurred (NoSuchKey) when calling the GetObject operation: The specified key does not exist.
  4053/8883: mp-867140
  4054/8883: mp-867817
  4055/8883: mp-574025
  4056/8883: mp-1110569
unable to access bucket: 'materialsproject-parsed' key: 'chgcars/mp-1445493.json.gz' version: None error: An error occurred (NoSuchKey) when calling the GetObject operation: The specified key does not exist.
  4057/8883: mp-1111460
unable to access bucket: 'materialsproject-parsed' key: 'chgcars/mp-1388347.json.gz' version: None error: An error occurred (NoSuchKey) when calling the GetObject operation: The specified key does not exist.
  4058/8883: mp-1110578
unable to access bucket: 'materialsproject-parsed' key: 'chgcars/mp-1411451.json.gz' version: None error: An error occurred (NoSuchKey) when calling the GetObject operation: The specified key does not exist.
  4059/8883: mp-864974
unable to access bucket: 'materialsproject-parsed' key: 'chgcars/mp-1432407.json.gz' version: None error: An error occurred (NoSuchKey) when calling the GetObject operation: The specified key does not exist.
  4060/8883: mp-865860
  4061/8883: mp-23108
  4062/8883: mp-1254
unable to access bucket: 'materialsproject-parsed' key: 'chgcars/mp-1439177.json.gz' version: None error: An error occurred (NoSuchKey) when calling the GetObject operation: The specified key does not exist.
  4063/8883: mp-976341
unable to access bucket: 'materialsproject-parsed' key: 'chgcars/mp-1416278.json.gz' version: None error: An error occurred (NoSuchKey) when calling the GetObject operation: The specified key does not exist.
  4064/8883: mp-6687
unable to access bucket: 'materialsproject-parsed' key: 'chgcars/mp-1429652.json.gz' version: None error: An error occurred (NoSuchKey) when calling the GetObject operation: The specified key does not exist.
  4065/8883: mp-1184609
unable to access bucket: 'materialsproject-parsed' key: 'chgcars/mp-1417659.json.gz' version: None error: An error occurred (NoSuchKey) when calling the GetObject operation: The specified key does not exist.
  4066/8883: mp-1779
  4067/8883: mp-27
unable to access bucket: 'materialsproject-parsed' key: 'chgcars/mp-1442191.json.gz' version: None error: An error occurred (NoSuchKey) when calling the GetObject operation: The specified key does not exist.
  4068/8883: mp-644500
  4069/8883: mp-1112991
  4070/8883: mp-23951
unable to access bucket: 'materialsproject-parsed' key: 'chgcars/mp-1427073.json.gz' version: None error: An error occurred (NoSuchKey) when calling the GetObject operation: The specified key does not exist.
  4071/8883: mp-13254
  4072/8883: mp-557411
  4073/8883: mp-861506
  4074/8883: mp-866152
  4075/8883: mp-631384
  4076/8883: mp-22610
  4077/8883: mp-1111159
  4078/8883: mp-570379
  4079/8883: mp-1112198
  4080/8883: mp-3337
  4081/8883: mp-1187877
unable to access bucket: 'materialsproject-parsed' key: 'chgcars/mp-1435791.json.gz' version: None error: An error occurred (NoSuchKey) when calling the GetObject operation: The specified key does not exist.
  4082/8883: mp-866077
  4083/8883: mp-1114111
unable to access bucket: 'materialsproject-parsed' key: 'chgcars/mp-1385870.json.gz' version: None error: An error occurred (NoSuchKey) when calling the GetObject operation: The specified key does not exist.
  4084/8883: mp-1184116
unable to access bucket: 'materialsproject-parsed' key: 'chgcars/mp-1420746.json.gz' version: None error: An error occurred (NoSuchKey) when calling the GetObject operation: The specified key does not exist.
  4085/8883: mp-977583
  4086/8883: mp-1184267
  4087/8883: mp-1183167
unable to access bucket: 'materialsproject-parsed' key: 'chgcars/mp-1437290.json.gz' version: None error: An error occurred (NoSuchKey) when calling the GetObject operation: The specified key does not exist.
  4088/8883: mp-1185413
unable to access bucket: 'materialsproject-parsed' key: 'chgcars/mp-1418517.json.gz' version: None error: An error occurred (NoSuchKey) when calling the GetObject operation: The specified key does not exist.
  4089/8883: mp-862942
  4090/8883: mp-1184306
unable to access bucket: 'materialsproject-parsed' key: 'chgcars/mp-1406629.json.gz' version: None error: An error occurred (NoSuchKey) when calling the GetObject operation: The specified key does not exist.
  4091/8883: mp-1112119
unable to access bucket: 'materialsproject-parsed' key: 'chgcars/mp-1383084.json.gz' version: None error: An error occurred (NoSuchKey) when calling the GetObject operation: The specified key does not exist.
  4092/8883: mp-2143
  4093/8883: mp-6145
  4094/8883: mp-1110665
unable to access bucket: 'materialsproject-parsed' key: 'chgcars/mp-1408694.json.gz' version: None error: An error occurred (NoSuchKey) when calling the GetObject operation: The specified key does not exist.
  4095/8883: mp-1183324
unable to access bucket: 'materialsproject-parsed' key: 'chgcars/mp-1388178.json.gz' version: None error: An error occurred (NoSuchKey) when calling the GetObject operation: The specified key does not exist.
  4096/8883: mp-569174
  4097/8883: mp-1022729
unable to access bucket: 'materialsproject-parsed' key: 'chgcars/mp-1401680.json.gz' version: None error: An error occurred (NoSuchKey) when calling the GetObject operation: The specified key does not exist.
  4098/8883: mp-1194313
unable to access bucket: 'materialsproject-parsed' key: 'chgcars/mp-1383875.json.gz' version: None error: An error occurred (NoSuchKey) when calling the GetObject operation: The specified key does not exist.
  4099/8883: mp-22745
  4100/8883: mp-1110989
  4101/8883: mp-972478
  4102/8883: mp-984104
  4103/8883: mp-631325
unable to access bucket: 'materialsproject-parsed' key: 'chgcars/mp-1413355.json.gz' version: None error: An error occurred (NoSuchKey) when calling the GetObject operation: The specified key does not exist.
  4104/8883: mp-1187015
  4105/8883: mp-37153
unable to access bucket: 'materialsproject-parsed' key: 'chgcars/mp-1396599.json.gz' version: None error: An error occurred (NoSuchKey) when calling the GetObject operation: The specified key does not exist.
  4106/8883: mp-30374
  4107/8883: mp-1183468
  4108/8883: mp-1185358
  4109/8883: mp-1112018
  4110/8883: mp-1187329
  4111/8883: mp-1110960
unable to access bucket: 'materialsproject-parsed' key: 'chgcars/mp-1335649.json.gz' version: None error: An error occurred (NoSuchKey) when calling the GetObject operation: The specified key does not exist.
  4112/8883: mp-1185212
unable to access bucket: 'materialsproject-parsed' key: 'chgcars/mp-1432383.json.gz' version: None error: An error occurred (NoSuchKey) when calling the GetObject operation: The specified key does not exist.
  4113/8883: mp-1186824
  4114/8883: mp-994
  4115/8883: mp-972914
  4116/8883: mp-1205927
  4117/8883: mp-972540
unable to access bucket: 'materialsproject-parsed' key: 'chgcars/mp-1419795.json.gz' version: None error: An error occurred (NoSuchKey) when calling the GetObject operation: The specified key does not exist.
  4118/8883: mp-977384
unable to access bucket: 'materialsproject-parsed' key: 'chgcars/mp-1421197.json.gz' version: None error: An error occurred (NoSuchKey) when calling the GetObject operation: The specified key does not exist.
  4119/8883: mp-1110725
unable to access bucket: 'materialsproject-parsed' key: 'chgcars/mp-1391099.json.gz' version: None error: An error occurred (NoSuchKey) when calling the GetObject operation: The specified key does not exist.
  4120/8883: mp-1112348
  4121/8883: mp-1187254
unable to access bucket: 'materialsproject-parsed' key: 'chgcars/mp-1435354.json.gz' version: None error: An error occurred (NoSuchKey) when calling the GetObject operation: The specified key does not exist.
  4122/8883: mp-1110845
unable to access bucket: 'materialsproject-parsed' key: 'chgcars/mp-1390479.json.gz' version: None error: An error occurred (NoSuchKey) when calling the GetObject operation: The specified key does not exist.
  4123/8883: mp-1096782
unable to access bucket: 'materialsproject-parsed' key: 'chgcars/mp-1402794.json.gz' version: None error: An error occurred (NoSuchKey) when calling the GetObject operation: The specified key does not exist.
  4124/8883: mp-1186457
  4125/8883: mp-1110620
  4126/8883: mp-1207398
unable to access bucket: 'materialsproject-parsed' key: 'chgcars/mp-1375732.json.gz' version: None error: An error occurred (NoSuchKey) when calling the GetObject operation: The specified key does not exist.
  4127/8883: mp-1185322
unable to access bucket: 'materialsproject-parsed' key: 'chgcars/mp-1425968.json.gz' version: None error: An error occurred (NoSuchKey) when calling the GetObject operation: The specified key does not exist.
  4128/8883: mp-865988
  4129/8883: mp-982613
  4130/8883: mp-690667
  4131/8883: mp-2627
  4132/8883: mp-31186
  4133/8883: mp-1062711
  4134/8883: mp-648
  4135/8883: mp-861733
  4136/8883: mp-982388
unable to access bucket: 'materialsproject-parsed' key: 'chgcars/mp-1398122.json.gz' version: None error: An error occurred (NoSuchKey) when calling the GetObject operation: The specified key does not exist.
  4137/8883: mp-1183585
unable to access bucket: 'materialsproject-parsed' key: 'chgcars/mp-1420502.json.gz' version: None error: An error occurred (NoSuchKey) when calling the GetObject operation: The specified key does not exist.
  4138/8883: mp-861628
  4139/8883: mp-1187038
  4140/8883: mp-861916
unable to access bucket: 'materialsproject-parsed' key: 'chgcars/mp-1434386.json.gz' version: None error: An error occurred (NoSuchKey) when calling the GetObject operation: The specified key does not exist.
  4141/8883: mp-1184831
  4142/8883: mp-10378
  4143/8883: mp-974065
unable to access bucket: 'materialsproject-parsed' key: 'chgcars/mp-1416183.json.gz' version: None error: An error occurred (NoSuchKey) when calling the GetObject operation: The specified key does not exist.
  4144/8883: mp-1058549
  4145/8883: mp-1183593
unable to access bucket: 'materialsproject-parsed' key: 'chgcars/mp-1436745.json.gz' version: None error: An error occurred (NoSuchKey) when calling the GetObject operation: The specified key does not exist.
  4146/8883: mp-1110594
  4147/8883: mp-1113709
  4148/8883: mp-975537
  4149/8883: mp-1184167
unable to access bucket: 'materialsproject-parsed' key: 'chgcars/mp-1415432.json.gz' version: None error: An error occurred (NoSuchKey) when calling the GetObject operation: The specified key does not exist.
  4150/8883: mp-1184631
unable to access bucket: 'materialsproject-parsed' key: 'chgcars/mp-1475481.json.gz' version: None error: An error occurred (NoSuchKey) when calling the GetObject operation: The specified key does not exist.
  4151/8883: mp-1094092
unable to access bucket: 'materialsproject-parsed' key: 'chgcars/mp-1446089.json.gz' version: None error: An error occurred (NoSuchKey) when calling the GetObject operation: The specified key does not exist.
  4152/8883: mp-23406
  4153/8883: mp-1110723
  4154/8883: mp-1206535
unable to access bucket: 'materialsproject-parsed' key: 'chgcars/mp-1387024.json.gz' version: None error: An error occurred (NoSuchKey) when calling the GetObject operation: The specified key does not exist.
  4155/8883: mp-23703
  4156/8883: mp-1110796
  4157/8883: mp-865981
  4158/8883: mp-1111084
  4159/8883: mp-1111802
  4160/8883: mp-1111317
  4161/8883: mp-1187351
  4162/8883: mp-1110938
  4163/8883: mp-1206729
unable to access bucket: 'materialsproject-parsed' key: 'chgcars/mp-1391906.json.gz' version: None error: An error occurred (NoSuchKey) when calling the GetObject operation: The specified key does not exist.
  4164/8883: mp-867756
unable to access bucket: 'materialsproject-parsed' key: 'chgcars/mp-1431267.json.gz' version: None error: An error occurred (NoSuchKey) when calling the GetObject operation: The specified key does not exist.
  4165/8883: mp-1111369
  4166/8883: mp-1112027
unable to access bucket: 'materialsproject-parsed' key: 'chgcars/mp-1405837.json.gz' version: None error: An error occurred (NoSuchKey) when calling the GetObject operation: The specified key does not exist.
  4167/8883: mp-1186238
  4168/8883: mp-862968
  4169/8883: mp-1111043
unable to access bucket: 'materialsproject-parsed' key: 'chgcars/mp-1397294.json.gz' version: None error: An error occurred (NoSuchKey) when calling the GetObject operation: The specified key does not exist.
  4170/8883: mp-1112103
  4171/8883: mp-11305
  4172/8883: mp-1114011
  4173/8883: mp-1114237
  4174/8883: mp-864959
unable to access bucket: 'materialsproject-parsed' key: 'chgcars/mp-1442922.json.gz' version: None error: An error occurred (NoSuchKey) when calling the GetObject operation: The specified key does not exist.
  4175/8883: mp-1185207
unable to access bucket: 'materialsproject-parsed' key: 'chgcars/mp-1504539.json.gz' version: None error: An error occurred (NoSuchKey) when calling the GetObject operation: The specified key does not exist.
  4176/8883: mp-1112074
  4177/8883: mp-1184644
unable to access bucket: 'materialsproject-parsed' key: 'chgcars/mp-1414906.json.gz' version: None error: An error occurred (NoSuchKey) when calling the GetObject operation: The specified key does not exist.
  4178/8883: mp-1111421
unable to access bucket: 'materialsproject-parsed' key: 'chgcars/mp-1446694.json.gz' version: None error: An error occurred (NoSuchKey) when calling the GetObject operation: The specified key does not exist.
  4179/8883: mp-1206748
  4180/8883: mp-977566
unable to access bucket: 'materialsproject-parsed' key: 'chgcars/mp-1431010.json.gz' version: None error: An error occurred (NoSuchKey) when calling the GetObject operation: The specified key does not exist.
  4181/8883: mp-14549
  4182/8883: mp-865664
  4183/8883: mp-864639
unable to access bucket: 'materialsproject-parsed' key: 'chgcars/mp-1421163.json.gz' version: None error: An error occurred (NoSuchKey) when calling the GetObject operation: The specified key does not exist.
  4184/8883: mp-6927
  4185/8883: mp-976148
  4186/8883: mp-865928
  4187/8883: mp-867271
  4188/8883: mp-1058019
  4189/8883: mp-957
unable to access bucket: 'materialsproject-parsed' key: 'chgcars/mp-1440016.json.gz' version: None error: An error occurred (NoSuchKey) when calling the GetObject operation: The specified key does not exist.
  4190/8883: mp-1112432
unable to access bucket: 'materialsproject-parsed' key: 'chgcars/mp-1444377.json.gz' version: None error: An error occurred (NoSuchKey) when calling the GetObject operation: The specified key does not exist.
  4191/8883: mp-1114153
unable to access bucket: 'materialsproject-parsed' key: 'chgcars/mp-1347652.json.gz' version: None error: An error occurred (NoSuchKey) when calling the GetObject operation: The specified key does not exist.
  4192/8883: mp-1080017
  4193/8883: mp-999390
  4194/8883: mp-631417
unable to access bucket: 'materialsproject-parsed' key: 'chgcars/mp-1430893.json.gz' version: None error: An error occurred (NoSuchKey) when calling the GetObject operation: The specified key does not exist.
  4195/8883: mp-867249
unable to access bucket: 'materialsproject-parsed' key: 'chgcars/mp-1504038.json.gz' version: None error: An error occurred (NoSuchKey) when calling the GetObject operation: The specified key does not exist.
  4196/8883: mp-1112180
  4197/8883: mp-1112013
  4198/8883: mp-1111428
  4199/8883: mp-3648
unable to access bucket: 'materialsproject-parsed' key: 'chgcars/mp-1476077.json.gz' version: None error: An error occurred (NoSuchKey) when calling the GetObject operation: The specified key does not exist.
  4200/8883: mp-981512
unable to access bucket: 'materialsproject-parsed' key: 'chgcars/mp-1427314.json.gz' version: None error: An error occurred (NoSuchKey) when calling the GetObject operation: The specified key does not exist.
  4201/8883: mp-1095039
unable to access bucket: 'materialsproject-parsed' key: 'chgcars/mp-1282738.json.gz' version: None error: An error occurred (NoSuchKey) when calling the GetObject operation: The specified key does not exist.
  4202/8883: mp-1112499
  4203/8883: mp-1111928
unable to access bucket: 'materialsproject-parsed' key: 'chgcars/mp-1444849.json.gz' version: None error: An error occurred (NoSuchKey) when calling the GetObject operation: The specified key does not exist.
  4204/8883: mp-1186603
unable to access bucket: 'materialsproject-parsed' key: 'chgcars/mp-1419847.json.gz' version: None error: An error occurred (NoSuchKey) when calling the GetObject operation: The specified key does not exist.
  4205/8883: mp-972751
unable to access bucket: 'materialsproject-parsed' key: 'chgcars/mp-1428414.json.gz' version: None error: An error occurred (NoSuchKey) when calling the GetObject operation: The specified key does not exist.
  4206/8883: mp-1187111
  4207/8883: mp-867859
unable to access bucket: 'materialsproject-parsed' key: 'chgcars/mp-1423610.json.gz' version: None error: An error occurred (NoSuchKey) when calling the GetObject operation: The specified key does not exist.
  4208/8883: mp-867169
unable to access bucket: 'materialsproject-parsed' key: 'chgcars/mp-1388379.json.gz' version: None error: An error occurred (NoSuchKey) when calling the GetObject operation: The specified key does not exist.
  4209/8883: mp-1110701
  4210/8883: mp-1111290
  4211/8883: mp-1186160
  4212/8883: mp-1187345
  4213/8883: mp-1187006
unable to access bucket: 'materialsproject-parsed' key: 'chgcars/mp-1425005.json.gz' version: None error: An error occurred (NoSuchKey) when calling the GetObject operation: The specified key does not exist.
  4214/8883: mp-1111209
  4215/8883: mp-1114031
unable to access bucket: 'materialsproject-parsed' key: 'chgcars/mp-1390178.json.gz' version: None error: An error occurred (NoSuchKey) when calling the GetObject operation: The specified key does not exist.
  4216/8883: mp-867110
unable to access bucket: 'materialsproject-parsed' key: 'chgcars/mp-1430247.json.gz' version: None error: An error occurred (NoSuchKey) when calling the GetObject operation: The specified key does not exist.
  4217/8883: mp-1114183
  4218/8883: mp-672680
  4219/8883: mp-1187096
unable to access bucket: 'materialsproject-parsed' key: 'chgcars/mp-1405025.json.gz' version: None error: An error occurred (NoSuchKey) when calling the GetObject operation: The specified key does not exist.
  4220/8883: mp-1738
unable to access bucket: 'materialsproject-parsed' key: 'chgcars/mp-1440291.json.gz' version: None error: An error occurred (NoSuchKey) when calling the GetObject operation: The specified key does not exist.
  4221/8883: mp-610706
  4222/8883: mp-631358
  4223/8883: mp-1186297
unable to access bucket: 'materialsproject-parsed' key: 'chgcars/mp-1504403.json.gz' version: None error: An error occurred (NoSuchKey) when calling the GetObject operation: The specified key does not exist.
  4224/8883: mp-556757
  4225/8883: mp-1114194
  4226/8883: mp-866122
unable to access bucket: 'materialsproject-parsed' key: 'chgcars/mp-1429956.json.gz' version: None error: An error occurred (NoSuchKey) when calling the GetObject operation: The specified key does not exist.
  4227/8883: mp-999550
unable to access bucket: 'materialsproject-parsed' key: 'chgcars/mp-1414515.json.gz' version: None error: An error occurred (NoSuchKey) when calling the GetObject operation: The specified key does not exist.
  4228/8883: mp-2
  4229/8883: mp-1184365
unable to access bucket: 'materialsproject-parsed' key: 'chgcars/mp-1774118.json.gz' version: None error: An error occurred (NoSuchKey) when calling the GetObject operation: The specified key does not exist.
  4230/8883: mp-979935
  4231/8883: mp-1113607
  4232/8883: mp-865416
  4233/8883: mp-16735
  4234/8883: mp-1183273
  4235/8883: mp-1113110
  4236/8883: mp-862919
unable to access bucket: 'materialsproject-parsed' key: 'chgcars/mp-1428851.json.gz' version: None error: An error occurred (NoSuchKey) when calling the GetObject operation: The specified key does not exist.
  4237/8883: mp-973142
unable to access bucket: 'materialsproject-parsed' key: 'chgcars/mp-1433559.json.gz' version: None error: An error occurred (NoSuchKey) when calling the GetObject operation: The specified key does not exist.
  4238/8883: mp-981933
unable to access bucket: 'materialsproject-parsed' key: 'chgcars/mp-1437014.json.gz' version: None error: An error occurred (NoSuchKey) when calling the GetObject operation: The specified key does not exist.
  4239/8883: mp-866668
unable to access bucket: 'materialsproject-parsed' key: 'chgcars/mp-1402533.json.gz' version: None error: An error occurred (NoSuchKey) when calling the GetObject operation: The specified key does not exist.
  4240/8883: mp-863727
unable to access bucket: 'materialsproject-parsed' key: 'chgcars/mp-1433694.json.gz' version: None error: An error occurred (NoSuchKey) when calling the GetObject operation: The specified key does not exist.
  4241/8883: mp-1187492
unable to access bucket: 'materialsproject-parsed' key: 'chgcars/mp-1418915.json.gz' version: None error: An error occurred (NoSuchKey) when calling the GetObject operation: The specified key does not exist.
  4242/8883: mp-861900
unable to access bucket: 'materialsproject-parsed' key: 'chgcars/mp-1414574.json.gz' version: None error: An error occurred (NoSuchKey) when calling the GetObject operation: The specified key does not exist.
  4243/8883: mp-1183683
unable to access bucket: 'materialsproject-parsed' key: 'chgcars/mp-1437143.json.gz' version: None error: An error occurred (NoSuchKey) when calling the GetObject operation: The specified key does not exist.
  4244/8883: mp-865470
  4245/8883: mp-866138
  4246/8883: mp-982724
unable to access bucket: 'materialsproject-parsed' key: 'chgcars/mp-1424986.json.gz' version: None error: An error occurred (NoSuchKey) when calling the GetObject operation: The specified key does not exist.
  4247/8883: mp-1185335
unable to access bucket: 'materialsproject-parsed' key: 'chgcars/mp-1392920.json.gz' version: None error: An error occurred (NoSuchKey) when calling the GetObject operation: The specified key does not exist.
  4248/8883: mp-864834
  4249/8883: mp-1111493
  4250/8883: mp-23513
  4251/8883: mp-1110956
unable to access bucket: 'materialsproject-parsed' key: 'chgcars/mp-1348522.json.gz' version: None error: An error occurred (NoSuchKey) when calling the GetObject operation: The specified key does not exist.
  4252/8883: mp-1111729
  4253/8883: mp-1184994
unable to access bucket: 'materialsproject-parsed' key: 'chgcars/mp-1383110.json.gz' version: None error: An error occurred (NoSuchKey) when calling the GetObject operation: The specified key does not exist.
  4254/8883: mp-1186279
unable to access bucket: 'materialsproject-parsed' key: 'chgcars/mp-1401437.json.gz' version: None error: An error occurred (NoSuchKey) when calling the GetObject operation: The specified key does not exist.
  4255/8883: mp-1212450
unable to access bucket: 'materialsproject-parsed' key: 'chgcars/mp-1369531.json.gz' version: None error: An error occurred (NoSuchKey) when calling the GetObject operation: The specified key does not exist.
  4256/8883: mp-1065
unable to access bucket: 'materialsproject-parsed' key: 'chgcars/mp-1476236.json.gz' version: None error: An error occurred (NoSuchKey) when calling the GetObject operation: The specified key does not exist.
  4257/8883: mp-1185914
unable to access bucket: 'materialsproject-parsed' key: 'chgcars/mp-1421636.json.gz' version: None error: An error occurred (NoSuchKey) when calling the GetObject operation: The specified key does not exist.
  4258/8883: mp-989591
  4259/8883: mp-1187443
unable to access bucket: 'materialsproject-parsed' key: 'chgcars/mp-1416627.json.gz' version: None error: An error occurred (NoSuchKey) when calling the GetObject operation: The specified key does not exist.
  4260/8883: mp-1078203
unable to access bucket: 'materialsproject-parsed' key: 'chgcars/mp-1411393.json.gz' version: None error: An error occurred (NoSuchKey) when calling the GetObject operation: The specified key does not exist.
  4261/8883: mp-1187040
  4262/8883: mp-567787
  4263/8883: mp-863674
  4264/8883: mp-1110874
  4265/8883: mp-1187504
unable to access bucket: 'materialsproject-parsed' key: 'chgcars/mp-1416359.json.gz' version: None error: An error occurred (NoSuchKey) when calling the GetObject operation: The specified key does not exist.
  4266/8883: mp-1008826
  4267/8883: mp-1193847
unable to access bucket: 'materialsproject-parsed' key: 'chgcars/mp-1400472.json.gz' version: None error: An error occurred (NoSuchKey) when calling the GetObject operation: The specified key does not exist.
  4268/8883: mp-977409
  4269/8883: mp-1205670
unable to access bucket: 'materialsproject-parsed' key: 'chgcars/mp-1391066.json.gz' version: None error: An error occurred (NoSuchKey) when calling the GetObject operation: The specified key does not exist.
  4270/8883: mp-977398
unable to access bucket: 'materialsproject-parsed' key: 'chgcars/mp-1428709.json.gz' version: None error: An error occurred (NoSuchKey) when calling the GetObject operation: The specified key does not exist.
  4271/8883: mp-1186434
  4272/8883: mp-1186588
unable to access bucket: 'materialsproject-parsed' key: 'chgcars/mp-1426880.json.gz' version: None error: An error occurred (NoSuchKey) when calling the GetObject operation: The specified key does not exist.
  4273/8883: mp-1187432
  4274/8883: mp-1206036
  4275/8883: mp-1110876
  4276/8883: mp-1184339
unable to access bucket: 'materialsproject-parsed' key: 'chgcars/mp-1420194.json.gz' version: None error: An error occurred (NoSuchKey) when calling the GetObject operation: The specified key does not exist.
  4277/8883: mp-1114193
  4278/8883: mp-864903
  4279/8883: mp-980661
  4280/8883: mp-631535
  4281/8883: mp-643002
  4282/8883: mp-867107
  4283/8883: mp-1184136
unable to access bucket: 'materialsproject-parsed' key: 'chgcars/mp-1436253.json.gz' version: None error: An error occurred (NoSuchKey) when calling the GetObject operation: The specified key does not exist.
  4284/8883: mp-866117
unable to access bucket: 'materialsproject-parsed' key: 'chgcars/mp-1432864.json.gz' version: None error: An error occurred (NoSuchKey) when calling the GetObject operation: The specified key does not exist.
  4285/8883: mp-971
  4286/8883: mp-631389
unable to access bucket: 'materialsproject-parsed' key: 'chgcars/mp-1432422.json.gz' version: None error: An error occurred (NoSuchKey) when calling the GetObject operation: The specified key does not exist.
  4287/8883: mp-1194407
unable to access bucket: 'materialsproject-parsed' key: 'chgcars/mp-1414939.json.gz' version: None error: An error occurred (NoSuchKey) when calling the GetObject operation: The specified key does not exist.
  4288/8883: mp-972639
  4289/8883: mp-20841
  4290/8883: mp-1188004
unable to access bucket: 'materialsproject-parsed' key: 'chgcars/mp-1425036.json.gz' version: None error: An error occurred (NoSuchKey) when calling the GetObject operation: The specified key does not exist.
  4291/8883: mp-1110964
unable to access bucket: 'materialsproject-parsed' key: 'chgcars/mp-1343595.json.gz' version: None error: An error occurred (NoSuchKey) when calling the GetObject operation: The specified key does not exist.
  4292/8883: mp-1094734
  4293/8883: mp-1100767
  4294/8883: mp-1078893
unable to access bucket: 'materialsproject-parsed' key: 'chgcars/mp-1405105.json.gz' version: None error: An error occurred (NoSuchKey) when calling the GetObject operation: The specified key does not exist.
  4295/8883: mp-13190
  4296/8883: mp-861884
  4297/8883: mp-1183305
  4298/8883: mp-504674
  4299/8883: mp-30570
  4300/8883: mp-1111551
unable to access bucket: 'materialsproject-parsed' key: 'chgcars/mp-1399732.json.gz' version: None error: An error occurred (NoSuchKey) when calling the GetObject operation: The specified key does not exist.
  4301/8883: mp-1186131
unable to access bucket: 'materialsproject-parsed' key: 'chgcars/mp-1393672.json.gz' version: None error: An error occurred (NoSuchKey) when calling the GetObject operation: The specified key does not exist.
  4302/8883: mp-1184629
  4303/8883: mp-971944
  4304/8883: mp-1184371
  4305/8883: mp-1111131
  4306/8883: mp-1113920
  4307/8883: mp-11947
  4308/8883: mp-631534
  4309/8883: mp-1094358
  4310/8883: mp-20801
  4311/8883: mp-1111217
  4312/8883: mp-971702
unable to access bucket: 'materialsproject-parsed' key: 'chgcars/mp-1396066.json.gz' version: None error: An error occurred (NoSuchKey) when calling the GetObject operation: The specified key does not exist.
  4313/8883: mp-30069
  4314/8883: mp-641775
  4315/8883: mp-865256
unable to access bucket: 'materialsproject-parsed' key: 'chgcars/mp-1416844.json.gz' version: None error: An error occurred (NoSuchKey) when calling the GetObject operation: The specified key does not exist.
  4316/8883: mp-1184062
  4317/8883: mp-981233
  4318/8883: mp-983556
  4319/8883: mp-861664
  4320/8883: mp-866205
  4321/8883: mp-865447
  4322/8883: mp-867327
unable to access bucket: 'materialsproject-parsed' key: 'chgcars/mp-1437289.json.gz' version: None error: An error occurred (NoSuchKey) when calling the GetObject operation: The specified key does not exist.
  4323/8883: mp-1672
  4324/8883: mp-975893
unable to access bucket: 'materialsproject-parsed' key: 'chgcars/mp-1422047.json.gz' version: None error: An error occurred (NoSuchKey) when calling the GetObject operation: The specified key does not exist.
  4325/8883: mp-11366
  4326/8883: mp-1211612
unable to access bucket: 'materialsproject-parsed' key: 'chgcars/mp-1344287.json.gz' version: None error: An error occurred (NoSuchKey) when calling the GetObject operation: The specified key does not exist.
  4327/8883: mp-972810
unable to access bucket: 'materialsproject-parsed' key: 'chgcars/mp-1433767.json.gz' version: None error: An error occurred (NoSuchKey) when calling the GetObject operation: The specified key does not exist.
  4328/8883: mp-977543
unable to access bucket: 'materialsproject-parsed' key: 'chgcars/mp-1420302.json.gz' version: None error: An error occurred (NoSuchKey) when calling the GetObject operation: The specified key does not exist.
  4329/8883: mp-4053
  4330/8883: mp-1187590
unable to access bucket: 'materialsproject-parsed' key: 'chgcars/mp-1435395.json.gz' version: None error: An error occurred (NoSuchKey) when calling the GetObject operation: The specified key does not exist.
  4331/8883: mp-1112409
  4332/8883: mp-10108
  4333/8883: mp-867867
unable to access bucket: 'materialsproject-parsed' key: 'chgcars/mp-1423422.json.gz' version: None error: An error occurred (NoSuchKey) when calling the GetObject operation: The specified key does not exist.
  4334/8883: mp-631334
  4335/8883: mp-1183508
unable to access bucket: 'materialsproject-parsed' key: 'chgcars/mp-1412344.json.gz' version: None error: An error occurred (NoSuchKey) when calling the GetObject operation: The specified key does not exist.
  4336/8883: mp-861941
  4337/8883: mp-864916
  4338/8883: mp-977561
unable to access bucket: 'materialsproject-parsed' key: 'chgcars/mp-1418653.json.gz' version: None error: An error occurred (NoSuchKey) when calling the GetObject operation: The specified key does not exist.
  4339/8883: mp-1112421
  4340/8883: mp-1185618
unable to access bucket: 'materialsproject-parsed' key: 'chgcars/mp-1427081.json.gz' version: None error: An error occurred (NoSuchKey) when calling the GetObject operation: The specified key does not exist.
  4341/8883: mp-1183895
unable to access bucket: 'materialsproject-parsed' key: 'chgcars/mp-1396022.json.gz' version: None error: An error occurred (NoSuchKey) when calling the GetObject operation: The specified key does not exist.
  4342/8883: mp-977557
  4343/8883: mp-862378
  4344/8883: mp-865788
unable to access bucket: 'materialsproject-parsed' key: 'chgcars/mp-1419612.json.gz' version: None error: An error occurred (NoSuchKey) when calling the GetObject operation: The specified key does not exist.
  4345/8883: mp-866536
  4346/8883: mp-867924
  4347/8883: mp-1185766
  4348/8883: mp-867502
unable to access bucket: 'materialsproject-parsed' key: 'chgcars/mp-1426295.json.gz' version: None error: An error occurred (NoSuchKey) when calling the GetObject operation: The specified key does not exist.
  4349/8883: mp-1110687
  4350/8883: mp-1111184
  4351/8883: mp-862321
  4352/8883: mp-1111011
  4353/8883: mp-1078988
  4354/8883: mp-1211836
  4355/8883: mp-996944
  4356/8883: mp-989541
unable to access bucket: 'materialsproject-parsed' key: 'chgcars/mp-1390789.json.gz' version: None error: An error occurred (NoSuchKey) when calling the GetObject operation: The specified key does not exist.
  4357/8883: mp-864772
  4358/8883: mp-862979
unable to access bucket: 'materialsproject-parsed' key: 'chgcars/mp-1403569.json.gz' version: None error: An error occurred (NoSuchKey) when calling the GetObject operation: The specified key does not exist.
  4359/8883: mp-865297
unable to access bucket: 'materialsproject-parsed' key: 'chgcars/mp-1432476.json.gz' version: None error: An error occurred (NoSuchKey) when calling the GetObject operation: The specified key does not exist.
  4360/8883: mp-1192884
  4361/8883: mp-985471
unable to access bucket: 'materialsproject-parsed' key: 'chgcars/mp-1425563.json.gz' version: None error: An error occurred (NoSuchKey) when calling the GetObject operation: The specified key does not exist.
  4362/8883: mp-1186682
  4363/8883: mp-1187859
  4364/8883: mp-1114229
  4365/8883: mp-1183077
  4366/8883: mp-672689
unable to access bucket: 'materialsproject-parsed' key: 'chgcars/mp-1409283.json.gz' version: None error: An error occurred (NoSuchKey) when calling the GetObject operation: The specified key does not exist.
  4367/8883: mp-983236
  4368/8883: mp-22382
unable to access bucket: 'materialsproject-parsed' key: 'chgcars/mp-1441315.json.gz' version: None error: An error occurred (NoSuchKey) when calling the GetObject operation: The specified key does not exist.
  4369/8883: mp-865368
  4370/8883: mp-1895
  4371/8883: mp-1111019
  4372/8883: mp-1110991
  4373/8883: mp-979931
unable to access bucket: 'materialsproject-parsed' key: 'chgcars/mp-1399337.json.gz' version: None error: An error occurred (NoSuchKey) when calling the GetObject operation: The specified key does not exist.
  4374/8883: mp-973910
  4375/8883: mp-1147689
  4376/8883: mp-1192183
unable to access bucket: 'materialsproject-parsed' key: 'chgcars/mp-1375176.json.gz' version: None error: An error occurred (NoSuchKey) when calling the GetObject operation: The specified key does not exist.
  4377/8883: mp-864904
  4378/8883: mp-1009217
  4379/8883: mp-1185569
  4380/8883: mp-865490
unable to access bucket: 'materialsproject-parsed' key: 'chgcars/mp-1396367.json.gz' version: None error: An error occurred (NoSuchKey) when calling the GetObject operation: The specified key does not exist.
  4381/8883: mp-1211490
  4382/8883: mp-971757
unable to access bucket: 'materialsproject-parsed' key: 'chgcars/mp-1432483.json.gz' version: None error: An error occurred (NoSuchKey) when calling the GetObject operation: The specified key does not exist.
  4383/8883: mp-973890
unable to access bucket: 'materialsproject-parsed' key: 'chgcars/mp-1430656.json.gz' version: None error: An error occurred (NoSuchKey) when calling the GetObject operation: The specified key does not exist.
  4384/8883: mp-1111780
  4385/8883: mp-1183507
unable to access bucket: 'materialsproject-parsed' key: 'chgcars/mp-1437037.json.gz' version: None error: An error occurred (NoSuchKey) when calling the GetObject operation: The specified key does not exist.
  4386/8883: mp-1185850
  4387/8883: mp-866146
unable to access bucket: 'materialsproject-parsed' key: 'chgcars/mp-1427306.json.gz' version: None error: An error occurred (NoSuchKey) when calling the GetObject operation: The specified key does not exist.
  4388/8883: mp-1038831
  4389/8883: mp-1185309
  4390/8883: mp-865514
unable to access bucket: 'materialsproject-parsed' key: 'chgcars/mp-1412137.json.gz' version: None error: An error occurred (NoSuchKey) when calling the GetObject operation: The specified key does not exist.
  4391/8883: mp-866142
  4392/8883: mp-1184921
unable to access bucket: 'materialsproject-parsed' key: 'chgcars/mp-1407871.json.gz' version: None error: An error occurred (NoSuchKey) when calling the GetObject operation: The specified key does not exist.
  4393/8883: mp-1111834
  4394/8883: mp-1186750
  4395/8883: mp-570899
  4396/8883: mp-866132
  4397/8883: mp-1111647
unable to access bucket: 'materialsproject-parsed' key: 'chgcars/mp-1443084.json.gz' version: None error: An error occurred (NoSuchKey) when calling the GetObject operation: The specified key does not exist.
  4398/8883: mp-21014
  4399/8883: mp-862423
unable to access bucket: 'materialsproject-parsed' key: 'chgcars/mp-1433128.json.gz' version: None error: An error occurred (NoSuchKey) when calling the GetObject operation: The specified key does not exist.
  4400/8883: mp-1193644
unable to access bucket: 'materialsproject-parsed' key: 'chgcars/mp-1392373.json.gz' version: None error: An error occurred (NoSuchKey) when calling the GetObject operation: The specified key does not exist.
  4401/8883: mp-1206592
  4402/8883: mp-1185752
  4403/8883: mp-1008376
  4404/8883: mp-30817
  4405/8883: mp-861973
unable to access bucket: 'materialsproject-parsed' key: 'chgcars/mp-1436695.json.gz' version: None error: An error occurred (NoSuchKey) when calling the GetObject operation: The specified key does not exist.
  4406/8883: mp-1112982
  4407/8883: mp-865503
  4408/8883: mp-1184137
unable to access bucket: 'materialsproject-parsed' key: 'chgcars/mp-1504757.json.gz' version: None error: An error occurred (NoSuchKey) when calling the GetObject operation: The specified key does not exist.
  4409/8883: mp-1185126
  4410/8883: mp-1186973
unable to access bucket: 'materialsproject-parsed' key: 'chgcars/mp-1397274.json.gz' version: None error: An error occurred (NoSuchKey) when calling the GetObject operation: The specified key does not exist.
  4411/8883: mp-1185325
  4412/8883: mp-1113386
  4413/8883: mp-1205542
  4414/8883: mp-111
  4415/8883: mp-1113553
  4416/8883: mp-864950
unable to access bucket: 'materialsproject-parsed' key: 'chgcars/mp-1773513.json.gz' version: None error: An error occurred (NoSuchKey) when calling the GetObject operation: The specified key does not exist.
  4417/8883: mp-1114074
  4418/8883: mp-1111449
unable to access bucket: 'materialsproject-parsed' key: 'chgcars/mp-1444734.json.gz' version: None error: An error occurred (NoSuchKey) when calling the GetObject operation: The specified key does not exist.
  4419/8883: mp-1187601
  4420/8883: mp-1185229
  4421/8883: mp-989388
  4422/8883: mp-1113634
  4423/8883: mp-1112362
  4424/8883: mp-867225
unable to access bucket: 'materialsproject-parsed' key: 'chgcars/mp-1424228.json.gz' version: None error: An error occurred (NoSuchKey) when calling the GetObject operation: The specified key does not exist.
  4425/8883: mp-862831
unable to access bucket: 'materialsproject-parsed' key: 'chgcars/mp-1433760.json.gz' version: None error: An error occurred (NoSuchKey) when calling the GetObject operation: The specified key does not exist.
  4426/8883: mp-1184224
  4427/8883: mp-1111585
  4428/8883: mp-631694
unable to access bucket: 'materialsproject-parsed' key: 'chgcars/mp-1415291.json.gz' version: None error: An error occurred (NoSuchKey) when calling the GetObject operation: The specified key does not exist.
  4429/8883: mp-1111368
unable to access bucket: 'materialsproject-parsed' key: 'chgcars/mp-1400597.json.gz' version: None error: An error occurred (NoSuchKey) when calling the GetObject operation: The specified key does not exist.
  4430/8883: mp-611517
  4431/8883: mp-973538
  4432/8883: mp-977441
unable to access bucket: 'materialsproject-parsed' key: 'chgcars/mp-1418701.json.gz' version: None error: An error occurred (NoSuchKey) when calling the GetObject operation: The specified key does not exist.
  4433/8883: mp-22731
  4434/8883: mp-865170
  4435/8883: mp-1110826
unable to access bucket: 'materialsproject-parsed' key: 'chgcars/mp-1373100.json.gz' version: None error: An error occurred (NoSuchKey) when calling the GetObject operation: The specified key does not exist.
  4436/8883: mp-1184577
unable to access bucket: 'materialsproject-parsed' key: 'chgcars/mp-1432401.json.gz' version: None error: An error occurred (NoSuchKey) when calling the GetObject operation: The specified key does not exist.
  4437/8883: mp-861956
unable to access bucket: 'materialsproject-parsed' key: 'chgcars/mp-1430856.json.gz' version: None error: An error occurred (NoSuchKey) when calling the GetObject operation: The specified key does not exist.
  4438/8883: mp-1186206
unable to access bucket: 'materialsproject-parsed' key: 'chgcars/mp-1424061.json.gz' version: None error: An error occurred (NoSuchKey) when calling the GetObject operation: The specified key does not exist.
  4439/8883: mp-984551
  4440/8883: mp-1110982
unable to access bucket: 'materialsproject-parsed' key: 'chgcars/mp-1407248.json.gz' version: None error: An error occurred (NoSuchKey) when calling the GetObject operation: The specified key does not exist.
  4441/8883: mp-989571
  4442/8883: mp-984660
  4443/8883: mp-1186865
unable to access bucket: 'materialsproject-parsed' key: 'chgcars/mp-1408816.json.gz' version: None error: An error occurred (NoSuchKey) when calling the GetObject operation: The specified key does not exist.
  4444/8883: mp-982246
unable to access bucket: 'materialsproject-parsed' key: 'chgcars/mp-1414439.json.gz' version: None error: An error occurred (NoSuchKey) when calling the GetObject operation: The specified key does not exist.
  4445/8883: mp-1112687
  4446/8883: mp-2724
  4447/8883: mp-1185360
  4448/8883: mp-1186953
  4449/8883: mp-1113668
unable to access bucket: 'materialsproject-parsed' key: 'chgcars/mp-1384658.json.gz' version: None error: An error occurred (NoSuchKey) when calling the GetObject operation: The specified key does not exist.
  4450/8883: mp-1184403
  4451/8883: mp-1110936
unable to access bucket: 'materialsproject-parsed' key: 'chgcars/mp-1348027.json.gz' version: None error: An error occurred (NoSuchKey) when calling the GetObject operation: The specified key does not exist.
  4452/8883: mp-1112209
  4453/8883: mp-865109
  4454/8883: mp-1114630
unable to access bucket: 'materialsproject-parsed' key: 'chgcars/mp-1401256.json.gz' version: None error: An error occurred (NoSuchKey) when calling the GetObject operation: The specified key does not exist.
  4455/8883: mp-865219
unable to access bucket: 'materialsproject-parsed' key: 'chgcars/mp-1421357.json.gz' version: None error: An error occurred (NoSuchKey) when calling the GetObject operation: The specified key does not exist.
  4456/8883: mp-1112630
  4457/8883: mp-977390
unable to access bucket: 'materialsproject-parsed' key: 'chgcars/mp-1403653.json.gz' version: None error: An error occurred (NoSuchKey) when calling the GetObject operation: The specified key does not exist.
  4458/8883: mp-979437
unable to access bucket: 'materialsproject-parsed' key: 'chgcars/mp-1427732.json.gz' version: None error: An error occurred (NoSuchKey) when calling the GetObject operation: The specified key does not exist.
  4459/8883: mp-1187563
unable to access bucket: 'materialsproject-parsed' key: 'chgcars/mp-1418117.json.gz' version: None error: An error occurred (NoSuchKey) when calling the GetObject operation: The specified key does not exist.
  4460/8883: mp-865982
unable to access bucket: 'materialsproject-parsed' key: 'chgcars/mp-1406151.json.gz' version: None error: An error occurred (NoSuchKey) when calling the GetObject operation: The specified key does not exist.
  4461/8883: mp-1111305
  4462/8883: mp-865595
unable to access bucket: 'materialsproject-parsed' key: 'chgcars/mp-1422812.json.gz' version: None error: An error occurred (NoSuchKey) when calling the GetObject operation: The specified key does not exist.
  4463/8883: mp-1113095
  4464/8883: mp-1186232
unable to access bucket: 'materialsproject-parsed' key: 'chgcars/mp-1435327.json.gz' version: None error: An error occurred (NoSuchKey) when calling the GetObject operation: The specified key does not exist.
  4465/8883: mp-569028
  4466/8883: mp-979260
unable to access bucket: 'materialsproject-parsed' key: 'chgcars/mp-1442793.json.gz' version: None error: An error occurred (NoSuchKey) when calling the GetObject operation: The specified key does not exist.
  4467/8883: mp-978929
  4468/8883: mp-1183301
unable to access bucket: 'materialsproject-parsed' key: 'chgcars/mp-1396380.json.gz' version: None error: An error occurred (NoSuchKey) when calling the GetObject operation: The specified key does not exist.
  4469/8883: mp-1111335
unable to access bucket: 'materialsproject-parsed' key: 'chgcars/mp-1411477.json.gz' version: None error: An error occurred (NoSuchKey) when calling the GetObject operation: The specified key does not exist.
  4470/8883: mp-1078490
  4471/8883: mp-631586
  4472/8883: mp-866202
unable to access bucket: 'materialsproject-parsed' key: 'chgcars/mp-1431664.json.gz' version: None error: An error occurred (NoSuchKey) when calling the GetObject operation: The specified key does not exist.
  4473/8883: mp-723393
  4474/8883: mp-977534
unable to access bucket: 'materialsproject-parsed' key: 'chgcars/mp-1437394.json.gz' version: None error: An error occurred (NoSuchKey) when calling the GetObject operation: The specified key does not exist.
  4475/8883: mp-24721
  4476/8883: mp-631305
  4477/8883: mp-1185895
  4478/8883: mp-1079477
unable to access bucket: 'materialsproject-parsed' key: 'chgcars/mp-1298310.json.gz' version: None error: An error occurred (NoSuchKey) when calling the GetObject operation: The specified key does not exist.
  4479/8883: mp-866051
unable to access bucket: 'materialsproject-parsed' key: 'chgcars/mp-1432717.json.gz' version: None error: An error occurred (NoSuchKey) when calling the GetObject operation: The specified key does not exist.
  4480/8883: mp-1112140
  4481/8883: mp-1112321
  4482/8883: mp-867163
  4483/8883: mp-865904
  4484/8883: mp-1186486
  4485/8883: mp-973771
  4486/8883: mp-1228332
  4487/8883: mp-1185235
unable to access bucket: 'materialsproject-parsed' key: 'chgcars/mp-1420900.json.gz' version: None error: An error occurred (NoSuchKey) when calling the GetObject operation: The specified key does not exist.
  4488/8883: mp-1183883
  4489/8883: mp-1209001
  4490/8883: mp-1185182
  4491/8883: mp-1183586
unable to access bucket: 'materialsproject-parsed' key: 'chgcars/mp-1429881.json.gz' version: None error: An error occurred (NoSuchKey) when calling the GetObject operation: The specified key does not exist.
  4492/8883: mp-557133
  4493/8883: mp-723385
  4494/8883: mp-865899
  4495/8883: mp-1113319
unable to access bucket: 'materialsproject-parsed' key: 'chgcars/mp-1385131.json.gz' version: None error: An error occurred (NoSuchKey) when calling the GetObject operation: The specified key does not exist.
  4496/8883: mp-1227736
unable to access bucket: 'materialsproject-parsed' key: 'chgcars/mp-1444660.json.gz' version: None error: An error occurred (NoSuchKey) when calling the GetObject operation: The specified key does not exist.
  4497/8883: mp-1186649
unable to access bucket: 'materialsproject-parsed' key: 'chgcars/mp-1433004.json.gz' version: None error: An error occurred (NoSuchKey) when calling the GetObject operation: The specified key does not exist.
  4498/8883: mp-1112977
  4499/8883: mp-13001
  4500/8883: mp-1185012
unable to access bucket: 'materialsproject-parsed' key: 'chgcars/mp-1384893.json.gz' version: None error: An error occurred (NoSuchKey) when calling the GetObject operation: The specified key does not exist.
  4501/8883: mp-862992
unable to access bucket: 'materialsproject-parsed' key: 'chgcars/mp-1436373.json.gz' version: None error: An error occurred (NoSuchKey) when calling the GetObject operation: The specified key does not exist.
  4502/8883: mp-861995
  4503/8883: mp-1100769
unable to access bucket: 'materialsproject-parsed' key: 'chgcars/mp-1446228.json.gz' version: None error: An error occurred (NoSuchKey) when calling the GetObject operation: The specified key does not exist.
  4504/8883: mp-865223
  4505/8883: mp-1187707
  4506/8883: mp-1223565
unable to access bucket: 'materialsproject-parsed' key: 'chgcars/mp-1329701.json.gz' version: None error: An error occurred (NoSuchKey) when calling the GetObject operation: The specified key does not exist.
  4507/8883: mp-865846
  4508/8883: mp-865117
  4509/8883: mp-1185408
  4510/8883: mp-1080842
  4511/8883: mp-1186394
unable to access bucket: 'materialsproject-parsed' key: 'chgcars/mp-1416295.json.gz' version: None error: An error occurred (NoSuchKey) when calling the GetObject operation: The specified key does not exist.
  4512/8883: mp-1185060
  4513/8883: mp-1185963
unable to access bucket: 'materialsproject-parsed' key: 'chgcars/mp-1432445.json.gz' version: None error: An error occurred (NoSuchKey) when calling the GetObject operation: The specified key does not exist.
  4514/8883: mp-864659
unable to access bucket: 'materialsproject-parsed' key: 'chgcars/mp-1436847.json.gz' version: None error: An error occurred (NoSuchKey) when calling the GetObject operation: The specified key does not exist.
  4515/8883: mp-1110780
unable to access bucket: 'materialsproject-parsed' key: 'chgcars/mp-1339946.json.gz' version: None error: An error occurred (NoSuchKey) when calling the GetObject operation: The specified key does not exist.
  4516/8883: mp-861605
  4517/8883: mp-1185274
  4518/8883: mp-1007924
  4519/8883: mp-977556
unable to access bucket: 'materialsproject-parsed' key: 'chgcars/mp-1418298.json.gz' version: None error: An error occurred (NoSuchKey) when calling the GetObject operation: The specified key does not exist.
  4520/8883: mp-865260
unable to access bucket: 'materialsproject-parsed' key: 'chgcars/mp-1427962.json.gz' version: None error: An error occurred (NoSuchKey) when calling the GetObject operation: The specified key does not exist.
  4521/8883: mp-865971
  4522/8883: mp-1187725
  4523/8883: mp-1111455
  4524/8883: mp-1095185
  4525/8883: mp-1186667
  4526/8883: mp-1186006
  4527/8883: mp-1111097
  4528/8883: mp-865545
  4529/8883: mp-867475
unable to access bucket: 'materialsproject-parsed' key: 'chgcars/mp-1417491.json.gz' version: None error: An error occurred (NoSuchKey) when calling the GetObject operation: The specified key does not exist.
  4530/8883: mp-1111454
unable to access bucket: 'materialsproject-parsed' key: 'chgcars/mp-1390983.json.gz' version: None error: An error occurred (NoSuchKey) when calling the GetObject operation: The specified key does not exist.
  4531/8883: mp-1184634
  4532/8883: mp-1110812
  4533/8883: mp-1185248
unable to access bucket: 'materialsproject-parsed' key: 'chgcars/mp-1446552.json.gz' version: None error: An error occurred (NoSuchKey) when calling the GetObject operation: The specified key does not exist.
  4534/8883: mp-31208
  4535/8883: mp-867266
unable to access bucket: 'materialsproject-parsed' key: 'chgcars/mp-1444222.json.gz' version: None error: An error occurred (NoSuchKey) when calling the GetObject operation: The specified key does not exist.
  4536/8883: mp-1183323
unable to access bucket: 'materialsproject-parsed' key: 'chgcars/mp-1410573.json.gz' version: None error: An error occurred (NoSuchKey) when calling the GetObject operation: The specified key does not exist.
  4537/8883: mp-862778
unable to access bucket: 'materialsproject-parsed' key: 'chgcars/mp-1418986.json.gz' version: None error: An error occurred (NoSuchKey) when calling the GetObject operation: The specified key does not exist.
  4538/8883: mp-1186436
unable to access bucket: 'materialsproject-parsed' key: 'chgcars/mp-1425983.json.gz' version: None error: An error occurred (NoSuchKey) when calling the GetObject operation: The specified key does not exist.
  4539/8883: mp-1183584
unable to access bucket: 'materialsproject-parsed' key: 'chgcars/mp-1425803.json.gz' version: None error: An error occurred (NoSuchKey) when calling the GetObject operation: The specified key does not exist.
  4540/8883: mp-1192673
  4541/8883: mp-1111924
  4542/8883: mp-984721
  4543/8883: mp-1110887
  4544/8883: mp-865986
  4545/8883: mp-1185444
unable to access bucket: 'materialsproject-parsed' key: 'chgcars/mp-1384122.json.gz' version: None error: An error occurred (NoSuchKey) when calling the GetObject operation: The specified key does not exist.
  4546/8883: mp-1185603
unable to access bucket: 'materialsproject-parsed' key: 'chgcars/mp-1409909.json.gz' version: None error: An error occurred (NoSuchKey) when calling the GetObject operation: The specified key does not exist.
  4547/8883: mp-21276
  4548/8883: mp-1205988
unable to access bucket: 'materialsproject-parsed' key: 'chgcars/mp-1774353.json.gz' version: None error: An error occurred (NoSuchKey) when calling the GetObject operation: The specified key does not exist.
  4549/8883: mp-1185512
unable to access bucket: 'materialsproject-parsed' key: 'chgcars/mp-1430455.json.gz' version: None error: An error occurred (NoSuchKey) when calling the GetObject operation: The specified key does not exist.
  4550/8883: mp-21148
  4551/8883: mp-1112166
unable to access bucket: 'materialsproject-parsed' key: 'chgcars/mp-1402227.json.gz' version: None error: An error occurred (NoSuchKey) when calling the GetObject operation: The specified key does not exist.
  4552/8883: mp-1186296
unable to access bucket: 'materialsproject-parsed' key: 'chgcars/mp-1406517.json.gz' version: None error: An error occurred (NoSuchKey) when calling the GetObject operation: The specified key does not exist.
  4553/8883: mp-20340
unable to access bucket: 'materialsproject-parsed' key: 'chgcars/mp-1655860.json.gz' version: None error: An error occurred (NoSuchKey) when calling the GetObject operation: The specified key does not exist.
  4554/8883: mp-1111877
  4555/8883: mp-1110849
  4556/8883: mp-1111410
  4557/8883: mp-1111973
  4558/8883: mp-1186648
unable to access bucket: 'materialsproject-parsed' key: 'chgcars/mp-1504751.json.gz' version: None error: An error occurred (NoSuchKey) when calling the GetObject operation: The specified key does not exist.
  4559/8883: mp-1207425
unable to access bucket: 'materialsproject-parsed' key: 'chgcars/mp-1337311.json.gz' version: None error: An error occurred (NoSuchKey) when calling the GetObject operation: The specified key does not exist.
  4560/8883: mp-571222
unable to access bucket: 'materialsproject-parsed' key: 'chgcars/mp-1438719.json.gz' version: None error: An error occurred (NoSuchKey) when calling the GetObject operation: The specified key does not exist.
  4561/8883: mp-866188
unable to access bucket: 'materialsproject-parsed' key: 'chgcars/mp-1429964.json.gz' version: None error: An error occurred (NoSuchKey) when calling the GetObject operation: The specified key does not exist.
  4562/8883: mp-1113207
  4563/8883: mp-280
  4564/8883: mp-979751
unable to access bucket: 'materialsproject-parsed' key: 'chgcars/mp-1658938.json.gz' version: None error: An error occurred (NoSuchKey) when calling the GetObject operation: The specified key does not exist.
  4565/8883: mp-1113576
  4566/8883: mp-1876
unable to access bucket: 'materialsproject-parsed' key: 'chgcars/mp-1439274.json.gz' version: None error: An error occurred (NoSuchKey) when calling the GetObject operation: The specified key does not exist.
  4567/8883: mp-999296
unable to access bucket: 'materialsproject-parsed' key: 'chgcars/mp-1430468.json.gz' version: None error: An error occurred (NoSuchKey) when calling the GetObject operation: The specified key does not exist.
  4568/8883: mp-570826
  4569/8883: mp-2082
  4570/8883: mp-983123
unable to access bucket: 'materialsproject-parsed' key: 'chgcars/mp-1432071.json.gz' version: None error: An error occurred (NoSuchKey) when calling the GetObject operation: The specified key does not exist.
  4571/8883: mp-1112149
  4572/8883: mp-2201
  4573/8883: mp-865041
unable to access bucket: 'materialsproject-parsed' key: 'chgcars/mp-1434436.json.gz' version: None error: An error occurred (NoSuchKey) when calling the GetObject operation: The specified key does not exist.
  4574/8883: mp-555506
  4575/8883: mp-1113363
  4576/8883: mp-1183561
unable to access bucket: 'materialsproject-parsed' key: 'chgcars/mp-1432568.json.gz' version: None error: An error occurred (NoSuchKey) when calling the GetObject operation: The specified key does not exist.
  4577/8883: mp-1184318
  4578/8883: mp-1883
unable to access bucket: 'materialsproject-parsed' key: 'chgcars/mp-1440781.json.gz' version: None error: An error occurred (NoSuchKey) when calling the GetObject operation: The specified key does not exist.
  4579/8883: mp-1186004
unable to access bucket: 'materialsproject-parsed' key: 'chgcars/mp-1414400.json.gz' version: None error: An error occurred (NoSuchKey) when calling the GetObject operation: The specified key does not exist.
  4580/8883: mp-867310
unable to access bucket: 'materialsproject-parsed' key: 'chgcars/mp-1385686.json.gz' version: None error: An error occurred (NoSuchKey) when calling the GetObject operation: The specified key does not exist.
  4581/8883: mp-1112661
  4582/8883: mp-1187098
  4583/8883: mp-865991
unable to access bucket: 'materialsproject-parsed' key: 'chgcars/mp-1421302.json.gz' version: None error: An error occurred (NoSuchKey) when calling the GetObject operation: The specified key does not exist.
  4584/8883: mp-13322
  4585/8883: mp-865028
unable to access bucket: 'materialsproject-parsed' key: 'chgcars/mp-1443138.json.gz' version: None error: An error occurred (NoSuchKey) when calling the GetObject operation: The specified key does not exist.
  4586/8883: mp-867193
  4587/8883: mp-97
unable to access bucket: 'materialsproject-parsed' key: 'chgcars/mp-1421212.json.gz' version: None error: An error occurred (NoSuchKey) when calling the GetObject operation: The specified key does not exist.
  4588/8883: mp-1184086
  4589/8883: mp-865533
  4590/8883: mp-1186328
unable to access bucket: 'materialsproject-parsed' key: 'chgcars/mp-1425303.json.gz' version: None error: An error occurred (NoSuchKey) when calling the GetObject operation: The specified key does not exist.
  4591/8883: mp-861744
  4592/8883: mp-862880
unable to access bucket: 'materialsproject-parsed' key: 'chgcars/mp-1413353.json.gz' version: None error: An error occurred (NoSuchKey) when calling the GetObject operation: The specified key does not exist.
  4593/8883: mp-989580
  4594/8883: mp-1183274
  4595/8883: mp-866207
unable to access bucket: 'materialsproject-parsed' key: 'chgcars/mp-1414579.json.gz' version: None error: An error occurred (NoSuchKey) when calling the GetObject operation: The specified key does not exist.
  4596/8883: mp-1110639
unable to access bucket: 'materialsproject-parsed' key: 'chgcars/mp-1396923.json.gz' version: None error: An error occurred (NoSuchKey) when calling the GetObject operation: The specified key does not exist.
  4597/8883: mp-1187031
unable to access bucket: 'materialsproject-parsed' key: 'chgcars/mp-1437155.json.gz' version: None error: An error occurred (NoSuchKey) when calling the GetObject operation: The specified key does not exist.
  4598/8883: mp-1185422
unable to access bucket: 'materialsproject-parsed' key: 'chgcars/mp-1390190.json.gz' version: None error: An error occurred (NoSuchKey) when calling the GetObject operation: The specified key does not exist.
  4599/8883: mp-974883
  4600/8883: mp-1113621
  4601/8883: mp-973788
  4602/8883: mp-1110905
  4603/8883: mp-1111467
  4604/8883: mp-1112376
  4605/8883: mp-568917
  4606/8883: mp-865044
unable to access bucket: 'materialsproject-parsed' key: 'chgcars/mp-1413462.json.gz' version: None error: An error occurred (NoSuchKey) when calling the GetObject operation: The specified key does not exist.
  4607/8883: mp-866165
  4608/8883: mp-568560
  4609/8883: mp-1111265
  4610/8883: mp-541851
unable to access bucket: 'materialsproject-parsed' key: 'chgcars/mp-1443401.json.gz' version: None error: An error occurred (NoSuchKey) when calling the GetObject operation: The specified key does not exist.
  4611/8883: mp-866206
unable to access bucket: 'materialsproject-parsed' key: 'chgcars/mp-1422542.json.gz' version: None error: An error occurred (NoSuchKey) when calling the GetObject operation: The specified key does not exist.
  4612/8883: mp-559454
  4613/8883: mp-862944
unable to access bucket: 'materialsproject-parsed' key: 'chgcars/mp-1435691.json.gz' version: None error: An error occurred (NoSuchKey) when calling the GetObject operation: The specified key does not exist.
  4614/8883: mp-1192447
  4615/8883: mp-983559
  4616/8883: mp-1186772
  4617/8883: mp-865380
unable to access bucket: 'materialsproject-parsed' key: 'chgcars/mp-1504912.json.gz' version: None error: An error occurred (NoSuchKey) when calling the GetObject operation: The specified key does not exist.
  4618/8883: mp-1111056
unable to access bucket: 'materialsproject-parsed' key: 'chgcars/mp-1397593.json.gz' version: None error: An error occurred (NoSuchKey) when calling the GetObject operation: The specified key does not exist.
  4619/8883: mp-12410
  4620/8883: mp-19872
unable to access bucket: 'materialsproject-parsed' key: 'chgcars/mp-1438476.json.gz' version: None error: An error occurred (NoSuchKey) when calling the GetObject operation: The specified key does not exist.
  4621/8883: mp-631442
unable to access bucket: 'materialsproject-parsed' key: 'chgcars/mp-1504849.json.gz' version: None error: An error occurred (NoSuchKey) when calling the GetObject operation: The specified key does not exist.
  4622/8883: mp-1111734
  4623/8883: mp-865080
  4624/8883: mp-1111606
  4625/8883: mp-865916
unable to access bucket: 'materialsproject-parsed' key: 'chgcars/mp-1385154.json.gz' version: None error: An error occurred (NoSuchKey) when calling the GetObject operation: The specified key does not exist.
  4626/8883: mp-1184820
  4627/8883: mp-1187814
unable to access bucket: 'materialsproject-parsed' key: 'chgcars/mp-1394063.json.gz' version: None error: An error occurred (NoSuchKey) when calling the GetObject operation: The specified key does not exist.
  4628/8883: mp-672651
unable to access bucket: 'materialsproject-parsed' key: 'chgcars/mp-1446460.json.gz' version: None error: An error occurred (NoSuchKey) when calling the GetObject operation: The specified key does not exist.
  4629/8883: mp-1111502
unable to access bucket: 'materialsproject-parsed' key: 'chgcars/mp-1395098.json.gz' version: None error: An error occurred (NoSuchKey) when calling the GetObject operation: The specified key does not exist.
  4630/8883: mp-1112101
  4631/8883: mp-1193759
  4632/8883: mp-1180622
unable to access bucket: 'materialsproject-parsed' key: 'chgcars/mp-1416903.json.gz' version: None error: An error occurred (NoSuchKey) when calling the GetObject operation: The specified key does not exist.
  4633/8883: mp-22221
  4634/8883: mp-866024
unable to access bucket: 'materialsproject-parsed' key: 'chgcars/mp-1504420.json.gz' version: None error: An error occurred (NoSuchKey) when calling the GetObject operation: The specified key does not exist.
  4635/8883: mp-1094603
  4636/8883: mp-14294
  4637/8883: mp-27636
  4638/8883: mp-1184838
unable to access bucket: 'materialsproject-parsed' key: 'chgcars/mp-1504641.json.gz' version: None error: An error occurred (NoSuchKey) when calling the GetObject operation: The specified key does not exist.
  4639/8883: mp-1184078
unable to access bucket: 'materialsproject-parsed' key: 'chgcars/mp-1415590.json.gz' version: None error: An error occurred (NoSuchKey) when calling the GetObject operation: The specified key does not exist.
  4640/8883: mp-1114166
unable to access bucket: 'materialsproject-parsed' key: 'chgcars/mp-1343706.json.gz' version: None error: An error occurred (NoSuchKey) when calling the GetObject operation: The specified key does not exist.
  4641/8883: mp-1186639
unable to access bucket: 'materialsproject-parsed' key: 'chgcars/mp-1421111.json.gz' version: None error: An error occurred (NoSuchKey) when calling the GetObject operation: The specified key does not exist.
  4642/8883: mp-865983
  4643/8883: mp-867821
  4644/8883: mp-387
  4645/8883: mp-1205512
  4646/8883: mp-1111216
  4647/8883: mp-1018160
unable to access bucket: 'materialsproject-parsed' key: 'chgcars/mp-1422591.json.gz' version: None error: An error occurred (NoSuchKey) when calling the GetObject operation: The specified key does not exist.
  4648/8883: mp-1113577
  4649/8883: mp-864597
unable to access bucket: 'materialsproject-parsed' key: 'chgcars/mp-1430640.json.gz' version: None error: An error occurred (NoSuchKey) when calling the GetObject operation: The specified key does not exist.
  4650/8883: mp-977454
unable to access bucket: 'materialsproject-parsed' key: 'chgcars/mp-1434249.json.gz' version: None error: An error occurred (NoSuchKey) when calling the GetObject operation: The specified key does not exist.
  4651/8883: mp-634945
  4652/8883: mp-10885
  4653/8883: mp-1110715
unable to access bucket: 'materialsproject-parsed' key: 'chgcars/mp-1408374.json.gz' version: None error: An error occurred (NoSuchKey) when calling the GetObject operation: The specified key does not exist.
  4654/8883: mp-1110592
  4655/8883: mp-1104598
unable to access bucket: 'materialsproject-parsed' key: 'chgcars/mp-1422951.json.gz' version: None error: An error occurred (NoSuchKey) when calling the GetObject operation: The specified key does not exist.
  4656/8883: mp-972237
unable to access bucket: 'materialsproject-parsed' key: 'chgcars/mp-1426497.json.gz' version: None error: An error occurred (NoSuchKey) when calling the GetObject operation: The specified key does not exist.
  4657/8883: mp-975883
  4658/8883: mp-23241
  4659/8883: mp-1187051
  4660/8883: mp-1187420
unable to access bucket: 'materialsproject-parsed' key: 'chgcars/mp-1415386.json.gz' version: None error: An error occurred (NoSuchKey) when calling the GetObject operation: The specified key does not exist.
  4661/8883: mp-973631
unable to access bucket: 'materialsproject-parsed' key: 'chgcars/mp-1417570.json.gz' version: None error: An error occurred (NoSuchKey) when calling the GetObject operation: The specified key does not exist.
  4662/8883: mp-726709
  4663/8883: mp-862485
unable to access bucket: 'materialsproject-parsed' key: 'chgcars/mp-1437023.json.gz' version: None error: An error occurred (NoSuchKey) when calling the GetObject operation: The specified key does not exist.
  4664/8883: mp-979981
unable to access bucket: 'materialsproject-parsed' key: 'chgcars/mp-1395053.json.gz' version: None error: An error occurred (NoSuchKey) when calling the GetObject operation: The specified key does not exist.
  4665/8883: mp-1206427
unable to access bucket: 'materialsproject-parsed' key: 'chgcars/mp-1398388.json.gz' version: None error: An error occurred (NoSuchKey) when calling the GetObject operation: The specified key does not exist.
  4666/8883: mp-505473
unable to access bucket: 'materialsproject-parsed' key: 'chgcars/mp-1399061.json.gz' version: None error: An error occurred (NoSuchKey) when calling the GetObject operation: The specified key does not exist.
  4667/8883: mp-977239
unable to access bucket: 'materialsproject-parsed' key: 'chgcars/mp-1432570.json.gz' version: None error: An error occurred (NoSuchKey) when calling the GetObject operation: The specified key does not exist.
  4668/8883: mp-865887
unable to access bucket: 'materialsproject-parsed' key: 'chgcars/mp-1427131.json.gz' version: None error: An error occurred (NoSuchKey) when calling the GetObject operation: The specified key does not exist.
  4669/8883: mp-980005
unable to access bucket: 'materialsproject-parsed' key: 'chgcars/mp-1415634.json.gz' version: None error: An error occurred (NoSuchKey) when calling the GetObject operation: The specified key does not exist.
  4670/8883: mp-2175
unable to access bucket: 'materialsproject-parsed' key: 'chgcars/mp-1440357.json.gz' version: None error: An error occurred (NoSuchKey) when calling the GetObject operation: The specified key does not exist.
  4671/8883: mp-14037
  4672/8883: mp-1183890
  4673/8883: mp-1111659
  4674/8883: mp-865317
unable to access bucket: 'materialsproject-parsed' key: 'chgcars/mp-1392270.json.gz' version: None error: An error occurred (NoSuchKey) when calling the GetObject operation: The specified key does not exist.
  4675/8883: mp-1008277
  4676/8883: mp-865461
  4677/8883: mp-1194230
unable to access bucket: 'materialsproject-parsed' key: 'chgcars/mp-1399029.json.gz' version: None error: An error occurred (NoSuchKey) when calling the GetObject operation: The specified key does not exist.
  4678/8883: mp-972530
  4679/8883: mp-610190
unable to access bucket: 'materialsproject-parsed' key: 'chgcars/mp-1412338.json.gz' version: None error: An error occurred (NoSuchKey) when calling the GetObject operation: The specified key does not exist.
  4680/8883: mp-862618
unable to access bucket: 'materialsproject-parsed' key: 'chgcars/mp-1414850.json.gz' version: None error: An error occurred (NoSuchKey) when calling the GetObject operation: The specified key does not exist.
  4681/8883: mp-1111289
unable to access bucket: 'materialsproject-parsed' key: 'chgcars/mp-1387673.json.gz' version: None error: An error occurred (NoSuchKey) when calling the GetObject operation: The specified key does not exist.
  4682/8883: mp-867124
  4683/8883: mp-8772
unable to access bucket: 'materialsproject-parsed' key: 'chgcars/mp-1415531.json.gz' version: None error: An error occurred (NoSuchKey) when calling the GetObject operation: The specified key does not exist.
  4684/8883: mp-639154
  4685/8883: mp-1187171
  4686/8883: mp-974642
unable to access bucket: 'materialsproject-parsed' key: 'chgcars/mp-1415946.json.gz' version: None error: An error occurred (NoSuchKey) when calling the GetObject operation: The specified key does not exist.
  4687/8883: mp-973535
  4688/8883: mp-985806
unable to access bucket: 'materialsproject-parsed' key: 'chgcars/mp-1430447.json.gz' version: None error: An error occurred (NoSuchKey) when calling the GetObject operation: The specified key does not exist.
  4689/8883: mp-867898
unable to access bucket: 'materialsproject-parsed' key: 'chgcars/mp-1425203.json.gz' version: None error: An error occurred (NoSuchKey) when calling the GetObject operation: The specified key does not exist.
  4690/8883: mp-1186508
  4691/8883: mp-866008
  4692/8883: mp-570166
  4693/8883: mp-1185361
unable to access bucket: 'materialsproject-parsed' key: 'chgcars/mp-1504163.json.gz' version: None error: An error occurred (NoSuchKey) when calling the GetObject operation: The specified key does not exist.
  4694/8883: mp-865958
  4695/8883: mp-1184063
  4696/8883: mp-862370
  4697/8883: mp-1183780
unable to access bucket: 'materialsproject-parsed' key: 'chgcars/mp-1418179.json.gz' version: None error: An error occurred (NoSuchKey) when calling the GetObject operation: The specified key does not exist.
  4698/8883: mp-977181
  4699/8883: mp-981392
unable to access bucket: 'materialsproject-parsed' key: 'chgcars/mp-1429801.json.gz' version: None error: An error occurred (NoSuchKey) when calling the GetObject operation: The specified key does not exist.
  4700/8883: mp-1184492
unable to access bucket: 'materialsproject-parsed' key: 'chgcars/mp-1435187.json.gz' version: None error: An error occurred (NoSuchKey) when calling the GetObject operation: The specified key does not exist.
  4701/8883: mp-580092
  4702/8883: mp-1186675
unable to access bucket: 'materialsproject-parsed' key: 'chgcars/mp-1391154.json.gz' version: None error: An error occurred (NoSuchKey) when calling the GetObject operation: The specified key does not exist.
  4703/8883: mp-1205599
unable to access bucket: 'materialsproject-parsed' key: 'chgcars/mp-1408625.json.gz' version: None error: An error occurred (NoSuchKey) when calling the GetObject operation: The specified key does not exist.
  4704/8883: mp-1193188
  4705/8883: mp-865469
unable to access bucket: 'materialsproject-parsed' key: 'chgcars/mp-1425286.json.gz' version: None error: An error occurred (NoSuchKey) when calling the GetObject operation: The specified key does not exist.
  4706/8883: mp-1009720
unable to access bucket: 'materialsproject-parsed' key: 'chgcars/mp-1431493.json.gz' version: None error: An error occurred (NoSuchKey) when calling the GetObject operation: The specified key does not exist.
  4707/8883: mp-1187071
unable to access bucket: 'materialsproject-parsed' key: 'chgcars/mp-1429288.json.gz' version: None error: An error occurred (NoSuchKey) when calling the GetObject operation: The specified key does not exist.
  4708/8883: mp-864734
  4709/8883: mp-865512
unable to access bucket: 'materialsproject-parsed' key: 'chgcars/mp-1417133.json.gz' version: None error: An error occurred (NoSuchKey) when calling the GetObject operation: The specified key does not exist.
  4710/8883: mp-1113764
  4711/8883: mp-973446
  4712/8883: mp-1184890
  4713/8883: mp-1112579
  4714/8883: mp-867179
  4715/8883: mp-1060435
unable to access bucket: 'materialsproject-parsed' key: 'chgcars/mp-1431859.json.gz' version: None error: An error occurred (NoSuchKey) when calling the GetObject operation: The specified key does not exist.
  4716/8883: mp-631465
  4717/8883: mp-1111426
  4718/8883: mp-862949
  4719/8883: mp-1113753
unable to access bucket: 'materialsproject-parsed' key: 'chgcars/mp-1405486.json.gz' version: None error: An error occurred (NoSuchKey) when calling the GetObject operation: The specified key does not exist.
  4720/8883: mp-1112413
  4721/8883: mp-978662
  4722/8883: mp-1111143
  4723/8883: mp-1188182
  4724/8883: mp-1205650
  4725/8883: mp-1186236
unable to access bucket: 'materialsproject-parsed' key: 'chgcars/mp-1404964.json.gz' version: None error: An error occurred (NoSuchKey) when calling the GetObject operation: The specified key does not exist.
  4726/8883: mp-557664
  4727/8883: mp-865890
  4728/8883: mp-1186360
unable to access bucket: 'materialsproject-parsed' key: 'chgcars/mp-1423813.json.gz' version: None error: An error occurred (NoSuchKey) when calling the GetObject operation: The specified key does not exist.
  4729/8883: mp-631304
  4730/8883: mp-867313
  4731/8883: mp-1114039
  4732/8883: mp-867130
unable to access bucket: 'materialsproject-parsed' key: 'chgcars/mp-1416894.json.gz' version: None error: An error occurred (NoSuchKey) when calling the GetObject operation: The specified key does not exist.
  4733/8883: mp-1111378
  4734/8883: mp-1039157
  4735/8883: mp-983908
unable to access bucket: 'materialsproject-parsed' key: 'chgcars/mp-1413915.json.gz' version: None error: An error occurred (NoSuchKey) when calling the GetObject operation: The specified key does not exist.
  4736/8883: mp-623134
  4737/8883: mp-1183409
unable to access bucket: 'materialsproject-parsed' key: 'chgcars/mp-1414669.json.gz' version: None error: An error occurred (NoSuchKey) when calling the GetObject operation: The specified key does not exist.
  4738/8883: mp-977546
  4739/8883: mp-1114154
  4740/8883: mp-972410
unable to access bucket: 'materialsproject-parsed' key: 'chgcars/mp-1421225.json.gz' version: None error: An error occurred (NoSuchKey) when calling the GetObject operation: The specified key does not exist.
  4741/8883: mp-1110893
  4742/8883: mp-10891
  4743/8883: mp-571467
  4744/8883: mp-1112997
  4745/8883: mp-1185365
  4746/8883: mp-1079855
  4747/8883: mp-1206372
  4748/8883: mp-867158
unable to access bucket: 'materialsproject-parsed' key: 'chgcars/mp-1421537.json.gz' version: None error: An error occurred (NoSuchKey) when calling the GetObject operation: The specified key does not exist.
  4749/8883: mp-1183882
  4750/8883: mp-1018023
unable to access bucket: 'materialsproject-parsed' key: 'chgcars/mp-1504566.json.gz' version: None error: An error occurred (NoSuchKey) when calling the GetObject operation: The specified key does not exist.
  4751/8883: mp-1183828
unable to access bucket: 'materialsproject-parsed' key: 'chgcars/mp-1414282.json.gz' version: None error: An error occurred (NoSuchKey) when calling the GetObject operation: The specified key does not exist.
  4752/8883: mp-1184979
unable to access bucket: 'materialsproject-parsed' key: 'chgcars/mp-1433116.json.gz' version: None error: An error occurred (NoSuchKey) when calling the GetObject operation: The specified key does not exist.
  4753/8883: mp-1186646
  4754/8883: mp-1207118
  4755/8883: mp-865546
unable to access bucket: 'materialsproject-parsed' key: 'chgcars/mp-1437496.json.gz' version: None error: An error occurred (NoSuchKey) when calling the GetObject operation: The specified key does not exist.
  4756/8883: mp-1111193
unable to access bucket: 'materialsproject-parsed' key: 'chgcars/mp-1388935.json.gz' version: None error: An error occurred (NoSuchKey) when calling the GetObject operation: The specified key does not exist.
  4757/8883: mp-864943
  4758/8883: mp-979044
  4759/8883: mp-1192470
  4760/8883: mp-20567
unable to access bucket: 'materialsproject-parsed' key: 'chgcars/mp-1412896.json.gz' version: None error: An error occurred (NoSuchKey) when calling the GetObject operation: The specified key does not exist.
  4761/8883: mp-24728
unable to access bucket: 'materialsproject-parsed' key: 'chgcars/mp-1442122.json.gz' version: None error: An error occurred (NoSuchKey) when calling the GetObject operation: The specified key does not exist.
  4762/8883: mp-977581
unable to access bucket: 'materialsproject-parsed' key: 'chgcars/mp-1424567.json.gz' version: None error: An error occurred (NoSuchKey) when calling the GetObject operation: The specified key does not exist.
  4763/8883: mp-973957
unable to access bucket: 'materialsproject-parsed' key: 'chgcars/mp-1446323.json.gz' version: None error: An error occurred (NoSuchKey) when calling the GetObject operation: The specified key does not exist.
  4764/8883: mp-580744
  4765/8883: mp-1111742
unable to access bucket: 'materialsproject-parsed' key: 'chgcars/mp-1401987.json.gz' version: None error: An error occurred (NoSuchKey) when calling the GetObject operation: The specified key does not exist.
  4766/8883: mp-1185178
unable to access bucket: 'materialsproject-parsed' key: 'chgcars/mp-1406205.json.gz' version: None error: An error occurred (NoSuchKey) when calling the GetObject operation: The specified key does not exist.
  4767/8883: mp-862928
  4768/8883: mp-1112988
  4769/8883: mp-977365
unable to access bucket: 'materialsproject-parsed' key: 'chgcars/mp-1444071.json.gz' version: None error: An error occurred (NoSuchKey) when calling the GetObject operation: The specified key does not exist.
  4770/8883: mp-1113177
  4771/8883: mp-28651
unable to access bucket: 'materialsproject-parsed' key: 'chgcars/mp-1418658.json.gz' version: None error: An error occurred (NoSuchKey) when calling the GetObject operation: The specified key does not exist.
  4772/8883: mp-862369
  4773/8883: mp-864882
unable to access bucket: 'materialsproject-parsed' key: 'chgcars/mp-1416821.json.gz' version: None error: An error occurred (NoSuchKey) when calling the GetObject operation: The specified key does not exist.
  4774/8883: mp-1113262
  4775/8883: mp-2086
  4776/8883: mp-10686
  4777/8883: mp-867751
unable to access bucket: 'materialsproject-parsed' key: 'chgcars/mp-1418072.json.gz' version: None error: An error occurred (NoSuchKey) when calling the GetObject operation: The specified key does not exist.
  4778/8883: mp-1185509
  4779/8883: mp-13797
  4780/8883: mp-1113550
  4781/8883: mp-30773
  4782/8883: mp-1112066
  4783/8883: mp-1183708
unable to access bucket: 'materialsproject-parsed' key: 'chgcars/mp-1773772.json.gz' version: None error: An error occurred (NoSuchKey) when calling the GetObject operation: The specified key does not exist.
  4784/8883: mp-1185849
  4785/8883: mp-864966
  4786/8883: mp-2017
  4787/8883: mp-549767
unable to access bucket: 'materialsproject-parsed' key: 'chgcars/mp-1429704.json.gz' version: None error: An error occurred (NoSuchKey) when calling the GetObject operation: The specified key does not exist.
  4788/8883: mp-19850
  4789/8883: mp-1112108
  4790/8883: mp-861639
  4791/8883: mp-867287
  4792/8883: mp-1187206
unable to access bucket: 'materialsproject-parsed' key: 'chgcars/mp-1421091.json.gz' version: None error: An error occurred (NoSuchKey) when calling the GetObject operation: The specified key does not exist.
  4793/8883: mp-1185467
  4794/8883: mp-606650
  4795/8883: mp-1113343
  4796/8883: mp-972204
unable to access bucket: 'materialsproject-parsed' key: 'chgcars/mp-1443876.json.gz' version: None error: An error occurred (NoSuchKey) when calling the GetObject operation: The specified key does not exist.
  4797/8883: mp-867270
  4798/8883: mp-20300
unable to access bucket: 'materialsproject-parsed' key: 'chgcars/mp-1439230.json.gz' version: None error: An error occurred (NoSuchKey) when calling the GetObject operation: The specified key does not exist.
  4799/8883: mp-1183533
unable to access bucket: 'materialsproject-parsed' key: 'chgcars/mp-1398390.json.gz' version: None error: An error occurred (NoSuchKey) when calling the GetObject operation: The specified key does not exist.
  4800/8883: mp-1111348
  4801/8883: mp-1111501
  4802/8883: mp-983425
unable to access bucket: 'materialsproject-parsed' key: 'chgcars/mp-1421318.json.gz' version: None error: An error occurred (NoSuchKey) when calling the GetObject operation: The specified key does not exist.
  4803/8883: mp-1112098
  4804/8883: mp-1205672
  4805/8883: mp-866192
  4806/8883: mp-867127
  4807/8883: mp-865582
unable to access bucket: 'materialsproject-parsed' key: 'chgcars/mp-1427112.json.gz' version: None error: An error occurred (NoSuchKey) when calling the GetObject operation: The specified key does not exist.
  4808/8883: mp-1112353
unable to access bucket: 'materialsproject-parsed' key: 'chgcars/mp-1399770.json.gz' version: None error: An error occurred (NoSuchKey) when calling the GetObject operation: The specified key does not exist.
  4809/8883: mp-1184867
  4810/8883: mp-1114163
  4811/8883: mp-1186254
unable to access bucket: 'materialsproject-parsed' key: 'chgcars/mp-1397423.json.gz' version: None error: An error occurred (NoSuchKey) when calling the GetObject operation: The specified key does not exist.
  4812/8883: mp-1112695
unable to access bucket: 'materialsproject-parsed' key: 'chgcars/mp-1398281.json.gz' version: None error: An error occurred (NoSuchKey) when calling the GetObject operation: The specified key does not exist.
  4813/8883: mp-1183987
unable to access bucket: 'materialsproject-parsed' key: 'chgcars/mp-1444081.json.gz' version: None error: An error occurred (NoSuchKey) when calling the GetObject operation: The specified key does not exist.
  4814/8883: mp-1110860
  4815/8883: mp-1112795
  4816/8883: mp-23722
  4817/8883: mp-1087477
  4818/8883: mp-569228
unable to access bucket: 'materialsproject-parsed' key: 'chgcars/mp-1440059.json.gz' version: None error: An error occurred (NoSuchKey) when calling the GetObject operation: The specified key does not exist.
  4819/8883: mp-1112510
  4820/8883: mp-2472
  4821/8883: mp-1111895
unable to access bucket: 'materialsproject-parsed' key: 'chgcars/mp-1443129.json.gz' version: None error: An error occurred (NoSuchKey) when calling the GetObject operation: The specified key does not exist.
  4822/8883: mp-1206511
  4823/8883: mp-19751
unable to access bucket: 'materialsproject-parsed' key: 'chgcars/mp-1432967.json.gz' version: None error: An error occurred (NoSuchKey) when calling the GetObject operation: The specified key does not exist.
  4824/8883: mp-20358
unable to access bucket: 'materialsproject-parsed' key: 'chgcars/mp-1412995.json.gz' version: None error: An error occurred (NoSuchKey) when calling the GetObject operation: The specified key does not exist.
  4825/8883: mp-865240
unable to access bucket: 'materialsproject-parsed' key: 'chgcars/mp-1504540.json.gz' version: None error: An error occurred (NoSuchKey) when calling the GetObject operation: The specified key does not exist.
  4826/8883: mp-10008
unable to access bucket: 'materialsproject-parsed' key: 'chgcars/mp-1436519.json.gz' version: None error: An error occurred (NoSuchKey) when calling the GetObject operation: The specified key does not exist.
  4827/8883: mp-978532
unable to access bucket: 'materialsproject-parsed' key: 'chgcars/mp-1504349.json.gz' version: None error: An error occurred (NoSuchKey) when calling the GetObject operation: The specified key does not exist.
  4828/8883: mp-978882
  4829/8883: mp-6686
  4830/8883: mp-1184237
unable to access bucket: 'materialsproject-parsed' key: 'chgcars/mp-1504705.json.gz' version: None error: An error occurred (NoSuchKey) when calling the GetObject operation: The specified key does not exist.
  4831/8883: mp-1058119
  4832/8883: mp-1187026
  4833/8883: mp-867289
  4834/8883: mp-1186767
unable to access bucket: 'materialsproject-parsed' key: 'chgcars/mp-1403449.json.gz' version: None error: An error occurred (NoSuchKey) when calling the GetObject operation: The specified key does not exist.
  4835/8883: mp-1205758
unable to access bucket: 'materialsproject-parsed' key: 'chgcars/mp-1411208.json.gz' version: None error: An error occurred (NoSuchKey) when calling the GetObject operation: The specified key does not exist.
  4836/8883: mp-861918
  4837/8883: mp-1187604
unable to access bucket: 'materialsproject-parsed' key: 'chgcars/mp-1394263.json.gz' version: None error: An error occurred (NoSuchKey) when calling the GetObject operation: The specified key does not exist.
  4838/8883: mp-975933
unable to access bucket: 'materialsproject-parsed' key: 'chgcars/mp-1399204.json.gz' version: None error: An error occurred (NoSuchKey) when calling the GetObject operation: The specified key does not exist.
  4839/8883: mp-866169
  4840/8883: mp-865163
unable to access bucket: 'materialsproject-parsed' key: 'chgcars/mp-1428833.json.gz' version: None error: An error occurred (NoSuchKey) when calling the GetObject operation: The specified key does not exist.
  4841/8883: mp-1187201
  4842/8883: mp-865191
  4843/8883: mp-977115
unable to access bucket: 'materialsproject-parsed' key: 'chgcars/mp-1385628.json.gz' version: None error: An error occurred (NoSuchKey) when calling the GetObject operation: The specified key does not exist.
  4844/8883: mp-1111376
  4845/8883: mp-865451
  4846/8883: mp-864782
  4847/8883: mp-8217
  4848/8883: mp-571126
unable to access bucket: 'materialsproject-parsed' key: 'chgcars/mp-1429130.json.gz' version: None error: An error occurred (NoSuchKey) when calling the GetObject operation: The specified key does not exist.
  4849/8883: mp-866274
unable to access bucket: 'materialsproject-parsed' key: 'chgcars/mp-1424960.json.gz' version: None error: An error occurred (NoSuchKey) when calling the GetObject operation: The specified key does not exist.
  4850/8883: mp-1184422
unable to access bucket: 'materialsproject-parsed' key: 'chgcars/mp-1398163.json.gz' version: None error: An error occurred (NoSuchKey) when calling the GetObject operation: The specified key does not exist.
  4851/8883: mp-1110628
unable to access bucket: 'materialsproject-parsed' key: 'chgcars/mp-1383085.json.gz' version: None error: An error occurred (NoSuchKey) when calling the GetObject operation: The specified key does not exist.
  4852/8883: mp-1187392
unable to access bucket: 'materialsproject-parsed' key: 'chgcars/mp-1428313.json.gz' version: None error: An error occurred (NoSuchKey) when calling the GetObject operation: The specified key does not exist.
  4853/8883: mp-1104289
unable to access bucket: 'materialsproject-parsed' key: 'chgcars/mp-1425994.json.gz' version: None error: An error occurred (NoSuchKey) when calling the GetObject operation: The specified key does not exist.
  4854/8883: mp-634751
  4855/8883: mp-910
unable to access bucket: 'materialsproject-parsed' key: 'chgcars/mp-1440938.json.gz' version: None error: An error occurred (NoSuchKey) when calling the GetObject operation: The specified key does not exist.
  4856/8883: mp-1112969
  4857/8883: mp-1185768
  4858/8883: mp-1114060
  4859/8883: mp-1206821
unable to access bucket: 'materialsproject-parsed' key: 'chgcars/mp-1422248.json.gz' version: None error: An error occurred (NoSuchKey) when calling the GetObject operation: The specified key does not exist.
  4860/8883: mp-30376
unable to access bucket: 'materialsproject-parsed' key: 'chgcars/mp-1438323.json.gz' version: None error: An error occurred (NoSuchKey) when calling the GetObject operation: The specified key does not exist.
  4861/8883: mp-1186673
unable to access bucket: 'materialsproject-parsed' key: 'chgcars/mp-1419987.json.gz' version: None error: An error occurred (NoSuchKey) when calling the GetObject operation: The specified key does not exist.
  4862/8883: mp-20017
  4863/8883: mp-865484
  4864/8883: mp-1113442
unable to access bucket: 'materialsproject-parsed' key: 'chgcars/mp-1399769.json.gz' version: None error: An error occurred (NoSuchKey) when calling the GetObject operation: The specified key does not exist.
  4865/8883: mp-1183106
  4866/8883: mp-975608
  4867/8883: mp-1183763
unable to access bucket: 'materialsproject-parsed' key: 'chgcars/mp-1391123.json.gz' version: None error: An error occurred (NoSuchKey) when calling the GetObject operation: The specified key does not exist.
  4868/8883: mp-631277
unable to access bucket: 'materialsproject-parsed' key: 'chgcars/mp-1420601.json.gz' version: None error: An error occurred (NoSuchKey) when calling the GetObject operation: The specified key does not exist.
  4869/8883: mp-10635
  4870/8883: mp-1205912
  4871/8883: mp-1113062
unable to access bucket: 'materialsproject-parsed' key: 'chgcars/mp-1383062.json.gz' version: None error: An error occurred (NoSuchKey) when calling the GetObject operation: The specified key does not exist.
  4872/8883: mp-1186129
  4873/8883: mp-1207804
  4874/8883: mp-1192839
  4875/8883: mp-867915
unable to access bucket: 'materialsproject-parsed' key: 'chgcars/mp-1419776.json.gz' version: None error: An error occurred (NoSuchKey) when calling the GetObject operation: The specified key does not exist.
  4876/8883: mp-974517
unable to access bucket: 'materialsproject-parsed' key: 'chgcars/mp-1437078.json.gz' version: None error: An error occurred (NoSuchKey) when calling the GetObject operation: The specified key does not exist.
  4877/8883: mp-1186344
unable to access bucket: 'materialsproject-parsed' key: 'chgcars/mp-1385707.json.gz' version: None error: An error occurred (NoSuchKey) when calling the GetObject operation: The specified key does not exist.
  4878/8883: mp-1185396
unable to access bucket: 'materialsproject-parsed' key: 'chgcars/mp-1384450.json.gz' version: None error: An error occurred (NoSuchKey) when calling the GetObject operation: The specified key does not exist.
  4879/8883: mp-865935
  4880/8883: mp-215
  4881/8883: mp-1185323
unable to access bucket: 'materialsproject-parsed' key: 'chgcars/mp-1403860.json.gz' version: None error: An error occurred (NoSuchKey) when calling the GetObject operation: The specified key does not exist.
  4882/8883: mp-976151
unable to access bucket: 'materialsproject-parsed' key: 'chgcars/mp-1428877.json.gz' version: None error: An error occurred (NoSuchKey) when calling the GetObject operation: The specified key does not exist.
  4883/8883: mp-862929
  4884/8883: mp-863671
unable to access bucket: 'materialsproject-parsed' key: 'chgcars/mp-1428518.json.gz' version: None error: An error occurred (NoSuchKey) when calling the GetObject operation: The specified key does not exist.
  4885/8883: mp-571513
unable to access bucket: 'materialsproject-parsed' key: 'chgcars/mp-1431458.json.gz' version: None error: An error occurred (NoSuchKey) when calling the GetObject operation: The specified key does not exist.
  4886/8883: mp-1112527
  4887/8883: mp-1110777
  4888/8883: mp-1186342
  4889/8883: mp-1187650
  4890/8883: mp-1111318
  4891/8883: mp-1111996
  4892/8883: mp-864732
  4893/8883: mp-1113212
  4894/8883: mp-973824
unable to access bucket: 'materialsproject-parsed' key: 'chgcars/mp-1422169.json.gz' version: None error: An error occurred (NoSuchKey) when calling the GetObject operation: The specified key does not exist.
  4895/8883: mp-1404693
unable to access bucket: 'materialsproject-parsed' key: 'chgcars/mp-1404693.json.gz' version: None error: An error occurred (NoSuchKey) when calling the GetObject operation: The specified key does not exist.
  4896/8883: mp-865164
unable to access bucket: 'materialsproject-parsed' key: 'chgcars/mp-1418249.json.gz' version: None error: An error occurred (NoSuchKey) when calling the GetObject operation: The specified key does not exist.
  4897/8883: mp-1111617
  4898/8883: mp-1111308
unable to access bucket: 'materialsproject-parsed' key: 'chgcars/mp-1397031.json.gz' version: None error: An error occurred (NoSuchKey) when calling the GetObject operation: The specified key does not exist.
  4899/8883: mp-1112524
  4900/8883: mp-1078258
  4901/8883: mp-1227065
unable to access bucket: 'materialsproject-parsed' key: 'chgcars/mp-1386511.json.gz' version: None error: An error occurred (NoSuchKey) when calling the GetObject operation: The specified key does not exist.
  4902/8883: mp-862316
  4903/8883: mp-1113892
  4904/8883: mp-865248
unable to access bucket: 'materialsproject-parsed' key: 'chgcars/mp-1436315.json.gz' version: None error: An error occurred (NoSuchKey) when calling the GetObject operation: The specified key does not exist.
  4905/8883: mp-27691
  4906/8883: mp-1110774
  4907/8883: mp-1212020
  4908/8883: mp-863660
unable to access bucket: 'materialsproject-parsed' key: 'chgcars/mp-1426247.json.gz' version: None error: An error occurred (NoSuchKey) when calling the GetObject operation: The specified key does not exist.
  4909/8883: mp-2857
  4910/8883: mp-1110770
  4911/8883: mp-1184973
  4912/8883: mp-973414
unable to access bucket: 'materialsproject-parsed' key: 'chgcars/mp-1435933.json.gz' version: None error: An error occurred (NoSuchKey) when calling the GetObject operation: The specified key does not exist.
  4913/8883: mp-1110781
  4914/8883: mp-1112179
unable to access bucket: 'materialsproject-parsed' key: 'chgcars/mp-1407641.json.gz' version: None error: An error occurred (NoSuchKey) when calling the GetObject operation: The specified key does not exist.
  4915/8883: mp-23193
  4916/8883: mp-1113543
  4917/8883: mp-1113294
unable to access bucket: 'materialsproject-parsed' key: 'chgcars/mp-1404086.json.gz' version: None error: An error occurred (NoSuchKey) when calling the GetObject operation: The specified key does not exist.
  4918/8883: mp-1222891
unable to access bucket: 'materialsproject-parsed' key: 'chgcars/mp-1411481.json.gz' version: None error: An error occurred (NoSuchKey) when calling the GetObject operation: The specified key does not exist.
  4919/8883: mp-1113563
  4920/8883: mp-1113464
  4921/8883: mp-1112244
unable to access bucket: 'materialsproject-parsed' key: 'chgcars/mp-1397306.json.gz' version: None error: An error occurred (NoSuchKey) when calling the GetObject operation: The specified key does not exist.
  4922/8883: mp-862821
  4923/8883: mp-1111821
  4924/8883: mp-622041
unable to access bucket: 'materialsproject-parsed' key: 'chgcars/mp-1441170.json.gz' version: None error: An error occurred (NoSuchKey) when calling the GetObject operation: The specified key does not exist.
  4925/8883: mp-1113710
unable to access bucket: 'materialsproject-parsed' key: 'chgcars/mp-1407750.json.gz' version: None error: An error occurred (NoSuchKey) when calling the GetObject operation: The specified key does not exist.
  4926/8883: mp-2741
unable to access bucket: 'materialsproject-parsed' key: 'chgcars/mp-1300666.json.gz' version: None error: An error occurred (NoSuchKey) when calling the GetObject operation: The specified key does not exist.
  4927/8883: mp-973940
unable to access bucket: 'materialsproject-parsed' key: 'chgcars/mp-1434430.json.gz' version: None error: An error occurred (NoSuchKey) when calling the GetObject operation: The specified key does not exist.
  4928/8883: mp-1184085
unable to access bucket: 'materialsproject-parsed' key: 'chgcars/mp-1434612.json.gz' version: None error: An error occurred (NoSuchKey) when calling the GetObject operation: The specified key does not exist.
  4929/8883: mp-861930
unable to access bucket: 'materialsproject-parsed' key: 'chgcars/mp-1435961.json.gz' version: None error: An error occurred (NoSuchKey) when calling the GetObject operation: The specified key does not exist.
  4930/8883: mp-862311
  4931/8883: mp-1112309
unable to access bucket: 'materialsproject-parsed' key: 'chgcars/mp-1403328.json.gz' version: None error: An error occurred (NoSuchKey) when calling the GetObject operation: The specified key does not exist.
  4932/8883: mp-656
unable to access bucket: 'materialsproject-parsed' key: 'chgcars/mp-1442130.json.gz' version: None error: An error occurred (NoSuchKey) when calling the GetObject operation: The specified key does not exist.
  4933/8883: mp-1009769
  4934/8883: mp-978515
  4935/8883: mp-972412
  4936/8883: mp-1111839
  4937/8883: mp-1187150
unable to access bucket: 'materialsproject-parsed' key: 'chgcars/mp-1390709.json.gz' version: None error: An error occurred (NoSuchKey) when calling the GetObject operation: The specified key does not exist.
  4938/8883: mp-24092
unable to access bucket: 'materialsproject-parsed' key: 'chgcars/mp-1439970.json.gz' version: None error: An error occurred (NoSuchKey) when calling the GetObject operation: The specified key does not exist.
  4939/8883: mp-865183
unable to access bucket: 'materialsproject-parsed' key: 'chgcars/mp-1414002.json.gz' version: None error: An error occurred (NoSuchKey) when calling the GetObject operation: The specified key does not exist.
  4940/8883: mp-865603
  4941/8883: mp-1189427
  4942/8883: mp-865653
  4943/8883: mp-864760
unable to access bucket: 'materialsproject-parsed' key: 'chgcars/mp-1416815.json.gz' version: None error: An error occurred (NoSuchKey) when calling the GetObject operation: The specified key does not exist.
  4944/8883: mp-1112885
  4945/8883: mp-979287
  4946/8883: mp-975880
unable to access bucket: 'materialsproject-parsed' key: 'chgcars/mp-1434103.json.gz' version: None error: An error occurred (NoSuchKey) when calling the GetObject operation: The specified key does not exist.
  4947/8883: mp-1184322
  4948/8883: mp-645
  4949/8883: mp-1111966
unable to access bucket: 'materialsproject-parsed' key: 'chgcars/mp-1394416.json.gz' version: None error: An error occurred (NoSuchKey) when calling the GetObject operation: The specified key does not exist.
  4950/8883: mp-864876
  4951/8883: mp-1111415
unable to access bucket: 'materialsproject-parsed' key: 'chgcars/mp-1443734.json.gz' version: None error: An error occurred (NoSuchKey) when calling the GetObject operation: The specified key does not exist.
  4952/8883: mp-1187878
unable to access bucket: 'materialsproject-parsed' key: 'chgcars/mp-1424367.json.gz' version: None error: An error occurred (NoSuchKey) when calling the GetObject operation: The specified key does not exist.
  4953/8883: mp-867899
  4954/8883: mp-865495
  4955/8883: mp-973779
  4956/8883: mp-1112283
unable to access bucket: 'materialsproject-parsed' key: 'chgcars/mp-1397582.json.gz' version: None error: An error occurred (NoSuchKey) when calling the GetObject operation: The specified key does not exist.
  4957/8883: mp-1187589
  4958/8883: mp-977353
  4959/8883: mp-867144
  4960/8883: mp-1185162
  4961/8883: mp-1018067
  4962/8883: mp-1184489
  4963/8883: mp-989582
unable to access bucket: 'materialsproject-parsed' key: 'chgcars/mp-1444565.json.gz' version: None error: An error occurred (NoSuchKey) when calling the GetObject operation: The specified key does not exist.
  4964/8883: mp-865959
unable to access bucket: 'materialsproject-parsed' key: 'chgcars/mp-1420490.json.gz' version: None error: An error occurred (NoSuchKey) when calling the GetObject operation: The specified key does not exist.
  4965/8883: mp-1186802
unable to access bucket: 'materialsproject-parsed' key: 'chgcars/mp-1396407.json.gz' version: None error: An error occurred (NoSuchKey) when calling the GetObject operation: The specified key does not exist.
  4966/8883: mp-1194271
  4967/8883: mp-1206605
unable to access bucket: 'materialsproject-parsed' key: 'chgcars/mp-1411116.json.gz' version: None error: An error occurred (NoSuchKey) when calling the GetObject operation: The specified key does not exist.
  4968/8883: mp-1111112
unable to access bucket: 'materialsproject-parsed' key: 'chgcars/mp-1410497.json.gz' version: None error: An error occurred (NoSuchKey) when calling the GetObject operation: The specified key does not exist.
  4969/8883: mp-1184821
unable to access bucket: 'materialsproject-parsed' key: 'chgcars/mp-1425828.json.gz' version: None error: An error occurred (NoSuchKey) when calling the GetObject operation: The specified key does not exist.
  4970/8883: mp-23425
  4971/8883: mp-5419
unable to access bucket: 'materialsproject-parsed' key: 'chgcars/mp-1438496.json.gz' version: None error: An error occurred (NoSuchKey) when calling the GetObject operation: The specified key does not exist.
  4972/8883: mp-865615
unable to access bucket: 'materialsproject-parsed' key: 'chgcars/mp-1420473.json.gz' version: None error: An error occurred (NoSuchKey) when calling the GetObject operation: The specified key does not exist.
  4973/8883: mp-1110795
  4974/8883: mp-867220
unable to access bucket: 'materialsproject-parsed' key: 'chgcars/mp-1416262.json.gz' version: None error: An error occurred (NoSuchKey) when calling the GetObject operation: The specified key does not exist.
  4975/8883: mp-1111329
  4976/8883: mp-631548
  4977/8883: mp-7163
  4978/8883: mp-980054
unable to access bucket: 'materialsproject-parsed' key: 'chgcars/mp-1415245.json.gz' version: None error: An error occurred (NoSuchKey) when calling the GetObject operation: The specified key does not exist.
  4979/8883: mp-1185071
unable to access bucket: 'materialsproject-parsed' key: 'chgcars/mp-1392102.json.gz' version: None error: An error occurred (NoSuchKey) when calling the GetObject operation: The specified key does not exist.
  4980/8883: mp-1114002
  4981/8883: mp-867191
  4982/8883: mp-1110711
  4983/8883: mp-866608
unable to access bucket: 'materialsproject-parsed' key: 'chgcars/mp-1404777.json.gz' version: None error: An error occurred (NoSuchKey) when calling the GetObject operation: The specified key does not exist.
  4984/8883: mp-10728
  4985/8883: mp-1065288
  4986/8883: mp-865547
  4987/8883: mp-1110868
  4988/8883: mp-865525
  4989/8883: mp-866107
unable to access bucket: 'materialsproject-parsed' key: 'chgcars/mp-1428012.json.gz' version: None error: An error occurred (NoSuchKey) when calling the GetObject operation: The specified key does not exist.
  4990/8883: mp-1114000
  4991/8883: mp-1110593
  4992/8883: mp-1110685
  4993/8883: mp-1111452
unable to access bucket: 'materialsproject-parsed' key: 'chgcars/mp-1386355.json.gz' version: None error: An error occurred (NoSuchKey) when calling the GetObject operation: The specified key does not exist.
  4994/8883: mp-972183
unable to access bucket: 'materialsproject-parsed' key: 'chgcars/mp-1433659.json.gz' version: None error: An error occurred (NoSuchKey) when calling the GetObject operation: The specified key does not exist.
  4995/8883: mp-973757
unable to access bucket: 'materialsproject-parsed' key: 'chgcars/mp-1420590.json.gz' version: None error: An error occurred (NoSuchKey) when calling the GetObject operation: The specified key does not exist.
  4996/8883: mp-1187092
unable to access bucket: 'materialsproject-parsed' key: 'chgcars/mp-1444192.json.gz' version: None error: An error occurred (NoSuchKey) when calling the GetObject operation: The specified key does not exist.
  4997/8883: mp-862927
unable to access bucket: 'materialsproject-parsed' key: 'chgcars/mp-1399047.json.gz' version: None error: An error occurred (NoSuchKey) when calling the GetObject operation: The specified key does not exist.
  4998/8883: mp-1100780
  4999/8883: mp-1183485
unable to access bucket: 'materialsproject-parsed' key: 'chgcars/mp-1411394.json.gz' version: None error: An error occurred (NoSuchKey) when calling the GetObject operation: The specified key does not exist.
  5000/8883: mp-1184877
unable to access bucket: 'materialsproject-parsed' key: 'chgcars/mp-1383341.json.gz' version: None error: An error occurred (NoSuchKey) when calling the GetObject operation: The specified key does not exist.
  5001/8883: mp-560959
  5002/8883: mp-977396
unable to access bucket: 'materialsproject-parsed' key: 'chgcars/mp-1400855.json.gz' version: None error: An error occurred (NoSuchKey) when calling the GetObject operation: The specified key does not exist.
  5003/8883: mp-980647
unable to access bucket: 'materialsproject-parsed' key: 'chgcars/mp-1383168.json.gz' version: None error: An error occurred (NoSuchKey) when calling the GetObject operation: The specified key does not exist.
  5004/8883: mp-863672
  5005/8883: mp-867849
unable to access bucket: 'materialsproject-parsed' key: 'chgcars/mp-1444032.json.gz' version: None error: An error occurred (NoSuchKey) when calling the GetObject operation: The specified key does not exist.
  5006/8883: mp-862629
unable to access bucket: 'materialsproject-parsed' key: 'chgcars/mp-1422023.json.gz' version: None error: An error occurred (NoSuchKey) when calling the GetObject operation: The specified key does not exist.
  5007/8883: mp-1112523
  5008/8883: mp-981393
unable to access bucket: 'materialsproject-parsed' key: 'chgcars/mp-1425799.json.gz' version: None error: An error occurred (NoSuchKey) when calling the GetObject operation: The specified key does not exist.
  5009/8883: mp-1206658
  5010/8883: mp-1113494
unable to access bucket: 'materialsproject-parsed' key: 'chgcars/mp-1409709.json.gz' version: None error: An error occurred (NoSuchKey) when calling the GetObject operation: The specified key does not exist.
  5011/8883: mp-21469
  5012/8883: mp-1112002
  5013/8883: mp-1114129
  5014/8883: mp-865238
unable to access bucket: 'materialsproject-parsed' key: 'chgcars/mp-1420449.json.gz' version: None error: An error occurred (NoSuchKey) when calling the GetObject operation: The specified key does not exist.
  5015/8883: mp-979429
unable to access bucket: 'materialsproject-parsed' key: 'chgcars/mp-1424434.json.gz' version: None error: An error occurred (NoSuchKey) when calling the GetObject operation: The specified key does not exist.
  5016/8883: mp-1586
  5017/8883: mp-1111244
  5018/8883: mp-1111969
unable to access bucket: 'materialsproject-parsed' key: 'chgcars/mp-1400116.json.gz' version: None error: An error occurred (NoSuchKey) when calling the GetObject operation: The specified key does not exist.
  5019/8883: mp-1110721
  5020/8883: mp-1220180
unable to access bucket: 'materialsproject-parsed' key: 'chgcars/mp-1396298.json.gz' version: None error: An error occurred (NoSuchKey) when calling the GetObject operation: The specified key does not exist.
  5021/8883: mp-1111379
  5022/8883: mp-672340
  5023/8883: mp-989560
  5024/8883: mp-1186559
unable to access bucket: 'materialsproject-parsed' key: 'chgcars/mp-1428924.json.gz' version: None error: An error occurred (NoSuchKey) when calling the GetObject operation: The specified key does not exist.
  5025/8883: mp-1094520
  5026/8883: mp-1112639
  5027/8883: mp-1184823
  5028/8883: mp-989528
unable to access bucket: 'materialsproject-parsed' key: 'chgcars/mp-1408432.json.gz' version: None error: An error occurred (NoSuchKey) when calling the GetObject operation: The specified key does not exist.
  5029/8883: mp-1112909
  5030/8883: mp-1205757
  5031/8883: mp-45
  5032/8883: mp-1186759
unable to access bucket: 'materialsproject-parsed' key: 'chgcars/mp-1427528.json.gz' version: None error: An error occurred (NoSuchKey) when calling the GetObject operation: The specified key does not exist.
  5033/8883: mp-1184393
unable to access bucket: 'materialsproject-parsed' key: 'chgcars/mp-1431234.json.gz' version: None error: An error occurred (NoSuchKey) when calling the GetObject operation: The specified key does not exist.
  5034/8883: mp-1187657
unable to access bucket: 'materialsproject-parsed' key: 'chgcars/mp-1390579.json.gz' version: None error: An error occurred (NoSuchKey) when calling the GetObject operation: The specified key does not exist.
  5035/8883: mp-865728
  5036/8883: mp-1113735
  5037/8883: mp-1111223
  5038/8883: mp-1110975
  5039/8883: mp-1183377
unable to access bucket: 'materialsproject-parsed' key: 'chgcars/mp-1409786.json.gz' version: None error: An error occurred (NoSuchKey) when calling the GetObject operation: The specified key does not exist.
  5040/8883: mp-1113243
  5041/8883: mp-984627
  5042/8883: mp-1112059
  5043/8883: mp-1111242
  5044/8883: mp-1184277
unable to access bucket: 'materialsproject-parsed' key: 'chgcars/mp-1418027.json.gz' version: None error: An error occurred (NoSuchKey) when calling the GetObject operation: The specified key does not exist.
  5045/8883: mp-867923
  5046/8883: mp-863760
  5047/8883: mp-1112654
  5048/8883: mp-976220
unable to access bucket: 'materialsproject-parsed' key: 'chgcars/mp-1431326.json.gz' version: None error: An error occurred (NoSuchKey) when calling the GetObject operation: The specified key does not exist.
  5049/8883: mp-979258
unable to access bucket: 'materialsproject-parsed' key: 'chgcars/mp-1423721.json.gz' version: None error: An error occurred (NoSuchKey) when calling the GetObject operation: The specified key does not exist.
  5050/8883: mp-865343
unable to access bucket: 'materialsproject-parsed' key: 'chgcars/mp-1475693.json.gz' version: None error: An error occurred (NoSuchKey) when calling the GetObject operation: The specified key does not exist.
  5051/8883: mp-867918
  5052/8883: mp-972420
  5053/8883: mp-865140
  5054/8883: mp-1080506
  5055/8883: mp-1185897
unable to access bucket: 'materialsproject-parsed' key: 'chgcars/mp-1504916.json.gz' version: None error: An error occurred (NoSuchKey) when calling the GetObject operation: The specified key does not exist.
  5056/8883: mp-1183218
unable to access bucket: 'materialsproject-parsed' key: 'chgcars/mp-1424936.json.gz' version: None error: An error occurred (NoSuchKey) when calling the GetObject operation: The specified key does not exist.
  5057/8883: mp-1187588
  5058/8883: mp-1213766
  5059/8883: mp-1184242
unable to access bucket: 'materialsproject-parsed' key: 'chgcars/mp-1435938.json.gz' version: None error: An error occurred (NoSuchKey) when calling the GetObject operation: The specified key does not exist.
  5060/8883: mp-862685
unable to access bucket: 'materialsproject-parsed' key: 'chgcars/mp-1429951.json.gz' version: None error: An error occurred (NoSuchKey) when calling the GetObject operation: The specified key does not exist.
  5061/8883: mp-1079107
unable to access bucket: 'materialsproject-parsed' key: 'chgcars/mp-1435575.json.gz' version: None error: An error occurred (NoSuchKey) when calling the GetObject operation: The specified key does not exist.
  5062/8883: mp-1187558
unable to access bucket: 'materialsproject-parsed' key: 'chgcars/mp-1432231.json.gz' version: None error: An error occurred (NoSuchKey) when calling the GetObject operation: The specified key does not exist.
  5063/8883: mp-1212788
unable to access bucket: 'materialsproject-parsed' key: 'chgcars/mp-1400301.json.gz' version: None error: An error occurred (NoSuchKey) when calling the GetObject operation: The specified key does not exist.
  5064/8883: mp-1111956
  5065/8883: mp-6058
  5066/8883: mp-867320
  5067/8883: mp-23300
  5068/8883: mp-1183574
  5069/8883: mp-1110944
  5070/8883: mp-864600
unable to access bucket: 'materialsproject-parsed' key: 'chgcars/mp-1426459.json.gz' version: None error: An error occurred (NoSuchKey) when calling the GetObject operation: The specified key does not exist.
  5071/8883: mp-1114008
unable to access bucket: 'materialsproject-parsed' key: 'chgcars/mp-1405079.json.gz' version: None error: An error occurred (NoSuchKey) when calling the GetObject operation: The specified key does not exist.
  5072/8883: mp-19059
  5073/8883: mp-1183531
unable to access bucket: 'materialsproject-parsed' key: 'chgcars/mp-1428650.json.gz' version: None error: An error occurred (NoSuchKey) when calling the GetObject operation: The specified key does not exist.
  5074/8883: mp-976155
  5075/8883: mp-978096
  5076/8883: mp-1187575
unable to access bucket: 'materialsproject-parsed' key: 'chgcars/mp-1431722.json.gz' version: None error: An error occurred (NoSuchKey) when calling the GetObject operation: The specified key does not exist.
  5077/8883: mp-19962
  5078/8883: mp-755556
  5079/8883: mp-1111486
  5080/8883: mp-1185458
unable to access bucket: 'materialsproject-parsed' key: 'chgcars/mp-1422459.json.gz' version: None error: An error occurred (NoSuchKey) when calling the GetObject operation: The specified key does not exist.
  5081/8883: mp-2350
unable to access bucket: 'materialsproject-parsed' key: 'chgcars/mp-1440995.json.gz' version: None error: An error occurred (NoSuchKey) when calling the GetObject operation: The specified key does not exist.
  5082/8883: mp-974458
  5083/8883: mp-647426
unable to access bucket: 'materialsproject-parsed' key: 'chgcars/mp-1430435.json.gz' version: None error: An error occurred (NoSuchKey) when calling the GetObject operation: The specified key does not exist.
  5084/8883: mp-1193668
unable to access bucket: 'materialsproject-parsed' key: 'chgcars/mp-1375162.json.gz' version: None error: An error occurred (NoSuchKey) when calling the GetObject operation: The specified key does not exist.
  5085/8883: mp-1112206
unable to access bucket: 'materialsproject-parsed' key: 'chgcars/mp-1404702.json.gz' version: None error: An error occurred (NoSuchKey) when calling the GetObject operation: The specified key does not exist.
  5086/8883: mp-1186141
unable to access bucket: 'materialsproject-parsed' key: 'chgcars/mp-1405782.json.gz' version: None error: An error occurred (NoSuchKey) when calling the GetObject operation: The specified key does not exist.
  5087/8883: mp-977367
  5088/8883: mp-30062
  5089/8883: mp-865111
  5090/8883: mp-1205687
  5091/8883: mp-2132
unable to access bucket: 'materialsproject-parsed' key: 'chgcars/mp-1232909.json.gz' version: None error: An error occurred (NoSuchKey) when calling the GetObject operation: The specified key does not exist.
  5092/8883: mp-1111582
  5093/8883: mp-1114239
  5094/8883: mp-1114071
  5095/8883: mp-1186431
  5096/8883: mp-863743
  5097/8883: mp-1111072
  5098/8883: mp-864741
unable to access bucket: 'materialsproject-parsed' key: 'chgcars/mp-1403013.json.gz' version: None error: An error occurred (NoSuchKey) when calling the GetObject operation: The specified key does not exist.
  5099/8883: mp-973572
unable to access bucket: 'materialsproject-parsed' key: 'chgcars/mp-1444927.json.gz' version: None error: An error occurred (NoSuchKey) when calling the GetObject operation: The specified key does not exist.
  5100/8883: mp-6270
  5101/8883: mp-1183601
unable to access bucket: 'materialsproject-parsed' key: 'chgcars/mp-1387844.json.gz' version: None error: An error occurred (NoSuchKey) when calling the GetObject operation: The specified key does not exist.
  5102/8883: mp-1111732
  5103/8883: mp-1113808
  5104/8883: mp-1112947
  5105/8883: mp-861883
  5106/8883: mp-1132
unable to access bucket: 'materialsproject-parsed' key: 'chgcars/mp-1440904.json.gz' version: None error: An error occurred (NoSuchKey) when calling the GetObject operation: The specified key does not exist.
  5107/8883: mp-1112317
unable to access bucket: 'materialsproject-parsed' key: 'chgcars/mp-1408075.json.gz' version: None error: An error occurred (NoSuchKey) when calling the GetObject operation: The specified key does not exist.
  5108/8883: mp-2159
  5109/8883: mp-1112133
  5110/8883: mp-1112279
  5111/8883: mp-1094188
  5112/8883: mp-1187661
  5113/8883: mp-1184651
  5114/8883: mp-12801
  5115/8883: mp-978796
unable to access bucket: 'materialsproject-parsed' key: 'chgcars/mp-1436128.json.gz' version: None error: An error occurred (NoSuchKey) when calling the GetObject operation: The specified key does not exist.
  5116/8883: mp-865948
unable to access bucket: 'materialsproject-parsed' key: 'chgcars/mp-1504095.json.gz' version: None error: An error occurred (NoSuchKey) when calling the GetObject operation: The specified key does not exist.
  5117/8883: mp-1113711
  5118/8883: mp-865863
  5119/8883: mp-989559
unable to access bucket: 'materialsproject-parsed' key: 'chgcars/mp-1392979.json.gz' version: None error: An error occurred (NoSuchKey) when calling the GetObject operation: The specified key does not exist.
  5120/8883: mp-1096932
unable to access bucket: 'materialsproject-parsed' key: 'chgcars/mp-1407318.json.gz' version: None error: An error occurred (NoSuchKey) when calling the GetObject operation: The specified key does not exist.
  5121/8883: mp-1111801
  5122/8883: mp-866279
  5123/8883: mp-1184914
  5124/8883: mp-1111013
unable to access bucket: 'materialsproject-parsed' key: 'chgcars/mp-1407253.json.gz' version: None error: An error occurred (NoSuchKey) when calling the GetObject operation: The specified key does not exist.
  5125/8883: mp-1184333
  5126/8883: mp-975793
unable to access bucket: 'materialsproject-parsed' key: 'chgcars/mp-1426263.json.gz' version: None error: An error occurred (NoSuchKey) when calling the GetObject operation: The specified key does not exist.
  5127/8883: mp-1183639
unable to access bucket: 'materialsproject-parsed' key: 'chgcars/mp-1419933.json.gz' version: None error: An error occurred (NoSuchKey) when calling the GetObject operation: The specified key does not exist.
  5128/8883: mp-1184642
  5129/8883: mp-1183948
unable to access bucket: 'materialsproject-parsed' key: 'chgcars/mp-1394127.json.gz' version: None error: An error occurred (NoSuchKey) when calling the GetObject operation: The specified key does not exist.
  5130/8883: mp-1185341
unable to access bucket: 'materialsproject-parsed' key: 'chgcars/mp-1387279.json.gz' version: None error: An error occurred (NoSuchKey) when calling the GetObject operation: The specified key does not exist.
  5131/8883: mp-862956
unable to access bucket: 'materialsproject-parsed' key: 'chgcars/mp-1402853.json.gz' version: None error: An error occurred (NoSuchKey) when calling the GetObject operation: The specified key does not exist.
  5132/8883: mp-1111927
unable to access bucket: 'materialsproject-parsed' key: 'chgcars/mp-1406035.json.gz' version: None error: An error occurred (NoSuchKey) when calling the GetObject operation: The specified key does not exist.
  5133/8883: mp-989538
  5134/8883: mp-1111786
  5135/8883: mp-1187445
unable to access bucket: 'materialsproject-parsed' key: 'chgcars/mp-1413314.json.gz' version: None error: An error occurred (NoSuchKey) when calling the GetObject operation: The specified key does not exist.
  5136/8883: mp-1184851
unable to access bucket: 'materialsproject-parsed' key: 'chgcars/mp-1395847.json.gz' version: None error: An error occurred (NoSuchKey) when calling the GetObject operation: The specified key does not exist.
  5137/8883: mp-865165
  5138/8883: mp-866086
unable to access bucket: 'materialsproject-parsed' key: 'chgcars/mp-1504719.json.gz' version: None error: An error occurred (NoSuchKey) when calling the GetObject operation: The specified key does not exist.
  5139/8883: mp-1184762
unable to access bucket: 'materialsproject-parsed' key: 'chgcars/mp-1407700.json.gz' version: None error: An error occurred (NoSuchKey) when calling the GetObject operation: The specified key does not exist.
  5140/8883: mp-1183404
unable to access bucket: 'materialsproject-parsed' key: 'chgcars/mp-1435333.json.gz' version: None error: An error occurred (NoSuchKey) when calling the GetObject operation: The specified key does not exist.
  5141/8883: mp-1111003
  5142/8883: mp-1079373
  5143/8883: mp-972884
unable to access bucket: 'materialsproject-parsed' key: 'chgcars/mp-1420864.json.gz' version: None error: An error occurred (NoSuchKey) when calling the GetObject operation: The specified key does not exist.
  5144/8883: mp-926
unable to access bucket: 'materialsproject-parsed' key: 'chgcars/mp-1476039.json.gz' version: None error: An error occurred (NoSuchKey) when calling the GetObject operation: The specified key does not exist.
  5145/8883: mp-865125
unable to access bucket: 'materialsproject-parsed' key: 'chgcars/mp-1421954.json.gz' version: None error: An error occurred (NoSuchKey) when calling the GetObject operation: The specified key does not exist.
  5146/8883: mp-862859
unable to access bucket: 'materialsproject-parsed' key: 'chgcars/mp-1437145.json.gz' version: None error: An error occurred (NoSuchKey) when calling the GetObject operation: The specified key does not exist.
  5147/8883: mp-1113928
unable to access bucket: 'materialsproject-parsed' key: 'chgcars/mp-1399155.json.gz' version: None error: An error occurred (NoSuchKey) when calling the GetObject operation: The specified key does not exist.
  5148/8883: mp-1184083
  5149/8883: mp-1865
unable to access bucket: 'materialsproject-parsed' key: 'chgcars/mp-1440720.json.gz' version: None error: An error occurred (NoSuchKey) when calling the GetObject operation: The specified key does not exist.
  5150/8883: mp-1406
  5151/8883: mp-1111776
unable to access bucket: 'materialsproject-parsed' key: 'chgcars/mp-1377004.json.gz' version: None error: An error occurred (NoSuchKey) when calling the GetObject operation: The specified key does not exist.
  5152/8883: mp-1111896
unable to access bucket: 'materialsproject-parsed' key: 'chgcars/mp-1412218.json.gz' version: None error: An error occurred (NoSuchKey) when calling the GetObject operation: The specified key does not exist.
  5153/8883: mp-1184822
unable to access bucket: 'materialsproject-parsed' key: 'chgcars/mp-1429923.json.gz' version: None error: An error occurred (NoSuchKey) when calling the GetObject operation: The specified key does not exist.
  5154/8883: mp-865517
unable to access bucket: 'materialsproject-parsed' key: 'chgcars/mp-1415605.json.gz' version: None error: An error occurred (NoSuchKey) when calling the GetObject operation: The specified key does not exist.
  5155/8883: mp-1225788
  5156/8883: mp-631420
unable to access bucket: 'materialsproject-parsed' key: 'chgcars/mp-1428831.json.gz' version: None error: An error occurred (NoSuchKey) when calling the GetObject operation: The specified key does not exist.
  5157/8883: mp-1184856
  5158/8883: mp-865757
  5159/8883: mp-1183483
unable to access bucket: 'materialsproject-parsed' key: 'chgcars/mp-1418016.json.gz' version: None error: An error occurred (NoSuchKey) when calling the GetObject operation: The specified key does not exist.
  5160/8883: mp-1183063
unable to access bucket: 'materialsproject-parsed' key: 'chgcars/mp-1383698.json.gz' version: None error: An error occurred (NoSuchKey) when calling the GetObject operation: The specified key does not exist.
  5161/8883: mp-1184235
unable to access bucket: 'materialsproject-parsed' key: 'chgcars/mp-1434839.json.gz' version: None error: An error occurred (NoSuchKey) when calling the GetObject operation: The specified key does not exist.
  5162/8883: mp-1111717
  5163/8883: mp-1113854
  5164/8883: mp-1187645
  5165/8883: mp-1185247
  5166/8883: mp-1186142
unable to access bucket: 'materialsproject-parsed' key: 'chgcars/mp-1416357.json.gz' version: None error: An error occurred (NoSuchKey) when calling the GetObject operation: The specified key does not exist.
  5167/8883: mp-1187200
  5168/8883: mp-865302
  5169/8883: mp-980053
unable to access bucket: 'materialsproject-parsed' key: 'chgcars/mp-1427684.json.gz' version: None error: An error occurred (NoSuchKey) when calling the GetObject operation: The specified key does not exist.
  5170/8883: mp-1561
  5171/8883: mp-1185620
  5172/8883: mp-865898
  5173/8883: mp-1147668
  5174/8883: mp-972274
  5175/8883: mp-1112929
  5176/8883: mp-865145
  5177/8883: mp-1112313
unable to access bucket: 'materialsproject-parsed' key: 'chgcars/mp-1406531.json.gz' version: None error: An error occurred (NoSuchKey) when calling the GetObject operation: The specified key does not exist.
  5178/8883: mp-973283
  5179/8883: mp-1112282
unable to access bucket: 'materialsproject-parsed' key: 'chgcars/mp-1390059.json.gz' version: None error: An error occurred (NoSuchKey) when calling the GetObject operation: The specified key does not exist.
  5180/8883: mp-1192479
unable to access bucket: 'materialsproject-parsed' key: 'chgcars/mp-1405509.json.gz' version: None error: An error occurred (NoSuchKey) when calling the GetObject operation: The specified key does not exist.
  5181/8883: mp-1184716
unable to access bucket: 'materialsproject-parsed' key: 'chgcars/mp-1397725.json.gz' version: None error: An error occurred (NoSuchKey) when calling the GetObject operation: The specified key does not exist.
  5182/8883: mp-22905
  5183/8883: mp-1110966
  5184/8883: mp-1186412
  5185/8883: mp-982393
unable to access bucket: 'materialsproject-parsed' key: 'chgcars/mp-1424379.json.gz' version: None error: An error occurred (NoSuchKey) when calling the GetObject operation: The specified key does not exist.
  5186/8883: mp-1193087
  5187/8883: mp-1111419
  5188/8883: mp-866059
unable to access bucket: 'materialsproject-parsed' key: 'chgcars/mp-1772364.json.gz' version: None error: An error occurred (NoSuchKey) when calling the GetObject operation: The specified key does not exist.
  5189/8883: mp-1185975
unable to access bucket: 'materialsproject-parsed' key: 'chgcars/mp-1413438.json.gz' version: None error: An error occurred (NoSuchKey) when calling the GetObject operation: The specified key does not exist.
  5190/8883: mp-1213199
  5191/8883: mp-1110603
  5192/8883: mp-1185843
unable to access bucket: 'materialsproject-parsed' key: 'chgcars/mp-1435136.json.gz' version: None error: An error occurred (NoSuchKey) when calling the GetObject operation: The specified key does not exist.
  5193/8883: mp-1112138
  5194/8883: mp-1038778
unable to access bucket: 'materialsproject-parsed' key: 'chgcars/mp-1410362.json.gz' version: None error: An error occurred (NoSuchKey) when calling the GetObject operation: The specified key does not exist.
  5195/8883: mp-1525
unable to access bucket: 'materialsproject-parsed' key: 'chgcars/mp-1442241.json.gz' version: None error: An error occurred (NoSuchKey) when calling the GetObject operation: The specified key does not exist.
  5196/8883: mp-1185069
unable to access bucket: 'materialsproject-parsed' key: 'chgcars/mp-1417697.json.gz' version: None error: An error occurred (NoSuchKey) when calling the GetObject operation: The specified key does not exist.
  5197/8883: mp-1184583
unable to access bucket: 'materialsproject-parsed' key: 'chgcars/mp-1427209.json.gz' version: None error: An error occurred (NoSuchKey) when calling the GetObject operation: The specified key does not exist.
  5198/8883: mp-1205595
  5199/8883: mp-1193707
unable to access bucket: 'materialsproject-parsed' key: 'chgcars/mp-1432872.json.gz' version: None error: An error occurred (NoSuchKey) when calling the GetObject operation: The specified key does not exist.
  5200/8883: mp-2532
  5201/8883: mp-1186321
unable to access bucket: 'materialsproject-parsed' key: 'chgcars/mp-1421604.json.gz' version: None error: An error occurred (NoSuchKey) when calling the GetObject operation: The specified key does not exist.
  5202/8883: mp-1192910
unable to access bucket: 'materialsproject-parsed' key: 'chgcars/mp-1394239.json.gz' version: None error: An error occurred (NoSuchKey) when calling the GetObject operation: The specified key does not exist.
  5203/8883: mp-12608
unable to access bucket: 'materialsproject-parsed' key: 'chgcars/mp-1434635.json.gz' version: None error: An error occurred (NoSuchKey) when calling the GetObject operation: The specified key does not exist.
  5204/8883: mp-697038
unable to access bucket: 'materialsproject-parsed' key: 'chgcars/mp-1433454.json.gz' version: None error: An error occurred (NoSuchKey) when calling the GetObject operation: The specified key does not exist.
  5205/8883: mp-30419
  5206/8883: mp-862846
unable to access bucket: 'materialsproject-parsed' key: 'chgcars/mp-1408351.json.gz' version: None error: An error occurred (NoSuchKey) when calling the GetObject operation: The specified key does not exist.
  5207/8883: mp-1187587
unable to access bucket: 'materialsproject-parsed' key: 'chgcars/mp-1414178.json.gz' version: None error: An error occurred (NoSuchKey) when calling the GetObject operation: The specified key does not exist.
  5208/8883: mp-27832
  5209/8883: mp-865766
  5210/8883: mp-980648
unable to access bucket: 'materialsproject-parsed' key: 'chgcars/mp-1437186.json.gz' version: None error: An error occurred (NoSuchKey) when calling the GetObject operation: The specified key does not exist.
  5211/8883: mp-1184525
  5212/8883: mp-1184305
unable to access bucket: 'materialsproject-parsed' key: 'chgcars/mp-1431270.json.gz' version: None error: An error occurred (NoSuchKey) when calling the GetObject operation: The specified key does not exist.
  5213/8883: mp-864805
  5214/8883: mp-865649
unable to access bucket: 'materialsproject-parsed' key: 'chgcars/mp-1433312.json.gz' version: None error: An error occurred (NoSuchKey) when calling the GetObject operation: The specified key does not exist.
  5215/8883: mp-9
  5216/8883: mp-1184323
unable to access bucket: 'materialsproject-parsed' key: 'chgcars/mp-1414766.json.gz' version: None error: An error occurred (NoSuchKey) when calling the GetObject operation: The specified key does not exist.
  5217/8883: mp-861894
unable to access bucket: 'materialsproject-parsed' key: 'chgcars/mp-1415116.json.gz' version: None error: An error occurred (NoSuchKey) when calling the GetObject operation: The specified key does not exist.
  5218/8883: mp-861499
  5219/8883: mp-1110568
  5220/8883: mp-1187334
unable to access bucket: 'materialsproject-parsed' key: 'chgcars/mp-1431511.json.gz' version: None error: An error occurred (NoSuchKey) when calling the GetObject operation: The specified key does not exist.
  5221/8883: mp-1111475
  5222/8883: mp-101
  5223/8883: mp-1187422
  5224/8883: mp-1111140
  5225/8883: mp-867258
  5226/8883: mp-20744
  5227/8883: mp-989544
unable to access bucket: 'materialsproject-parsed' key: 'chgcars/mp-1446540.json.gz' version: None error: An error occurred (NoSuchKey) when calling the GetObject operation: The specified key does not exist.
  5228/8883: mp-1186452
  5229/8883: mp-1184428
unable to access bucket: 'materialsproject-parsed' key: 'chgcars/mp-1655733.json.gz' version: None error: An error occurred (NoSuchKey) when calling the GetObject operation: The specified key does not exist.
  5230/8883: mp-631619
  5231/8883: mp-1111491
  5232/8883: mp-1184956
unable to access bucket: 'materialsproject-parsed' key: 'chgcars/mp-1415976.json.gz' version: None error: An error occurred (NoSuchKey) when calling the GetObject operation: The specified key does not exist.
  5233/8883: mp-1185446
unable to access bucket: 'materialsproject-parsed' key: 'chgcars/mp-1426265.json.gz' version: None error: An error occurred (NoSuchKey) when calling the GetObject operation: The specified key does not exist.
  5234/8883: mp-560790
  5235/8883: mp-862705
unable to access bucket: 'materialsproject-parsed' key: 'chgcars/mp-1427791.json.gz' version: None error: An error occurred (NoSuchKey) when calling the GetObject operation: The specified key does not exist.
  5236/8883: mp-979432
  5237/8883: mp-1184096
unable to access bucket: 'materialsproject-parsed' key: 'chgcars/mp-1418690.json.gz' version: None error: An error occurred (NoSuchKey) when calling the GetObject operation: The specified key does not exist.
  5238/8883: mp-1113488
  5239/8883: mp-1112968
  5240/8883: mp-20969
unable to access bucket: 'materialsproject-parsed' key: 'chgcars/mp-1440300.json.gz' version: None error: An error occurred (NoSuchKey) when calling the GetObject operation: The specified key does not exist.
  5241/8883: mp-5124
  5242/8883: mp-1111118
unable to access bucket: 'materialsproject-parsed' key: 'chgcars/mp-1386489.json.gz' version: None error: An error occurred (NoSuchKey) when calling the GetObject operation: The specified key does not exist.
  5243/8883: mp-977378
  5244/8883: mp-541940
  5245/8883: mp-864932
  5246/8883: mp-1206546
  5247/8883: mp-980749
unable to access bucket: 'materialsproject-parsed' key: 'chgcars/mp-1414074.json.gz' version: None error: An error occurred (NoSuchKey) when calling the GetObject operation: The specified key does not exist.
  5248/8883: mp-1110857
  5249/8883: mp-631524
  5250/8883: mp-24287
unable to access bucket: 'materialsproject-parsed' key: 'chgcars/mp-1427451.json.gz' version: None error: An error occurred (NoSuchKey) when calling the GetObject operation: The specified key does not exist.
  5251/8883: mp-1184576
  5252/8883: mp-567200
  5253/8883: mp-1186761
  5254/8883: mp-1111915
  5255/8883: mp-13941
unable to access bucket: 'materialsproject-parsed' key: 'chgcars/mp-1300452.json.gz' version: None error: An error occurred (NoSuchKey) when calling the GetObject operation: The specified key does not exist.
  5256/8883: mp-20491
  5257/8883: mp-1113149
unable to access bucket: 'materialsproject-parsed' key: 'chgcars/mp-1443938.json.gz' version: None error: An error occurred (NoSuchKey) when calling the GetObject operation: The specified key does not exist.
  5258/8883: mp-865096
  5259/8883: mp-5221
  5260/8883: mp-866162
  5261/8883: mp-1112625
unable to access bucket: 'materialsproject-parsed' key: 'chgcars/mp-1409243.json.gz' version: None error: An error occurred (NoSuchKey) when calling the GetObject operation: The specified key does not exist.
  5262/8883: mp-1193985
  5263/8883: mp-1184824
unable to access bucket: 'materialsproject-parsed' key: 'chgcars/mp-1417485.json.gz' version: None error: An error occurred (NoSuchKey) when calling the GetObject operation: The specified key does not exist.
  5264/8883: mp-30551
  5265/8883: mp-1161
  5266/8883: mp-1205540
unable to access bucket: 'materialsproject-parsed' key: 'chgcars/mp-1389090.json.gz' version: None error: An error occurred (NoSuchKey) when calling the GetObject operation: The specified key does not exist.
  5267/8883: mp-865622
  5268/8883: mp-1138
  5269/8883: mp-1112221
  5270/8883: mp-1958
  5271/8883: mp-1184238
  5272/8883: mp-1113694
  5273/8883: mp-1185007
  5274/8883: mp-1112276
unable to access bucket: 'materialsproject-parsed' key: 'chgcars/mp-1409732.json.gz' version: None error: An error occurred (NoSuchKey) when calling the GetObject operation: The specified key does not exist.
  5275/8883: mp-7592
unable to access bucket: 'materialsproject-parsed' key: 'chgcars/mp-1439891.json.gz' version: None error: An error occurred (NoSuchKey) when calling the GetObject operation: The specified key does not exist.
  5276/8883: mp-1183744
unable to access bucket: 'materialsproject-parsed' key: 'chgcars/mp-1475901.json.gz' version: None error: An error occurred (NoSuchKey) when calling the GetObject operation: The specified key does not exist.
  5277/8883: mp-999395
unable to access bucket: 'materialsproject-parsed' key: 'chgcars/mp-1419351.json.gz' version: None error: An error occurred (NoSuchKey) when calling the GetObject operation: The specified key does not exist.
  5278/8883: mp-1110595
unable to access bucket: 'materialsproject-parsed' key: 'chgcars/mp-1387856.json.gz' version: None error: An error occurred (NoSuchKey) when calling the GetObject operation: The specified key does not exist.
  5279/8883: mp-865518
unable to access bucket: 'materialsproject-parsed' key: 'chgcars/mp-1407581.json.gz' version: None error: An error occurred (NoSuchKey) when calling the GetObject operation: The specified key does not exist.
  5280/8883: mp-5159
  5281/8883: mp-972997
unable to access bucket: 'materialsproject-parsed' key: 'chgcars/mp-1433105.json.gz' version: None error: An error occurred (NoSuchKey) when calling the GetObject operation: The specified key does not exist.
  5282/8883: mp-1185073
unable to access bucket: 'materialsproject-parsed' key: 'chgcars/mp-1410481.json.gz' version: None error: An error occurred (NoSuchKey) when calling the GetObject operation: The specified key does not exist.
  5283/8883: mp-631374
unable to access bucket: 'materialsproject-parsed' key: 'chgcars/mp-1417370.json.gz' version: None error: An error occurred (NoSuchKey) when calling the GetObject operation: The specified key does not exist.
  5284/8883: mp-1210274
  5285/8883: mp-1183399
unable to access bucket: 'materialsproject-parsed' key: 'chgcars/mp-1401919.json.gz' version: None error: An error occurred (NoSuchKey) when calling the GetObject operation: The specified key does not exist.
  5286/8883: mp-30765
  5287/8883: mp-13181
unable to access bucket: 'materialsproject-parsed' key: 'chgcars/mp-1397132.json.gz' version: None error: An error occurred (NoSuchKey) when calling the GetObject operation: The specified key does not exist.
  5288/8883: mp-1187240
  5289/8883: mp-1205731
  5290/8883: mp-1110793
unable to access bucket: 'materialsproject-parsed' key: 'chgcars/mp-1409211.json.gz' version: None error: An error occurred (NoSuchKey) when calling the GetObject operation: The specified key does not exist.
  5291/8883: mp-973053
  5292/8883: mp-1111600
  5293/8883: mp-973653
unable to access bucket: 'materialsproject-parsed' key: 'chgcars/mp-1416344.json.gz' version: None error: An error occurred (NoSuchKey) when calling the GetObject operation: The specified key does not exist.
  5294/8883: mp-862691
  5295/8883: mp-1207160
unable to access bucket: 'materialsproject-parsed' key: 'chgcars/mp-1397653.json.gz' version: None error: An error occurred (NoSuchKey) when calling the GetObject operation: The specified key does not exist.
  5296/8883: mp-867181
  5297/8883: mp-974565
unable to access bucket: 'materialsproject-parsed' key: 'chgcars/mp-1431211.json.gz' version: None error: An error occurred (NoSuchKey) when calling the GetObject operation: The specified key does not exist.
  5298/8883: mp-1916
unable to access bucket: 'materialsproject-parsed' key: 'chgcars/mp-1442226.json.gz' version: None error: An error occurred (NoSuchKey) when calling the GetObject operation: The specified key does not exist.
  5299/8883: mp-1062345
  5300/8883: mp-1113037
  5301/8883: mp-1185609
unable to access bucket: 'materialsproject-parsed' key: 'chgcars/mp-1401702.json.gz' version: None error: An error occurred (NoSuchKey) when calling the GetObject operation: The specified key does not exist.
  5302/8883: mp-1221492
unable to access bucket: 'materialsproject-parsed' key: 'chgcars/mp-1414070.json.gz' version: None error: An error occurred (NoSuchKey) when calling the GetObject operation: The specified key does not exist.
  5303/8883: mp-862699
  5304/8883: mp-862907
  5305/8883: mp-861616
unable to access bucket: 'materialsproject-parsed' key: 'chgcars/mp-1424425.json.gz' version: None error: An error occurred (NoSuchKey) when calling the GetObject operation: The specified key does not exist.
  5306/8883: mp-1185602
  5307/8883: mp-1111871
unable to access bucket: 'materialsproject-parsed' key: 'chgcars/mp-1444018.json.gz' version: None error: An error occurred (NoSuchKey) when calling the GetObject operation: The specified key does not exist.
  5308/8883: mp-1187863
unable to access bucket: 'materialsproject-parsed' key: 'chgcars/mp-1475635.json.gz' version: None error: An error occurred (NoSuchKey) when calling the GetObject operation: The specified key does not exist.
  5309/8883: mp-1114035
  5310/8883: mp-972
unable to access bucket: 'materialsproject-parsed' key: 'chgcars/mp-1440645.json.gz' version: None error: An error occurred (NoSuchKey) when calling the GetObject operation: The specified key does not exist.
  5311/8883: mp-600
  5312/8883: mp-865876
  5313/8883: mp-1039270
  5314/8883: mp-1111018
unable to access bucket: 'materialsproject-parsed' key: 'chgcars/mp-1400596.json.gz' version: None error: An error occurred (NoSuchKey) when calling the GetObject operation: The specified key does not exist.
  5315/8883: mp-971922
  5316/8883: mp-1112633
unable to access bucket: 'materialsproject-parsed' key: 'chgcars/mp-1384311.json.gz' version: None error: An error occurred (NoSuchKey) when calling the GetObject operation: The specified key does not exist.
  5317/8883: mp-621348
unable to access bucket: 'materialsproject-parsed' key: 'chgcars/mp-1476193.json.gz' version: None error: An error occurred (NoSuchKey) when calling the GetObject operation: The specified key does not exist.
  5318/8883: mp-1111490
  5319/8883: mp-1183448
  5320/8883: mp-977204
  5321/8883: mp-1194452
unable to access bucket: 'materialsproject-parsed' key: 'chgcars/mp-1403401.json.gz' version: None error: An error occurred (NoSuchKey) when calling the GetObject operation: The specified key does not exist.
  5322/8883: mp-1183900
unable to access bucket: 'materialsproject-parsed' key: 'chgcars/mp-1444943.json.gz' version: None error: An error occurred (NoSuchKey) when calling the GetObject operation: The specified key does not exist.
  5323/8883: mp-865799
unable to access bucket: 'materialsproject-parsed' key: 'chgcars/mp-1436631.json.gz' version: None error: An error occurred (NoSuchKey) when calling the GetObject operation: The specified key does not exist.
  5324/8883: mp-1094666
unable to access bucket: 'materialsproject-parsed' key: 'chgcars/mp-1403568.json.gz' version: None error: An error occurred (NoSuchKey) when calling the GetObject operation: The specified key does not exist.
  5325/8883: mp-1110663
  5326/8883: mp-1111262
  5327/8883: mp-1113933
unable to access bucket: 'materialsproject-parsed' key: 'chgcars/mp-1393005.json.gz' version: None error: An error occurred (NoSuchKey) when calling the GetObject operation: The specified key does not exist.
  5328/8883: mp-1113551
unable to access bucket: 'materialsproject-parsed' key: 'chgcars/mp-1330259.json.gz' version: None error: An error occurred (NoSuchKey) when calling the GetObject operation: The specified key does not exist.
  5329/8883: mp-1110804
  5330/8883: mp-1186474
unable to access bucket: 'materialsproject-parsed' key: 'chgcars/mp-1390925.json.gz' version: None error: An error occurred (NoSuchKey) when calling the GetObject operation: The specified key does not exist.
  5331/8883: mp-976236
unable to access bucket: 'materialsproject-parsed' key: 'chgcars/mp-1392128.json.gz' version: None error: An error occurred (NoSuchKey) when calling the GetObject operation: The specified key does not exist.
  5332/8883: mp-864969
unable to access bucket: 'materialsproject-parsed' key: 'chgcars/mp-1419095.json.gz' version: None error: An error occurred (NoSuchKey) when calling the GetObject operation: The specified key does not exist.
  5333/8883: mp-989519
unable to access bucket: 'materialsproject-parsed' key: 'chgcars/mp-1391745.json.gz' version: None error: An error occurred (NoSuchKey) when calling the GetObject operation: The specified key does not exist.
  5334/8883: mp-1008901
  5335/8883: mp-1210015
  5336/8883: mp-989595
unable to access bucket: 'materialsproject-parsed' key: 'chgcars/mp-1391285.json.gz' version: None error: An error occurred (NoSuchKey) when calling the GetObject operation: The specified key does not exist.
  5337/8883: mp-865156
  5338/8883: mp-1184690
  5339/8883: mp-1185389
unable to access bucket: 'materialsproject-parsed' key: 'chgcars/mp-1416673.json.gz' version: None error: An error occurred (NoSuchKey) when calling the GetObject operation: The specified key does not exist.
  5340/8883: mp-1004525
unable to access bucket: 'materialsproject-parsed' key: 'chgcars/mp-1397300.json.gz' version: None error: An error occurred (NoSuchKey) when calling the GetObject operation: The specified key does not exist.
  5341/8883: mp-1112942
  5342/8883: mp-1113306
unable to access bucket: 'materialsproject-parsed' key: 'chgcars/mp-1399764.json.gz' version: None error: An error occurred (NoSuchKey) when calling the GetObject operation: The specified key does not exist.
  5343/8883: mp-1064703
  5344/8883: mp-1187090
unable to access bucket: 'materialsproject-parsed' key: 'chgcars/mp-1392694.json.gz' version: None error: An error occurred (NoSuchKey) when calling the GetObject operation: The specified key does not exist.
  5345/8883: mp-867350
  5346/8883: mp-14039
  5347/8883: mp-1009533
  5348/8883: mp-1186039
unable to access bucket: 'materialsproject-parsed' key: 'chgcars/mp-1392831.json.gz' version: None error: An error occurred (NoSuchKey) when calling the GetObject operation: The specified key does not exist.
  5349/8883: mp-1110818
  5350/8883: mp-568880
  5351/8883: mp-23471
unable to access bucket: 'materialsproject-parsed' key: 'chgcars/mp-1428938.json.gz' version: None error: An error occurred (NoSuchKey) when calling the GetObject operation: The specified key does not exist.
  5352/8883: mp-1112787
  5353/8883: mp-1111615
unable to access bucket: 'materialsproject-parsed' key: 'chgcars/mp-1401479.json.gz' version: None error: An error occurred (NoSuchKey) when calling the GetObject operation: The specified key does not exist.
  5354/8883: mp-973091
unable to access bucket: 'materialsproject-parsed' key: 'chgcars/mp-1396356.json.gz' version: None error: An error occurred (NoSuchKey) when calling the GetObject operation: The specified key does not exist.
  5355/8883: mp-1186909
  5356/8883: mp-862744
unable to access bucket: 'materialsproject-parsed' key: 'chgcars/mp-1431961.json.gz' version: None error: An error occurred (NoSuchKey) when calling the GetObject operation: The specified key does not exist.
  5357/8883: mp-1111222
unable to access bucket: 'materialsproject-parsed' key: 'chgcars/mp-1373748.json.gz' version: None error: An error occurred (NoSuchKey) when calling the GetObject operation: The specified key does not exist.
  5358/8883: mp-865209
  5359/8883: mp-1193180
  5360/8883: mp-982443
  5361/8883: mp-1184739
  5362/8883: mp-1186021
unable to access bucket: 'materialsproject-parsed' key: 'chgcars/mp-1430084.json.gz' version: None error: An error occurred (NoSuchKey) when calling the GetObject operation: The specified key does not exist.
  5363/8883: mp-1214679
  5364/8883: mp-866177
  5365/8883: mp-1114121
unable to access bucket: 'materialsproject-parsed' key: 'chgcars/mp-1390575.json.gz' version: None error: An error occurred (NoSuchKey) when calling the GetObject operation: The specified key does not exist.
  5366/8883: mp-1186354
  5367/8883: mp-23231
  5368/8883: mp-1183783
  5369/8883: mp-18845
unable to access bucket: 'materialsproject-parsed' key: 'chgcars/mp-1298503.json.gz' version: None error: An error occurred (NoSuchKey) when calling the GetObject operation: The specified key does not exist.
  5370/8883: mp-1546
unable to access bucket: 'materialsproject-parsed' key: 'chgcars/mp-1413006.json.gz' version: None error: An error occurred (NoSuchKey) when calling the GetObject operation: The specified key does not exist.
  5371/8883: mp-1111032
unable to access bucket: 'materialsproject-parsed' key: 'chgcars/mp-1410169.json.gz' version: None error: An error occurred (NoSuchKey) when calling the GetObject operation: The specified key does not exist.
  5372/8883: mp-1094270
  5373/8883: mp-505569
unable to access bucket: 'materialsproject-parsed' key: 'chgcars/mp-1440364.json.gz' version: None error: An error occurred (NoSuchKey) when calling the GetObject operation: The specified key does not exist.
  5374/8883: mp-1112889
  5375/8883: mp-1183121
  5376/8883: mp-1187233
unable to access bucket: 'materialsproject-parsed' key: 'chgcars/mp-1384944.json.gz' version: None error: An error occurred (NoSuchKey) when calling the GetObject operation: The specified key does not exist.
  5377/8883: mp-1112494
  5378/8883: mp-1111100
  5379/8883: mp-1185134
unable to access bucket: 'materialsproject-parsed' key: 'chgcars/mp-1419646.json.gz' version: None error: An error occurred (NoSuchKey) when calling the GetObject operation: The specified key does not exist.
  5380/8883: mp-13396
  5381/8883: mp-1186887
unable to access bucket: 'materialsproject-parsed' key: 'chgcars/mp-1396910.json.gz' version: None error: An error occurred (NoSuchKey) when calling the GetObject operation: The specified key does not exist.
  5382/8883: mp-1183421
unable to access bucket: 'materialsproject-parsed' key: 'chgcars/mp-1422036.json.gz' version: None error: An error occurred (NoSuchKey) when calling the GetObject operation: The specified key does not exist.
  5383/8883: mp-1113046
  5384/8883: mp-23036
  5385/8883: mp-861976
unable to access bucket: 'materialsproject-parsed' key: 'chgcars/mp-1445520.json.gz' version: None error: An error occurred (NoSuchKey) when calling the GetObject operation: The specified key does not exist.
  5386/8883: mp-1185363
unable to access bucket: 'materialsproject-parsed' key: 'chgcars/mp-1435852.json.gz' version: None error: An error occurred (NoSuchKey) when calling the GetObject operation: The specified key does not exist.
  5387/8883: mp-1111503
  5388/8883: mp-1187696
  5389/8883: mp-1112659
  5390/8883: mp-22922
  5391/8883: mp-998965
unable to access bucket: 'materialsproject-parsed' key: 'chgcars/mp-1658177.json.gz' version: None error: An error occurred (NoSuchKey) when calling the GetObject operation: The specified key does not exist.
  5392/8883: mp-972649
  5393/8883: mp-1114026
unable to access bucket: 'materialsproject-parsed' key: 'chgcars/mp-1390486.json.gz' version: None error: An error occurred (NoSuchKey) when calling the GetObject operation: The specified key does not exist.
  5394/8883: mp-1113230
unable to access bucket: 'materialsproject-parsed' key: 'chgcars/mp-1445682.json.gz' version: None error: An error occurred (NoSuchKey) when calling the GetObject operation: The specified key does not exist.
  5395/8883: mp-1193952
unable to access bucket: 'materialsproject-parsed' key: 'chgcars/mp-1475617.json.gz' version: None error: An error occurred (NoSuchKey) when calling the GetObject operation: The specified key does not exist.
  5396/8883: mp-865879
unable to access bucket: 'materialsproject-parsed' key: 'chgcars/mp-1446373.json.gz' version: None error: An error occurred (NoSuchKey) when calling the GetObject operation: The specified key does not exist.
  5397/8883: mp-1183607
  5398/8883: mp-1194002
unable to access bucket: 'materialsproject-parsed' key: 'chgcars/mp-1402679.json.gz' version: None error: An error occurred (NoSuchKey) when calling the GetObject operation: The specified key does not exist.
  5399/8883: mp-1114137
unable to access bucket: 'materialsproject-parsed' key: 'chgcars/mp-1389571.json.gz' version: None error: An error occurred (NoSuchKey) when calling the GetObject operation: The specified key does not exist.
  5400/8883: mp-1184732
unable to access bucket: 'materialsproject-parsed' key: 'chgcars/mp-1660033.json.gz' version: None error: An error occurred (NoSuchKey) when calling the GetObject operation: The specified key does not exist.
  5401/8883: mp-1095170
unable to access bucket: 'materialsproject-parsed' key: 'chgcars/mp-1289724.json.gz' version: None error: An error occurred (NoSuchKey) when calling the GetObject operation: The specified key does not exist.
  5402/8883: mp-1147761
unable to access bucket: 'materialsproject-parsed' key: 'chgcars/mp-1409976.json.gz' version: None error: An error occurred (NoSuchKey) when calling the GetObject operation: The specified key does not exist.
  5403/8883: mp-1190582
  5404/8883: mp-1111963
unable to access bucket: 'materialsproject-parsed' key: 'chgcars/mp-1385683.json.gz' version: None error: An error occurred (NoSuchKey) when calling the GetObject operation: The specified key does not exist.
  5405/8883: mp-977393
unable to access bucket: 'materialsproject-parsed' key: 'chgcars/mp-1435051.json.gz' version: None error: An error occurred (NoSuchKey) when calling the GetObject operation: The specified key does not exist.
  5406/8883: mp-18451
unable to access bucket: 'materialsproject-parsed' key: 'chgcars/mp-1415477.json.gz' version: None error: An error occurred (NoSuchKey) when calling the GetObject operation: The specified key does not exist.
  5407/8883: mp-977571
unable to access bucket: 'materialsproject-parsed' key: 'chgcars/mp-1421246.json.gz' version: None error: An error occurred (NoSuchKey) when calling the GetObject operation: The specified key does not exist.
  5408/8883: mp-1111865
  5409/8883: mp-1111589
  5410/8883: mp-2191
unable to access bucket: 'materialsproject-parsed' key: 'chgcars/mp-1440831.json.gz' version: None error: An error occurred (NoSuchKey) when calling the GetObject operation: The specified key does not exist.
  5411/8883: mp-3042
  5412/8883: mp-1112158
unable to access bucket: 'materialsproject-parsed' key: 'chgcars/mp-1405460.json.gz' version: None error: An error occurred (NoSuchKey) when calling the GetObject operation: The specified key does not exist.
  5413/8883: mp-865279
unable to access bucket: 'materialsproject-parsed' key: 'chgcars/mp-1407656.json.gz' version: None error: An error occurred (NoSuchKey) when calling the GetObject operation: The specified key does not exist.
  5414/8883: mp-862788
  5415/8883: mp-102
unable to access bucket: 'materialsproject-parsed' key: 'chgcars/mp-1441012.json.gz' version: None error: An error occurred (NoSuchKey) when calling the GetObject operation: The specified key does not exist.
  5416/8883: mp-1111537
  5417/8883: mp-1207104
  5418/8883: mp-37307
  5419/8883: mp-1080470
  5420/8883: mp-1610
unable to access bucket: 'materialsproject-parsed' key: 'chgcars/mp-1440127.json.gz' version: None error: An error occurred (NoSuchKey) when calling the GetObject operation: The specified key does not exist.
  5421/8883: mp-865329
unable to access bucket: 'materialsproject-parsed' key: 'chgcars/mp-1435137.json.gz' version: None error: An error occurred (NoSuchKey) when calling the GetObject operation: The specified key does not exist.
  5422/8883: mp-6739
  5423/8883: mp-1111021
  5424/8883: mp-1212014
unable to access bucket: 'materialsproject-parsed' key: 'chgcars/mp-1373565.json.gz' version: None error: An error occurred (NoSuchKey) when calling the GetObject operation: The specified key does not exist.
  5425/8883: mp-978885
  5426/8883: mp-1183938
unable to access bucket: 'materialsproject-parsed' key: 'chgcars/mp-1397743.json.gz' version: None error: An error occurred (NoSuchKey) when calling the GetObject operation: The specified key does not exist.
  5427/8883: mp-1184057
  5428/8883: mp-1039454
unable to access bucket: 'materialsproject-parsed' key: 'chgcars/mp-1391119.json.gz' version: None error: An error occurred (NoSuchKey) when calling the GetObject operation: The specified key does not exist.
  5429/8883: mp-865374
  5430/8883: mp-975073
  5431/8883: mp-974973
  5432/8883: mp-1185115
  5433/8883: mp-1110943
  5434/8883: mp-12304
  5435/8883: mp-1112565
  5436/8883: mp-1111406
  5437/8883: mp-1194450
unable to access bucket: 'materialsproject-parsed' key: 'chgcars/mp-1394286.json.gz' version: None error: An error occurred (NoSuchKey) when calling the GetObject operation: The specified key does not exist.
  5438/8883: mp-1111064
  5439/8883: mp-1112022
  5440/8883: mp-972877
  5441/8883: mp-1183571
unable to access bucket: 'materialsproject-parsed' key: 'chgcars/mp-1434692.json.gz' version: None error: An error occurred (NoSuchKey) when calling the GetObject operation: The specified key does not exist.
  5442/8883: mp-976265
  5443/8883: mp-1183758
  5444/8883: mp-1112060
  5445/8883: mp-1184535
  5446/8883: mp-370
  5447/8883: mp-1112891
  5448/8883: mp-863732
unable to access bucket: 'materialsproject-parsed' key: 'chgcars/mp-1413616.json.gz' version: None error: An error occurred (NoSuchKey) when calling the GetObject operation: The specified key does not exist.
  5449/8883: mp-1112268
unable to access bucket: 'materialsproject-parsed' key: 'chgcars/mp-1390878.json.gz' version: None error: An error occurred (NoSuchKey) when calling the GetObject operation: The specified key does not exist.
  5450/8883: mp-1186383
  5451/8883: mp-20724
  5452/8883: mp-1110972
  5453/8883: mp-1112853
  5454/8883: mp-2291
unable to access bucket: 'materialsproject-parsed' key: 'chgcars/mp-1300839.json.gz' version: None error: An error occurred (NoSuchKey) when calling the GetObject operation: The specified key does not exist.
  5455/8883: mp-1184222
  5456/8883: mp-979426
  5457/8883: mp-1193806
unable to access bucket: 'materialsproject-parsed' key: 'chgcars/mp-1396721.json.gz' version: None error: An error occurred (NoSuchKey) when calling the GetObject operation: The specified key does not exist.
  5458/8883: mp-24208
  5459/8883: mp-865830
unable to access bucket: 'materialsproject-parsed' key: 'chgcars/mp-1434439.json.gz' version: None error: An error occurred (NoSuchKey) when calling the GetObject operation: The specified key does not exist.
  5460/8883: mp-1187820
  5461/8883: mp-1192854
unable to access bucket: 'materialsproject-parsed' key: 'chgcars/mp-1386862.json.gz' version: None error: An error occurred (NoSuchKey) when calling the GetObject operation: The specified key does not exist.
  5462/8883: mp-1185986
  5463/8883: mp-1111358
  5464/8883: mp-1183766
  5465/8883: mp-30393
unable to access bucket: 'materialsproject-parsed' key: 'chgcars/mp-1438321.json.gz' version: None error: An error occurred (NoSuchKey) when calling the GetObject operation: The specified key does not exist.
  5466/8883: mp-1208611
unable to access bucket: 'materialsproject-parsed' key: 'chgcars/mp-1656205.json.gz' version: None error: An error occurred (NoSuchKey) when calling the GetObject operation: The specified key does not exist.
  5467/8883: mp-1114120
  5468/8883: mp-1111590
  5469/8883: mp-1188002
unable to access bucket: 'materialsproject-parsed' key: 'chgcars/mp-1434778.json.gz' version: None error: An error occurred (NoSuchKey) when calling the GetObject operation: The specified key does not exist.
  5470/8883: mp-1187523
unable to access bucket: 'materialsproject-parsed' key: 'chgcars/mp-1407972.json.gz' version: None error: An error occurred (NoSuchKey) when calling the GetObject operation: The specified key does not exist.
  5471/8883: mp-862681
unable to access bucket: 'materialsproject-parsed' key: 'chgcars/mp-1425179.json.gz' version: None error: An error occurred (NoSuchKey) when calling the GetObject operation: The specified key does not exist.
  5472/8883: mp-1113328
unable to access bucket: 'materialsproject-parsed' key: 'chgcars/mp-1412007.json.gz' version: None error: An error occurred (NoSuchKey) when calling the GetObject operation: The specified key does not exist.
  5473/8883: mp-977391
unable to access bucket: 'materialsproject-parsed' key: 'chgcars/mp-1413706.json.gz' version: None error: An error occurred (NoSuchKey) when calling the GetObject operation: The specified key does not exist.
  5474/8883: mp-863664
unable to access bucket: 'materialsproject-parsed' key: 'chgcars/mp-1414857.json.gz' version: None error: An error occurred (NoSuchKey) when calling the GetObject operation: The specified key does not exist.
  5475/8883: mp-24411
  5476/8883: mp-1183618
unable to access bucket: 'materialsproject-parsed' key: 'chgcars/mp-1436111.json.gz' version: None error: An error occurred (NoSuchKey) when calling the GetObject operation: The specified key does not exist.
  5477/8883: mp-1206987
  5478/8883: mp-862817
unable to access bucket: 'materialsproject-parsed' key: 'chgcars/mp-1426881.json.gz' version: None error: An error occurred (NoSuchKey) when calling the GetObject operation: The specified key does not exist.
  5479/8883: mp-862376
  5480/8883: mp-1184560
unable to access bucket: 'materialsproject-parsed' key: 'chgcars/mp-1436742.json.gz' version: None error: An error occurred (NoSuchKey) when calling the GetObject operation: The specified key does not exist.
  5481/8883: mp-10159
unable to access bucket: 'materialsproject-parsed' key: 'chgcars/mp-1441197.json.gz' version: None error: An error occurred (NoSuchKey) when calling the GetObject operation: The specified key does not exist.
  5482/8883: mp-865421
unable to access bucket: 'materialsproject-parsed' key: 'chgcars/mp-1435574.json.gz' version: None error: An error occurred (NoSuchKey) when calling the GetObject operation: The specified key does not exist.
  5483/8883: mp-1111062
unable to access bucket: 'materialsproject-parsed' key: 'chgcars/mp-1400368.json.gz' version: None error: An error occurred (NoSuchKey) when calling the GetObject operation: The specified key does not exist.
  5484/8883: mp-567498
  5485/8883: mp-1183979
  5486/8883: mp-867208
unable to access bucket: 'materialsproject-parsed' key: 'chgcars/mp-1444135.json.gz' version: None error: An error occurred (NoSuchKey) when calling the GetObject operation: The specified key does not exist.
  5487/8883: mp-1184075
unable to access bucket: 'materialsproject-parsed' key: 'chgcars/mp-1420948.json.gz' version: None error: An error occurred (NoSuchKey) when calling the GetObject operation: The specified key does not exist.
  5488/8883: mp-1185293
unable to access bucket: 'materialsproject-parsed' key: 'chgcars/mp-1395952.json.gz' version: None error: An error occurred (NoSuchKey) when calling the GetObject operation: The specified key does not exist.
  5489/8883: mp-865791
  5490/8883: mp-862720
unable to access bucket: 'materialsproject-parsed' key: 'chgcars/mp-1387671.json.gz' version: None error: An error occurred (NoSuchKey) when calling the GetObject operation: The specified key does not exist.
  5491/8883: mp-1184226
  5492/8883: mp-1185923
unable to access bucket: 'materialsproject-parsed' key: 'chgcars/mp-1415203.json.gz' version: None error: An error occurred (NoSuchKey) when calling the GetObject operation: The specified key does not exist.
  5493/8883: mp-977200
unable to access bucket: 'materialsproject-parsed' key: 'chgcars/mp-1434183.json.gz' version: None error: An error occurred (NoSuchKey) when calling the GetObject operation: The specified key does not exist.
  5494/8883: mp-1211429
unable to access bucket: 'materialsproject-parsed' key: 'chgcars/mp-1374547.json.gz' version: None error: An error occurred (NoSuchKey) when calling the GetObject operation: The specified key does not exist.
  5495/8883: mp-1110729
unable to access bucket: 'materialsproject-parsed' key: 'chgcars/mp-1366660.json.gz' version: None error: An error occurred (NoSuchKey) when calling the GetObject operation: The specified key does not exist.
  5496/8883: mp-865888
unable to access bucket: 'materialsproject-parsed' key: 'chgcars/mp-1433592.json.gz' version: None error: An error occurred (NoSuchKey) when calling the GetObject operation: The specified key does not exist.
  5497/8883: mp-862288
unable to access bucket: 'materialsproject-parsed' key: 'chgcars/mp-1428180.json.gz' version: None error: An error occurred (NoSuchKey) when calling the GetObject operation: The specified key does not exist.
  5498/8883: mp-16268
  5499/8883: mp-1187003
  5500/8883: mp-1112004
  5501/8883: mp-1112177
  5502/8883: mp-1187926
unable to access bucket: 'materialsproject-parsed' key: 'chgcars/mp-1426528.json.gz' version: None error: An error occurred (NoSuchKey) when calling the GetObject operation: The specified key does not exist.
  5503/8883: mp-2388
  5504/8883: mp-1006068
  5505/8883: mp-1222703
unable to access bucket: 'materialsproject-parsed' key: 'chgcars/mp-1398692.json.gz' version: None error: An error occurred (NoSuchKey) when calling the GetObject operation: The specified key does not exist.
  5506/8883: mp-1186407
  5507/8883: mp-973069
unable to access bucket: 'materialsproject-parsed' key: 'chgcars/mp-1446200.json.gz' version: None error: An error occurred (NoSuchKey) when calling the GetObject operation: The specified key does not exist.
  5508/8883: mp-567942
  5509/8883: mp-1186644
  5510/8883: mp-1185667
unable to access bucket: 'materialsproject-parsed' key: 'chgcars/mp-1414886.json.gz' version: None error: An error occurred (NoSuchKey) when calling the GetObject operation: The specified key does not exist.
  5511/8883: mp-864770
unable to access bucket: 'materialsproject-parsed' key: 'chgcars/mp-1415275.json.gz' version: None error: An error occurred (NoSuchKey) when calling the GetObject operation: The specified key does not exist.
  5512/8883: mp-1111393
unable to access bucket: 'materialsproject-parsed' key: 'chgcars/mp-1393099.json.gz' version: None error: An error occurred (NoSuchKey) when calling the GetObject operation: The specified key does not exist.
  5513/8883: mp-862887
  5514/8883: mp-1112320
  5515/8883: mp-1187656
unable to access bucket: 'materialsproject-parsed' key: 'chgcars/mp-1430353.json.gz' version: None error: An error occurred (NoSuchKey) when calling the GetObject operation: The specified key does not exist.
  5516/8883: mp-1282
  5517/8883: mp-1208970
  5518/8883: mp-862715
unable to access bucket: 'materialsproject-parsed' key: 'chgcars/mp-1424478.json.gz' version: None error: An error occurred (NoSuchKey) when calling the GetObject operation: The specified key does not exist.
  5519/8883: mp-1183804
unable to access bucket: 'materialsproject-parsed' key: 'chgcars/mp-1426902.json.gz' version: None error: An error occurred (NoSuchKey) when calling the GetObject operation: The specified key does not exist.
  5520/8883: mp-1183768
unable to access bucket: 'materialsproject-parsed' key: 'chgcars/mp-1431417.json.gz' version: None error: An error occurred (NoSuchKey) when calling the GetObject operation: The specified key does not exist.
  5521/8883: mp-1782
unable to access bucket: 'materialsproject-parsed' key: 'chgcars/mp-1439205.json.gz' version: None error: An error occurred (NoSuchKey) when calling the GetObject operation: The specified key does not exist.
  5522/8883: mp-977205
unable to access bucket: 'materialsproject-parsed' key: 'chgcars/mp-1416430.json.gz' version: None error: An error occurred (NoSuchKey) when calling the GetObject operation: The specified key does not exist.
  5523/8883: mp-862711
  5524/8883: mp-631529
unable to access bucket: 'materialsproject-parsed' key: 'chgcars/mp-1435312.json.gz' version: None error: An error occurred (NoSuchKey) when calling the GetObject operation: The specified key does not exist.
  5525/8883: mp-1183316
  5526/8883: mp-867834
unable to access bucket: 'materialsproject-parsed' key: 'chgcars/mp-1427441.json.gz' version: None error: An error occurred (NoSuchKey) when calling the GetObject operation: The specified key does not exist.
  5527/8883: mp-865587
  5528/8883: mp-1110971
unable to access bucket: 'materialsproject-parsed' key: 'chgcars/mp-1397563.json.gz' version: None error: An error occurred (NoSuchKey) when calling the GetObject operation: The specified key does not exist.
  5529/8883: mp-1221343
  5530/8883: mp-2637
unable to access bucket: 'materialsproject-parsed' key: 'chgcars/mp-1442051.json.gz' version: None error: An error occurred (NoSuchKey) when calling the GetObject operation: The specified key does not exist.
  5531/8883: mp-1185515
unable to access bucket: 'materialsproject-parsed' key: 'chgcars/mp-1424414.json.gz' version: None error: An error occurred (NoSuchKey) when calling the GetObject operation: The specified key does not exist.
  5532/8883: mp-1113978
unable to access bucket: 'materialsproject-parsed' key: 'chgcars/mp-1403091.json.gz' version: None error: An error occurred (NoSuchKey) when calling the GetObject operation: The specified key does not exist.
  5533/8883: mp-1193308
unable to access bucket: 'materialsproject-parsed' key: 'chgcars/mp-1401694.json.gz' version: None error: An error occurred (NoSuchKey) when calling the GetObject operation: The specified key does not exist.
  5534/8883: mp-1205643
  5535/8883: mp-1039230
  5536/8883: mp-30450
  5537/8883: mp-866195
  5538/8883: mp-2286
  5539/8883: mp-1110892
  5540/8883: mp-972046
unable to access bucket: 'materialsproject-parsed' key: 'chgcars/mp-1395421.json.gz' version: None error: An error occurred (NoSuchKey) when calling the GetObject operation: The specified key does not exist.
  5541/8883: mp-865553
unable to access bucket: 'materialsproject-parsed' key: 'chgcars/mp-1408633.json.gz' version: None error: An error occurred (NoSuchKey) when calling the GetObject operation: The specified key does not exist.
  5542/8883: mp-864930
  5543/8883: mp-1185472
unable to access bucket: 'materialsproject-parsed' key: 'chgcars/mp-1391956.json.gz' version: None error: An error occurred (NoSuchKey) when calling the GetObject operation: The specified key does not exist.
  5544/8883: mp-1184556
unable to access bucket: 'materialsproject-parsed' key: 'chgcars/mp-1436101.json.gz' version: None error: An error occurred (NoSuchKey) when calling the GetObject operation: The specified key does not exist.
  5545/8883: mp-925
unable to access bucket: 'materialsproject-parsed' key: 'chgcars/mp-1441023.json.gz' version: None error: An error occurred (NoSuchKey) when calling the GetObject operation: The specified key does not exist.
  5546/8883: mp-14088
  5547/8883: mp-1110916
unable to access bucket: 'materialsproject-parsed' key: 'chgcars/mp-1442830.json.gz' version: None error: An error occurred (NoSuchKey) when calling the GetObject operation: The specified key does not exist.
  5548/8883: mp-865284
  5549/8883: mp-972767
unable to access bucket: 'materialsproject-parsed' key: 'chgcars/mp-1424715.json.gz' version: None error: An error occurred (NoSuchKey) when calling the GetObject operation: The specified key does not exist.
  5550/8883: mp-1111504
unable to access bucket: 'materialsproject-parsed' key: 'chgcars/mp-1392616.json.gz' version: None error: An error occurred (NoSuchKey) when calling the GetObject operation: The specified key does not exist.
  5551/8883: mp-865097
unable to access bucket: 'materialsproject-parsed' key: 'chgcars/mp-1433246.json.gz' version: None error: An error occurred (NoSuchKey) when calling the GetObject operation: The specified key does not exist.
  5552/8883: mp-1193830
  5553/8883: mp-1062817
unable to access bucket: 'materialsproject-parsed' key: 'chgcars/mp-1439580.json.gz' version: None error: An error occurred (NoSuchKey) when calling the GetObject operation: The specified key does not exist.
  5554/8883: mp-867896
  5555/8883: mp-1112315
  5556/8883: mp-863711
unable to access bucket: 'materialsproject-parsed' key: 'chgcars/mp-1418000.json.gz' version: None error: An error occurred (NoSuchKey) when calling the GetObject operation: The specified key does not exist.
  5557/8883: mp-1110566
  5558/8883: mp-865157
  5559/8883: mp-978522
  5560/8883: mp-863249
unable to access bucket: 'materialsproject-parsed' key: 'chgcars/mp-1410428.json.gz' version: None error: An error occurred (NoSuchKey) when calling the GetObject operation: The specified key does not exist.
  5561/8883: mp-1111213
  5562/8883: mp-975905
unable to access bucket: 'materialsproject-parsed' key: 'chgcars/mp-1433111.json.gz' version: None error: An error occurred (NoSuchKey) when calling the GetObject operation: The specified key does not exist.
  5563/8883: mp-1186396
unable to access bucket: 'materialsproject-parsed' key: 'chgcars/mp-1435336.json.gz' version: None error: An error occurred (NoSuchKey) when calling the GetObject operation: The specified key does not exist.
  5564/8883: mp-1110778
  5565/8883: mp-972396
  5566/8883: mp-972522
unable to access bucket: 'materialsproject-parsed' key: 'chgcars/mp-1427167.json.gz' version: None error: An error occurred (NoSuchKey) when calling the GetObject operation: The specified key does not exist.
  5567/8883: mp-973528
unable to access bucket: 'materialsproject-parsed' key: 'chgcars/mp-1400508.json.gz' version: None error: An error occurred (NoSuchKey) when calling the GetObject operation: The specified key does not exist.
  5568/8883: mp-1185435
  5569/8883: mp-1112237
  5570/8883: mp-1185038
unable to access bucket: 'materialsproject-parsed' key: 'chgcars/mp-1396484.json.gz' version: None error: An error occurred (NoSuchKey) when calling the GetObject operation: The specified key does not exist.
  5571/8883: mp-1112931
  5572/8883: mp-1187348
  5573/8883: mp-919
unable to access bucket: 'materialsproject-parsed' key: 'chgcars/mp-1440338.json.gz' version: None error: An error occurred (NoSuchKey) when calling the GetObject operation: The specified key does not exist.
  5574/8883: mp-866282
  5575/8883: mp-1114107
unable to access bucket: 'materialsproject-parsed' key: 'chgcars/mp-1409780.json.gz' version: None error: An error occurred (NoSuchKey) when calling the GetObject operation: The specified key does not exist.
  5576/8883: mp-1206714
  5577/8883: mp-2759
  5578/8883: mp-1186672
unable to access bucket: 'materialsproject-parsed' key: 'chgcars/mp-1409773.json.gz' version: None error: An error occurred (NoSuchKey) when calling the GetObject operation: The specified key does not exist.
  5579/8883: mp-989570
  5580/8883: mp-972072
unable to access bucket: 'materialsproject-parsed' key: 'chgcars/mp-1430988.json.gz' version: None error: An error occurred (NoSuchKey) when calling the GetObject operation: The specified key does not exist.
  5581/8883: mp-1187333
  5582/8883: mp-1009545
unable to access bucket: 'materialsproject-parsed' key: 'chgcars/mp-1439752.json.gz' version: None error: An error occurred (NoSuchKey) when calling the GetObject operation: The specified key does not exist.
  5583/8883: mp-554941
  5584/8883: mp-1186506
  5585/8883: mp-978953
  5586/8883: mp-865905
unable to access bucket: 'materialsproject-parsed' key: 'chgcars/mp-1391330.json.gz' version: None error: An error occurred (NoSuchKey) when calling the GetObject operation: The specified key does not exist.
  5587/8883: mp-1185089
unable to access bucket: 'materialsproject-parsed' key: 'chgcars/mp-1397360.json.gz' version: None error: An error occurred (NoSuchKey) when calling the GetObject operation: The specified key does not exist.
  5588/8883: mp-867860
unable to access bucket: 'materialsproject-parsed' key: 'chgcars/mp-1419790.json.gz' version: None error: An error occurred (NoSuchKey) when calling the GetObject operation: The specified key does not exist.
  5589/8883: mp-971750
unable to access bucket: 'materialsproject-parsed' key: 'chgcars/mp-1429444.json.gz' version: None error: An error occurred (NoSuchKey) when calling the GetObject operation: The specified key does not exist.
  5590/8883: mp-1112253
  5591/8883: mp-1111943
  5592/8883: mp-1185439
unable to access bucket: 'materialsproject-parsed' key: 'chgcars/mp-1433902.json.gz' version: None error: An error occurred (NoSuchKey) when calling the GetObject operation: The specified key does not exist.
  5593/8883: mp-1110850
  5594/8883: mp-1110865
  5595/8883: mp-1055
  5596/8883: mp-631592
unable to access bucket: 'materialsproject-parsed' key: 'chgcars/mp-1421870.json.gz' version: None error: An error occurred (NoSuchKey) when calling the GetObject operation: The specified key does not exist.
  5597/8883: mp-1112553
unable to access bucket: 'materialsproject-parsed' key: 'chgcars/mp-1443673.json.gz' version: None error: An error occurred (NoSuchKey) when calling the GetObject operation: The specified key does not exist.
  5598/8883: mp-1112916
  5599/8883: mp-1110677
  5600/8883: mp-978910
  5601/8883: mp-1186462
unable to access bucket: 'materialsproject-parsed' key: 'chgcars/mp-1420492.json.gz' version: None error: An error occurred (NoSuchKey) when calling the GetObject operation: The specified key does not exist.
  5602/8883: mp-1113583
  5603/8883: mp-1110927
  5604/8883: mp-1187086
unable to access bucket: 'materialsproject-parsed' key: 'chgcars/mp-1443026.json.gz' version: None error: An error occurred (NoSuchKey) when calling the GetObject operation: The specified key does not exist.
  5605/8883: mp-1112501
  5606/8883: mp-21175
  5607/8883: mp-861646
  5608/8883: mp-865591
unable to access bucket: 'materialsproject-parsed' key: 'chgcars/mp-1420549.json.gz' version: None error: An error occurred (NoSuchKey) when calling the GetObject operation: The specified key does not exist.
  5609/8883: mp-980662
unable to access bucket: 'materialsproject-parsed' key: 'chgcars/mp-1425890.json.gz' version: None error: An error occurred (NoSuchKey) when calling the GetObject operation: The specified key does not exist.
  5610/8883: mp-862261
unable to access bucket: 'materialsproject-parsed' key: 'chgcars/mp-1421800.json.gz' version: None error: An error occurred (NoSuchKey) when calling the GetObject operation: The specified key does not exist.
  5611/8883: mp-865965
unable to access bucket: 'materialsproject-parsed' key: 'chgcars/mp-1432082.json.gz' version: None error: An error occurred (NoSuchKey) when calling the GetObject operation: The specified key does not exist.
  5612/8883: mp-1112924
  5613/8883: mp-974638
unable to access bucket: 'materialsproject-parsed' key: 'chgcars/mp-1413752.json.gz' version: None error: An error occurred (NoSuchKey) when calling the GetObject operation: The specified key does not exist.
  5614/8883: mp-1183299
  5615/8883: mp-1112063
  5616/8883: mp-865883
unable to access bucket: 'materialsproject-parsed' key: 'chgcars/mp-1386763.json.gz' version: None error: An error occurred (NoSuchKey) when calling the GetObject operation: The specified key does not exist.
  5617/8883: mp-1185495
  5618/8883: mp-1206901
unable to access bucket: 'materialsproject-parsed' key: 'chgcars/mp-1395981.json.gz' version: None error: An error occurred (NoSuchKey) when calling the GetObject operation: The specified key does not exist.
  5619/8883: mp-16482
unable to access bucket: 'materialsproject-parsed' key: 'chgcars/mp-1441448.json.gz' version: None error: An error occurred (NoSuchKey) when calling the GetObject operation: The specified key does not exist.
  5620/8883: mp-570661
  5621/8883: mp-1113179
  5622/8883: mp-1184636
unable to access bucket: 'materialsproject-parsed' key: 'chgcars/mp-1415420.json.gz' version: None error: An error occurred (NoSuchKey) when calling the GetObject operation: The specified key does not exist.
  5623/8883: mp-1079901
unable to access bucket: 'materialsproject-parsed' key: 'chgcars/mp-1298464.json.gz' version: None error: An error occurred (NoSuchKey) when calling the GetObject operation: The specified key does not exist.
  5624/8883: mp-971921
  5625/8883: mp-1187617
  5626/8883: mp-1110979
  5627/8883: mp-1110732
unable to access bucket: 'materialsproject-parsed' key: 'chgcars/mp-1402056.json.gz' version: None error: An error occurred (NoSuchKey) when calling the GetObject operation: The specified key does not exist.
  5628/8883: mp-1187574
  5629/8883: mp-568830
unable to access bucket: 'materialsproject-parsed' key: 'chgcars/mp-1441608.json.gz' version: None error: An error occurred (NoSuchKey) when calling the GetObject operation: The specified key does not exist.
  5630/8883: mp-1110940
  5631/8883: mp-862293
  5632/8883: mp-1183566
unable to access bucket: 'materialsproject-parsed' key: 'chgcars/mp-1428203.json.gz' version: None error: An error occurred (NoSuchKey) when calling the GetObject operation: The specified key does not exist.
  5633/8883: mp-1110675
unable to access bucket: 'materialsproject-parsed' key: 'chgcars/mp-1398685.json.gz' version: None error: An error occurred (NoSuchKey) when calling the GetObject operation: The specified key does not exist.
  5634/8883: mp-1187947
  5635/8883: mp-867160
unable to access bucket: 'materialsproject-parsed' key: 'chgcars/mp-1433784.json.gz' version: None error: An error occurred (NoSuchKey) when calling the GetObject operation: The specified key does not exist.
  5636/8883: mp-980948
  5637/8883: mp-1183633
unable to access bucket: 'materialsproject-parsed' key: 'chgcars/mp-1419145.json.gz' version: None error: An error occurred (NoSuchKey) when calling the GetObject operation: The specified key does not exist.
  5638/8883: mp-1185933
unable to access bucket: 'materialsproject-parsed' key: 'chgcars/mp-1418676.json.gz' version: None error: An error occurred (NoSuchKey) when calling the GetObject operation: The specified key does not exist.
  5639/8883: mp-1112240
  5640/8883: mp-1113104
unable to access bucket: 'materialsproject-parsed' key: 'chgcars/mp-1384388.json.gz' version: None error: An error occurred (NoSuchKey) when calling the GetObject operation: The specified key does not exist.
  5641/8883: mp-1112139
  5642/8883: mp-1184434
unable to access bucket: 'materialsproject-parsed' key: 'chgcars/mp-1436389.json.gz' version: None error: An error occurred (NoSuchKey) when calling the GetObject operation: The specified key does not exist.
  5643/8883: mp-865804
  5644/8883: mp-1111620
  5645/8883: mp-1111373
Initializing on rank 0 with environment {'master_port': '29500', 'master_addr': 'localhost', 'world_size': 1, 'group_rank': 0}
Loading checkpoint ./models/charge3net_mp.pt
Initializing on rank 0 with environment {'master_port': '29500', 'master_addr': 'localhost', 'world_size': 1, 'group_rank': 0}
Loading checkpoint ./models/charge3net_mp.pt
[2026-06-30 02:15:52,511][hydra.experimental.callbacks.LogJobReturnCallback][ERROR] - 
Traceback (most recent call last):
  File "/users/5/huan2984/.conda/envs/dmc/lib/python3.11/site-packages/hydra/core/utils.py", line 186, in run_job
    ret.return_value = task_function(task_cfg)
                       ^^^^^^^^^^^^^^^^^^^^^^^
  File "/users/5/huan2984/projects/charge_density/charge3net/src/test_from_config.py", line 53, in test_from_config
    mp.spawn(test, args=(cfg, env), nprocs=cfg.nprocs)
  File "/users/5/huan2984/.conda/envs/dmc/lib/python3.11/site-packages/torch/multiprocessing/spawn.py", line 364, in spawn
    return start_processes(fn, args, nprocs, join, daemon, start_method="spawn")
           ^^^^^^^^^^^^^^^^^^^^^^^^^^^^^^^^^^^^^^^^^^^^^^^^^^^^^^^^^^^^^^^^^^^^^
  File "/users/5/huan2984/.conda/envs/dmc/lib/python3.11/site-packages/torch/multiprocessing/spawn.py", line 320, in start_processes
    while not context.join():
              ^^^^^^^^^^^^^^
  File "/users/5/huan2984/.conda/envs/dmc/lib/python3.11/site-packages/torch/multiprocessing/spawn.py", line 209, in join
    raise ProcessExitedException(
torch.multiprocessing.spawn.ProcessExitedException: process 0 terminated with exit code 1
