Querying MP for rocksalt materials with charge density...
Found 8555 materials
Downloading CHGCARs...
cannot unpack non-iterable NoneType object
cannot unpack non-iterable NoneType object
cannot unpack non-iterable NoneType object
cannot unpack non-iterable NoneType object
cannot unpack non-iterable NoneType object
cannot unpack non-iterable NoneType object
cannot unpack non-iterable NoneType object
cannot unpack non-iterable NoneType object
cannot unpack non-iterable NoneType object
cannot unpack non-iterable NoneType object
cannot unpack non-iterable NoneType object
cannot unpack non-iterable NoneType object
cannot unpack non-iterable NoneType object
cannot unpack non-iterable NoneType object
cannot unpack non-iterable NoneType object
cannot unpack non-iterable NoneType object
cannot unpack non-iterable NoneType object
cannot unpack non-iterable NoneType object
cannot unpack non-iterable NoneType object
cannot unpack non-iterable NoneType object
cannot unpack non-iterable NoneType object
cannot unpack non-iterable NoneType object
cannot unpack non-iterable NoneType object
cannot unpack non-iterable NoneType object
cannot unpack non-iterable NoneType object
cannot unpack non-iterable NoneType object
cannot unpack non-iterable NoneType object
cannot unpack non-iterable NoneType object
cannot unpack non-iterable NoneType object
cannot unpack non-iterable NoneType object
cannot unpack non-iterable NoneType object
cannot unpack non-iterable NoneType object
cannot unpack non-iterable NoneType object
cannot unpack non-iterable NoneType object
cannot unpack non-iterable NoneType object
cannot unpack non-iterable NoneType object
cannot unpack non-iterable NoneType object
cannot unpack non-iterable NoneType object
cannot unpack non-iterable NoneType object
cannot unpack non-iterable NoneType object
cannot unpack non-iterable NoneType object
cannot unpack non-iterable NoneType object
cannot unpack non-iterable NoneType object
cannot unpack non-iterable NoneType object
cannot unpack non-iterable NoneType object
cannot unpack non-iterable NoneType object
cannot unpack non-iterable NoneType object
cannot unpack non-iterable NoneType object
cannot unpack non-iterable NoneType object
cannot unpack non-iterable NoneType object
cannot unpack non-iterable NoneType object
cannot unpack non-iterable NoneType object
cannot unpack non-iterable NoneType object
cannot unpack non-iterable NoneType object
cannot unpack non-iterable NoneType object
cannot unpack non-iterable NoneType object
cannot unpack non-iterable NoneType object
cannot unpack non-iterable NoneType object
cannot unpack non-iterable NoneType object
cannot unpack non-iterable NoneType object
cannot unpack non-iterable NoneType object
cannot unpack non-iterable NoneType object
cannot unpack non-iterable NoneType object
cannot unpack non-iterable NoneType object
cannot unpack non-iterable NoneType object
cannot unpack non-iterable NoneType object
cannot unpack non-iterable NoneType object
cannot unpack non-iterable NoneType object
cannot unpack non-iterable NoneType object
cannot unpack non-iterable NoneType object
cannot unpack non-iterable NoneType object
cannot unpack non-iterable NoneType object
cannot unpack non-iterable NoneType object
cannot unpack non-iterable NoneType object
cannot unpack non-iterable NoneType object
cannot unpack non-iterable NoneType object
cannot unpack non-iterable NoneType object
cannot unpack non-iterable NoneType object
cannot unpack non-iterable NoneType object
cannot unpack non-iterable NoneType object
cannot unpack non-iterable NoneType object
cannot unpack non-iterable NoneType object
cannot unpack non-iterable NoneType object
cannot unpack non-iterable NoneType object
cannot unpack non-iterable NoneType object
cannot unpack non-iterable NoneType object
cannot unpack non-iterable NoneType object
cannot unpack non-iterable NoneType object
cannot unpack non-iterable NoneType object
cannot unpack non-iterable NoneType object
cannot unpack non-iterable NoneType object
cannot unpack non-iterable NoneType object
cannot unpack non-iterable NoneType object
cannot unpack non-iterable NoneType object
cannot unpack non-iterable NoneType object
cannot unpack non-iterable NoneType object
cannot unpack non-iterable NoneType object
cannot unpack non-iterable NoneType object
cannot unpack non-iterable NoneType object
cannot unpack non-iterable NoneType object
cannot unpack non-iterable NoneType object
cannot unpack non-iterable NoneType object
cannot unpack non-iterable NoneType object
cannot unpack non-iterable NoneType object
cannot unpack non-iterable NoneType object
cannot unpack non-iterable NoneType object
cannot unpack non-iterable NoneType object
cannot unpack non-iterable NoneType object
cannot unpack non-iterable NoneType object
cannot unpack non-iterable NoneType object
cannot unpack non-iterable NoneType object
cannot unpack non-iterable NoneType object
cannot unpack non-iterable NoneType object
cannot unpack non-iterable NoneType object
cannot unpack non-iterable NoneType object
cannot unpack non-iterable NoneType object
cannot unpack non-iterable NoneType object
cannot unpack non-iterable NoneType object
cannot unpack non-iterable NoneType object
cannot unpack non-iterable NoneType object
cannot unpack non-iterable NoneType object
cannot unpack non-iterable NoneType object
cannot unpack non-iterable NoneType object
cannot unpack non-iterable NoneType object
cannot unpack non-iterable NoneType object
cannot unpack non-iterable NoneType object
cannot unpack non-iterable NoneType object
cannot unpack non-iterable NoneType object
cannot unpack non-iterable NoneType object
cannot unpack non-iterable NoneType object
cannot unpack non-iterable NoneType object
cannot unpack non-iterable NoneType object
cannot unpack non-iterable NoneType object
cannot unpack non-iterable NoneType object
cannot unpack non-iterable NoneType object
cannot unpack non-iterable NoneType object
cannot unpack non-iterable NoneType object
cannot unpack non-iterable NoneType object
cannot unpack non-iterable NoneType object
cannot unpack non-iterable NoneType object
cannot unpack non-iterable NoneType object
cannot unpack non-iterable NoneType object
cannot unpack non-iterable NoneType object
cannot unpack non-iterable NoneType object
cannot unpack non-iterable NoneType object
cannot unpack non-iterable NoneType object
cannot unpack non-iterable NoneType object
cannot unpack non-iterable NoneType object
cannot unpack non-iterable NoneType object
cannot unpack non-iterable NoneType object
cannot unpack non-iterable NoneType object
cannot unpack non-iterable NoneType object
cannot unpack non-iterable NoneType object
cannot unpack non-iterable NoneType object
cannot unpack non-iterable NoneType object
cannot unpack non-iterable NoneType object
cannot unpack non-iterable NoneType object
cannot unpack non-iterable NoneType object
cannot unpack non-iterable NoneType object
cannot unpack non-iterable NoneType object
cannot unpack non-iterable NoneType object
cannot unpack non-iterable NoneType object
cannot unpack non-iterable NoneType object
cannot unpack non-iterable NoneType object
cannot unpack non-iterable NoneType object
cannot unpack non-iterable NoneType object
cannot unpack non-iterable NoneType object
cannot unpack non-iterable NoneType object
cannot unpack non-iterable NoneType object
cannot unpack non-iterable NoneType object
cannot unpack non-iterable NoneType object
cannot unpack non-iterable NoneType object
cannot unpack non-iterable NoneType object
cannot unpack non-iterable NoneType object
cannot unpack non-iterable NoneType object
cannot unpack non-iterable NoneType object
cannot unpack non-iterable NoneType object
cannot unpack non-iterable NoneType object
cannot unpack non-iterable NoneType object
cannot unpack non-iterable NoneType object
cannot unpack non-iterable NoneType object
cannot unpack non-iterable NoneType object
cannot unpack non-iterable NoneType object
cannot unpack non-iterable NoneType object
cannot unpack non-iterable NoneType object
cannot unpack non-iterable NoneType object
cannot unpack non-iterable NoneType object
cannot unpack non-iterable NoneType object
cannot unpack non-iterable NoneType object
cannot unpack non-iterable NoneType object
cannot unpack non-iterable NoneType object
cannot unpack non-iterable NoneType object
cannot unpack non-iterable NoneType object
cannot unpack non-iterable NoneType object
cannot unpack non-iterable NoneType object
cannot unpack non-iterable NoneType object
cannot unpack non-iterable NoneType object
cannot unpack non-iterable NoneType object
cannot unpack non-iterable NoneType object
cannot unpack non-iterable NoneType object
cannot unpack non-iterable NoneType object
cannot unpack non-iterable NoneType object
cannot unpack non-iterable NoneType object
cannot unpack non-iterable NoneType object
cannot unpack non-iterable NoneType object
cannot unpack non-iterable NoneType object
cannot unpack non-iterable NoneType object
cannot unpack non-iterable NoneType object
cannot unpack non-iterable NoneType object
cannot unpack non-iterable NoneType object
cannot unpack non-iterable NoneType object
HTTPSConnectionPool(host='api.materialsproject.org', port=443): Max retries exceeded with url: /materials/tasks/?_fields=last_updated%2Ctask_id&task_ids=mp-1442049&_limit=250 (Caused by ResponseError('too many 429 error responses'))
HTTPSConnectionPool(host='api.materialsproject.org', port=443): Max retries exceeded with url: /materials/core/?deprecated=False&_fields=calc_types&material_ids=mp-2281&_limit=1000 (Caused by ResponseError('too many 429 error responses'))
cannot unpack non-iterable NoneType object
HTTPSConnectionPool(host='api.materialsproject.org', port=443): Max retries exceeded with url: /materials/core/?deprecated=False&_fields=calc_types&material_ids=mp-1111177&_limit=1000 (Caused by ResponseError('too many 429 error responses'))
HTTPSConnectionPool(host='api.materialsproject.org', port=443): Max retries exceeded with url: /materials/core/?deprecated=False&_fields=calc_types&material_ids=mp-1111185&_limit=1000 (Caused by ResponseError('too many 429 error responses'))
cannot unpack non-iterable NoneType object
HTTPSConnectionPool(host='api.materialsproject.org', port=443): Max retries exceeded with url: /materials/core/?deprecated=False&_fields=calc_types&material_ids=mp-611517&_limit=1000 (Caused by ResponseError('too many 429 error responses'))
HTTPSConnectionPool(host='api.materialsproject.org', port=443): Max retries exceeded with url: /materials/core/?deprecated=False&_fields=calc_types&material_ids=mp-76&_limit=1000 (Caused by ResponseError('too many 429 error responses'))
cannot unpack non-iterable NoneType object
HTTPSConnectionPool(host='api.materialsproject.org', port=443): Max retries exceeded with url: /materials/core/?deprecated=False&_fields=calc_types&material_ids=mp-22154&_limit=1000 (Caused by ResponseError('too many 429 error responses'))
HTTPSConnectionPool(host='api.materialsproject.org', port=443): Max retries exceeded with url: /materials/core/?deprecated=False&_fields=calc_types&material_ids=mp-2229&_limit=1000 (Caused by ResponseError('too many 429 error responses'))
cannot unpack non-iterable NoneType object
HTTPSConnectionPool(host='api.materialsproject.org', port=443): Max retries exceeded with url: /materials/core/?deprecated=False&_fields=calc_types&material_ids=mp-2286&_limit=1000 (Caused by ResponseError('too many 429 error responses'))
cannot unpack non-iterable NoneType object
HTTPSConnectionPool(host='api.materialsproject.org', port=443): Max retries exceeded with url: /materials/core/?deprecated=False&_fields=calc_types&material_ids=mp-1111421&_limit=1000 (Caused by ResponseError('too many 429 error responses'))
HTTPSConnectionPool(host='api.materialsproject.org', port=443): Max retries exceeded with url: /materials/core/?deprecated=False&_fields=calc_types&material_ids=mp-1111280&_limit=1000 (Caused by ResponseError('too many 429 error responses'))
HTTPSConnectionPool(host='api.materialsproject.org', port=443): Max retries exceeded with url: /materials/core/?deprecated=False&_fields=calc_types&material_ids=mp-1111424&_limit=1000 (Caused by ResponseError('too many 429 error responses'))
HTTPSConnectionPool(host='api.materialsproject.org', port=443): Max retries exceeded with url: /materials/tasks/?_fields=last_updated%2Ctask_id&task_ids=mp-1504041&_limit=166 (Caused by ResponseError('too many 429 error responses'))
HTTPSConnectionPool(host='api.materialsproject.org', port=443): Max retries exceeded with url: /materials/core/?deprecated=False&_fields=calc_types&material_ids=mp-8643&_limit=1000 (Caused by ResponseError('too many 429 error responses'))
HTTPSConnectionPool(host='api.materialsproject.org', port=443): Max retries exceeded with url: /materials/core/?deprecated=False&_fields=calc_types&material_ids=mp-9&_limit=1000 (Caused by ResponseError('too many 429 error responses'))
HTTPSConnectionPool(host='api.materialsproject.org', port=443): Max retries exceeded with url: /materials/tasks/?_fields=last_updated%2Ctask_id&task_ids=mp-2297290&_limit=200 (Caused by ResponseError('too many 429 error responses'))
HTTPSConnectionPool(host='api.materialsproject.org', port=443): Max retries exceeded with url: /materials/core/?deprecated=False&_fields=calc_types&material_ids=mp-22745&_limit=1000 (Caused by ResponseError('too many 429 error responses'))
cannot unpack non-iterable NoneType object
HTTPSConnectionPool(host='api.materialsproject.org', port=443): Max retries exceeded with url: /materials/core/?deprecated=False&_fields=calc_types&material_ids=mp-1111178&_limit=1000 (Caused by ResponseError('too many 429 error responses'))
HTTPSConnectionPool(host='api.materialsproject.org', port=443): Max retries exceeded with url: /materials/core/?deprecated=False&_fields=calc_types&material_ids=mp-1111445&_limit=1000 (Caused by ResponseError('too many 429 error responses'))
HTTPSConnectionPool(host='api.materialsproject.org', port=443): Max retries exceeded with url: /materials/tasks/?_fields=last_updated%2Ctask_id&task_ids=mp-2297939&_limit=143 (Caused by ResponseError('too many 429 error responses'))
HTTPSConnectionPool(host='api.materialsproject.org', port=443): Max retries exceeded with url: /materials/core/?deprecated=False&_fields=calc_types&material_ids=mp-974558&_limit=1000 (Caused by ResponseError('too many 429 error responses'))
cannot unpack non-iterable NoneType object
HTTPSConnectionPool(host='api.materialsproject.org', port=443): Max retries exceeded with url: /materials/core/?deprecated=False&_fields=calc_types&material_ids=mp-22886&_limit=1000 (Caused by ResponseError('too many 429 error responses'))
HTTPSConnectionPool(host='api.materialsproject.org', port=443): Max retries exceeded with url: /materials/tasks/?_fields=last_updated%2Ctask_id&task_ids=mp-1111706&_limit=334 (Caused by ResponseError('too many 429 error responses'))
HTTPSConnectionPool(host='api.materialsproject.org', port=443): Max retries exceeded with url: /materials/core/?deprecated=False&_fields=calc_types&material_ids=mp-1111328&_limit=1000 (Caused by ResponseError('too many 429 error responses'))
HTTPSConnectionPool(host='api.materialsproject.org', port=443): Max retries exceeded with url: /materials/tasks/?_fields=last_updated%2Ctask_id&task_ids=mp-654763&_limit=250 (Caused by ResponseError('too many 429 error responses'))
HTTPSConnectionPool(host='api.materialsproject.org', port=443): Max retries exceeded with url: /materials/core/?deprecated=False&_fields=calc_types&material_ids=mp-1002227&_limit=1000 (Caused by ResponseError('too many 429 error responses'))
HTTPSConnectionPool(host='api.materialsproject.org', port=443): Max retries exceeded with url: /materials/tasks/?_fields=last_updated%2Ctask_id&task_ids=mp-990493&_limit=167 (Caused by ResponseError('too many 429 error responses'))
cannot unpack non-iterable NoneType object
HTTPSConnectionPool(host='api.materialsproject.org', port=443): Max retries exceeded with url: /materials/tasks/?_fields=last_updated%2Ctask_id&task_ids=mp-1112294&_limit=334 (Caused by ResponseError('too many 429 error responses'))
cannot unpack non-iterable NoneType object
HTTPSConnectionPool(host='api.materialsproject.org', port=443): Max retries exceeded with url: /materials/core/?deprecated=False&_fields=calc_types&material_ids=mp-10008&_limit=1000 (Caused by ResponseError('too many 429 error responses'))
cannot unpack non-iterable NoneType object
HTTPSConnectionPool(host='api.materialsproject.org', port=443): Max retries exceeded with url: /materials/core/?deprecated=False&_fields=calc_types&material_ids=mp-22921&_limit=1000 (Caused by ResponseError('too many 429 error responses'))
HTTPSConnectionPool(host='api.materialsproject.org', port=443): Max retries exceeded with url: /materials/tasks/?_fields=last_updated%2Ctask_id&task_ids=mp-1402598&_limit=500 (Caused by ResponseError('too many 429 error responses'))
HTTPSConnectionPool(host='api.materialsproject.org', port=443): Max retries exceeded with url: /materials/tasks/?_fields=last_updated%2Ctask_id&task_ids=mp-1001609&_limit=334 (Caused by ResponseError('too many 429 error responses'))
HTTPSConnectionPool(host='api.materialsproject.org', port=443): Max retries exceeded with url: /materials/tasks/?_fields=last_updated%2Ctask_id&task_ids=mp-910076&_limit=200 (Caused by ResponseError('too many 429 error responses'))
cannot unpack non-iterable NoneType object
HTTPSConnectionPool(host='api.materialsproject.org', port=443): Max retries exceeded with url: /materials/core/?deprecated=False&_fields=calc_types&material_ids=mp-1111856&_limit=1000 (Caused by ResponseError('too many 429 error responses'))
HTTPSConnectionPool(host='api.materialsproject.org', port=443): Max retries exceeded with url: /materials/core/?deprecated=False&_fields=calc_types&material_ids=mp-1111500&_limit=1000 (Caused by ResponseError('too many 429 error responses'))
HTTPSConnectionPool(host='api.materialsproject.org', port=443): Max retries exceeded with url: /materials/tasks/?_fields=last_updated%2Ctask_id&task_ids=mp-910526&_limit=334 (Caused by ResponseError('too many 429 error responses'))
HTTPSConnectionPool(host='api.materialsproject.org', port=443): Max retries exceeded with url: /materials/core/?deprecated=False&_fields=calc_types&material_ids=mp-22682&_limit=1000 (Caused by ResponseError('too many 429 error responses'))
cannot unpack non-iterable NoneType object
HTTPSConnectionPool(host='api.materialsproject.org', port=443): Max retries exceeded with url: /materials/core/?deprecated=False&_fields=calc_types&material_ids=mp-1006112&_limit=1000 (Caused by ResponseError('too many 429 error responses'))
HTTPSConnectionPool(host='api.materialsproject.org', port=443): Max retries exceeded with url: /materials/core/?deprecated=False&_fields=calc_types&material_ids=mp-1007853&_limit=1000 (Caused by ResponseError('too many 429 error responses'))
cannot unpack non-iterable NoneType object
HTTPSConnectionPool(host='api.materialsproject.org', port=443): Max retries exceeded with url: /materials/core/?deprecated=False&_fields=calc_types&material_ids=mp-1111498&_limit=1000 (Caused by ResponseError('too many 429 error responses'))
HTTPSConnectionPool(host='api.materialsproject.org', port=443): Max retries exceeded with url: /materials/core/?deprecated=False&_fields=calc_types&material_ids=mp-1111505&_limit=1000 (Caused by ResponseError('too many 429 error responses'))
cannot unpack non-iterable NoneType object
HTTPSConnectionPool(host='api.materialsproject.org', port=443): Max retries exceeded with url: /materials/core/?deprecated=False&_fields=calc_types&material_ids=mp-1006150&_limit=1000 (Caused by ResponseError('too many 429 error responses'))
HTTPSConnectionPool(host='api.materialsproject.org', port=443): Max retries exceeded with url: /materials/core/?deprecated=False&_fields=calc_types&material_ids=mp-1001600&_limit=1000 (Caused by ResponseError('too many 429 error responses'))
cannot unpack non-iterable NoneType object
HTTPSConnectionPool(host='api.materialsproject.org', port=443): Max retries exceeded with url: /materials/core/?deprecated=False&_fields=calc_types&material_ids=mp-22899&_limit=1000 (Caused by ResponseError('too many 429 error responses'))
HTTPSConnectionPool(host='api.materialsproject.org', port=443): Max retries exceeded with url: /materials/core/?deprecated=False&_fields=calc_types&material_ids=mp-22916&_limit=1000 (Caused by ResponseError('too many 429 error responses'))
cannot unpack non-iterable NoneType object
cannot unpack non-iterable NoneType object
HTTPSConnectionPool(host='api.materialsproject.org', port=443): Max retries exceeded with url: /materials/core/?deprecated=False&_fields=calc_types&material_ids=mp-2272&_limit=1000 (Caused by ResponseError('too many 429 error responses'))
HTTPSConnectionPool(host='api.materialsproject.org', port=443): Max retries exceeded with url: /materials/core/?deprecated=False&_fields=calc_types&material_ids=mp-22919&_limit=1000 (Caused by ResponseError('too many 429 error responses'))
cannot unpack non-iterable NoneType object
HTTPSConnectionPool(host='api.materialsproject.org', port=443): Max retries exceeded with url: /materials/core/?deprecated=False&_fields=calc_types&material_ids=mp-10051&_limit=1000 (Caused by ResponseError('too many 429 error responses'))
HTTPSConnectionPool(host='api.materialsproject.org', port=443): Max retries exceeded with url: /materials/core/?deprecated=False&_fields=calc_types&material_ids=mp-1004753&_limit=1000 (Caused by ResponseError('too many 429 error responses'))
HTTPSConnectionPool(host='api.materialsproject.org', port=443): Max retries exceeded with url: /materials/tasks/?_fields=last_updated%2Ctask_id&task_ids=mp-1411437&_limit=333 (Caused by ResponseError('too many 429 error responses'))
HTTPSConnectionPool(host='api.materialsproject.org', port=443): Max retries exceeded with url: /materials/core/?deprecated=False&_fields=calc_types&material_ids=mp-1111705&_limit=1000 (Caused by ResponseError('too many 429 error responses'))
HTTPSConnectionPool(host='api.materialsproject.org', port=443): Max retries exceeded with url: /materials/tasks/?_fields=last_updated%2Ctask_id&task_ids=mp-2300365&_limit=200 (Caused by ResponseError('too many 429 error responses'))
HTTPSConnectionPool(host='api.materialsproject.org', port=443): Max retries exceeded with url: /materials/core/?deprecated=False&_fields=calc_types&material_ids=mp-22912&_limit=1000 (Caused by ResponseError('too many 429 error responses'))
HTTPSConnectionPool(host='api.materialsproject.org', port=443): Max retries exceeded with url: /materials/tasks/?_fields=last_updated%2Ctask_id&task_ids=mp-1384815&_limit=333 (Caused by ResponseError('too many 429 error responses'))
HTTPSConnectionPool(host='api.materialsproject.org', port=443): Max retries exceeded with url: /materials/core/?deprecated=False&_fields=calc_types&material_ids=mp-1111774&_limit=1000 (Caused by ResponseError('too many 429 error responses'))
cannot unpack non-iterable NoneType object
HTTPSConnectionPool(host='api.materialsproject.org', port=443): Max retries exceeded with url: /materials/core/?deprecated=False&_fields=calc_types&material_ids=mp-1006223&_limit=1000 (Caused by ResponseError('too many 429 error responses'))
HTTPSConnectionPool(host='api.materialsproject.org', port=443): Max retries exceeded with url: /materials/core/?deprecated=False&_fields=calc_types&material_ids=mp-10064&_limit=1000 (Caused by ResponseError('too many 429 error responses'))
cannot unpack non-iterable NoneType object
cannot unpack non-iterable NoneType object
cannot unpack non-iterable NoneType object
HTTPSConnectionPool(host='api.materialsproject.org', port=443): Max retries exceeded with url: /materials/core/?deprecated=False&_fields=calc_types&material_ids=mp-1002165&_limit=1000 (Caused by ResponseError('too many 429 error responses'))
HTTPSConnectionPool(host='api.materialsproject.org', port=443): Max retries exceeded with url: /materials/tasks/?_fields=last_updated%2Ctask_id&task_ids=mp-1112292&_limit=334 (Caused by ResponseError('too many 429 error responses'))
HTTPSConnectionPool(host='api.materialsproject.org', port=443): Max retries exceeded with url: /materials/tasks/?_fields=last_updated%2Ctask_id&task_ids=mp-656956&_limit=200 (Caused by ResponseError('too many 429 error responses'))
HTTPSConnectionPool(host='api.materialsproject.org', port=443): Max retries exceeded with url: /materials/tasks/?_fields=last_updated%2Ctask_id&task_ids=mp-1932256&_limit=250 (Caused by ResponseError('too many 429 error responses'))
HTTPSConnectionPool(host='api.materialsproject.org', port=443): Max retries exceeded with url: /materials/tasks/?_fields=last_updated%2Ctask_id&task_ids=mp-1114227&_limit=500 (Caused by ResponseError('too many 429 error responses'))
HTTPSConnectionPool(host='api.materialsproject.org', port=443): Max retries exceeded with url: /materials/tasks/?_fields=last_updated%2Ctask_id&task_ids=mp-990941&_limit=250 (Caused by ResponseError('too many 429 error responses'))
HTTPSConnectionPool(host='api.materialsproject.org', port=443): Max retries exceeded with url: /materials/tasks/?_fields=last_updated%2Ctask_id&task_ids=mp-1006184&_limit=334 (Caused by ResponseError('too many 429 error responses'))
HTTPSConnectionPool(host='api.materialsproject.org', port=443): Max retries exceeded with url: /materials/tasks/?_fields=last_updated%2Ctask_id&task_ids=mp-1114217&_limit=334 (Caused by ResponseError('too many 429 error responses'))
HTTPSConnectionPool(host='api.materialsproject.org', port=443): Max retries exceeded with url: /materials/tasks/?_fields=last_updated%2Ctask_id&task_ids=mp-912146&_limit=250 (Caused by ResponseError('too many 429 error responses'))
cannot unpack non-iterable NoneType object
cannot unpack non-iterable NoneType object
cannot unpack non-iterable NoneType object
cannot unpack non-iterable NoneType object
cannot unpack non-iterable NoneType object
cannot unpack non-iterable NoneType object
cannot unpack non-iterable NoneType object
cannot unpack non-iterable NoneType object
cannot unpack non-iterable NoneType object
HTTPSConnectionPool(host='api.materialsproject.org', port=443): Max retries exceeded with url: /materials/core/?deprecated=False&_fields=calc_types&material_ids=mp-1111888&_limit=1000 (Caused by ResponseError('too many 429 error responses'))
cannot unpack non-iterable NoneType object
HTTPSConnectionPool(host='api.materialsproject.org', port=443): Max retries exceeded with url: /materials/core/?deprecated=False&_fields=calc_types&material_ids=mp-1001824&_limit=1000 (Caused by ResponseError('too many 429 error responses'))
cannot unpack non-iterable NoneType object
HTTPSConnectionPool(host='api.materialsproject.org', port=443): Max retries exceeded with url: /materials/core/?deprecated=False&_fields=calc_types&material_ids=mp-2352&_limit=1000 (Caused by ResponseError('too many 429 error responses'))
cannot unpack non-iterable NoneType object
HTTPSConnectionPool(host='api.materialsproject.org', port=443): Max retries exceeded with url: /materials/tasks/?_fields=last_updated%2Ctask_id&task_ids=mp-1794756&_limit=142 (Caused by ResponseError('too many 429 error responses'))
HTTPSConnectionPool(host='api.materialsproject.org', port=443): Max retries exceeded with url: /materials/tasks/?_fields=last_updated%2Ctask_id&task_ids=mp-2292735&_limit=166 (Caused by ResponseError('too many 429 error responses'))
cannot unpack non-iterable NoneType object
HTTPSConnectionPool(host='api.materialsproject.org', port=443): Max retries exceeded with url: /materials/tasks/?_fields=last_updated%2Ctask_id&task_ids=mp-2300287&_limit=200 (Caused by ResponseError('too many 429 error responses'))
cannot unpack non-iterable NoneType object
HTTPSConnectionPool(host='api.materialsproject.org', port=443): Max retries exceeded with url: /materials/core/?deprecated=False&_fields=calc_types&material_ids=mp-1008653&_limit=1000 (Caused by ResponseError('too many 429 error responses'))
HTTPSConnectionPool(host='api.materialsproject.org', port=443): Max retries exceeded with url: /materials/tasks/?_fields=last_updated%2Ctask_id&task_ids=mp-1111866&_limit=334 (Caused by ResponseError('too many 429 error responses'))
cannot unpack non-iterable NoneType object
cannot unpack non-iterable NoneType object
HTTPSConnectionPool(host='api.materialsproject.org', port=443): Max retries exceeded with url: /materials/core/?deprecated=False&_fields=calc_types&material_ids=mp-1111642&_limit=1000 (Caused by ResponseError('too many 429 error responses'))
cannot unpack non-iterable NoneType object
cannot unpack non-iterable NoneType object
cannot unpack non-iterable NoneType object
HTTPSConnectionPool(host='api.materialsproject.org', port=443): Max retries exceeded with url: /materials/tasks/?_fields=last_updated%2Ctask_id&task_ids=mp-1114202&_limit=500 (Caused by ResponseError('too many 429 error responses'))
cannot unpack non-iterable NoneType object
HTTPSConnectionPool(host='api.materialsproject.org', port=443): Max retries exceeded with url: /materials/core/?deprecated=False&_fields=calc_types&material_ids=mp-1008275&_limit=1000 (Caused by ResponseError('too many 429 error responses'))
HTTPSConnectionPool(host='api.materialsproject.org', port=443): Max retries exceeded with url: /materials/tasks/?_fields=last_updated%2Ctask_id&task_ids=mp-934592&_limit=250 (Caused by ResponseError('too many 429 error responses'))
cannot unpack non-iterable NoneType object
cannot unpack non-iterable NoneType object
cannot unpack non-iterable NoneType object
cannot unpack non-iterable NoneType object
cannot unpack non-iterable NoneType object
HTTPSConnectionPool(host='api.materialsproject.org', port=443): Max retries exceeded with url: /materials/tasks/?_fields=last_updated%2Ctask_id&task_ids=mp-655835&_limit=250 (Caused by ResponseError('too many 429 error responses'))
cannot unpack non-iterable NoneType object
HTTPSConnectionPool(host='api.materialsproject.org', port=443): Max retries exceeded with url: /materials/core/?deprecated=False&_fields=calc_types&material_ids=mp-1007854&_limit=1000 (Caused by ResponseError('too many 429 error responses'))
cannot unpack non-iterable NoneType object
HTTPSConnectionPool(host='api.materialsproject.org', port=443): Max retries exceeded with url: /materials/core/?deprecated=False&_fields=calc_types&material_ids=mp-1111891&_limit=1000 (Caused by ResponseError('too many 429 error responses'))
cannot unpack non-iterable NoneType object
cannot unpack non-iterable NoneType object
HTTPSConnectionPool(host='api.materialsproject.org', port=443): Max retries exceeded with url: /materials/core/?deprecated=False&_fields=calc_types&material_ids=mp-1008929&_limit=1000 (Caused by ResponseError('too many 429 error responses'))
HTTPSConnectionPool(host='api.materialsproject.org', port=443): Max retries exceeded with url: /materials/tasks/?_fields=last_updated%2Ctask_id&task_ids=mp-1440205&_limit=250 (Caused by ResponseError('too many 429 error responses'))
cannot unpack non-iterable NoneType object
HTTPSConnectionPool(host='api.materialsproject.org', port=443): Max retries exceeded with url: /materials/core/?deprecated=False&_fields=calc_types&material_ids=mp-1112177&_limit=1000 (Caused by ResponseError('too many 429 error responses'))
cannot unpack non-iterable NoneType object
cannot unpack non-iterable NoneType object
cannot unpack non-iterable NoneType object
HTTPSConnectionPool(host='api.materialsproject.org', port=443): Max retries exceeded with url: /materials/tasks/?_fields=last_updated%2Ctask_id&task_ids=mp-1436964&_limit=333 (Caused by ResponseError('too many 429 error responses'))
HTTPSConnectionPool(host='api.materialsproject.org', port=443): Max retries exceeded with url: /materials/tasks/?_fields=last_updated%2Ctask_id&task_ids=mp-1112955&_limit=334 (Caused by ResponseError('too many 429 error responses'))
cannot unpack non-iterable NoneType object
HTTPSConnectionPool(host='api.materialsproject.org', port=443): Max retries exceeded with url: /materials/tasks/?_fields=last_updated%2Ctask_id&task_ids=mp-1439919&_limit=200 (Caused by ResponseError('too many 429 error responses'))
cannot unpack non-iterable NoneType object
HTTPSConnectionPool(host='api.materialsproject.org', port=443): Max retries exceeded with url: /materials/core/?deprecated=False&_fields=calc_types&material_ids=mp-1008786&_limit=1000 (Caused by ResponseError('too many 429 error responses'))
cannot unpack non-iterable NoneType object
HTTPSConnectionPool(host='api.materialsproject.org', port=443): Max retries exceeded with url: /materials/core/?deprecated=False&_fields=calc_types&material_ids=mp-1112342&_limit=1000 (Caused by ResponseError('too many 429 error responses'))
cannot unpack non-iterable NoneType object
cannot unpack non-iterable NoneType object
cannot unpack non-iterable NoneType object
cannot unpack non-iterable NoneType object
cannot unpack non-iterable NoneType object
cannot unpack non-iterable NoneType object
HTTPSConnectionPool(host='api.materialsproject.org', port=443): Max retries exceeded with url: /materials/tasks/?_fields=last_updated%2Ctask_id&task_ids=mp-1112369&_limit=334 (Caused by ResponseError('too many 429 error responses'))
HTTPSConnectionPool(host='api.materialsproject.org', port=443): Max retries exceeded with url: /materials/tasks/?_fields=last_updated%2Ctask_id&task_ids=mp-1442149&_limit=200 (Caused by ResponseError('too many 429 error responses'))
cannot unpack non-iterable NoneType object
cannot unpack non-iterable NoneType object
HTTPSConnectionPool(host='api.materialsproject.org', port=443): Max retries exceeded with url: /materials/tasks/?_fields=last_updated%2Ctask_id&task_ids=mp-1394806&_limit=500 (Caused by ResponseError('too many 429 error responses'))
HTTPSConnectionPool(host='api.materialsproject.org', port=443): Max retries exceeded with url: /materials/tasks/?_fields=last_updated%2Ctask_id&task_ids=mp-1008799&_limit=167 (Caused by ResponseError('too many 429 error responses'))
cannot unpack non-iterable NoneType object
HTTPSConnectionPool(host='api.materialsproject.org', port=443): Max retries exceeded with url: /materials/core/?deprecated=False&_fields=calc_types&material_ids=mp-23268&_limit=1000 (Caused by ResponseError('too many 429 error responses'))
cannot unpack non-iterable NoneType object
cannot unpack non-iterable NoneType object
cannot unpack non-iterable NoneType object
cannot unpack non-iterable NoneType object
cannot unpack non-iterable NoneType object
cannot unpack non-iterable NoneType object
HTTPSConnectionPool(host='api.materialsproject.org', port=443): Max retries exceeded with url: /materials/core/?deprecated=False&_fields=calc_types&material_ids=mp-1112344&_limit=1000 (Caused by ResponseError('too many 429 error responses'))
HTTPSConnectionPool(host='api.materialsproject.org', port=443): Max retries exceeded with url: /materials/tasks/?_fields=last_updated%2Ctask_id&task_ids=mp-1058020&_limit=250 (Caused by ResponseError('too many 429 error responses'))
cannot unpack non-iterable NoneType object
HTTPSConnectionPool(host='api.materialsproject.org', port=443): Max retries exceeded with url: /materials/core/?deprecated=False&_fields=calc_types&material_ids=mp-24147&_limit=1000 (Caused by ResponseError('too many 429 error responses'))
cannot unpack non-iterable NoneType object
HTTPSConnectionPool(host='api.materialsproject.org', port=443): Max retries exceeded with url: /materials/core/?deprecated=False&_fields=calc_types&material_ids=mp-1112645&_limit=1000 (Caused by ResponseError('too many 429 error responses'))
cannot unpack non-iterable NoneType object
cannot unpack non-iterable NoneType object
HTTPSConnectionPool(host='api.materialsproject.org', port=443): Max retries exceeded with url: /materials/core/?deprecated=False&_fields=calc_types&material_ids=mp-1009079&_limit=1000 (Caused by ResponseError('too many 429 error responses'))
cannot unpack non-iterable NoneType object
cannot unpack non-iterable NoneType object
cannot unpack non-iterable NoneType object
cannot unpack non-iterable NoneType object
HTTPSConnectionPool(host='api.materialsproject.org', port=443): Max retries exceeded with url: /materials/tasks/?_fields=last_updated%2Ctask_id&task_ids=mp-720474&_limit=167 (Caused by ResponseError('too many 429 error responses'))
cannot unpack non-iterable NoneType object
HTTPSConnectionPool(host='api.materialsproject.org', port=443): Max retries exceeded with url: /materials/tasks/?_fields=last_updated%2Ctask_id&task_ids=mp-991906&_limit=250 (Caused by ResponseError('too many 429 error responses'))
cannot unpack non-iterable NoneType object
HTTPSConnectionPool(host='api.materialsproject.org', port=443): Max retries exceeded with url: /materials/core/?deprecated=False&_fields=calc_types&material_ids=mp-1112368&_limit=1000 (Caused by ResponseError('too many 429 error responses'))
HTTPSConnectionPool(host='api.materialsproject.org', port=443): Max retries exceeded with url: /materials/tasks/?_fields=last_updated%2Ctask_id&task_ids=mp-1062907&_limit=250 (Caused by ResponseError('too many 429 error responses'))
cannot unpack non-iterable NoneType object
cannot unpack non-iterable NoneType object
cannot unpack non-iterable NoneType object
cannot unpack non-iterable NoneType object
cannot unpack non-iterable NoneType object
cannot unpack non-iterable NoneType object
cannot unpack non-iterable NoneType object
cannot unpack non-iterable NoneType object
cannot unpack non-iterable NoneType object
cannot unpack non-iterable NoneType object
HTTPSConnectionPool(host='api.materialsproject.org', port=443): Max retries exceeded with url: /materials/core/?deprecated=False&_fields=calc_types&material_ids=mp-23903&_limit=1000 (Caused by ResponseError('too many 429 error responses'))
cannot unpack non-iterable NoneType object
HTTPSConnectionPool(host='api.materialsproject.org', port=443): Max retries exceeded with url: /materials/core/?deprecated=False&_fields=calc_types&material_ids=mp-1112362&_limit=1000 (Caused by ResponseError('too many 429 error responses'))
HTTPSConnectionPool(host='api.materialsproject.org', port=443): Max retries exceeded with url: /materials/tasks/?_fields=last_updated%2Ctask_id&task_ids=mp-1008850&_limit=200 (Caused by ResponseError('too many 429 error responses'))
cannot unpack non-iterable NoneType object
cannot unpack non-iterable NoneType object
cannot unpack non-iterable NoneType object
cannot unpack non-iterable NoneType object
HTTPSConnectionPool(host='api.materialsproject.org', port=443): Max retries exceeded with url: /materials/core/?deprecated=False&_fields=calc_types&material_ids=mp-1112652&_limit=1000 (Caused by ResponseError('too many 429 error responses'))
cannot unpack non-iterable NoneType object
HTTPSConnectionPool(host='api.materialsproject.org', port=443): Max retries exceeded with url: /materials/core/?deprecated=False&_fields=calc_types&material_ids=mp-24161&_limit=1000 (Caused by ResponseError('too many 429 error responses'))
cannot unpack non-iterable NoneType object
HTTPSConnectionPool(host='api.materialsproject.org', port=443): Max retries exceeded with url: /materials/core/?deprecated=False&_fields=calc_types&material_ids=mp-1009545&_limit=1000 (Caused by ResponseError('too many 429 error responses'))
cannot unpack non-iterable NoneType object
cannot unpack non-iterable NoneType object
cannot unpack non-iterable NoneType object
cannot unpack non-iterable NoneType object
cannot unpack non-iterable NoneType object
cannot unpack non-iterable NoneType object
HTTPSConnectionPool(host='api.materialsproject.org', port=443): Max retries exceeded with url: /materials/tasks/?_fields=last_updated%2Ctask_id&task_ids=mp-1018212&_limit=250 (Caused by ResponseError('too many 429 error responses'))
cannot unpack non-iterable NoneType object
HTTPSConnectionPool(host='api.materialsproject.org', port=443): Max retries exceeded with url: /materials/core/?deprecated=False&_fields=calc_types&material_ids=mp-1112351&_limit=1000 (Caused by ResponseError('too many 429 error responses'))
HTTPSConnectionPool(host='api.materialsproject.org', port=443): Max retries exceeded with url: /materials/tasks/?_fields=last_updated%2Ctask_id&task_ids=mp-939398&_limit=250 (Caused by ResponseError('too many 429 error responses'))
cannot unpack non-iterable NoneType object
cannot unpack non-iterable NoneType object
cannot unpack non-iterable NoneType object
HTTPSConnectionPool(host='api.materialsproject.org', port=443): Max retries exceeded with url: /materials/tasks/?_fields=last_updated%2Ctask_id&task_ids=mp-1062456&_limit=167 (Caused by ResponseError('too many 429 error responses'))
HTTPSConnectionPool(host='api.materialsproject.org', port=443): Max retries exceeded with url: /materials/tasks/?_fields=last_updated%2Ctask_id&task_ids=mp-1114192&_limit=334 (Caused by ResponseError('too many 429 error responses'))
HTTPSConnectionPool(host='api.materialsproject.org', port=443): Max retries exceeded with url: /materials/tasks/?_fields=last_updated%2Ctask_id&task_ids=mp-1439482&_limit=250 (Caused by ResponseError('too many 429 error responses'))
cannot unpack non-iterable NoneType object
cannot unpack non-iterable NoneType object
HTTPSConnectionPool(host='api.materialsproject.org', port=443): Max retries exceeded with url: /materials/tasks/?_fields=last_updated%2Ctask_id&task_ids=mp-1062408&_limit=200 (Caused by ResponseError('too many 429 error responses'))
cannot unpack non-iterable NoneType object
HTTPSConnectionPool(host='api.materialsproject.org', port=443): Max retries exceeded with url: /materials/core/?deprecated=False&_fields=calc_types&material_ids=mp-2458&_limit=1000 (Caused by ResponseError('too many 429 error responses'))
HTTPSConnectionPool(host='api.materialsproject.org', port=443): Max retries exceeded with url: /materials/tasks/?_fields=last_updated%2Ctask_id&task_ids=mp-1113228&_limit=334 (Caused by ResponseError('too many 429 error responses'))
cannot unpack non-iterable NoneType object
cannot unpack non-iterable NoneType object
cannot unpack non-iterable NoneType object
cannot unpack non-iterable NoneType object
cannot unpack non-iterable NoneType object
cannot unpack non-iterable NoneType object
cannot unpack non-iterable NoneType object
HTTPSConnectionPool(host='api.materialsproject.org', port=443): Max retries exceeded with url: /materials/tasks/?_fields=last_updated%2Ctask_id&task_ids=mp-906370&_limit=250 (Caused by ResponseError('too many 429 error responses'))
HTTPSConnectionPool(host='api.materialsproject.org', port=443): Max retries exceeded with url: /materials/tasks/?_fields=last_updated%2Ctask_id&task_ids=mp-1114200&_limit=334 (Caused by ResponseError('too many 429 error responses'))
HTTPSConnectionPool(host='api.materialsproject.org', port=443): Max retries exceeded with url: /materials/tasks/?_fields=last_updated%2Ctask_id&task_ids=mp-1774536&_limit=333 (Caused by ResponseError('too many 429 error responses'))
cannot unpack non-iterable NoneType object
HTTPSConnectionPool(host='api.materialsproject.org', port=443): Max retries exceeded with url: /materials/core/?deprecated=False&_fields=calc_types&material_ids=mp-1009756&_limit=1000 (Caused by ResponseError('too many 429 error responses'))
cannot unpack non-iterable NoneType object
HTTPSConnectionPool(host='api.materialsproject.org', port=443): Max retries exceeded with url: /materials/core/?deprecated=False&_fields=calc_types&material_ids=mp-24288&_limit=1000 (Caused by ResponseError('too many 429 error responses'))
cannot unpack non-iterable NoneType object
cannot unpack non-iterable NoneType object
HTTPSConnectionPool(host='api.materialsproject.org', port=443): Max retries exceeded with url: /materials/core/?deprecated=False&_fields=calc_types&material_ids=mp-1011695&_limit=1000 (Caused by ResponseError('too many 429 error responses'))
cannot unpack non-iterable NoneType object
HTTPSConnectionPool(host='api.materialsproject.org', port=443): Max retries exceeded with url: /materials/core/?deprecated=False&_fields=calc_types&material_ids=mp-1112991&_limit=1000 (Caused by ResponseError('too many 429 error responses'))
cannot unpack non-iterable NoneType object
HTTPSConnectionPool(host='api.materialsproject.org', port=443): Max retries exceeded with url: /materials/tasks/?_fields=last_updated%2Ctask_id&task_ids=mp-1002286&_limit=250 (Caused by ResponseError('too many 429 error responses'))
cannot unpack non-iterable NoneType object
HTTPSConnectionPool(host='api.materialsproject.org', port=443): Max retries exceeded with url: /materials/core/?deprecated=False&_fields=calc_types&material_ids=mp-1009837&_limit=1000 (Caused by ResponseError('too many 429 error responses'))
HTTPSConnectionPool(host='api.materialsproject.org', port=443): Max retries exceeded with url: /materials/tasks/?_fields=last_updated%2Ctask_id&task_ids=mp-1113076&_limit=334 (Caused by ResponseError('too many 429 error responses'))
cannot unpack non-iterable NoneType object
cannot unpack non-iterable NoneType object
cannot unpack non-iterable NoneType object
cannot unpack non-iterable NoneType object
cannot unpack non-iterable NoneType object
cannot unpack non-iterable NoneType object
HTTPSConnectionPool(host='api.materialsproject.org', port=443): Max retries exceeded with url: /materials/tasks/?_fields=last_updated%2Ctask_id&task_ids=mp-1113117&_limit=334 (Caused by ResponseError('too many 429 error responses'))
HTTPSConnectionPool(host='api.materialsproject.org', port=443): Max retries exceeded with url: /materials/tasks/?_fields=last_updated%2Ctask_id&task_ids=mp-1000806&_limit=250 (Caused by ResponseError('too many 429 error responses'))
HTTPSConnectionPool(host='api.materialsproject.org', port=443): Max retries exceeded with url: /materials/tasks/?_fields=last_updated%2Ctask_id&task_ids=mp-2289903&_limit=166 (Caused by ResponseError('too many 429 error responses'))
cannot unpack non-iterable NoneType object
HTTPSConnectionPool(host='api.materialsproject.org', port=443): Max retries exceeded with url: /materials/tasks/?_fields=last_updated%2Ctask_id&task_ids=mp-1114189&_limit=334 (Caused by ResponseError('too many 429 error responses'))
cannot unpack non-iterable NoneType object
cannot unpack non-iterable NoneType object
HTTPSConnectionPool(host='api.materialsproject.org', port=443): Max retries exceeded with url: /materials/core/?deprecated=False&_fields=calc_types&material_ids=mp-1009769&_limit=1000 (Caused by ResponseError('too many 429 error responses'))
cannot unpack non-iterable NoneType object
cannot unpack non-iterable NoneType object
cannot unpack non-iterable NoneType object
cannot unpack non-iterable NoneType object
HTTPSConnectionPool(host='api.materialsproject.org', port=443): Max retries exceeded with url: /materials/tasks/?_fields=last_updated%2Ctask_id&task_ids=mp-1002293&_limit=250 (Caused by ResponseError('too many 429 error responses'))
cannot unpack non-iterable NoneType object
HTTPSConnectionPool(host='api.materialsproject.org', port=443): Max retries exceeded with url: /materials/core/?deprecated=False&_fields=calc_types&material_ids=mp-1113628&_limit=1000 (Caused by ResponseError('too many 429 error responses'))
cannot unpack non-iterable NoneType object
HTTPSConnectionPool(host='api.materialsproject.org', port=443): Max retries exceeded with url: /materials/core/?deprecated=False&_fields=calc_types&material_ids=mp-24719&_limit=1000 (Caused by ResponseError('too many 429 error responses'))
cannot unpack non-iterable NoneType object
HTTPSConnectionPool(host='api.materialsproject.org', port=443): Max retries exceeded with url: /materials/core/?deprecated=False&_fields=calc_types&material_ids=mp-10159&_limit=1000 (Caused by ResponseError('too many 429 error responses'))
cannot unpack non-iterable NoneType object
cannot unpack non-iterable NoneType object
cannot unpack non-iterable NoneType object
cannot unpack non-iterable NoneType object
cannot unpack non-iterable NoneType object
HTTPSConnectionPool(host='api.materialsproject.org', port=443): Max retries exceeded with url: /materials/core/?deprecated=False&_fields=calc_types&material_ids=mp-10260&_limit=1000 (Caused by ResponseError('too many 429 error responses'))
cannot unpack non-iterable NoneType object
cannot unpack non-iterable NoneType object
cannot unpack non-iterable NoneType object
cannot unpack non-iterable NoneType object
HTTPSConnectionPool(host='api.materialsproject.org', port=443): Max retries exceeded with url: /materials/core/?deprecated=False&_fields=calc_types&material_ids=mp-10192&_limit=1000 (Caused by ResponseError('too many 429 error responses'))
cannot unpack non-iterable NoneType object
HTTPSConnectionPool(host='api.materialsproject.org', port=443): Max retries exceeded with url: /materials/core/?deprecated=False&_fields=calc_types&material_ids=mp-24721&_limit=1000 (Caused by ResponseError('too many 429 error responses'))
cannot unpack non-iterable NoneType object
cannot unpack non-iterable NoneType object
cannot unpack non-iterable NoneType object
HTTPSConnectionPool(host='api.materialsproject.org', port=443): Max retries exceeded with url: /materials/tasks/?_fields=last_updated%2Ctask_id&task_ids=mp-1824832&_limit=333 (Caused by ResponseError('too many 429 error responses'))
cannot unpack non-iterable NoneType object
HTTPSConnectionPool(host='api.materialsproject.org', port=443): Max retries exceeded with url: /materials/core/?deprecated=False&_fields=calc_types&material_ids=mp-2491&_limit=1000 (Caused by ResponseError('too many 429 error responses'))
cannot unpack non-iterable NoneType object
HTTPSConnectionPool(host='api.materialsproject.org', port=443): Max retries exceeded with url: /materials/core/?deprecated=False&_fields=calc_types&material_ids=mp-1039157&_limit=1000 (Caused by ResponseError('too many 429 error responses'))
cannot unpack non-iterable NoneType object
HTTPSConnectionPool(host='api.materialsproject.org', port=443): Max retries exceeded with url: /materials/core/?deprecated=False&_fields=calc_types&material_ids=mp-1112952&_limit=1000 (Caused by ResponseError('too many 429 error responses'))
cannot unpack non-iterable NoneType object
cannot unpack non-iterable NoneType object
cannot unpack non-iterable NoneType object
cannot unpack non-iterable NoneType object
cannot unpack non-iterable NoneType object
cannot unpack non-iterable NoneType object
cannot unpack non-iterable NoneType object
cannot unpack non-iterable NoneType object
cannot unpack non-iterable NoneType object
cannot unpack non-iterable NoneType object
HTTPSConnectionPool(host='api.materialsproject.org', port=443): Max retries exceeded with url: /materials/core/?deprecated=False&_fields=calc_types&material_ids=mp-1113999&_limit=1000 (Caused by ResponseError('too many 429 error responses'))
HTTPSConnectionPool(host='api.materialsproject.org', port=443): Max retries exceeded with url: /materials/tasks/?_fields=last_updated%2Ctask_id&task_ids=mp-1000468&_limit=250 (Caused by ResponseError('too many 429 error responses'))
HTTPSConnectionPool(host='api.materialsproject.org', port=443): Max retries exceeded with url: /materials/tasks/?_fields=last_updated%2Ctask_id&task_ids=mp-1059320&_limit=167 (Caused by ResponseError('too many 429 error responses'))
cannot unpack non-iterable NoneType object
cannot unpack non-iterable NoneType object
cannot unpack non-iterable NoneType object
cannot unpack non-iterable NoneType object
cannot unpack non-iterable NoneType object
cannot unpack non-iterable NoneType object
cannot unpack non-iterable NoneType object
HTTPSConnectionPool(host='api.materialsproject.org', port=443): Max retries exceeded with url: /materials/core/?deprecated=False&_fields=calc_types&material_ids=mp-1113833&_limit=1000 (Caused by ResponseError('too many 429 error responses'))
cannot unpack non-iterable NoneType object
cannot unpack non-iterable NoneType object
cannot unpack non-iterable NoneType object
cannot unpack non-iterable NoneType object
HTTPSConnectionPool(host='api.materialsproject.org', port=443): Max retries exceeded with url: /materials/core/?deprecated=False&_fields=calc_types&material_ids=mp-2599&_limit=1000 (Caused by ResponseError('too many 429 error responses'))
HTTPSConnectionPool(host='api.materialsproject.org', port=443): Max retries exceeded with url: /materials/tasks/?_fields=last_updated%2Ctask_id&task_ids=mp-1113850&_limit=334 (Caused by ResponseError('too many 429 error responses'))
HTTPSConnectionPool(host='api.materialsproject.org', port=443): Max retries exceeded with url: /materials/tasks/?_fields=last_updated%2Ctask_id&task_ids=mp-1439995&_limit=200 (Caused by ResponseError('too many 429 error responses'))
cannot unpack non-iterable NoneType object
cannot unpack non-iterable NoneType object
HTTPSConnectionPool(host='api.materialsproject.org', port=443): Max retries exceeded with url: /materials/tasks/?_fields=last_updated%2Ctask_id&task_ids=mp-1002292&_limit=250 (Caused by ResponseError('too many 429 error responses'))
HTTPSConnectionPool(host='api.materialsproject.org', port=443): Max retries exceeded with url: /materials/tasks/?_fields=last_updated%2Ctask_id&task_ids=mp-1113922&_limit=334 (Caused by ResponseError('too many 429 error responses'))
HTTPSConnectionPool(host='api.materialsproject.org', port=443): Max retries exceeded with url: /materials/tasks/?_fields=last_updated%2Ctask_id&task_ids=mp-662260&_limit=250 (Caused by ResponseError('too many 429 error responses'))
cannot unpack non-iterable NoneType object
cannot unpack non-iterable NoneType object
cannot unpack non-iterable NoneType object
cannot unpack non-iterable NoneType object
cannot unpack non-iterable NoneType object
cannot unpack non-iterable NoneType object
HTTPSConnectionPool(host='api.materialsproject.org', port=443): Max retries exceeded with url: /materials/core/?deprecated=False&_fields=calc_types&material_ids=mp-24724&_limit=1000 (Caused by ResponseError('too many 429 error responses'))
cannot unpack non-iterable NoneType object
HTTPSConnectionPool(host='api.materialsproject.org', port=443): Max retries exceeded with url: /materials/core/?deprecated=False&_fields=calc_types&material_ids=mp-1113831&_limit=1000 (Caused by ResponseError('too many 429 error responses'))
cannot unpack non-iterable NoneType object
HTTPSConnectionPool(host='api.materialsproject.org', port=443): Max retries exceeded with url: /materials/core/?deprecated=False&_fields=calc_types&material_ids=mp-1039170&_limit=1000 (Caused by ResponseError('too many 429 error responses'))
cannot unpack non-iterable NoneType object
cannot unpack non-iterable NoneType object
HTTPSConnectionPool(host='api.materialsproject.org', port=443): Max retries exceeded with url: /materials/core/?deprecated=False&_fields=calc_types&material_ids=mp-1113633&_limit=1000 (Caused by ResponseError('too many 429 error responses'))
HTTPSConnectionPool(host='api.materialsproject.org', port=443): Max retries exceeded with url: /materials/tasks/?_fields=last_updated%2Ctask_id&task_ids=mp-1794333&_limit=250 (Caused by ResponseError('too many 429 error responses'))
HTTPSConnectionPool(host='api.materialsproject.org', port=443): Max retries exceeded with url: /materials/tasks/?_fields=last_updated%2Ctask_id&task_ids=mp-1786885&_limit=500 (Caused by ResponseError('too many 429 error responses'))
cannot unpack non-iterable NoneType object
cannot unpack non-iterable NoneType object
HTTPSConnectionPool(host='api.materialsproject.org', port=443): Max retries exceeded with url: /materials/tasks/?_fields=last_updated%2Ctask_id&task_ids=mp-1400297&_limit=333 (Caused by ResponseError('too many 429 error responses'))
cannot unpack non-iterable NoneType object
HTTPSConnectionPool(host='api.materialsproject.org', port=443): Max retries exceeded with url: /materials/tasks/?_fields=last_updated%2Ctask_id&task_ids=mp-1000586&_limit=250 (Caused by ResponseError('too many 429 error responses'))
cannot unpack non-iterable NoneType object
cannot unpack non-iterable NoneType object
cannot unpack non-iterable NoneType object
HTTPSConnectionPool(host='api.materialsproject.org', port=443): Max retries exceeded with url: /materials/core/?deprecated=False&_fields=calc_types&material_ids=mp-2664&_limit=1000 (Caused by ResponseError('too many 429 error responses'))
HTTPSConnectionPool(host='api.materialsproject.org', port=443): Max retries exceeded with url: /materials/tasks/?_fields=last_updated%2Ctask_id&task_ids=mp-1395482&_limit=500 (Caused by ResponseError('too many 429 error responses'))
HTTPSConnectionPool(host='api.materialsproject.org', port=443): Max retries exceeded with url: /materials/tasks/?_fields=last_updated%2Ctask_id&task_ids=mp-1113830&_limit=334 (Caused by ResponseError('too many 429 error responses'))
cannot unpack non-iterable NoneType object
HTTPSConnectionPool(host='api.materialsproject.org', port=443): Max retries exceeded with url: /materials/tasks/?_fields=last_updated%2Ctask_id&task_ids=mp-1058891&_limit=167 (Caused by ResponseError('too many 429 error responses'))
cannot unpack non-iterable NoneType object
HTTPSConnectionPool(host='api.materialsproject.org', port=443): Max retries exceeded with url: /materials/core/?deprecated=False&_fields=calc_types&material_ids=mp-1030&_limit=1000 (Caused by ResponseError('too many 429 error responses'))
cannot unpack non-iterable NoneType object
HTTPSConnectionPool(host='api.materialsproject.org', port=443): Max retries exceeded with url: /materials/core/?deprecated=False&_fields=calc_types&material_ids=mp-1113832&_limit=1000 (Caused by ResponseError('too many 429 error responses'))
cannot unpack non-iterable NoneType object
cannot unpack non-iterable NoneType object
HTTPSConnectionPool(host='api.materialsproject.org', port=443): Max retries exceeded with url: /materials/core/?deprecated=False&_fields=calc_types&material_ids=mp-2647&_limit=1000 (Caused by ResponseError('too many 429 error responses'))
cannot unpack non-iterable NoneType object
cannot unpack non-iterable NoneType object
cannot unpack non-iterable NoneType object
cannot unpack non-iterable NoneType object
cannot unpack non-iterable NoneType object
cannot unpack non-iterable NoneType object
cannot unpack non-iterable NoneType object
HTTPSConnectionPool(host='api.materialsproject.org', port=443): Max retries exceeded with url: /materials/tasks/?_fields=last_updated%2Ctask_id&task_ids=mp-656779&_limit=250 (Caused by ResponseError('too many 429 error responses'))
cannot unpack non-iterable NoneType object
HTTPSConnectionPool(host='api.materialsproject.org', port=443): Max retries exceeded with url: /materials/core/?deprecated=False&_fields=calc_types&material_ids=mp-1038778&_limit=1000 (Caused by ResponseError('too many 429 error responses'))
cannot unpack non-iterable NoneType object
HTTPSConnectionPool(host='api.materialsproject.org', port=443): Max retries exceeded with url: /materials/core/?deprecated=False&_fields=calc_types&material_ids=mp-1113994&_limit=1000 (Caused by ResponseError('too many 429 error responses'))
cannot unpack non-iterable NoneType object
cannot unpack non-iterable NoneType object
cannot unpack non-iterable NoneType object
cannot unpack non-iterable NoneType object
cannot unpack non-iterable NoneType object
cannot unpack non-iterable NoneType object
cannot unpack non-iterable NoneType object
HTTPSConnectionPool(host='api.materialsproject.org', port=443): Max retries exceeded with url: /materials/core/?deprecated=False&_fields=calc_types&material_ids=mp-2637&_limit=1000 (Caused by ResponseError('too many 429 error responses'))
cannot unpack non-iterable NoneType object
HTTPSConnectionPool(host='api.materialsproject.org', port=443): Max retries exceeded with url: /materials/core/?deprecated=False&_fields=calc_types&material_ids=mp-1039447&_limit=1000 (Caused by ResponseError('too many 429 error responses'))
HTTPSConnectionPool(host='api.materialsproject.org', port=443): Max retries exceeded with url: /materials/tasks/?_fields=last_updated%2Ctask_id&task_ids=mp-1114152&_limit=334 (Caused by ResponseError('too many 429 error responses'))
cannot unpack non-iterable NoneType object
HTTPSConnectionPool(host='api.materialsproject.org', port=443): Max retries exceeded with url: /materials/core/?deprecated=False&_fields=calc_types&material_ids=mp-280&_limit=1000 (Caused by ResponseError('too many 429 error responses'))
HTTPSConnectionPool(host='api.materialsproject.org', port=443): Max retries exceeded with url: /materials/tasks/?_fields=last_updated%2Ctask_id&task_ids=mp-2297030&_limit=166 (Caused by ResponseError('too many 429 error responses'))
HTTPSConnectionPool(host='api.materialsproject.org', port=443): Max retries exceeded with url: /materials/tasks/?_fields=last_updated%2Ctask_id&task_ids=mp-1114105&_limit=334 (Caused by ResponseError('too many 429 error responses'))
cannot unpack non-iterable NoneType object
cannot unpack non-iterable NoneType object
HTTPSConnectionPool(host='api.materialsproject.org', port=443): Max retries exceeded with url: /materials/core/?deprecated=False&_fields=calc_types&material_ids=mp-1058119&_limit=1000 (Caused by ResponseError('too many 429 error responses'))
cannot unpack non-iterable NoneType object
HTTPSConnectionPool(host='api.materialsproject.org', port=443): Max retries exceeded with url: /materials/core/?deprecated=False&_fields=calc_types&material_ids=mp-1114251&_limit=1000 (Caused by ResponseError('too many 429 error responses'))
HTTPSConnectionPool(host='api.materialsproject.org', port=443): Max retries exceeded with url: /materials/tasks/?_fields=last_updated%2Ctask_id&task_ids=mp-906886&_limit=250 (Caused by ResponseError('too many 429 error responses'))
cannot unpack non-iterable NoneType object
cannot unpack non-iterable NoneType object
cannot unpack non-iterable NoneType object
cannot unpack non-iterable NoneType object
cannot unpack non-iterable NoneType object
cannot unpack non-iterable NoneType object
HTTPSConnectionPool(host='api.materialsproject.org', port=443): Max retries exceeded with url: /materials/tasks/?_fields=last_updated%2Ctask_id&task_ids=mp-987208&_limit=250 (Caused by ResponseError('too many 429 error responses'))
HTTPSConnectionPool(host='api.materialsproject.org', port=443): Max retries exceeded with url: /materials/tasks/?_fields=last_updated%2Ctask_id&task_ids=mp-657216&_limit=250 (Caused by ResponseError('too many 429 error responses'))
HTTPSConnectionPool(host='api.materialsproject.org', port=443): Max retries exceeded with url: /materials/tasks/?_fields=last_updated%2Ctask_id&task_ids=mp-1114101&_limit=334 (Caused by ResponseError('too many 429 error responses'))
cannot unpack non-iterable NoneType object
cannot unpack non-iterable NoneType object
cannot unpack non-iterable NoneType object
cannot unpack non-iterable NoneType object
cannot unpack non-iterable NoneType object
cannot unpack non-iterable NoneType object
HTTPSConnectionPool(host='api.materialsproject.org', port=443): Max retries exceeded with url: /materials/tasks/?_fields=last_updated%2Ctask_id&task_ids=mp-1114260&_limit=334 (Caused by ResponseError('too many 429 error responses'))
HTTPSConnectionPool(host='api.materialsproject.org', port=443): Max retries exceeded with url: /materials/tasks/?_fields=last_updated%2Ctask_id&task_ids=mp-1438497&_limit=250 (Caused by ResponseError('too many 429 error responses'))
cannot unpack non-iterable NoneType object
cannot unpack non-iterable NoneType object
cannot unpack non-iterable NoneType object
HTTPSConnectionPool(host='api.materialsproject.org', port=443): Max retries exceeded with url: /materials/core/?deprecated=False&_fields=calc_types&material_ids=mp-2828&_limit=1000 (Caused by ResponseError('too many 429 error responses'))
HTTPSConnectionPool(host='api.materialsproject.org', port=443): Max retries exceeded with url: /materials/tasks/?_fields=last_updated%2Ctask_id&task_ids=mp-1114104&_limit=334 (Caused by ResponseError('too many 429 error responses'))
cannot unpack non-iterable NoneType object
HTTPSConnectionPool(host='api.materialsproject.org', port=443): Max retries exceeded with url: /materials/core/?deprecated=False&_fields=calc_types&material_ids=mp-1058586&_limit=1000 (Caused by ResponseError('too many 429 error responses'))
HTTPSConnectionPool(host='api.materialsproject.org', port=443): Max retries exceeded with url: /materials/tasks/?_fields=last_updated%2Ctask_id&task_ids=mp-2294591&_limit=166 (Caused by ResponseError('too many 429 error responses'))
cannot unpack non-iterable NoneType object
HTTPSConnectionPool(host='api.materialsproject.org', port=443): Max retries exceeded with url: /materials/core/?deprecated=False&_fields=calc_types&material_ids=mp-1114159&_limit=1000 (Caused by ResponseError('too many 429 error responses'))
cannot unpack non-iterable NoneType object
HTTPSConnectionPool(host='api.materialsproject.org', port=443): Max retries exceeded with url: /materials/core/?deprecated=False&_fields=calc_types&material_ids=mp-10622&_limit=1000 (Caused by ResponseError('too many 429 error responses'))
cannot unpack non-iterable NoneType object
cannot unpack non-iterable NoneType object
HTTPSConnectionPool(host='api.materialsproject.org', port=443): Max retries exceeded with url: /materials/core/?deprecated=False&_fields=calc_types&material_ids=mp-295&_limit=1000 (Caused by ResponseError('too many 429 error responses'))
cannot unpack non-iterable NoneType object
HTTPSConnectionPool(host='api.materialsproject.org', port=443): Max retries exceeded with url: /materials/core/?deprecated=False&_fields=calc_types&material_ids=mp-1114627&_limit=1000 (Caused by ResponseError('too many 429 error responses'))
cannot unpack non-iterable NoneType object
cannot unpack non-iterable NoneType object
cannot unpack non-iterable NoneType object
cannot unpack non-iterable NoneType object
cannot unpack non-iterable NoneType object
cannot unpack non-iterable NoneType object
HTTPSConnectionPool(host='api.materialsproject.org', port=443): Max retries exceeded with url: /materials/tasks/?_fields=last_updated%2Ctask_id&task_ids=mp-931903&_limit=250 (Caused by ResponseError('too many 429 error responses'))
HTTPSConnectionPool(host='api.materialsproject.org', port=443): Max retries exceeded with url: /materials/tasks/?_fields=last_updated%2Ctask_id&task_ids=mp-991502&_limit=250 (Caused by ResponseError('too many 429 error responses'))
cannot unpack non-iterable NoneType object
HTTPSConnectionPool(host='api.materialsproject.org', port=443): Max retries exceeded with url: /materials/core/?deprecated=False&_fields=calc_types&material_ids=mp-1063314&_limit=1000 (Caused by ResponseError('too many 429 error responses'))
cannot unpack non-iterable NoneType object
cannot unpack non-iterable NoneType object
cannot unpack non-iterable NoneType object
cannot unpack non-iterable NoneType object
cannot unpack non-iterable NoneType object
cannot unpack non-iterable NoneType object
HTTPSConnectionPool(host='api.materialsproject.org', port=443): Max retries exceeded with url: /materials/core/?deprecated=False&_fields=calc_types&material_ids=mp-10635&_limit=1000 (Caused by ResponseError('too many 429 error responses'))
HTTPSConnectionPool(host='api.materialsproject.org', port=443): Max retries exceeded with url: /materials/tasks/?_fields=last_updated%2Ctask_id&task_ids=mp-934599&_limit=334 (Caused by ResponseError('too many 429 error responses'))
HTTPSConnectionPool(host='api.materialsproject.org', port=443): Max retries exceeded with url: /materials/tasks/?_fields=last_updated%2Ctask_id&task_ids=mp-1340766&_limit=333 (Caused by ResponseError('too many 429 error responses'))
cannot unpack non-iterable NoneType object
cannot unpack non-iterable NoneType object
cannot unpack non-iterable NoneType object
HTTPSConnectionPool(host='api.materialsproject.org', port=443): Max retries exceeded with url: /materials/core/?deprecated=False&_fields=calc_types&material_ids=mp-1060680&_limit=1000 (Caused by ResponseError('too many 429 error responses'))
cannot unpack non-iterable NoneType object
cannot unpack non-iterable NoneType object
cannot unpack non-iterable NoneType object
HTTPSConnectionPool(host='api.materialsproject.org', port=443): Max retries exceeded with url: /materials/tasks/?_fields=last_updated%2Ctask_id&task_ids=mp-1114108&_limit=334 (Caused by ResponseError('too many 429 error responses'))
HTTPSConnectionPool(host='api.materialsproject.org', port=443): Max retries exceeded with url: /materials/tasks/?_fields=last_updated%2Ctask_id&task_ids=mp-1059368&_limit=250 (Caused by ResponseError('too many 429 error responses'))
cannot unpack non-iterable NoneType object
cannot unpack non-iterable NoneType object
HTTPSConnectionPool(host='api.materialsproject.org', port=443): Max retries exceeded with url: /materials/tasks/?_fields=last_updated%2Ctask_id&task_ids=mp-1114154&_limit=334 (Caused by ResponseError('too many 429 error responses'))
HTTPSConnectionPool(host='api.materialsproject.org', port=443): Max retries exceeded with url: /materials/tasks/?_fields=last_updated%2Ctask_id&task_ids=mp-2298302&_limit=200 (Caused by ResponseError('too many 429 error responses'))
cannot unpack non-iterable NoneType object
HTTPSConnectionPool(host='api.materialsproject.org', port=443): Max retries exceeded with url: /materials/core/?deprecated=False&_fields=calc_types&material_ids=mp-1061023&_limit=1000 (Caused by ResponseError('too many 429 error responses'))
cannot unpack non-iterable NoneType object
cannot unpack non-iterable NoneType object
HTTPSConnectionPool(host='api.materialsproject.org', port=443): Max retries exceeded with url: /materials/core/?deprecated=False&_fields=calc_types&material_ids=mp-33018&_limit=1000 (Caused by ResponseError('too many 429 error responses'))
cannot unpack non-iterable NoneType object
cannot unpack non-iterable NoneType object
cannot unpack non-iterable NoneType object
HTTPSConnectionPool(host='api.materialsproject.org', port=443): Max retries exceeded with url: /materials/core/?deprecated=False&_fields=calc_types&material_ids=mp-1059264&_limit=1000 (Caused by ResponseError('too many 429 error responses'))
cannot unpack non-iterable NoneType object
HTTPSConnectionPool(host='api.materialsproject.org', port=443): Max retries exceeded with url: /materials/core/?deprecated=False&_fields=calc_types&material_ids=mp-2857&_limit=1000 (Caused by ResponseError('too many 429 error responses'))
cannot unpack non-iterable NoneType object
HTTPSConnectionPool(host='api.materialsproject.org', port=443): Max retries exceeded with url: /materials/core/?deprecated=False&_fields=calc_types&material_ids=mp-1114162&_limit=1000 (Caused by ResponseError('too many 429 error responses'))
cannot unpack non-iterable NoneType object
HTTPSConnectionPool(host='api.materialsproject.org', port=443): Max retries exceeded with url: /materials/core/?deprecated=False&_fields=calc_types&material_ids=mp-1086&_limit=1000 (Caused by ResponseError('too many 429 error responses'))
cannot unpack non-iterable NoneType object
cannot unpack non-iterable NoneType object
HTTPSConnectionPool(host='api.materialsproject.org', port=443): Max retries exceeded with url: /materials/core/?deprecated=False&_fields=calc_types&material_ids=mp-11366&_limit=1000 (Caused by ResponseError('too many 429 error responses'))
cannot unpack non-iterable NoneType object
cannot unpack non-iterable NoneType object
cannot unpack non-iterable NoneType object
cannot unpack non-iterable NoneType object
cannot unpack non-iterable NoneType object
cannot unpack non-iterable NoneType object
HTTPSConnectionPool(host='api.materialsproject.org', port=443): Max retries exceeded with url: /materials/tasks/?_fields=last_updated%2Ctask_id&task_ids=mp-2295706&_limit=166 (Caused by ResponseError('too many 429 error responses'))
cannot unpack non-iterable NoneType object
HTTPSConnectionPool(host='api.materialsproject.org', port=443): Max retries exceeded with url: /materials/core/?deprecated=False&_fields=calc_types&material_ids=mp-1147639&_limit=1000 (Caused by ResponseError('too many 429 error responses'))
cannot unpack non-iterable NoneType object
HTTPSConnectionPool(host='api.materialsproject.org', port=443): Max retries exceeded with url: /materials/core/?deprecated=False&_fields=calc_types&material_ids=mp-10688&_limit=1000 (Caused by ResponseError('too many 429 error responses'))
cannot unpack non-iterable NoneType object
cannot unpack non-iterable NoneType object
cannot unpack non-iterable NoneType object
cannot unpack non-iterable NoneType object
cannot unpack non-iterable NoneType object
cannot unpack non-iterable NoneType object
cannot unpack non-iterable NoneType object
HTTPSConnectionPool(host='api.materialsproject.org', port=443): Max retries exceeded with url: /materials/core/?deprecated=False&_fields=calc_types&material_ids=mp-10728&_limit=1000 (Caused by ResponseError('too many 429 error responses'))
cannot unpack non-iterable NoneType object
cannot unpack non-iterable NoneType object
HTTPSConnectionPool(host='api.materialsproject.org', port=443): Max retries exceeded with url: /materials/core/?deprecated=False&_fields=calc_types&material_ids=mp-1183063&_limit=1000 (Caused by ResponseError('too many 429 error responses'))
cannot unpack non-iterable NoneType object
HTTPSConnectionPool(host='api.materialsproject.org', port=443): Max retries exceeded with url: /materials/core/?deprecated=False&_fields=calc_types&material_ids=mp-1072204&_limit=1000 (Caused by ResponseError('too many 429 error responses'))
cannot unpack non-iterable NoneType object
HTTPSConnectionPool(host='api.materialsproject.org', port=443): Max retries exceeded with url: /materials/core/?deprecated=False&_fields=calc_types&material_ids=mp-11371&_limit=1000 (Caused by ResponseError('too many 429 error responses'))
cannot unpack non-iterable NoneType object
HTTPSConnectionPool(host='api.materialsproject.org', port=443): Max retries exceeded with url: /materials/core/?deprecated=False&_fields=calc_types&material_ids=mp-451&_limit=1000 (Caused by ResponseError('too many 429 error responses'))
cannot unpack non-iterable NoneType object
cannot unpack non-iterable NoneType object
cannot unpack non-iterable NoneType object
cannot unpack non-iterable NoneType object
cannot unpack non-iterable NoneType object
cannot unpack non-iterable NoneType object
cannot unpack non-iterable NoneType object
cannot unpack non-iterable NoneType object
cannot unpack non-iterable NoneType object
cannot unpack non-iterable NoneType object
cannot unpack non-iterable NoneType object
HTTPSConnectionPool(host='api.materialsproject.org', port=443): Max retries exceeded with url: /materials/tasks/?_fields=last_updated%2Ctask_id&task_ids=mp-2295087&_limit=200 (Caused by ResponseError('too many 429 error responses'))
cannot unpack non-iterable NoneType object
HTTPSConnectionPool(host='api.materialsproject.org', port=443): Max retries exceeded with url: /materials/core/?deprecated=False&_fields=calc_types&material_ids=mp-11490&_limit=1000 (Caused by ResponseError('too many 429 error responses'))
cannot unpack non-iterable NoneType object
HTTPSConnectionPool(host='api.materialsproject.org', port=443): Max retries exceeded with url: /materials/core/?deprecated=False&_fields=calc_types&material_ids=mp-1094471&_limit=1000 (Caused by ResponseError('too many 429 error responses'))
cannot unpack non-iterable NoneType object
HTTPSConnectionPool(host='api.materialsproject.org', port=443): Max retries exceeded with url: /materials/core/?deprecated=False&_fields=calc_types&material_ids=mp-1147679&_limit=1000 (Caused by ResponseError('too many 429 error responses'))
cannot unpack non-iterable NoneType object
HTTPSConnectionPool(host='api.materialsproject.org', port=443): Max retries exceeded with url: /materials/core/?deprecated=False&_fields=calc_types&material_ids=mp-519&_limit=1000 (Caused by ResponseError('too many 429 error responses'))
cannot unpack non-iterable NoneType object
cannot unpack non-iterable NoneType object
cannot unpack non-iterable NoneType object
cannot unpack non-iterable NoneType object
cannot unpack non-iterable NoneType object
cannot unpack non-iterable NoneType object
cannot unpack non-iterable NoneType object
cannot unpack non-iterable NoneType object
cannot unpack non-iterable NoneType object
cannot unpack non-iterable NoneType object
cannot unpack non-iterable NoneType object
HTTPSConnectionPool(host='api.materialsproject.org', port=443): Max retries exceeded with url: /materials/core/?deprecated=False&_fields=calc_types&material_ids=mp-36891&_limit=1000 (Caused by ResponseError('too many 429 error responses'))
cannot unpack non-iterable NoneType object
cannot unpack non-iterable NoneType object
HTTPSConnectionPool(host='api.materialsproject.org', port=443): Max retries exceeded with url: /materials/core/?deprecated=False&_fields=calc_types&material_ids=mp-1183061&_limit=1000 (Caused by ResponseError('too many 429 error responses'))
cannot unpack non-iterable NoneType object
cannot unpack non-iterable NoneType object
cannot unpack non-iterable NoneType object
cannot unpack non-iterable NoneType object
cannot unpack non-iterable NoneType object
cannot unpack non-iterable NoneType object
HTTPSConnectionPool(host='api.materialsproject.org', port=443): Max retries exceeded with url: /materials/tasks/?_fields=last_updated%2Ctask_id&task_ids=mp-1792226&_limit=250 (Caused by ResponseError('too many 429 error responses'))
cannot unpack non-iterable NoneType object
HTTPSConnectionPool(host='api.materialsproject.org', port=443): Max retries exceeded with url: /materials/core/?deprecated=False&_fields=calc_types&material_ids=mp-408&_limit=1000 (Caused by ResponseError('too many 429 error responses'))
cannot unpack non-iterable NoneType object
HTTPSConnectionPool(host='api.materialsproject.org', port=443): Max retries exceeded with url: /materials/tasks/?_fields=last_updated%2Ctask_id&task_ids=mp-1412394&_limit=500 (Caused by ResponseError('too many 429 error responses'))
cannot unpack non-iterable NoneType object
cannot unpack non-iterable NoneType object
cannot unpack non-iterable NoneType object
cannot unpack non-iterable NoneType object
cannot unpack non-iterable NoneType object
cannot unpack non-iterable NoneType object
cannot unpack non-iterable NoneType object
cannot unpack non-iterable NoneType object
cannot unpack non-iterable NoneType object
cannot unpack non-iterable NoneType object
HTTPSConnectionPool(host='api.materialsproject.org', port=443): Max retries exceeded with url: /materials/tasks/?_fields=last_updated%2Ctask_id&task_ids=mp-1440571&_limit=250 (Caused by ResponseError('too many 429 error responses'))
cannot unpack non-iterable NoneType object
cannot unpack non-iterable NoneType object
cannot unpack non-iterable NoneType object
cannot unpack non-iterable NoneType object
cannot unpack non-iterable NoneType object
cannot unpack non-iterable NoneType object
cannot unpack non-iterable NoneType object
cannot unpack non-iterable NoneType object
cannot unpack non-iterable NoneType object
HTTPSConnectionPool(host='api.materialsproject.org', port=443): Max retries exceeded with url: /materials/tasks/?_fields=last_updated%2Ctask_id&task_ids=mp-658186&_limit=200 (Caused by ResponseError('too many 429 error responses'))
HTTPSConnectionPool(host='api.materialsproject.org', port=443): Max retries exceeded with url: /materials/tasks/?_fields=last_updated%2Ctask_id&task_ids=mp-1395390&_limit=500 (Caused by ResponseError('too many 429 error responses'))
HTTPSConnectionPool(host='api.materialsproject.org', port=443): Max retries exceeded with url: /materials/tasks/?_fields=last_updated%2Ctask_id&task_ids=mp-2298795&_limit=250 (Caused by ResponseError('too many 429 error responses'))
cannot unpack non-iterable NoneType object
cannot unpack non-iterable NoneType object
cannot unpack non-iterable NoneType object
cannot unpack non-iterable NoneType object
cannot unpack non-iterable NoneType object
cannot unpack non-iterable NoneType object
cannot unpack non-iterable NoneType object
cannot unpack non-iterable NoneType object
HTTPSConnectionPool(host='api.materialsproject.org', port=443): Max retries exceeded with url: /materials/tasks/?_fields=last_updated%2Ctask_id&task_ids=mp-1387678&_limit=500 (Caused by ResponseError('too many 429 error responses'))
HTTPSConnectionPool(host='api.materialsproject.org', port=443): Max retries exceeded with url: /materials/tasks/?_fields=last_updated%2Ctask_id&task_ids=mp-913144&_limit=334 (Caused by ResponseError('too many 429 error responses'))
cannot unpack non-iterable NoneType object
cannot unpack non-iterable NoneType object
cannot unpack non-iterable NoneType object
cannot unpack non-iterable NoneType object
cannot unpack non-iterable NoneType object
cannot unpack non-iterable NoneType object
cannot unpack non-iterable NoneType object
cannot unpack non-iterable NoneType object
HTTPSConnectionPool(host='api.materialsproject.org', port=443): Max retries exceeded with url: /materials/tasks/?_fields=last_updated%2Ctask_id&task_ids=mp-1784513&_limit=500 (Caused by ResponseError('too many 429 error responses'))
HTTPSConnectionPool(host='api.materialsproject.org', port=443): Max retries exceeded with url: /materials/tasks/?_fields=last_updated%2Ctask_id&task_ids=mp-1422282&_limit=500 (Caused by ResponseError('too many 429 error responses'))
cannot unpack non-iterable NoneType object
cannot unpack non-iterable NoneType object
cannot unpack non-iterable NoneType object
cannot unpack non-iterable NoneType object
cannot unpack non-iterable NoneType object
cannot unpack non-iterable NoneType object
cannot unpack non-iterable NoneType object
HTTPSConnectionPool(host='api.materialsproject.org', port=443): Max retries exceeded with url: /materials/tasks/?_fields=last_updated%2Ctask_id&task_ids=mp-1435315&_limit=500 (Caused by ResponseError('too many 429 error responses'))
HTTPSConnectionPool(host='api.materialsproject.org', port=443): Max retries exceeded with url: /materials/tasks/?_fields=last_updated%2Ctask_id&task_ids=mp-1423327&_limit=500 (Caused by ResponseError('too many 429 error responses'))
HTTPSConnectionPool(host='api.materialsproject.org', port=443): Max retries exceeded with url: /materials/tasks/?_fields=last_updated%2Ctask_id&task_ids=mp-1440849&_limit=334 (Caused by ResponseError('too many 429 error responses'))
cannot unpack non-iterable NoneType object
cannot unpack non-iterable NoneType object
cannot unpack non-iterable NoneType object
cannot unpack non-iterable NoneType object
cannot unpack non-iterable NoneType object
cannot unpack non-iterable NoneType object
cannot unpack non-iterable NoneType object
HTTPSConnectionPool(host='api.materialsproject.org', port=443): Max retries exceeded with url: /materials/tasks/?_fields=last_updated%2Ctask_id&task_ids=mp-1871393&_limit=500 (Caused by ResponseError('too many 429 error responses'))
HTTPSConnectionPool(host='api.materialsproject.org', port=443): Max retries exceeded with url: /materials/tasks/?_fields=last_updated%2Ctask_id&task_ids=mp-1407658&_limit=334 (Caused by ResponseError('too many 429 error responses'))
cannot unpack non-iterable NoneType object
HTTPSConnectionPool(host='api.materialsproject.org', port=443): Max retries exceeded with url: /materials/core/?deprecated=False&_fields=calc_types&material_ids=mp-571386&_limit=1000 (Caused by ResponseError('too many 429 error responses'))
cannot unpack non-iterable NoneType object
cannot unpack non-iterable NoneType object
cannot unpack non-iterable NoneType object
cannot unpack non-iterable NoneType object
cannot unpack non-iterable NoneType object
cannot unpack non-iterable NoneType object
cannot unpack non-iterable NoneType object
cannot unpack non-iterable NoneType object
cannot unpack non-iterable NoneType object
cannot unpack non-iterable NoneType object
cannot unpack non-iterable NoneType object
cannot unpack non-iterable NoneType object
HTTPSConnectionPool(host='api.materialsproject.org', port=443): Max retries exceeded with url: /materials/tasks/?_fields=last_updated%2Ctask_id&task_ids=mp-1399080&_limit=334 (Caused by ResponseError('too many 429 error responses'))
cannot unpack non-iterable NoneType object
HTTPSConnectionPool(host='api.materialsproject.org', port=443): Max retries exceeded with url: /materials/core/?deprecated=False&_fields=calc_types&material_ids=mp-1183076&_limit=1000 (Caused by ResponseError('too many 429 error responses'))
cannot unpack non-iterable NoneType object
cannot unpack non-iterable NoneType object
cannot unpack non-iterable NoneType object
cannot unpack non-iterable NoneType object
HTTPSConnectionPool(host='api.materialsproject.org', port=443): Max retries exceeded with url: /materials/core/?deprecated=False&_fields=calc_types&material_ids=mp-567465&_limit=1000 (Caused by ResponseError('too many 429 error responses'))
HTTPSConnectionPool(host='api.materialsproject.org', port=443): Max retries exceeded with url: /materials/tasks/?_fields=last_updated%2Ctask_id&task_ids=mp-1413072&_limit=500 (Caused by ResponseError('too many 429 error responses'))
HTTPSConnectionPool(host='api.materialsproject.org', port=443): Max retries exceeded with url: /materials/tasks/?_fields=last_updated%2Ctask_id&task_ids=mp-1429188&_limit=500 (Caused by ResponseError('too many 429 error responses'))
cannot unpack non-iterable NoneType object
cannot unpack non-iterable NoneType object
cannot unpack non-iterable NoneType object
cannot unpack non-iterable NoneType object
cannot unpack non-iterable NoneType object
cannot unpack non-iterable NoneType object
HTTPSConnectionPool(host='api.materialsproject.org', port=443): Max retries exceeded with url: /materials/tasks/?_fields=last_updated%2Ctask_id&task_ids=mp-1425789&_limit=500 (Caused by ResponseError('too many 429 error responses'))
cannot unpack non-iterable NoneType object
HTTPSConnectionPool(host='api.materialsproject.org', port=443): Max retries exceeded with url: /materials/core/?deprecated=False&_fields=calc_types&material_ids=mp-582924&_limit=1000 (Caused by ResponseError('too many 429 error responses'))
cannot unpack non-iterable NoneType object
cannot unpack non-iterable NoneType object
cannot unpack non-iterable NoneType object
cannot unpack non-iterable NoneType object
cannot unpack non-iterable NoneType object
cannot unpack non-iterable NoneType object
cannot unpack non-iterable NoneType object
cannot unpack non-iterable NoneType object
cannot unpack non-iterable NoneType object
cannot unpack non-iterable NoneType object
cannot unpack non-iterable NoneType object
cannot unpack non-iterable NoneType object
cannot unpack non-iterable NoneType object
cannot unpack non-iterable NoneType object
cannot unpack non-iterable NoneType object
cannot unpack non-iterable NoneType object
cannot unpack non-iterable NoneType object
cannot unpack non-iterable NoneType object
cannot unpack non-iterable NoneType object
cannot unpack non-iterable NoneType object
cannot unpack non-iterable NoneType object
cannot unpack non-iterable NoneType object
cannot unpack non-iterable NoneType object
cannot unpack non-iterable NoneType object
HTTPSConnectionPool(host='api.materialsproject.org', port=443): Max retries exceeded with url: /materials/tasks/?_fields=last_updated%2Ctask_id&task_ids=mp-910002&_limit=250 (Caused by ResponseError('too many 429 error responses'))
HTTPSConnectionPool(host='api.materialsproject.org', port=443): Max retries exceeded with url: /materials/tasks/?_fields=last_updated%2Ctask_id&task_ids=mp-1437178&_limit=500 (Caused by ResponseError('too many 429 error responses'))
cannot unpack non-iterable NoneType object
cannot unpack non-iterable NoneType object
cannot unpack non-iterable NoneType object
cannot unpack non-iterable NoneType object
cannot unpack non-iterable NoneType object
cannot unpack non-iterable NoneType object
cannot unpack non-iterable NoneType object
cannot unpack non-iterable NoneType object
cannot unpack non-iterable NoneType object
cannot unpack non-iterable NoneType object
cannot unpack non-iterable NoneType object
cannot unpack non-iterable NoneType object
cannot unpack non-iterable NoneType object
cannot unpack non-iterable NoneType object
cannot unpack non-iterable NoneType object
cannot unpack non-iterable NoneType object
cannot unpack non-iterable NoneType object
cannot unpack non-iterable NoneType object
cannot unpack non-iterable NoneType object
cannot unpack non-iterable NoneType object
cannot unpack non-iterable NoneType object
cannot unpack non-iterable NoneType object
cannot unpack non-iterable NoneType object
cannot unpack non-iterable NoneType object
cannot unpack non-iterable NoneType object
cannot unpack non-iterable NoneType object
cannot unpack non-iterable NoneType object
cannot unpack non-iterable NoneType object
cannot unpack non-iterable NoneType object
cannot unpack non-iterable NoneType object
cannot unpack non-iterable NoneType object
cannot unpack non-iterable NoneType object
cannot unpack non-iterable NoneType object
cannot unpack non-iterable NoneType object
cannot unpack non-iterable NoneType object
cannot unpack non-iterable NoneType object
cannot unpack non-iterable NoneType object
cannot unpack non-iterable NoneType object
cannot unpack non-iterable NoneType object
cannot unpack non-iterable NoneType object
cannot unpack non-iterable NoneType object
cannot unpack non-iterable NoneType object
cannot unpack non-iterable NoneType object
cannot unpack non-iterable NoneType object
cannot unpack non-iterable NoneType object
cannot unpack non-iterable NoneType object
cannot unpack non-iterable NoneType object
cannot unpack non-iterable NoneType object
cannot unpack non-iterable NoneType object
cannot unpack non-iterable NoneType object
cannot unpack non-iterable NoneType object
cannot unpack non-iterable NoneType object
cannot unpack non-iterable NoneType object
cannot unpack non-iterable NoneType object
cannot unpack non-iterable NoneType object
cannot unpack non-iterable NoneType object
cannot unpack non-iterable NoneType object
cannot unpack non-iterable NoneType object
cannot unpack non-iterable NoneType object
cannot unpack non-iterable NoneType object
cannot unpack non-iterable NoneType object
cannot unpack non-iterable NoneType object
cannot unpack non-iterable NoneType object
cannot unpack non-iterable NoneType object
cannot unpack non-iterable NoneType object
cannot unpack non-iterable NoneType object
cannot unpack non-iterable NoneType object
cannot unpack non-iterable NoneType object
cannot unpack non-iterable NoneType object
cannot unpack non-iterable NoneType object
cannot unpack non-iterable NoneType object
cannot unpack non-iterable NoneType object
cannot unpack non-iterable NoneType object
cannot unpack non-iterable NoneType object
cannot unpack non-iterable NoneType object
HTTPSConnectionPool(host='api.materialsproject.org', port=443): Max retries exceeded with url: /materials/tasks/?_fields=last_updated%2Ctask_id&task_ids=mp-1401991&_limit=500 (Caused by ResponseError('too many 429 error responses'))
cannot unpack non-iterable NoneType object
cannot unpack non-iterable NoneType object
HTTPSConnectionPool(host='api.materialsproject.org', port=443): Max retries exceeded with url: /materials/tasks/?_fields=last_updated%2Ctask_id&task_ids=mp-1000594&_limit=250 (Caused by ResponseError('too many 429 error responses'))
cannot unpack non-iterable NoneType object
HTTPSConnectionPool(host='api.materialsproject.org', port=443): Max retries exceeded with url: /materials/core/?deprecated=False&_fields=calc_types&material_ids=mp-1183459&_limit=1000 (Caused by ResponseError('too many 429 error responses'))
cannot unpack non-iterable NoneType object
HTTPSConnectionPool(host='api.materialsproject.org', port=443): Max retries exceeded with url: /materials/core/?deprecated=False&_fields=calc_types&material_ids=mp-1104127&_limit=1000 (Caused by ResponseError('too many 429 error responses'))
cannot unpack non-iterable NoneType object
cannot unpack non-iterable NoneType object
cannot unpack non-iterable NoneType object
cannot unpack non-iterable NoneType object
cannot unpack non-iterable NoneType object
cannot unpack non-iterable NoneType object
cannot unpack non-iterable NoneType object
cannot unpack non-iterable NoneType object
HTTPSConnectionPool(host='api.materialsproject.org', port=443): Max retries exceeded with url: /materials/tasks/?_fields=last_updated%2Ctask_id&task_ids=mp-654704&_limit=250 (Caused by ResponseError('too many 429 error responses'))
cannot unpack non-iterable NoneType object
cannot unpack non-iterable NoneType object
cannot unpack non-iterable NoneType object
HTTPSConnectionPool(host='api.materialsproject.org', port=443): Max retries exceeded with url: /materials/tasks/?_fields=last_updated%2Ctask_id&task_ids=mp-1432455&_limit=500 (Caused by ResponseError('too many 429 error responses'))
cannot unpack non-iterable NoneType object
HTTPSConnectionPool(host='api.materialsproject.org', port=443): Max retries exceeded with url: /materials/core/?deprecated=False&_fields=calc_types&material_ids=mp-865176&_limit=1000 (Caused by ResponseError('too many 429 error responses'))
HTTPSConnectionPool(host='api.materialsproject.org', port=443): Max retries exceeded with url: /materials/tasks/?_fields=last_updated%2Ctask_id&task_ids=mp-1426335&_limit=334 (Caused by ResponseError('too many 429 error responses'))
cannot unpack non-iterable NoneType object
cannot unpack non-iterable NoneType object
cannot unpack non-iterable NoneType object
HTTPSConnectionPool(host='api.materialsproject.org', port=443): Max retries exceeded with url: /materials/tasks/?_fields=last_updated%2Ctask_id&task_ids=mp-1393364&_limit=500 (Caused by ResponseError('too many 429 error responses'))
HTTPSConnectionPool(host='api.materialsproject.org', port=443): Max retries exceeded with url: /materials/tasks/?_fields=last_updated%2Ctask_id&task_ids=mp-1409976&_limit=500 (Caused by ResponseError('too many 429 error responses'))
HTTPSConnectionPool(host='api.materialsproject.org', port=443): Max retries exceeded with url: /materials/tasks/?_fields=last_updated%2Ctask_id&task_ids=mp-1050692&_limit=334 (Caused by ResponseError('too many 429 error responses'))
cannot unpack non-iterable NoneType object
cannot unpack non-iterable NoneType object
cannot unpack non-iterable NoneType object
cannot unpack non-iterable NoneType object
cannot unpack non-iterable NoneType object
cannot unpack non-iterable NoneType object
cannot unpack non-iterable NoneType object
cannot unpack non-iterable NoneType object
HTTPSConnectionPool(host='api.materialsproject.org', port=443): Max retries exceeded with url: /materials/core/?deprecated=False&_fields=calc_types&material_ids=mp-1183322&_limit=1000 (Caused by ResponseError('too many 429 error responses'))
cannot unpack non-iterable NoneType object
cannot unpack non-iterable NoneType object
HTTPSConnectionPool(host='api.materialsproject.org', port=443): Max retries exceeded with url: /materials/tasks/?_fields=last_updated%2Ctask_id&task_ids=mp-1429393&_limit=500 (Caused by ResponseError('too many 429 error responses'))
cannot unpack non-iterable NoneType object
cannot unpack non-iterable NoneType object
cannot unpack non-iterable NoneType object
HTTPSConnectionPool(host='api.materialsproject.org', port=443): Max retries exceeded with url: /materials/tasks/?_fields=last_updated%2Ctask_id&task_ids=mp-1793162&_limit=333 (Caused by ResponseError('too many 429 error responses'))
cannot unpack non-iterable NoneType object
cannot unpack non-iterable NoneType object
cannot unpack non-iterable NoneType object
HTTPSConnectionPool(host='api.materialsproject.org', port=443): Max retries exceeded with url: /materials/tasks/?_fields=last_updated%2Ctask_id&task_ids=mp-1054150&_limit=334 (Caused by ResponseError('too many 429 error responses'))
HTTPSConnectionPool(host='api.materialsproject.org', port=443): Max retries exceeded with url: /materials/tasks/?_fields=last_updated%2Ctask_id&task_ids=mp-1795966&_limit=500 (Caused by ResponseError('too many 429 error responses'))
HTTPSConnectionPool(host='api.materialsproject.org', port=443): Max retries exceeded with url: /materials/tasks/?_fields=last_updated%2Ctask_id&task_ids=mp-1793663&_limit=500 (Caused by ResponseError('too many 429 error responses'))
cannot unpack non-iterable NoneType object
cannot unpack non-iterable NoneType object
cannot unpack non-iterable NoneType object
cannot unpack non-iterable NoneType object
cannot unpack non-iterable NoneType object
cannot unpack non-iterable NoneType object
cannot unpack non-iterable NoneType object
cannot unpack non-iterable NoneType object
cannot unpack non-iterable NoneType object
cannot unpack non-iterable NoneType object
cannot unpack non-iterable NoneType object
cannot unpack non-iterable NoneType object
cannot unpack non-iterable NoneType object
cannot unpack non-iterable NoneType object
cannot unpack non-iterable NoneType object
cannot unpack non-iterable NoneType object
HTTPSConnectionPool(host='api.materialsproject.org', port=443): Max retries exceeded with url: /materials/core/?deprecated=False&_fields=calc_types&material_ids=mp-867227&_limit=1000 (Caused by ResponseError('too many 429 error responses'))
cannot unpack non-iterable NoneType object
HTTPSConnectionPool(host='api.materialsproject.org', port=443): Max retries exceeded with url: /materials/core/?deprecated=False&_fields=calc_types&material_ids=mp-1183556&_limit=1000 (Caused by ResponseError('too many 429 error responses'))
cannot unpack non-iterable NoneType object
HTTPSConnectionPool(host='api.materialsproject.org', port=443): Max retries exceeded with url: /materials/core/?deprecated=False&_fields=calc_types&material_ids=mp-1183330&_limit=1000 (Caused by ResponseError('too many 429 error responses'))
cannot unpack non-iterable NoneType object
cannot unpack non-iterable NoneType object
cannot unpack non-iterable NoneType object
cannot unpack non-iterable NoneType object
cannot unpack non-iterable NoneType object
cannot unpack non-iterable NoneType object
cannot unpack non-iterable NoneType object
cannot unpack non-iterable NoneType object
cannot unpack non-iterable NoneType object
cannot unpack non-iterable NoneType object
cannot unpack non-iterable NoneType object
HTTPSConnectionPool(host='api.materialsproject.org', port=443): Max retries exceeded with url: /materials/tasks/?_fields=last_updated%2Ctask_id&task_ids=mp-1424445&_limit=250 (Caused by ResponseError('too many 429 error responses'))
HTTPSConnectionPool(host='api.materialsproject.org', port=443): Max retries exceeded with url: /materials/tasks/?_fields=last_updated%2Ctask_id&task_ids=mp-1421153&_limit=500 (Caused by ResponseError('too many 429 error responses'))
cannot unpack non-iterable NoneType object
HTTPSConnectionPool(host='api.materialsproject.org', port=443): Max retries exceeded with url: /materials/core/?deprecated=False&_fields=calc_types&material_ids=mp-1183146&_limit=1000 (Caused by ResponseError('too many 429 error responses'))
cannot unpack non-iterable NoneType object
cannot unpack non-iterable NoneType object
cannot unpack non-iterable NoneType object
cannot unpack non-iterable NoneType object
cannot unpack non-iterable NoneType object
cannot unpack non-iterable NoneType object
cannot unpack non-iterable NoneType object
cannot unpack non-iterable NoneType object
cannot unpack non-iterable NoneType object
HTTPSConnectionPool(host='api.materialsproject.org', port=443): Max retries exceeded with url: /materials/core/?deprecated=False&_fields=calc_types&material_ids=mp-1183560&_limit=1000 (Caused by ResponseError('too many 429 error responses'))
HTTPSConnectionPool(host='api.materialsproject.org', port=443): Max retries exceeded with url: /materials/tasks/?_fields=last_updated%2Ctask_id&task_ids=mp-1440016&_limit=334 (Caused by ResponseError('too many 429 error responses'))
cannot unpack non-iterable NoneType object
cannot unpack non-iterable NoneType object
HTTPSConnectionPool(host='api.materialsproject.org', port=443): Max retries exceeded with url: /materials/tasks/?_fields=last_updated%2Ctask_id&task_ids=mp-1504269&_limit=500 (Caused by ResponseError('too many 429 error responses'))
HTTPSConnectionPool(host='api.materialsproject.org', port=443): Max retries exceeded with url: /materials/tasks/?_fields=last_updated%2Ctask_id&task_ids=mp-1429279&_limit=500 (Caused by ResponseError('too many 429 error responses'))
cannot unpack non-iterable NoneType object
cannot unpack non-iterable NoneType object
HTTPSConnectionPool(host='api.materialsproject.org', port=443): Max retries exceeded with url: /materials/core/?deprecated=False&_fields=calc_types&material_ids=mp-919&_limit=1000 (Caused by ResponseError('too many 429 error responses'))
cannot unpack non-iterable NoneType object
cannot unpack non-iterable NoneType object
cannot unpack non-iterable NoneType object
cannot unpack non-iterable NoneType object
cannot unpack non-iterable NoneType object
cannot unpack non-iterable NoneType object
cannot unpack non-iterable NoneType object
HTTPSConnectionPool(host='api.materialsproject.org', port=443): Max retries exceeded with url: /materials/tasks/?_fields=last_updated%2Ctask_id&task_ids=mp-1428203&_limit=500 (Caused by ResponseError('too many 429 error responses'))
HTTPSConnectionPool(host='api.materialsproject.org', port=443): Max retries exceeded with url: /materials/tasks/?_fields=last_updated%2Ctask_id&task_ids=mp-1778635&_limit=500 (Caused by ResponseError('too many 429 error responses'))
HTTPSConnectionPool(host='api.materialsproject.org', port=443): Max retries exceeded with url: /materials/tasks/?_fields=last_updated%2Ctask_id&task_ids=mp-660424&_limit=250 (Caused by ResponseError('too many 429 error responses'))
cannot unpack non-iterable NoneType object
cannot unpack non-iterable NoneType object
cannot unpack non-iterable NoneType object
HTTPSConnectionPool(host='api.materialsproject.org', port=443): Max retries exceeded with url: /materials/core/?deprecated=False&_fields=calc_types&material_ids=mp-971757&_limit=1000 (Caused by ResponseError('too many 429 error responses'))
HTTPSConnectionPool(host='api.materialsproject.org', port=443): Max retries exceeded with url: /materials/tasks/?_fields=last_updated%2Ctask_id&task_ids=mp-1427390&_limit=500 (Caused by ResponseError('too many 429 error responses'))
HTTPSConnectionPool(host='api.materialsproject.org', port=443): Max retries exceeded with url: /materials/tasks/?_fields=last_updated%2Ctask_id&task_ids=mp-1429353&_limit=500 (Caused by ResponseError('too many 429 error responses'))
cannot unpack non-iterable NoneType object
cannot unpack non-iterable NoneType object
cannot unpack non-iterable NoneType object
cannot unpack non-iterable NoneType object
cannot unpack non-iterable NoneType object
cannot unpack non-iterable NoneType object
cannot unpack non-iterable NoneType object
cannot unpack non-iterable NoneType object
cannot unpack non-iterable NoneType object
cannot unpack non-iterable NoneType object
cannot unpack non-iterable NoneType object
cannot unpack non-iterable NoneType object
cannot unpack non-iterable NoneType object
HTTPSConnectionPool(host='api.materialsproject.org', port=443): Max retries exceeded with url: /materials/tasks/?_fields=last_updated%2Ctask_id&task_ids=mp-1437037&_limit=500 (Caused by ResponseError('too many 429 error responses'))
cannot unpack non-iterable NoneType object
HTTPSConnectionPool(host='api.materialsproject.org', port=443): Max retries exceeded with url: /materials/core/?deprecated=False&_fields=calc_types&material_ids=mp-972&_limit=1000 (Caused by ResponseError('too many 429 error responses'))
HTTPSConnectionPool(host='api.materialsproject.org', port=443): Max retries exceeded with url: /materials/tasks/?_fields=last_updated%2Ctask_id&task_ids=mp-1416054&_limit=334 (Caused by ResponseError('too many 429 error responses'))
cannot unpack non-iterable NoneType object
HTTPSConnectionPool(host='api.materialsproject.org', port=443): Max retries exceeded with url: /materials/tasks/?_fields=last_updated%2Ctask_id&task_ids=mp-1413484&_limit=500 (Caused by ResponseError('too many 429 error responses'))
cannot unpack non-iterable NoneType object
HTTPSConnectionPool(host='api.materialsproject.org', port=443): Max retries exceeded with url: /materials/core/?deprecated=False&_fields=calc_types&material_ids=mp-930&_limit=1000 (Caused by ResponseError('too many 429 error responses'))
cannot unpack non-iterable NoneType object
HTTPSConnectionPool(host='api.materialsproject.org', port=443): Max retries exceeded with url: /materials/core/?deprecated=False&_fields=calc_types&material_ids=mp-1183985&_limit=1000 (Caused by ResponseError('too many 429 error responses'))
cannot unpack non-iterable NoneType object
cannot unpack non-iterable NoneType object
cannot unpack non-iterable NoneType object
cannot unpack non-iterable NoneType object
cannot unpack non-iterable NoneType object
cannot unpack non-iterable NoneType object
cannot unpack non-iterable NoneType object
cannot unpack non-iterable NoneType object
cannot unpack non-iterable NoneType object
cannot unpack non-iterable NoneType object
cannot unpack non-iterable NoneType object
cannot unpack non-iterable NoneType object
HTTPSConnectionPool(host='api.materialsproject.org', port=443): Max retries exceeded with url: /materials/tasks/?_fields=last_updated%2Ctask_id&task_ids=mp-1421855&_limit=500 (Caused by ResponseError('too many 429 error responses'))
HTTPSConnectionPool(host='api.materialsproject.org', port=443): Max retries exceeded with url: /materials/tasks/?_fields=last_updated%2Ctask_id&task_ids=mp-972282&_limit=334 (Caused by ResponseError('too many 429 error responses'))
cannot unpack non-iterable NoneType object
HTTPSConnectionPool(host='api.materialsproject.org', port=443): Max retries exceeded with url: /materials/core/?deprecated=False&_fields=calc_types&material_ids=mp-1183637&_limit=1000 (Caused by ResponseError('too many 429 error responses'))
cannot unpack non-iterable NoneType object
cannot unpack non-iterable NoneType object
cannot unpack non-iterable NoneType object
cannot unpack non-iterable NoneType object
cannot unpack non-iterable NoneType object
cannot unpack non-iterable NoneType object
cannot unpack non-iterable NoneType object
cannot unpack non-iterable NoneType object
cannot unpack non-iterable NoneType object
HTTPSConnectionPool(host='api.materialsproject.org', port=443): Max retries exceeded with url: /materials/core/?deprecated=False&_fields=calc_types&material_ids=mp-940&_limit=1000 (Caused by ResponseError('too many 429 error responses'))
HTTPSConnectionPool(host='api.materialsproject.org', port=443): Max retries exceeded with url: /materials/tasks/?_fields=last_updated%2Ctask_id&task_ids=mp-1437143&_limit=500 (Caused by ResponseError('too many 429 error responses'))
cannot unpack non-iterable NoneType object
cannot unpack non-iterable NoneType object
cannot unpack non-iterable NoneType object
cannot unpack non-iterable NoneType object
cannot unpack non-iterable NoneType object
cannot unpack non-iterable NoneType object
cannot unpack non-iterable NoneType object
HTTPSConnectionPool(host='api.materialsproject.org', port=443): Max retries exceeded with url: /materials/tasks/?_fields=last_updated%2Ctask_id&task_ids=mp-1428527&_limit=500 (Caused by ResponseError('too many 429 error responses'))
cannot unpack non-iterable NoneType object
HTTPSConnectionPool(host='api.materialsproject.org', port=443): Max retries exceeded with url: /materials/core/?deprecated=False&_fields=calc_types&material_ids=mp-971944&_limit=1000 (Caused by ResponseError('too many 429 error responses'))
cannot unpack non-iterable NoneType object
cannot unpack non-iterable NoneType object
HTTPSConnectionPool(host='api.materialsproject.org', port=443): Max retries exceeded with url: /materials/core/?deprecated=False&_fields=calc_types&material_ids=mp-1183671&_limit=1000 (Caused by ResponseError('too many 429 error responses'))
cannot unpack non-iterable NoneType object
cannot unpack non-iterable NoneType object
cannot unpack non-iterable NoneType object
cannot unpack non-iterable NoneType object
cannot unpack non-iterable NoneType object
cannot unpack non-iterable NoneType object
cannot unpack non-iterable NoneType object
cannot unpack non-iterable NoneType object
cannot unpack non-iterable NoneType object
cannot unpack non-iterable NoneType object
cannot unpack non-iterable NoneType object
cannot unpack non-iterable NoneType object
HTTPSConnectionPool(host='api.materialsproject.org', port=443): Max retries exceeded with url: /materials/tasks/?_fields=last_updated%2Ctask_id&task_ids=mp-1799392&_limit=500 (Caused by ResponseError('too many 429 error responses'))
cannot unpack non-iterable NoneType object
cannot unpack non-iterable NoneType object
cannot unpack non-iterable NoneType object
cannot unpack non-iterable NoneType object
cannot unpack non-iterable NoneType object
cannot unpack non-iterable NoneType object
cannot unpack non-iterable NoneType object
cannot unpack non-iterable NoneType object
cannot unpack non-iterable NoneType object
cannot unpack non-iterable NoneType object
cannot unpack non-iterable NoneType object
cannot unpack non-iterable NoneType object
cannot unpack non-iterable NoneType object
cannot unpack non-iterable NoneType object
cannot unpack non-iterable NoneType object
cannot unpack non-iterable NoneType object
cannot unpack non-iterable NoneType object
cannot unpack non-iterable NoneType object
cannot unpack non-iterable NoneType object
cannot unpack non-iterable NoneType object
cannot unpack non-iterable NoneType object
cannot unpack non-iterable NoneType object
cannot unpack non-iterable NoneType object
cannot unpack non-iterable NoneType object
cannot unpack non-iterable NoneType object
cannot unpack non-iterable NoneType object
cannot unpack non-iterable NoneType object
cannot unpack non-iterable NoneType object
cannot unpack non-iterable NoneType object
cannot unpack non-iterable NoneType object
cannot unpack non-iterable NoneType object
cannot unpack non-iterable NoneType object
cannot unpack non-iterable NoneType object
cannot unpack non-iterable NoneType object
cannot unpack non-iterable NoneType object
cannot unpack non-iterable NoneType object
cannot unpack non-iterable NoneType object
cannot unpack non-iterable NoneType object
cannot unpack non-iterable NoneType object
cannot unpack non-iterable NoneType object
cannot unpack non-iterable NoneType object
cannot unpack non-iterable NoneType object
cannot unpack non-iterable NoneType object
HTTPSConnectionPool(host='api.materialsproject.org', port=443): Max retries exceeded with url: /materials/core/?deprecated=False&_fields=calc_types&material_ids=mp-1183789&_limit=1000 (Caused by ResponseError('too many 429 error responses'))
cannot unpack non-iterable NoneType object
cannot unpack non-iterable NoneType object
cannot unpack non-iterable NoneType object
cannot unpack non-iterable NoneType object
cannot unpack non-iterable NoneType object
cannot unpack non-iterable NoneType object
cannot unpack non-iterable NoneType object
cannot unpack non-iterable NoneType object
cannot unpack non-iterable NoneType object
cannot unpack non-iterable NoneType object
cannot unpack non-iterable NoneType object
cannot unpack non-iterable NoneType object
cannot unpack non-iterable NoneType object
cannot unpack non-iterable NoneType object
cannot unpack non-iterable NoneType object
cannot unpack non-iterable NoneType object
cannot unpack non-iterable NoneType object
cannot unpack non-iterable NoneType object
cannot unpack non-iterable NoneType object
HTTPSConnectionPool(host='api.materialsproject.org', port=443): Max retries exceeded with url: /materials/tasks/?_fields=last_updated%2Ctask_id&task_ids=mp-1831457&_limit=500 (Caused by ResponseError('too many 429 error responses'))
cannot unpack non-iterable NoneType object
HTTPSConnectionPool(host='api.materialsproject.org', port=443): Max retries exceeded with url: /materials/core/?deprecated=False&_fields=calc_types&material_ids=mp-973778&_limit=1000 (Caused by ResponseError('too many 429 error responses'))
HTTPSConnectionPool(host='api.materialsproject.org', port=443): Max retries exceeded with url: /materials/tasks/?_fields=last_updated%2Ctask_id&task_ids=mp-1420841&_limit=500 (Caused by ResponseError('too many 429 error responses'))
cannot unpack non-iterable NoneType object
cannot unpack non-iterable NoneType object
cannot unpack non-iterable NoneType object
cannot unpack non-iterable NoneType object
cannot unpack non-iterable NoneType object
cannot unpack non-iterable NoneType object
cannot unpack non-iterable NoneType object
cannot unpack non-iterable NoneType object
HTTPSConnectionPool(host='api.materialsproject.org', port=443): Max retries exceeded with url: /materials/tasks/?_fields=last_updated%2Ctask_id&task_ids=mp-1426666&_limit=500 (Caused by ResponseError('too many 429 error responses'))
cannot unpack non-iterable NoneType object
HTTPSConnectionPool(host='api.materialsproject.org', port=443): Max retries exceeded with url: /materials/core/?deprecated=False&_fields=calc_types&material_ids=mp-973353&_limit=1000 (Caused by ResponseError('too many 429 error responses'))
cannot unpack non-iterable NoneType object
cannot unpack non-iterable NoneType object
cannot unpack non-iterable NoneType object
cannot unpack non-iterable NoneType object
cannot unpack non-iterable NoneType object
cannot unpack non-iterable NoneType object
cannot unpack non-iterable NoneType object
cannot unpack non-iterable NoneType object
cannot unpack non-iterable NoneType object
cannot unpack non-iterable NoneType object
HTTPSConnectionPool(host='api.materialsproject.org', port=443): Max retries exceeded with url: /materials/core/?deprecated=False&_fields=calc_types&material_ids=mp-1184752&_limit=1000 (Caused by ResponseError('too many 429 error responses'))
HTTPSConnectionPool(host='api.materialsproject.org', port=443): Max retries exceeded with url: /materials/tasks/?_fields=last_updated%2Ctask_id&task_ids=mp-1409937&_limit=500 (Caused by ResponseError('too many 429 error responses'))
cannot unpack non-iterable NoneType object
cannot unpack non-iterable NoneType object
HTTPSConnectionPool(host='api.materialsproject.org', port=443): Max retries exceeded with url: /materials/tasks/?_fields=last_updated%2Ctask_id&task_ids=mp-1780085&_limit=500 (Caused by ResponseError('too many 429 error responses'))
cannot unpack non-iterable NoneType object
HTTPSConnectionPool(host='api.materialsproject.org', port=443): Max retries exceeded with url: /materials/core/?deprecated=False&_fields=calc_types&material_ids=mp-974789&_limit=1000 (Caused by ResponseError('too many 429 error responses'))
cannot unpack non-iterable NoneType object
HTTPSConnectionPool(host='api.materialsproject.org', port=443): Max retries exceeded with url: /materials/core/?deprecated=False&_fields=calc_types&material_ids=mp-1183760&_limit=1000 (Caused by ResponseError('too many 429 error responses'))
cannot unpack non-iterable NoneType object
cannot unpack non-iterable NoneType object
cannot unpack non-iterable NoneType object
cannot unpack non-iterable NoneType object
cannot unpack non-iterable NoneType object
cannot unpack non-iterable NoneType object
cannot unpack non-iterable NoneType object
cannot unpack non-iterable NoneType object
cannot unpack non-iterable NoneType object
cannot unpack non-iterable NoneType object
cannot unpack non-iterable NoneType object
cannot unpack non-iterable NoneType object
cannot unpack non-iterable NoneType object
cannot unpack non-iterable NoneType object
cannot unpack non-iterable NoneType object
cannot unpack non-iterable NoneType object
cannot unpack non-iterable NoneType object
cannot unpack non-iterable NoneType object
cannot unpack non-iterable NoneType object
cannot unpack non-iterable NoneType object
cannot unpack non-iterable NoneType object
cannot unpack non-iterable NoneType object
cannot unpack non-iterable NoneType object
cannot unpack non-iterable NoneType object
cannot unpack non-iterable NoneType object
cannot unpack non-iterable NoneType object
cannot unpack non-iterable NoneType object
cannot unpack non-iterable NoneType object
cannot unpack non-iterable NoneType object
cannot unpack non-iterable NoneType object
cannot unpack non-iterable NoneType object
cannot unpack non-iterable NoneType object
cannot unpack non-iterable NoneType object
HTTPSConnectionPool(host='api.materialsproject.org', port=443): Max retries exceeded with url: /materials/core/?deprecated=False&_fields=calc_types&material_ids=mp-1183818&_limit=1000 (Caused by ResponseError('too many 429 error responses'))
cannot unpack non-iterable NoneType object
HTTPSConnectionPool(host='api.materialsproject.org', port=443): Max retries exceeded with url: /materials/core/?deprecated=False&_fields=calc_types&material_ids=mp-974058&_limit=1000 (Caused by ResponseError('too many 429 error responses'))
cannot unpack non-iterable NoneType object
HTTPSConnectionPool(host='api.materialsproject.org', port=443): Max retries exceeded with url: /materials/core/?deprecated=False&_fields=calc_types&material_ids=mp-1185029&_limit=1000 (Caused by ResponseError('too many 429 error responses'))
cannot unpack non-iterable NoneType object
cannot unpack non-iterable NoneType object
cannot unpack non-iterable NoneType object
HTTPSConnectionPool(host='api.materialsproject.org', port=443): Max retries exceeded with url: /materials/tasks/?_fields=last_updated%2Ctask_id&task_ids=mp-1405715&_limit=500 (Caused by ResponseError('too many 429 error responses'))
HTTPSConnectionPool(host='api.materialsproject.org', port=443): Max retries exceeded with url: /materials/tasks/?_fields=last_updated%2Ctask_id&task_ids=mp-1425284&_limit=500 (Caused by ResponseError('too many 429 error responses'))
HTTPSConnectionPool(host='api.materialsproject.org', port=443): Max retries exceeded with url: /materials/tasks/?_fields=last_updated%2Ctask_id&task_ids=mp-974501&_limit=334 (Caused by ResponseError('too many 429 error responses'))
cannot unpack non-iterable NoneType object
cannot unpack non-iterable NoneType object
cannot unpack non-iterable NoneType object
cannot unpack non-iterable NoneType object
cannot unpack non-iterable NoneType object
cannot unpack non-iterable NoneType object
cannot unpack non-iterable NoneType object
cannot unpack non-iterable NoneType object
cannot unpack non-iterable NoneType object
cannot unpack non-iterable NoneType object
cannot unpack non-iterable NoneType object
cannot unpack non-iterable NoneType object
cannot unpack non-iterable NoneType object
cannot unpack non-iterable NoneType object
HTTPSConnectionPool(host='api.materialsproject.org', port=443): Max retries exceeded with url: /materials/tasks/?_fields=last_updated%2Ctask_id&task_ids=mp-1386467&_limit=500 (Caused by ResponseError('too many 429 error responses'))
HTTPSConnectionPool(host='api.materialsproject.org', port=443): Max retries exceeded with url: /materials/tasks/?_fields=last_updated%2Ctask_id&task_ids=mp-1405593&_limit=500 (Caused by ResponseError('too many 429 error responses'))
HTTPSConnectionPool(host='api.materialsproject.org', port=443): Max retries exceeded with url: /materials/tasks/?_fields=last_updated%2Ctask_id&task_ids=mp-974892&_limit=334 (Caused by ResponseError('too many 429 error responses'))
cannot unpack non-iterable NoneType object
cannot unpack non-iterable NoneType object
cannot unpack non-iterable NoneType object
cannot unpack non-iterable NoneType object
cannot unpack non-iterable NoneType object
cannot unpack non-iterable NoneType object
cannot unpack non-iterable NoneType object
cannot unpack non-iterable NoneType object
cannot unpack non-iterable NoneType object
HTTPSConnectionPool(host='api.materialsproject.org', port=443): Max retries exceeded with url: /materials/tasks/?_fields=last_updated%2Ctask_id&task_ids=mp-1429463&_limit=500 (Caused by ResponseError('too many 429 error responses'))
cannot unpack non-iterable NoneType object
cannot unpack non-iterable NoneType object
cannot unpack non-iterable NoneType object
cannot unpack non-iterable NoneType object
HTTPSConnectionPool(host='api.materialsproject.org', port=443): Max retries exceeded with url: /materials/core/?deprecated=False&_fields=calc_types&material_ids=mp-1184880&_limit=1000 (Caused by ResponseError('too many 429 error responses'))
cannot unpack non-iterable NoneType object
HTTPSConnectionPool(host='api.materialsproject.org', port=443): Max retries exceeded with url: /materials/core/?deprecated=False&_fields=calc_types&material_ids=mp-974739&_limit=1000 (Caused by ResponseError('too many 429 error responses'))
cannot unpack non-iterable NoneType object
cannot unpack non-iterable NoneType object
cannot unpack non-iterable NoneType object
cannot unpack non-iterable NoneType object
HTTPSConnectionPool(host='api.materialsproject.org', port=443): Max retries exceeded with url: /materials/tasks/?_fields=last_updated%2Ctask_id&task_ids=mp-975075&_limit=334 (Caused by ResponseError('too many 429 error responses'))
cannot unpack non-iterable NoneType object
cannot unpack non-iterable NoneType object
cannot unpack non-iterable NoneType object
HTTPSConnectionPool(host='api.materialsproject.org', port=443): Max retries exceeded with url: /materials/tasks/?_fields=last_updated%2Ctask_id&task_ids=mp-975413&_limit=334 (Caused by ResponseError('too many 429 error responses'))
cannot unpack non-iterable NoneType object
HTTPSConnectionPool(host='api.materialsproject.org', port=443): Max retries exceeded with url: /materials/core/?deprecated=False&_fields=calc_types&material_ids=mp-1184961&_limit=1000 (Caused by ResponseError('too many 429 error responses'))
cannot unpack non-iterable NoneType object
HTTPSConnectionPool(host='api.materialsproject.org', port=443): Max retries exceeded with url: /materials/core/?deprecated=False&_fields=calc_types&material_ids=mp-1183799&_limit=1000 (Caused by ResponseError('too many 429 error responses'))
cannot unpack non-iterable NoneType object
cannot unpack non-iterable NoneType object
cannot unpack non-iterable NoneType object
cannot unpack non-iterable NoneType object
cannot unpack non-iterable NoneType object
cannot unpack non-iterable NoneType object
cannot unpack non-iterable NoneType object
cannot unpack non-iterable NoneType object
cannot unpack non-iterable NoneType object
cannot unpack non-iterable NoneType object
cannot unpack non-iterable NoneType object
cannot unpack non-iterable NoneType object
cannot unpack non-iterable NoneType object
cannot unpack non-iterable NoneType object
cannot unpack non-iterable NoneType object
HTTPSConnectionPool(host='api.materialsproject.org', port=443): Max retries exceeded with url: /materials/core/?deprecated=False&_fields=calc_types&material_ids=mp-1183828&_limit=1000 (Caused by ResponseError('too many 429 error responses'))
cannot unpack non-iterable NoneType object
cannot unpack non-iterable NoneType object
cannot unpack non-iterable NoneType object
cannot unpack non-iterable NoneType object
HTTPSConnectionPool(host='api.materialsproject.org', port=443): Max retries exceeded with url: /materials/tasks/?_fields=last_updated%2Ctask_id&task_ids=mp-1396637&_limit=500 (Caused by ResponseError('too many 429 error responses'))
HTTPSConnectionPool(host='api.materialsproject.org', port=443): Max retries exceeded with url: /materials/tasks/?_fields=last_updated%2Ctask_id&task_ids=mp-1420900&_limit=500 (Caused by ResponseError('too many 429 error responses'))
HTTPSConnectionPool(host='api.materialsproject.org', port=443): Max retries exceeded with url: /materials/tasks/?_fields=last_updated%2Ctask_id&task_ids=mp-1934195&_limit=333 (Caused by ResponseError('too many 429 error responses'))
cannot unpack non-iterable NoneType object
cannot unpack non-iterable NoneType object
cannot unpack non-iterable NoneType object
cannot unpack non-iterable NoneType object
cannot unpack non-iterable NoneType object
cannot unpack non-iterable NoneType object
cannot unpack non-iterable NoneType object
cannot unpack non-iterable NoneType object
cannot unpack non-iterable NoneType object
cannot unpack non-iterable NoneType object
cannot unpack non-iterable NoneType object
cannot unpack non-iterable NoneType object
cannot unpack non-iterable NoneType object
cannot unpack non-iterable NoneType object
cannot unpack non-iterable NoneType object
cannot unpack non-iterable NoneType object
cannot unpack non-iterable NoneType object
cannot unpack non-iterable NoneType object
cannot unpack non-iterable NoneType object
cannot unpack non-iterable NoneType object
cannot unpack non-iterable NoneType object
cannot unpack non-iterable NoneType object
cannot unpack non-iterable NoneType object
cannot unpack non-iterable NoneType object
cannot unpack non-iterable NoneType object
cannot unpack non-iterable NoneType object
cannot unpack non-iterable NoneType object
cannot unpack non-iterable NoneType object
cannot unpack non-iterable NoneType object
cannot unpack non-iterable NoneType object
cannot unpack non-iterable NoneType object
cannot unpack non-iterable NoneType object
cannot unpack non-iterable NoneType object
cannot unpack non-iterable NoneType object
cannot unpack non-iterable NoneType object
cannot unpack non-iterable NoneType object
cannot unpack non-iterable NoneType object
cannot unpack non-iterable NoneType object
cannot unpack non-iterable NoneType object
cannot unpack non-iterable NoneType object
cannot unpack non-iterable NoneType object
cannot unpack non-iterable NoneType object
cannot unpack non-iterable NoneType object
cannot unpack non-iterable NoneType object
cannot unpack non-iterable NoneType object
cannot unpack non-iterable NoneType object
cannot unpack non-iterable NoneType object
cannot unpack non-iterable NoneType object
cannot unpack non-iterable NoneType object
HTTPSConnectionPool(host='api.materialsproject.org', port=443): Max retries exceeded with url: /materials/tasks/?_fields=last_updated%2Ctask_id&task_ids=mp-1798315&_limit=333 (Caused by ResponseError('too many 429 error responses'))
cannot unpack non-iterable NoneType object
cannot unpack non-iterable NoneType object
cannot unpack non-iterable NoneType object
HTTPSConnectionPool(host='api.materialsproject.org', port=443): Max retries exceeded with url: /materials/tasks/?_fields=last_updated%2Ctask_id&task_ids=mp-975679&_limit=250 (Caused by ResponseError('too many 429 error responses'))
HTTPSConnectionPool(host='api.materialsproject.org', port=443): Max retries exceeded with url: /materials/tasks/?_fields=last_updated%2Ctask_id&task_ids=mp-1475698&_limit=500 (Caused by ResponseError('too many 429 error responses'))
cannot unpack non-iterable NoneType object
HTTPSConnectionPool(host='api.materialsproject.org', port=443): Max retries exceeded with url: /materials/core/?deprecated=False&_fields=calc_types&material_ids=mp-1183896&_limit=1000 (Caused by ResponseError('too many 429 error responses'))
cannot unpack non-iterable NoneType object
cannot unpack non-iterable NoneType object
cannot unpack non-iterable NoneType object
cannot unpack non-iterable NoneType object
cannot unpack non-iterable NoneType object
cannot unpack non-iterable NoneType object
cannot unpack non-iterable NoneType object
cannot unpack non-iterable NoneType object
cannot unpack non-iterable NoneType object
cannot unpack non-iterable NoneType object
cannot unpack non-iterable NoneType object
cannot unpack non-iterable NoneType object
cannot unpack non-iterable NoneType object
cannot unpack non-iterable NoneType object
HTTPSConnectionPool(host='api.materialsproject.org', port=443): Max retries exceeded with url: /materials/tasks/?_fields=last_updated%2Ctask_id&task_ids=mp-1927838&_limit=500 (Caused by ResponseError('too many 429 error responses'))
cannot unpack non-iterable NoneType object
cannot unpack non-iterable NoneType object
cannot unpack non-iterable NoneType object
cannot unpack non-iterable NoneType object
cannot unpack non-iterable NoneType object
cannot unpack non-iterable NoneType object
cannot unpack non-iterable NoneType object
cannot unpack non-iterable NoneType object
cannot unpack non-iterable NoneType object
cannot unpack non-iterable NoneType object
cannot unpack non-iterable NoneType object
cannot unpack non-iterable NoneType object
cannot unpack non-iterable NoneType object
cannot unpack non-iterable NoneType object
cannot unpack non-iterable NoneType object
HTTPSConnectionPool(host='api.materialsproject.org', port=443): Max retries exceeded with url: /materials/tasks/?_fields=last_updated%2Ctask_id&task_ids=mp-1387843&_limit=500 (Caused by ResponseError('too many 429 error responses'))
cannot unpack non-iterable NoneType object
HTTPSConnectionPool(host='api.materialsproject.org', port=443): Max retries exceeded with url: /materials/core/?deprecated=False&_fields=calc_types&material_ids=mp-1185895&_limit=1000 (Caused by ResponseError('too many 429 error responses'))
cannot unpack non-iterable NoneType object
cannot unpack non-iterable NoneType object
cannot unpack non-iterable NoneType object
cannot unpack non-iterable NoneType object
cannot unpack non-iterable NoneType object
cannot unpack non-iterable NoneType object
cannot unpack non-iterable NoneType object
cannot unpack non-iterable NoneType object
cannot unpack non-iterable NoneType object
cannot unpack non-iterable NoneType object
cannot unpack non-iterable NoneType object
cannot unpack non-iterable NoneType object
cannot unpack non-iterable NoneType object
cannot unpack non-iterable NoneType object
cannot unpack non-iterable NoneType object
cannot unpack non-iterable NoneType object
cannot unpack non-iterable NoneType object
cannot unpack non-iterable NoneType object
cannot unpack non-iterable NoneType object
cannot unpack non-iterable NoneType object
cannot unpack non-iterable NoneType object
cannot unpack non-iterable NoneType object
cannot unpack non-iterable NoneType object
cannot unpack non-iterable NoneType object
cannot unpack non-iterable NoneType object
cannot unpack non-iterable NoneType object
cannot unpack non-iterable NoneType object
cannot unpack non-iterable NoneType object
cannot unpack non-iterable NoneType object
HTTPSConnectionPool(host='api.materialsproject.org', port=443): Max retries exceeded with url: /materials/core/?deprecated=False&_fields=calc_types&material_ids=mp-1184085&_limit=1000 (Caused by ResponseError('too many 429 error responses'))
cannot unpack non-iterable NoneType object
HTTPSConnectionPool(host='api.materialsproject.org', port=443): Max retries exceeded with url: /materials/core/?deprecated=False&_fields=calc_types&material_ids=mp-978289&_limit=1000 (Caused by ResponseError('too many 429 error responses'))
cannot unpack non-iterable NoneType object
HTTPSConnectionPool(host='api.materialsproject.org', port=443): Max retries exceeded with url: /materials/tasks/?_fields=last_updated%2Ctask_id&task_ids=mp-1789695&_limit=500 (Caused by ResponseError('too many 429 error responses'))
cannot unpack non-iterable NoneType object
cannot unpack non-iterable NoneType object
cannot unpack non-iterable NoneType object
cannot unpack non-iterable NoneType object
cannot unpack non-iterable NoneType object
cannot unpack non-iterable NoneType object
cannot unpack non-iterable NoneType object
cannot unpack non-iterable NoneType object
cannot unpack non-iterable NoneType object
cannot unpack non-iterable NoneType object
cannot unpack non-iterable NoneType object
cannot unpack non-iterable NoneType object
cannot unpack non-iterable NoneType object
cannot unpack non-iterable NoneType object
cannot unpack non-iterable NoneType object
cannot unpack non-iterable NoneType object
cannot unpack non-iterable NoneType object
cannot unpack non-iterable NoneType object
cannot unpack non-iterable NoneType object
cannot unpack non-iterable NoneType object
cannot unpack non-iterable NoneType object
cannot unpack non-iterable NoneType object
cannot unpack non-iterable NoneType object
cannot unpack non-iterable NoneType object
cannot unpack non-iterable NoneType object
cannot unpack non-iterable NoneType object
cannot unpack non-iterable NoneType object
cannot unpack non-iterable NoneType object
cannot unpack non-iterable NoneType object
cannot unpack non-iterable NoneType object
cannot unpack non-iterable NoneType object
cannot unpack non-iterable NoneType object
cannot unpack non-iterable NoneType object
cannot unpack non-iterable NoneType object
cannot unpack non-iterable NoneType object
cannot unpack non-iterable NoneType object
cannot unpack non-iterable NoneType object
cannot unpack non-iterable NoneType object
cannot unpack non-iterable NoneType object
cannot unpack non-iterable NoneType object
cannot unpack non-iterable NoneType object
cannot unpack non-iterable NoneType object
cannot unpack non-iterable NoneType object
cannot unpack non-iterable NoneType object
HTTPSConnectionPool(host='api.materialsproject.org', port=443): Max retries exceeded with url: /materials/core/?deprecated=False&_fields=calc_types&material_ids=mp-1184079&_limit=1000 (Caused by ResponseError('too many 429 error responses'))
cannot unpack non-iterable NoneType object
cannot unpack non-iterable NoneType object
cannot unpack non-iterable NoneType object
cannot unpack non-iterable NoneType object
cannot unpack non-iterable NoneType object
cannot unpack non-iterable NoneType object
cannot unpack non-iterable NoneType object
cannot unpack non-iterable NoneType object
cannot unpack non-iterable NoneType object
cannot unpack non-iterable NoneType object
cannot unpack non-iterable NoneType object
cannot unpack non-iterable NoneType object
cannot unpack non-iterable NoneType object
HTTPSConnectionPool(host='api.materialsproject.org', port=443): Max retries exceeded with url: /materials/tasks/?_fields=last_updated%2Ctask_id&task_ids=mp-1935576&_limit=1000 (Caused by ResponseError('too many 429 error responses'))
cannot unpack non-iterable NoneType object
HTTPSConnectionPool(host='api.materialsproject.org', port=443): Max retries exceeded with url: /materials/core/?deprecated=False&_fields=calc_types&material_ids=mp-980905&_limit=1000 (Caused by ResponseError('too many 429 error responses'))
cannot unpack non-iterable NoneType object
HTTPSConnectionPool(host='api.materialsproject.org', port=443): Max retries exceeded with url: /materials/core/?deprecated=False&_fields=calc_types&material_ids=mp-1186354&_limit=1000 (Caused by ResponseError('too many 429 error responses'))
cannot unpack non-iterable NoneType object
cannot unpack non-iterable NoneType object
cannot unpack non-iterable NoneType object
HTTPSConnectionPool(host='api.materialsproject.org', port=443): Max retries exceeded with url: /materials/tasks/?_fields=last_updated%2Ctask_id&task_ids=mp-1040765&_limit=334 (Caused by ResponseError('too many 429 error responses'))
HTTPSConnectionPool(host='api.materialsproject.org', port=443): Max retries exceeded with url: /materials/tasks/?_fields=last_updated%2Ctask_id&task_ids=mp-1444067&_limit=500 (Caused by ResponseError('too many 429 error responses'))
HTTPSConnectionPool(host='api.materialsproject.org', port=443): Max retries exceeded with url: /materials/tasks/?_fields=last_updated%2Ctask_id&task_ids=mp-1927458&_limit=500 (Caused by ResponseError('too many 429 error responses'))
cannot unpack non-iterable NoneType object
cannot unpack non-iterable NoneType object
cannot unpack non-iterable NoneType object
cannot unpack non-iterable NoneType object
cannot unpack non-iterable NoneType object
cannot unpack non-iterable NoneType object
cannot unpack non-iterable NoneType object
cannot unpack non-iterable NoneType object
cannot unpack non-iterable NoneType object
cannot unpack non-iterable NoneType object
cannot unpack non-iterable NoneType object
cannot unpack non-iterable NoneType object
cannot unpack non-iterable NoneType object
cannot unpack non-iterable NoneType object
cannot unpack non-iterable NoneType object
cannot unpack non-iterable NoneType object
cannot unpack non-iterable NoneType object
cannot unpack non-iterable NoneType object
cannot unpack non-iterable NoneType object
cannot unpack non-iterable NoneType object
HTTPSConnectionPool(host='api.materialsproject.org', port=443): Max retries exceeded with url: /materials/core/?deprecated=False&_fields=calc_types&material_ids=mp-983412&_limit=1000 (Caused by ResponseError('too many 429 error responses'))
cannot unpack non-iterable NoneType object
cannot unpack non-iterable NoneType object
cannot unpack non-iterable NoneType object
cannot unpack non-iterable NoneType object
cannot unpack non-iterable NoneType object
HTTPSConnectionPool(host='api.materialsproject.org', port=443): Max retries exceeded with url: /materials/core/?deprecated=False&_fields=calc_types&material_ids=mp-983062&_limit=1000 (Caused by ResponseError('too many 429 error responses'))
HTTPSConnectionPool(host='api.materialsproject.org', port=443): Max retries exceeded with url: /materials/tasks/?_fields=last_updated%2Ctask_id&task_ids=mp-1436253&_limit=500 (Caused by ResponseError('too many 429 error responses'))
HTTPSConnectionPool(host='api.materialsproject.org', port=443): Max retries exceeded with url: /materials/tasks/?_fields=last_updated%2Ctask_id&task_ids=mp-1412097&_limit=334 (Caused by ResponseError('too many 429 error responses'))
cannot unpack non-iterable NoneType object
cannot unpack non-iterable NoneType object
cannot unpack non-iterable NoneType object
cannot unpack non-iterable NoneType object
HTTPSConnectionPool(host='api.materialsproject.org', port=443): Max retries exceeded with url: /materials/tasks/?_fields=last_updated%2Ctask_id&task_ids=mp-1066537&_limit=200 (Caused by ResponseError('too many 429 error responses'))
cannot unpack non-iterable NoneType object
cannot unpack non-iterable NoneType object
HTTPSConnectionPool(host='api.materialsproject.org', port=443): Max retries exceeded with url: /materials/tasks/?_fields=last_updated%2Ctask_id&task_ids=mp-1423847&_limit=500 (Caused by ResponseError('too many 429 error responses'))
cannot unpack non-iterable NoneType object
HTTPSConnectionPool(host='api.materialsproject.org', port=443): Max retries exceeded with url: /materials/core/?deprecated=False&_fields=calc_types&material_ids=mp-1186431&_limit=1000 (Caused by ResponseError('too many 429 error responses'))
cannot unpack non-iterable NoneType object
HTTPSConnectionPool(host='api.materialsproject.org', port=443): Max retries exceeded with url: /materials/core/?deprecated=False&_fields=calc_types&material_ids=mp-999395&_limit=1000 (Caused by ResponseError('too many 429 error responses'))
cannot unpack non-iterable NoneType object
cannot unpack non-iterable NoneType object
cannot unpack non-iterable NoneType object
HTTPSConnectionPool(host='api.materialsproject.org', port=443): Max retries exceeded with url: /materials/core/?deprecated=False&_fields=calc_types&material_ids=mp-998987&_limit=1000 (Caused by ResponseError('too many 429 error responses'))
HTTPSConnectionPool(host='api.materialsproject.org', port=443): Max retries exceeded with url: /materials/tasks/?_fields=last_updated%2Ctask_id&task_ids=mp-1436050&_limit=500 (Caused by ResponseError('too many 429 error responses'))
HTTPSConnectionPool(host='api.materialsproject.org', port=443): Max retries exceeded with url: /materials/tasks/?_fields=last_updated%2Ctask_id&task_ids=mp-1421914&_limit=500 (Caused by ResponseError('too many 429 error responses'))
cannot unpack non-iterable NoneType object
cannot unpack non-iterable NoneType object
cannot unpack non-iterable NoneType object
cannot unpack non-iterable NoneType object
cannot unpack non-iterable NoneType object
cannot unpack non-iterable NoneType object
cannot unpack non-iterable NoneType object
HTTPSConnectionPool(host='api.materialsproject.org', port=443): Max retries exceeded with url: /materials/tasks/?_fields=last_updated%2Ctask_id&task_ids=mp-1504911&_limit=500 (Caused by ResponseError('too many 429 error responses'))
cannot unpack non-iterable NoneType object
HTTPSConnectionPool(host='api.materialsproject.org', port=443): Max retries exceeded with url: /materials/core/?deprecated=False&_fields=calc_types&material_ids=mp-999439&_limit=1000 (Caused by ResponseError('too many 429 error responses'))
HTTPSConnectionPool(host='api.materialsproject.org', port=443): Max retries exceeded with url: /materials/tasks/?_fields=last_updated%2Ctask_id&task_ids=mp-1424446&_limit=500 (Caused by ResponseError('too many 429 error responses'))
cannot unpack non-iterable NoneType object
cannot unpack non-iterable NoneType object
cannot unpack non-iterable NoneType object
cannot unpack non-iterable NoneType object
cannot unpack non-iterable NoneType object
cannot unpack non-iterable NoneType object
cannot unpack non-iterable NoneType object
cannot unpack non-iterable NoneType object
cannot unpack non-iterable NoneType object
cannot unpack non-iterable NoneType object
cannot unpack non-iterable NoneType object
cannot unpack non-iterable NoneType object
cannot unpack non-iterable NoneType object
cannot unpack non-iterable NoneType object
cannot unpack non-iterable NoneType object
cannot unpack non-iterable NoneType object
cannot unpack non-iterable NoneType object
HTTPSConnectionPool(host='api.materialsproject.org', port=443): Max retries exceeded with url: /materials/tasks/?_fields=last_updated%2Ctask_id&task_ids=mp-1794287&_limit=250 (Caused by ResponseError('too many 429 error responses'))
HTTPSConnectionPool(host='api.materialsproject.org', port=443): Max retries exceeded with url: /materials/tasks/?_fields=last_updated%2Ctask_id&task_ids=mp-1396407&_limit=500 (Caused by ResponseError('too many 429 error responses'))
cannot unpack non-iterable NoneType object
cannot unpack non-iterable NoneType object
cannot unpack non-iterable NoneType object
cannot unpack non-iterable NoneType object
cannot unpack non-iterable NoneType object
cannot unpack non-iterable NoneType object
cannot unpack non-iterable NoneType object
cannot unpack non-iterable NoneType object
cannot unpack non-iterable NoneType object
HTTPSConnectionPool(host='api.materialsproject.org', port=443): Max retries exceeded with url: /materials/core/?deprecated=False&_fields=calc_types&material_ids=mp-1184152&_limit=1000 (Caused by ResponseError('too many 429 error responses'))
HTTPSConnectionPool(host='api.materialsproject.org', port=443): Max retries exceeded with url: /materials/tasks/?_fields=last_updated%2Ctask_id&task_ids=mp-1008227&_limit=250 (Caused by ResponseError('too many 429 error responses'))
cannot unpack non-iterable NoneType object
HTTPSConnectionPool(host='api.materialsproject.org', port=443): Max retries exceeded with url: /materials/core/?deprecated=False&_fields=calc_types&material_ids=mp-1186973&_limit=1000 (Caused by ResponseError('too many 429 error responses'))
cannot unpack non-iterable NoneType object
cannot unpack non-iterable NoneType object
cannot unpack non-iterable NoneType object
HTTPSConnectionPool(host='api.materialsproject.org', port=443): Max retries exceeded with url: /materials/core/?deprecated=False&_fields=calc_types&material_ids=mp-1186848&_limit=1000 (Caused by ResponseError('too many 429 error responses'))
cannot unpack non-iterable NoneType object
cannot unpack non-iterable NoneType object
cannot unpack non-iterable NoneType object
cannot unpack non-iterable NoneType object
cannot unpack non-iterable NoneType object
HTTPSConnectionPool(host='api.materialsproject.org', port=443): Max retries exceeded with url: /materials/core/?deprecated=False&_fields=calc_types&material_ids=mp-1184250&_limit=1000 (Caused by ResponseError('too many 429 error responses'))
cannot unpack non-iterable NoneType object
cannot unpack non-iterable NoneType object
cannot unpack non-iterable NoneType object
cannot unpack non-iterable NoneType object
HTTPSConnectionPool(host='api.materialsproject.org', port=443): Max retries exceeded with url: /materials/tasks/?_fields=last_updated%2Ctask_id&task_ids=mp-1419526&_limit=500 (Caused by ResponseError('too many 429 error responses'))
HTTPSConnectionPool(host='api.materialsproject.org', port=443): Max retries exceeded with url: /materials/tasks/?_fields=last_updated%2Ctask_id&task_ids=mp-910301&_limit=334 (Caused by ResponseError('too many 429 error responses'))
HTTPSConnectionPool(host='api.materialsproject.org', port=443): Max retries exceeded with url: /materials/tasks/?_fields=last_updated%2Ctask_id&task_ids=mp-1443278&_limit=500 (Caused by ResponseError('too many 429 error responses'))
cannot unpack non-iterable NoneType object
cannot unpack non-iterable NoneType object
cannot unpack non-iterable NoneType object
cannot unpack non-iterable NoneType object
cannot unpack non-iterable NoneType object
cannot unpack non-iterable NoneType object
cannot unpack non-iterable NoneType object
cannot unpack non-iterable NoneType object
HTTPSConnectionPool(host='api.materialsproject.org', port=443): Max retries exceeded with url: /materials/tasks/?_fields=last_updated%2Ctask_id&task_ids=mp-1403383&_limit=500 (Caused by ResponseError('too many 429 error responses'))
cannot unpack non-iterable NoneType object
HTTPSConnectionPool(host='api.materialsproject.org', port=443): Max retries exceeded with url: /materials/core/?deprecated=False&_fields=calc_types&material_ids=mp-1187130&_limit=1000 (Caused by ResponseError('too many 429 error responses'))
HTTPSConnectionPool(host='api.materialsproject.org', port=443): Max retries exceeded with url: /materials/tasks/?_fields=last_updated%2Ctask_id&task_ids=mp-1065593&_limit=334 (Caused by ResponseError('too many 429 error responses'))
cannot unpack non-iterable NoneType object
cannot unpack non-iterable NoneType object
HTTPSConnectionPool(host='api.materialsproject.org', port=443): Max retries exceeded with url: /materials/tasks/?_fields=last_updated%2Ctask_id&task_ids=mp-1443763&_limit=500 (Caused by ResponseError('too many 429 error responses'))
cannot unpack non-iterable NoneType object
HTTPSConnectionPool(host='api.materialsproject.org', port=443): Max retries exceeded with url: /materials/core/?deprecated=False&_fields=calc_types&material_ids=mp-1008472&_limit=1000 (Caused by ResponseError('too many 429 error responses'))
HTTPSConnectionPool(host='api.materialsproject.org', port=443): Max retries exceeded with url: /materials/tasks/?_fields=last_updated%2Ctask_id&task_ids=mp-1433841&_limit=334 (Caused by ResponseError('too many 429 error responses'))
cannot unpack non-iterable NoneType object
cannot unpack non-iterable NoneType object
cannot unpack non-iterable NoneType object
cannot unpack non-iterable NoneType object
cannot unpack non-iterable NoneType object
cannot unpack non-iterable NoneType object
cannot unpack non-iterable NoneType object
cannot unpack non-iterable NoneType object
HTTPSConnectionPool(host='api.materialsproject.org', port=443): Max retries exceeded with url: /materials/tasks/?_fields=last_updated%2Ctask_id&task_ids=mp-921147&_limit=334 (Caused by ResponseError('too many 429 error responses'))
cannot unpack non-iterable NoneType object
HTTPSConnectionPool(host='api.materialsproject.org', port=443): Max retries exceeded with url: /materials/core/?deprecated=False&_fields=calc_types&material_ids=mp-1184249&_limit=1000 (Caused by ResponseError('too many 429 error responses'))
HTTPSConnectionPool(host='api.materialsproject.org', port=443): Max retries exceeded with url: /materials/tasks/?_fields=last_updated%2Ctask_id&task_ids=mp-1421091&_limit=500 (Caused by ResponseError('too many 429 error responses'))
cannot unpack non-iterable NoneType object
cannot unpack non-iterable NoneType object
cannot unpack non-iterable NoneType object
cannot unpack non-iterable NoneType object
cannot unpack non-iterable NoneType object
cannot unpack non-iterable NoneType object
HTTPSConnectionPool(host='api.materialsproject.org', port=443): Max retries exceeded with url: /materials/tasks/?_fields=last_updated%2Ctask_id&task_ids=mp-1417023&_limit=500 (Caused by ResponseError('too many 429 error responses'))
cannot unpack non-iterable NoneType object
HTTPSConnectionPool(host='api.materialsproject.org', port=443): Max retries exceeded with url: /materials/core/?deprecated=False&_fields=calc_types&material_ids=mp-1018017&_limit=1000 (Caused by ResponseError('too many 429 error responses'))
cannot unpack non-iterable NoneType object
cannot unpack non-iterable NoneType object
cannot unpack non-iterable NoneType object
cannot unpack non-iterable NoneType object
HTTPSConnectionPool(host='api.materialsproject.org', port=443): Max retries exceeded with url: /materials/tasks/?_fields=last_updated%2Ctask_id&task_ids=mp-1067462&_limit=250 (Caused by ResponseError('too many 429 error responses'))
HTTPSConnectionPool(host='api.materialsproject.org', port=443): Max retries exceeded with url: /materials/tasks/?_fields=last_updated%2Ctask_id&task_ids=mp-1435938&_limit=500 (Caused by ResponseError('too many 429 error responses'))
HTTPSConnectionPool(host='api.materialsproject.org', port=443): Max retries exceeded with url: /materials/tasks/?_fields=last_updated%2Ctask_id&task_ids=mp-1428313&_limit=500 (Caused by ResponseError('too many 429 error responses'))
cannot unpack non-iterable NoneType object
cannot unpack non-iterable NoneType object
cannot unpack non-iterable NoneType object
cannot unpack non-iterable NoneType object
cannot unpack non-iterable NoneType object
cannot unpack non-iterable NoneType object
cannot unpack non-iterable NoneType object
cannot unpack non-iterable NoneType object
cannot unpack non-iterable NoneType object
HTTPSConnectionPool(host='api.materialsproject.org', port=443): Max retries exceeded with url: /materials/tasks/?_fields=last_updated%2Ctask_id&task_ids=mp-1388590&_limit=500 (Caused by ResponseError('too many 429 error responses'))
HTTPSConnectionPool(host='api.materialsproject.org', port=443): Max retries exceeded with url: /materials/tasks/?_fields=last_updated%2Ctask_id&task_ids=mp-1427457&_limit=500 (Caused by ResponseError('too many 429 error responses'))
HTTPSConnectionPool(host='api.materialsproject.org', port=443): Max retries exceeded with url: /materials/tasks/?_fields=last_updated%2Ctask_id&task_ids=mp-1402298&_limit=500 (Caused by ResponseError('too many 429 error responses'))
cannot unpack non-iterable NoneType object
cannot unpack non-iterable NoneType object
cannot unpack non-iterable NoneType object
cannot unpack non-iterable NoneType object
cannot unpack non-iterable NoneType object
cannot unpack non-iterable NoneType object
cannot unpack non-iterable NoneType object
cannot unpack non-iterable NoneType object
cannot unpack non-iterable NoneType object
cannot unpack non-iterable NoneType object
cannot unpack non-iterable NoneType object
cannot unpack non-iterable NoneType object
cannot unpack non-iterable NoneType object
cannot unpack non-iterable NoneType object
cannot unpack non-iterable NoneType object
cannot unpack non-iterable NoneType object
cannot unpack non-iterable NoneType object
cannot unpack non-iterable NoneType object
cannot unpack non-iterable NoneType object
cannot unpack non-iterable NoneType object
cannot unpack non-iterable NoneType object
cannot unpack non-iterable NoneType object
cannot unpack non-iterable NoneType object
cannot unpack non-iterable NoneType object
cannot unpack non-iterable NoneType object
cannot unpack non-iterable NoneType object
cannot unpack non-iterable NoneType object
cannot unpack non-iterable NoneType object
cannot unpack non-iterable NoneType object
cannot unpack non-iterable NoneType object
cannot unpack non-iterable NoneType object
cannot unpack non-iterable NoneType object
cannot unpack non-iterable NoneType object
cannot unpack non-iterable NoneType object
cannot unpack non-iterable NoneType object
cannot unpack non-iterable NoneType object
cannot unpack non-iterable NoneType object
cannot unpack non-iterable NoneType object
cannot unpack non-iterable NoneType object
cannot unpack non-iterable NoneType object
cannot unpack non-iterable NoneType object
cannot unpack non-iterable NoneType object
cannot unpack non-iterable NoneType object
cannot unpack non-iterable NoneType object
cannot unpack non-iterable NoneType object
cannot unpack non-iterable NoneType object
cannot unpack non-iterable NoneType object
cannot unpack non-iterable NoneType object
cannot unpack non-iterable NoneType object
cannot unpack non-iterable NoneType object
cannot unpack non-iterable NoneType object
cannot unpack non-iterable NoneType object
cannot unpack non-iterable NoneType object
cannot unpack non-iterable NoneType object
cannot unpack non-iterable NoneType object
cannot unpack non-iterable NoneType object
cannot unpack non-iterable NoneType object
cannot unpack non-iterable NoneType object
cannot unpack non-iterable NoneType object
cannot unpack non-iterable NoneType object
cannot unpack non-iterable NoneType object
cannot unpack non-iterable NoneType object
cannot unpack non-iterable NoneType object
cannot unpack non-iterable NoneType object
cannot unpack non-iterable NoneType object
cannot unpack non-iterable NoneType object
cannot unpack non-iterable NoneType object
cannot unpack non-iterable NoneType object
cannot unpack non-iterable NoneType object
cannot unpack non-iterable NoneType object
cannot unpack non-iterable NoneType object
cannot unpack non-iterable NoneType object
cannot unpack non-iterable NoneType object
cannot unpack non-iterable NoneType object
cannot unpack non-iterable NoneType object
cannot unpack non-iterable NoneType object
cannot unpack non-iterable NoneType object
cannot unpack non-iterable NoneType object
cannot unpack non-iterable NoneType object
cannot unpack non-iterable NoneType object
cannot unpack non-iterable NoneType object
cannot unpack non-iterable NoneType object
cannot unpack non-iterable NoneType object
cannot unpack non-iterable NoneType object
cannot unpack non-iterable NoneType object
cannot unpack non-iterable NoneType object
cannot unpack non-iterable NoneType object
cannot unpack non-iterable NoneType object
cannot unpack non-iterable NoneType object
cannot unpack non-iterable NoneType object
cannot unpack non-iterable NoneType object
cannot unpack non-iterable NoneType object
cannot unpack non-iterable NoneType object
cannot unpack non-iterable NoneType object
cannot unpack non-iterable NoneType object
cannot unpack non-iterable NoneType object
cannot unpack non-iterable NoneType object
cannot unpack non-iterable NoneType object
cannot unpack non-iterable NoneType object
cannot unpack non-iterable NoneType object
cannot unpack non-iterable NoneType object
cannot unpack non-iterable NoneType object
cannot unpack non-iterable NoneType object
cannot unpack non-iterable NoneType object
cannot unpack non-iterable NoneType object
cannot unpack non-iterable NoneType object
cannot unpack non-iterable NoneType object
cannot unpack non-iterable NoneType object
cannot unpack non-iterable NoneType object
cannot unpack non-iterable NoneType object
cannot unpack non-iterable NoneType object
cannot unpack non-iterable NoneType object
cannot unpack non-iterable NoneType object
cannot unpack non-iterable NoneType object
cannot unpack non-iterable NoneType object
cannot unpack non-iterable NoneType object
cannot unpack non-iterable NoneType object
cannot unpack non-iterable NoneType object
cannot unpack non-iterable NoneType object
cannot unpack non-iterable NoneType object
cannot unpack non-iterable NoneType object
cannot unpack non-iterable NoneType object
cannot unpack non-iterable NoneType object
cannot unpack non-iterable NoneType object
cannot unpack non-iterable NoneType object
cannot unpack non-iterable NoneType object
cannot unpack non-iterable NoneType object
cannot unpack non-iterable NoneType object
cannot unpack non-iterable NoneType object
cannot unpack non-iterable NoneType object
cannot unpack non-iterable NoneType object
cannot unpack non-iterable NoneType object
cannot unpack non-iterable NoneType object
cannot unpack non-iterable NoneType object
cannot unpack non-iterable NoneType object
cannot unpack non-iterable NoneType object
cannot unpack non-iterable NoneType object
cannot unpack non-iterable NoneType object
cannot unpack non-iterable NoneType object
cannot unpack non-iterable NoneType object
cannot unpack non-iterable NoneType object
cannot unpack non-iterable NoneType object
cannot unpack non-iterable NoneType object
cannot unpack non-iterable NoneType object
cannot unpack non-iterable NoneType object
cannot unpack non-iterable NoneType object
cannot unpack non-iterable NoneType object
cannot unpack non-iterable NoneType object
cannot unpack non-iterable NoneType object
cannot unpack non-iterable NoneType object
cannot unpack non-iterable NoneType object
cannot unpack non-iterable NoneType object
cannot unpack non-iterable NoneType object
cannot unpack non-iterable NoneType object
cannot unpack non-iterable NoneType object
cannot unpack non-iterable NoneType object
cannot unpack non-iterable NoneType object
cannot unpack non-iterable NoneType object
cannot unpack non-iterable NoneType object
cannot unpack non-iterable NoneType object
cannot unpack non-iterable NoneType object
cannot unpack non-iterable NoneType object
cannot unpack non-iterable NoneType object
cannot unpack non-iterable NoneType object
cannot unpack non-iterable NoneType object
cannot unpack non-iterable NoneType object
cannot unpack non-iterable NoneType object
cannot unpack non-iterable NoneType object
cannot unpack non-iterable NoneType object
cannot unpack non-iterable NoneType object
cannot unpack non-iterable NoneType object
cannot unpack non-iterable NoneType object
cannot unpack non-iterable NoneType object
cannot unpack non-iterable NoneType object
cannot unpack non-iterable NoneType object
cannot unpack non-iterable NoneType object
cannot unpack non-iterable NoneType object
cannot unpack non-iterable NoneType object
cannot unpack non-iterable NoneType object
cannot unpack non-iterable NoneType object
cannot unpack non-iterable NoneType object
cannot unpack non-iterable NoneType object
cannot unpack non-iterable NoneType object
cannot unpack non-iterable NoneType object
cannot unpack non-iterable NoneType object
cannot unpack non-iterable NoneType object
cannot unpack non-iterable NoneType object
cannot unpack non-iterable NoneType object
cannot unpack non-iterable NoneType object
cannot unpack non-iterable NoneType object
cannot unpack non-iterable NoneType object
cannot unpack non-iterable NoneType object
cannot unpack non-iterable NoneType object
cannot unpack non-iterable NoneType object
cannot unpack non-iterable NoneType object
cannot unpack non-iterable NoneType object
cannot unpack non-iterable NoneType object
cannot unpack non-iterable NoneType object
cannot unpack non-iterable NoneType object
cannot unpack non-iterable NoneType object
cannot unpack non-iterable NoneType object
cannot unpack non-iterable NoneType object
cannot unpack non-iterable NoneType object
cannot unpack non-iterable NoneType object
cannot unpack non-iterable NoneType object
cannot unpack non-iterable NoneType object
cannot unpack non-iterable NoneType object
cannot unpack non-iterable NoneType object
cannot unpack non-iterable NoneType object
cannot unpack non-iterable NoneType object
cannot unpack non-iterable NoneType object
cannot unpack non-iterable NoneType object
cannot unpack non-iterable NoneType object
cannot unpack non-iterable NoneType object
cannot unpack non-iterable NoneType object
cannot unpack non-iterable NoneType object
cannot unpack non-iterable NoneType object
cannot unpack non-iterable NoneType object
cannot unpack non-iterable NoneType object
cannot unpack non-iterable NoneType object
HTTPSConnectionPool(host='api.materialsproject.org', port=443): Max retries exceeded with url: /materials/core/?deprecated=False&_fields=calc_types&material_ids=mp-1187253&_limit=1000 (Caused by ResponseError('too many 429 error responses'))
cannot unpack non-iterable NoneType object
HTTPSConnectionPool(host='api.materialsproject.org', port=443): Max retries exceeded with url: /materials/core/?deprecated=False&_fields=calc_types&material_ids=mp-1110571&_limit=1000 (Caused by ResponseError('too many 429 error responses'))
HTTPSConnectionPool(host='api.materialsproject.org', port=443): Max retries exceeded with url: /materials/tasks/?_fields=last_updated%2Ctask_id&task_ids=mp-1444370&_limit=500 (Caused by ResponseError('too many 429 error responses'))
cannot unpack non-iterable NoneType object
cannot unpack non-iterable NoneType object
cannot unpack non-iterable NoneType object
cannot unpack non-iterable NoneType object
cannot unpack non-iterable NoneType object
cannot unpack non-iterable NoneType object
cannot unpack non-iterable NoneType object
cannot unpack non-iterable NoneType object
cannot unpack non-iterable NoneType object
cannot unpack non-iterable NoneType object
cannot unpack non-iterable NoneType object
cannot unpack non-iterable NoneType object
cannot unpack non-iterable NoneType object
cannot unpack non-iterable NoneType object
cannot unpack non-iterable NoneType object
cannot unpack non-iterable NoneType object
cannot unpack non-iterable NoneType object
cannot unpack non-iterable NoneType object
HTTPSConnectionPool(host='api.materialsproject.org', port=443): Max retries exceeded with url: /materials/tasks/?_fields=last_updated%2Ctask_id&task_ids=mp-1782396&_limit=500 (Caused by ResponseError('too many 429 error responses'))
cannot unpack non-iterable NoneType object
HTTPSConnectionPool(host='api.materialsproject.org', port=443): Max retries exceeded with url: /materials/tasks/?_fields=last_updated%2Ctask_id&task_ids=mp-1388942&_limit=500 (Caused by ResponseError('too many 429 error responses'))
cannot unpack non-iterable NoneType object
cannot unpack non-iterable NoneType object
cannot unpack non-iterable NoneType object
cannot unpack non-iterable NoneType object
cannot unpack non-iterable NoneType object
cannot unpack non-iterable NoneType object
cannot unpack non-iterable NoneType object
cannot unpack non-iterable NoneType object
cannot unpack non-iterable NoneType object
HTTPSConnectionPool(host='api.materialsproject.org', port=443): Max retries exceeded with url: /materials/core/?deprecated=False&_fields=calc_types&material_ids=mp-1187610&_limit=1000 (Caused by ResponseError('too many 429 error responses'))
cannot unpack non-iterable NoneType object
HTTPSConnectionPool(host='api.materialsproject.org', port=443): Max retries exceeded with url: /materials/tasks/?_fields=last_updated%2Ctask_id&task_ids=mp-1110578&_limit=334 (Caused by ResponseError('too many 429 error responses'))
cannot unpack non-iterable NoneType object
cannot unpack non-iterable NoneType object
cannot unpack non-iterable NoneType object
cannot unpack non-iterable NoneType object
cannot unpack non-iterable NoneType object
cannot unpack non-iterable NoneType object
cannot unpack non-iterable NoneType object
cannot unpack non-iterable NoneType object
cannot unpack non-iterable NoneType object
HTTPSConnectionPool(host='api.materialsproject.org', port=443): Max retries exceeded with url: /materials/core/?deprecated=False&_fields=calc_types&material_ids=mp-1110573&_limit=1000 (Caused by ResponseError('too many 429 error responses'))
cannot unpack non-iterable NoneType object
HTTPSConnectionPool(host='api.materialsproject.org', port=443): Max retries exceeded with url: /materials/tasks/?_fields=last_updated%2Ctask_id&task_ids=mp-1413568&_limit=500 (Caused by ResponseError('too many 429 error responses'))
cannot unpack non-iterable NoneType object
cannot unpack non-iterable NoneType object
cannot unpack non-iterable NoneType object
cannot unpack non-iterable NoneType object
cannot unpack non-iterable NoneType object
cannot unpack non-iterable NoneType object
cannot unpack non-iterable NoneType object
cannot unpack non-iterable NoneType object
HTTPSConnectionPool(host='api.materialsproject.org', port=443): Max retries exceeded with url: /materials/core/?deprecated=False&_fields=calc_types&material_ids=mp-1184615&_limit=1000 (Caused by ResponseError('too many 429 error responses'))
HTTPSConnectionPool(host='api.materialsproject.org', port=443): Max retries exceeded with url: /materials/tasks/?_fields=last_updated%2Ctask_id&task_ids=mp-1410813&_limit=333 (Caused by ResponseError('too many 429 error responses'))
cannot unpack non-iterable NoneType object
HTTPSConnectionPool(host='api.materialsproject.org', port=443): Max retries exceeded with url: /materials/tasks/?_fields=last_updated%2Ctask_id&task_ids=mp-1793642&_limit=333 (Caused by ResponseError('too many 429 error responses'))
cannot unpack non-iterable NoneType object
cannot unpack non-iterable NoneType object
cannot unpack non-iterable NoneType object
cannot unpack non-iterable NoneType object
cannot unpack non-iterable NoneType object
cannot unpack non-iterable NoneType object
HTTPSConnectionPool(host='api.materialsproject.org', port=443): Max retries exceeded with url: /materials/tasks/?_fields=last_updated%2Ctask_id&task_ids=mp-1386862&_limit=500 (Caused by ResponseError('too many 429 error responses'))
cannot unpack non-iterable NoneType object
HTTPSConnectionPool(host='api.materialsproject.org', port=443): Max retries exceeded with url: /materials/core/?deprecated=False&_fields=calc_types&material_ids=mp-1110852&_limit=1000 (Caused by ResponseError('too many 429 error responses'))
HTTPSConnectionPool(host='api.materialsproject.org', port=443): Max retries exceeded with url: /materials/tasks/?_fields=last_updated%2Ctask_id&task_ids=mp-1795754&_limit=500 (Caused by ResponseError('too many 429 error responses'))
cannot unpack non-iterable NoneType object
cannot unpack non-iterable NoneType object
cannot unpack non-iterable NoneType object
cannot unpack non-iterable NoneType object
cannot unpack non-iterable NoneType object
cannot unpack non-iterable NoneType object
cannot unpack non-iterable NoneType object
cannot unpack non-iterable NoneType object
cannot unpack non-iterable NoneType object
cannot unpack non-iterable NoneType object
cannot unpack non-iterable NoneType object
cannot unpack non-iterable NoneType object
cannot unpack non-iterable NoneType object
cannot unpack non-iterable NoneType object
HTTPSConnectionPool(host='api.materialsproject.org', port=443): Max retries exceeded with url: /materials/tasks/?_fields=last_updated%2Ctask_id&task_ids=mp-1799254&_limit=500 (Caused by ResponseError('too many 429 error responses'))
cannot unpack non-iterable NoneType object
cannot unpack non-iterable NoneType object
cannot unpack non-iterable NoneType object
cannot unpack non-iterable NoneType object
HTTPSConnectionPool(host='api.materialsproject.org', port=443): Max retries exceeded with url: /materials/core/?deprecated=False&_fields=calc_types&material_ids=mp-1192883&_limit=1000 (Caused by ResponseError('too many 429 error responses'))
HTTPSConnectionPool(host='api.materialsproject.org', port=443): Max retries exceeded with url: /materials/tasks/?_fields=last_updated%2Ctask_id&task_ids=mp-1284520%2Cmp-1297921%2Cmp-1285698&_limit=250 (Caused by ResponseError('too many 429 error responses'))
HTTPSConnectionPool(host='api.materialsproject.org', port=443): Max retries exceeded with url: /materials/tasks/?_fields=last_updated%2Ctask_id&task_ids=mp-1877605&_limit=333 (Caused by ResponseError('too many 429 error responses'))
cannot unpack non-iterable NoneType object
cannot unpack non-iterable NoneType object
cannot unpack non-iterable NoneType object
cannot unpack non-iterable NoneType object
cannot unpack non-iterable NoneType object
cannot unpack non-iterable NoneType object
cannot unpack non-iterable NoneType object
HTTPSConnectionPool(host='api.materialsproject.org', port=443): Max retries exceeded with url: /materials/core/?deprecated=False&_fields=calc_types&material_ids=mp-1184588&_limit=1000 (Caused by ResponseError('too many 429 error responses'))
cannot unpack non-iterable NoneType object
HTTPSConnectionPool(host='api.materialsproject.org', port=443): Max retries exceeded with url: /materials/core/?deprecated=False&_fields=calc_types&material_ids=mp-1193555&_limit=1000 (Caused by ResponseError('too many 429 error responses'))
HTTPSConnectionPool(host='api.materialsproject.org', port=443): Max retries exceeded with url: /materials/tasks/?_fields=last_updated%2Ctask_id&task_ids=mp-1110922&_limit=334 (Caused by ResponseError('too many 429 error responses'))
cannot unpack non-iterable NoneType object
cannot unpack non-iterable NoneType object
cannot unpack non-iterable NoneType object
cannot unpack non-iterable NoneType object
cannot unpack non-iterable NoneType object
cannot unpack non-iterable NoneType object
cannot unpack non-iterable NoneType object
cannot unpack non-iterable NoneType object
cannot unpack non-iterable NoneType object
cannot unpack non-iterable NoneType object
cannot unpack non-iterable NoneType object
cannot unpack non-iterable NoneType object
cannot unpack non-iterable NoneType object
cannot unpack non-iterable NoneType object
cannot unpack non-iterable NoneType object
cannot unpack non-iterable NoneType object
cannot unpack non-iterable NoneType object
cannot unpack non-iterable NoneType object
cannot unpack non-iterable NoneType object
cannot unpack non-iterable NoneType object
cannot unpack non-iterable NoneType object
cannot unpack non-iterable NoneType object
cannot unpack non-iterable NoneType object
cannot unpack non-iterable NoneType object
cannot unpack non-iterable NoneType object
cannot unpack non-iterable NoneType object
cannot unpack non-iterable NoneType object
cannot unpack non-iterable NoneType object
cannot unpack non-iterable NoneType object
cannot unpack non-iterable NoneType object
cannot unpack non-iterable NoneType object
cannot unpack non-iterable NoneType object
HTTPSConnectionPool(host='api.materialsproject.org', port=443): Max retries exceeded with url: /materials/core/?deprecated=False&_fields=calc_types&material_ids=mp-1184613&_limit=1000 (Caused by ResponseError('too many 429 error responses'))
cannot unpack non-iterable NoneType object
cannot unpack non-iterable NoneType object
cannot unpack non-iterable NoneType object
cannot unpack non-iterable NoneType object
cannot unpack non-iterable NoneType object
cannot unpack non-iterable NoneType object
cannot unpack non-iterable NoneType object
cannot unpack non-iterable NoneType object
cannot unpack non-iterable NoneType object
cannot unpack non-iterable NoneType object
cannot unpack non-iterable NoneType object
cannot unpack non-iterable NoneType object
cannot unpack non-iterable NoneType object
cannot unpack non-iterable NoneType object
cannot unpack non-iterable NoneType object
cannot unpack non-iterable NoneType object
cannot unpack non-iterable NoneType object
cannot unpack non-iterable NoneType object
cannot unpack non-iterable NoneType object
cannot unpack non-iterable NoneType object
cannot unpack non-iterable NoneType object
cannot unpack non-iterable NoneType object
cannot unpack non-iterable NoneType object
cannot unpack non-iterable NoneType object
cannot unpack non-iterable NoneType object
cannot unpack non-iterable NoneType object
cannot unpack non-iterable NoneType object
cannot unpack non-iterable NoneType object
cannot unpack non-iterable NoneType object
cannot unpack non-iterable NoneType object
cannot unpack non-iterable NoneType object
cannot unpack non-iterable NoneType object
cannot unpack non-iterable NoneType object
cannot unpack non-iterable NoneType object
cannot unpack non-iterable NoneType object
cannot unpack non-iterable NoneType object
cannot unpack non-iterable NoneType object
cannot unpack non-iterable NoneType object
cannot unpack non-iterable NoneType object
cannot unpack non-iterable NoneType object
cannot unpack non-iterable NoneType object
cannot unpack non-iterable NoneType object
cannot unpack non-iterable NoneType object
cannot unpack non-iterable NoneType object
cannot unpack non-iterable NoneType object
cannot unpack non-iterable NoneType object
cannot unpack non-iterable NoneType object
cannot unpack non-iterable NoneType object
cannot unpack non-iterable NoneType object
cannot unpack non-iterable NoneType object
cannot unpack non-iterable NoneType object
cannot unpack non-iterable NoneType object
cannot unpack non-iterable NoneType object
cannot unpack non-iterable NoneType object
cannot unpack non-iterable NoneType object
cannot unpack non-iterable NoneType object
HTTPSConnectionPool(host='api.materialsproject.org', port=443): Max retries exceeded with url: /materials/tasks/?_fields=last_updated%2Ctask_id&task_ids=mp-1413236&_limit=500 (Caused by ResponseError('too many 429 error responses'))
cannot unpack non-iterable NoneType object
HTTPSConnectionPool(host='api.materialsproject.org', port=443): Max retries exceeded with url: /materials/core/?deprecated=False&_fields=calc_types&material_ids=mp-1245924&_limit=1000 (Caused by ResponseError('too many 429 error responses'))
cannot unpack non-iterable NoneType object
HTTPSConnectionPool(host='api.materialsproject.org', port=443): Max retries exceeded with url: /materials/core/?deprecated=False&_fields=calc_types&material_ids=mp-1187042&_limit=1000 (Caused by ResponseError('too many 429 error responses'))
cannot unpack non-iterable NoneType object
cannot unpack non-iterable NoneType object
cannot unpack non-iterable NoneType object
cannot unpack non-iterable NoneType object
cannot unpack non-iterable NoneType object
cannot unpack non-iterable NoneType object
cannot unpack non-iterable NoneType object
cannot unpack non-iterable NoneType object
cannot unpack non-iterable NoneType object
cannot unpack non-iterable NoneType object
cannot unpack non-iterable NoneType object
cannot unpack non-iterable NoneType object
cannot unpack non-iterable NoneType object
cannot unpack non-iterable NoneType object
cannot unpack non-iterable NoneType object
cannot unpack non-iterable NoneType object
cannot unpack non-iterable NoneType object
cannot unpack non-iterable NoneType object
cannot unpack non-iterable NoneType object
cannot unpack non-iterable NoneType object
cannot unpack non-iterable NoneType object
cannot unpack non-iterable NoneType object
cannot unpack non-iterable NoneType object
cannot unpack non-iterable NoneType object
cannot unpack non-iterable NoneType object
cannot unpack non-iterable NoneType object
cannot unpack non-iterable NoneType object
cannot unpack non-iterable NoneType object
HTTPSConnectionPool(host='api.materialsproject.org', port=443): Max retries exceeded with url: /materials/tasks/?_fields=last_updated%2Ctask_id&task_ids=mp-1429461&_limit=500 (Caused by ResponseError('too many 429 error responses'))
HTTPSConnectionPool(host='api.materialsproject.org', port=443): Max retries exceeded with url: /materials/tasks/?_fields=last_updated%2Ctask_id&task_ids=mp-1412233&_limit=500 (Caused by ResponseError('too many 429 error responses'))
cannot unpack non-iterable NoneType object
cannot unpack non-iterable NoneType object
cannot unpack non-iterable NoneType object
cannot unpack non-iterable NoneType object
cannot unpack non-iterable NoneType object
cannot unpack non-iterable NoneType object
cannot unpack non-iterable NoneType object
cannot unpack non-iterable NoneType object
cannot unpack non-iterable NoneType object
cannot unpack non-iterable NoneType object
cannot unpack non-iterable NoneType object
cannot unpack non-iterable NoneType object
cannot unpack non-iterable NoneType object
cannot unpack non-iterable NoneType object
HTTPSConnectionPool(host='api.materialsproject.org', port=443): Max retries exceeded with url: /materials/core/?deprecated=False&_fields=calc_types&material_ids=mp-1187174&_limit=1000 (Caused by ResponseError('too many 429 error responses'))
cannot unpack non-iterable NoneType object
HTTPSConnectionPool(host='api.materialsproject.org', port=443): Max retries exceeded with url: /materials/core/?deprecated=False&_fields=calc_types&material_ids=mp-1254&_limit=1000 (Caused by ResponseError('too many 429 error responses'))
HTTPSConnectionPool(host='api.materialsproject.org', port=443): Max retries exceeded with url: /materials/tasks/?_fields=last_updated%2Ctask_id&task_ids=mp-1801560&_limit=500 (Caused by ResponseError('too many 429 error responses'))
cannot unpack non-iterable NoneType object
cannot unpack non-iterable NoneType object
cannot unpack non-iterable NoneType object
HTTPSConnectionPool(host='api.materialsproject.org', port=443): Max retries exceeded with url: /materials/tasks/?_fields=last_updated%2Ctask_id&task_ids=mp-1416600&_limit=500 (Caused by ResponseError('too many 429 error responses'))
HTTPSConnectionPool(host='api.materialsproject.org', port=443): Max retries exceeded with url: /materials/tasks/?_fields=last_updated%2Ctask_id&task_ids=mp-1384226&_limit=500 (Caused by ResponseError('too many 429 error responses'))
HTTPSConnectionPool(host='api.materialsproject.org', port=443): Max retries exceeded with url: /materials/tasks/?_fields=last_updated%2Ctask_id&task_ids=mp-1429288&_limit=500 (Caused by ResponseError('too many 429 error responses'))
cannot unpack non-iterable NoneType object
cannot unpack non-iterable NoneType object
cannot unpack non-iterable NoneType object
cannot unpack non-iterable NoneType object
cannot unpack non-iterable NoneType object
cannot unpack non-iterable NoneType object
cannot unpack non-iterable NoneType object
cannot unpack non-iterable NoneType object
cannot unpack non-iterable NoneType object
HTTPSConnectionPool(host='api.materialsproject.org', port=443): Max retries exceeded with url: /materials/tasks/?_fields=last_updated%2Ctask_id&task_ids=mp-1794781&_limit=1000 (Caused by ResponseError('too many 429 error responses'))
cannot unpack non-iterable NoneType object
cannot unpack non-iterable NoneType object
cannot unpack non-iterable NoneType object
HTTPSConnectionPool(host='api.materialsproject.org', port=443): Max retries exceeded with url: /materials/tasks/?_fields=last_updated%2Ctask_id&task_ids=mp-1000797&_limit=250 (Caused by ResponseError('too many 429 error responses'))
cannot unpack non-iterable NoneType object
HTTPSConnectionPool(host='api.materialsproject.org', port=443): Max retries exceeded with url: /materials/core/?deprecated=False&_fields=calc_types&material_ids=mp-1187171&_limit=1000 (Caused by ResponseError('too many 429 error responses'))
cannot unpack non-iterable NoneType object
HTTPSConnectionPool(host='api.materialsproject.org', port=443): Max retries exceeded with url: /materials/core/?deprecated=False&_fields=calc_types&material_ids=mp-1184856&_limit=1000 (Caused by ResponseError('too many 429 error responses'))
cannot unpack non-iterable NoneType object
cannot unpack non-iterable NoneType object
cannot unpack non-iterable NoneType object
cannot unpack non-iterable NoneType object
cannot unpack non-iterable NoneType object
cannot unpack non-iterable NoneType object
cannot unpack non-iterable NoneType object
cannot unpack non-iterable NoneType object
cannot unpack non-iterable NoneType object
cannot unpack non-iterable NoneType object
cannot unpack non-iterable NoneType object
cannot unpack non-iterable NoneType object
HTTPSConnectionPool(host='api.materialsproject.org', port=443): Max retries exceeded with url: /materials/tasks/?_fields=last_updated%2Ctask_id&task_ids=mp-1793389&_limit=200 (Caused by ResponseError('too many 429 error responses'))
HTTPSConnectionPool(host='api.materialsproject.org', port=443): Max retries exceeded with url: /materials/tasks/?_fields=last_updated%2Ctask_id&task_ids=mp-1939312&_limit=500 (Caused by ResponseError('too many 429 error responses'))
cannot unpack non-iterable NoneType object
cannot unpack non-iterable NoneType object
cannot unpack non-iterable NoneType object
cannot unpack non-iterable NoneType object
HTTPSConnectionPool(host='api.materialsproject.org', port=443): Max retries exceeded with url: /materials/tasks/?_fields=last_updated%2Ctask_id&task_ids=mp-662754&_limit=250 (Caused by ResponseError('too many 429 error responses'))
HTTPSConnectionPool(host='api.materialsproject.org', port=443): Max retries exceeded with url: /materials/tasks/?_fields=last_updated%2Ctask_id&task_ids=mp-1386656&_limit=500 (Caused by ResponseError('too many 429 error responses'))
cannot unpack non-iterable NoneType object
cannot unpack non-iterable NoneType object
cannot unpack non-iterable NoneType object
cannot unpack non-iterable NoneType object
cannot unpack non-iterable NoneType object
cannot unpack non-iterable NoneType object
cannot unpack non-iterable NoneType object
cannot unpack non-iterable NoneType object
cannot unpack non-iterable NoneType object
HTTPSConnectionPool(host='api.materialsproject.org', port=443): Max retries exceeded with url: /materials/core/?deprecated=False&_fields=calc_types&material_ids=mp-1184843&_limit=1000 (Caused by ResponseError('too many 429 error responses'))
HTTPSConnectionPool(host='api.materialsproject.org', port=443): Max retries exceeded with url: /materials/tasks/?_fields=last_updated%2Ctask_id&task_ids=mp-1386777&_limit=500 (Caused by ResponseError('too many 429 error responses'))
cannot unpack non-iterable NoneType object
cannot unpack non-iterable NoneType object
HTTPSConnectionPool(host='api.materialsproject.org', port=443): Max retries exceeded with url: /materials/core/?deprecated=False&_fields=calc_types&material_ids=mp-13175&_limit=1000 (Caused by ResponseError('too many 429 error responses'))
cannot unpack non-iterable NoneType object
cannot unpack non-iterable NoneType object
cannot unpack non-iterable NoneType object
cannot unpack non-iterable NoneType object
cannot unpack non-iterable NoneType object
cannot unpack non-iterable NoneType object
cannot unpack non-iterable NoneType object
HTTPSConnectionPool(host='api.materialsproject.org', port=443): Max retries exceeded with url: /materials/core/?deprecated=False&_fields=calc_types&material_ids=mp-1187179&_limit=1000 (Caused by ResponseError('too many 429 error responses'))
HTTPSConnectionPool(host='api.materialsproject.org', port=443): Max retries exceeded with url: /materials/tasks/?_fields=last_updated%2Ctask_id&task_ids=mp-1388011&_limit=500 (Caused by ResponseError('too many 429 error responses'))
HTTPSConnectionPool(host='api.materialsproject.org', port=443): Max retries exceeded with url: /materials/tasks/?_fields=last_updated%2Ctask_id&task_ids=mp-911583&_limit=200 (Caused by ResponseError('too many 429 error responses'))
cannot unpack non-iterable NoneType object
cannot unpack non-iterable NoneType object
HTTPSConnectionPool(host='api.materialsproject.org', port=443): Max retries exceeded with url: /materials/core/?deprecated=False&_fields=calc_types&material_ids=mp-1184822&_limit=1000 (Caused by ResponseError('too many 429 error responses'))
HTTPSConnectionPool(host='api.materialsproject.org', port=443): Max retries exceeded with url: /materials/tasks/?_fields=last_updated%2Ctask_id&task_ids=mp-2250697&_limit=166 (Caused by ResponseError('too many 429 error responses'))
HTTPSConnectionPool(host='api.materialsproject.org', port=443): Max retries exceeded with url: /materials/tasks/?_fields=last_updated%2Ctask_id&task_ids=mp-1434625&_limit=500 (Caused by ResponseError('too many 429 error responses'))
cannot unpack non-iterable NoneType object
cannot unpack non-iterable NoneType object
cannot unpack non-iterable NoneType object
cannot unpack non-iterable NoneType object
cannot unpack non-iterable NoneType object
cannot unpack non-iterable NoneType object
cannot unpack non-iterable NoneType object
cannot unpack non-iterable NoneType object
cannot unpack non-iterable NoneType object
cannot unpack non-iterable NoneType object
cannot unpack non-iterable NoneType object
cannot unpack non-iterable NoneType object
cannot unpack non-iterable NoneType object
cannot unpack non-iterable NoneType object
cannot unpack non-iterable NoneType object
HTTPSConnectionPool(host='api.materialsproject.org', port=443): Max retries exceeded with url: /materials/core/?deprecated=False&_fields=calc_types&material_ids=mp-1187185&_limit=1000 (Caused by ResponseError('too many 429 error responses'))
cannot unpack non-iterable NoneType object
HTTPSConnectionPool(host='api.materialsproject.org', port=443): Max retries exceeded with url: /materials/core/?deprecated=False&_fields=calc_types&material_ids=mp-1184757&_limit=1000 (Caused by ResponseError('too many 429 error responses'))
cannot unpack non-iterable NoneType object
HTTPSConnectionPool(host='api.materialsproject.org', port=443): Max retries exceeded with url: /materials/core/?deprecated=False&_fields=calc_types&material_ids=mp-1330&_limit=1000 (Caused by ResponseError('too many 429 error responses'))
cannot unpack non-iterable NoneType object
cannot unpack non-iterable NoneType object
cannot unpack non-iterable NoneType object
cannot unpack non-iterable NoneType object
cannot unpack non-iterable NoneType object
cannot unpack non-iterable NoneType object
cannot unpack non-iterable NoneType object
cannot unpack non-iterable NoneType object
cannot unpack non-iterable NoneType object
cannot unpack non-iterable NoneType object
cannot unpack non-iterable NoneType object
cannot unpack non-iterable NoneType object
HTTPSConnectionPool(host='api.materialsproject.org', port=443): Max retries exceeded with url: /materials/core/?deprecated=False&_fields=calc_types&material_ids=mp-1708&_limit=1000 (Caused by ResponseError('too many 429 error responses'))
HTTPSConnectionPool(host='api.materialsproject.org', port=443): Max retries exceeded with url: /materials/tasks/?_fields=last_updated%2Ctask_id&task_ids=mp-1425079&_limit=500 (Caused by ResponseError('too many 429 error responses'))
HTTPSConnectionPool(host='api.materialsproject.org', port=443): Max retries exceeded with url: /materials/tasks/?_fields=last_updated%2Ctask_id&task_ids=mp-1427165&_limit=500 (Caused by ResponseError('too many 429 error responses'))
cannot unpack non-iterable NoneType object
cannot unpack non-iterable NoneType object
cannot unpack non-iterable NoneType object
cannot unpack non-iterable NoneType object
cannot unpack non-iterable NoneType object
cannot unpack non-iterable NoneType object
cannot unpack non-iterable NoneType object
cannot unpack non-iterable NoneType object
cannot unpack non-iterable NoneType object
cannot unpack non-iterable NoneType object
cannot unpack non-iterable NoneType object
cannot unpack non-iterable NoneType object
cannot unpack non-iterable NoneType object
cannot unpack non-iterable NoneType object
cannot unpack non-iterable NoneType object
cannot unpack non-iterable NoneType object
cannot unpack non-iterable NoneType object
cannot unpack non-iterable NoneType object
cannot unpack non-iterable NoneType object
cannot unpack non-iterable NoneType object
cannot unpack non-iterable NoneType object
cannot unpack non-iterable NoneType object
cannot unpack non-iterable NoneType object
cannot unpack non-iterable NoneType object
cannot unpack non-iterable NoneType object
cannot unpack non-iterable NoneType object
cannot unpack non-iterable NoneType object
cannot unpack non-iterable NoneType object
cannot unpack non-iterable NoneType object
cannot unpack non-iterable NoneType object
cannot unpack non-iterable NoneType object
cannot unpack non-iterable NoneType object
cannot unpack non-iterable NoneType object
cannot unpack non-iterable NoneType object
cannot unpack non-iterable NoneType object
cannot unpack non-iterable NoneType object
cannot unpack non-iterable NoneType object
cannot unpack non-iterable NoneType object
cannot unpack non-iterable NoneType object
cannot unpack non-iterable NoneType object
cannot unpack non-iterable NoneType object
cannot unpack non-iterable NoneType object
cannot unpack non-iterable NoneType object
cannot unpack non-iterable NoneType object
cannot unpack non-iterable NoneType object
cannot unpack non-iterable NoneType object
cannot unpack non-iterable NoneType object
cannot unpack non-iterable NoneType object
cannot unpack non-iterable NoneType object
cannot unpack non-iterable NoneType object
cannot unpack non-iterable NoneType object
cannot unpack non-iterable NoneType object
cannot unpack non-iterable NoneType object
cannot unpack non-iterable NoneType object
cannot unpack non-iterable NoneType object
cannot unpack non-iterable NoneType object
cannot unpack non-iterable NoneType object
cannot unpack non-iterable NoneType object
cannot unpack non-iterable NoneType object
cannot unpack non-iterable NoneType object
cannot unpack non-iterable NoneType object
cannot unpack non-iterable NoneType object
cannot unpack non-iterable NoneType object
cannot unpack non-iterable NoneType object
cannot unpack non-iterable NoneType object
cannot unpack non-iterable NoneType object
cannot unpack non-iterable NoneType object
cannot unpack non-iterable NoneType object
cannot unpack non-iterable NoneType object
cannot unpack non-iterable NoneType object
cannot unpack non-iterable NoneType object
cannot unpack non-iterable NoneType object
cannot unpack non-iterable NoneType object
cannot unpack non-iterable NoneType object
cannot unpack non-iterable NoneType object
cannot unpack non-iterable NoneType object
cannot unpack non-iterable NoneType object
cannot unpack non-iterable NoneType object
cannot unpack non-iterable NoneType object
cannot unpack non-iterable NoneType object
cannot unpack non-iterable NoneType object
cannot unpack non-iterable NoneType object
cannot unpack non-iterable NoneType object
cannot unpack non-iterable NoneType object
cannot unpack non-iterable NoneType object
cannot unpack non-iterable NoneType object
cannot unpack non-iterable NoneType object
cannot unpack non-iterable NoneType object
cannot unpack non-iterable NoneType object
cannot unpack non-iterable NoneType object
cannot unpack non-iterable NoneType object
cannot unpack non-iterable NoneType object
cannot unpack non-iterable NoneType object
cannot unpack non-iterable NoneType object
cannot unpack non-iterable NoneType object
cannot unpack non-iterable NoneType object
cannot unpack non-iterable NoneType object
cannot unpack non-iterable NoneType object
cannot unpack non-iterable NoneType object
cannot unpack non-iterable NoneType object
cannot unpack non-iterable NoneType object
cannot unpack non-iterable NoneType object
cannot unpack non-iterable NoneType object
cannot unpack non-iterable NoneType object
cannot unpack non-iterable NoneType object
cannot unpack non-iterable NoneType object
cannot unpack non-iterable NoneType object
cannot unpack non-iterable NoneType object
cannot unpack non-iterable NoneType object
cannot unpack non-iterable NoneType object
cannot unpack non-iterable NoneType object
cannot unpack non-iterable NoneType object
cannot unpack non-iterable NoneType object
cannot unpack non-iterable NoneType object
cannot unpack non-iterable NoneType object
cannot unpack non-iterable NoneType object
cannot unpack non-iterable NoneType object
cannot unpack non-iterable NoneType object
cannot unpack non-iterable NoneType object
cannot unpack non-iterable NoneType object
cannot unpack non-iterable NoneType object
cannot unpack non-iterable NoneType object
cannot unpack non-iterable NoneType object
cannot unpack non-iterable NoneType object
cannot unpack non-iterable NoneType object
cannot unpack non-iterable NoneType object
cannot unpack non-iterable NoneType object
cannot unpack non-iterable NoneType object
cannot unpack non-iterable NoneType object
cannot unpack non-iterable NoneType object
cannot unpack non-iterable NoneType object
cannot unpack non-iterable NoneType object
cannot unpack non-iterable NoneType object
cannot unpack non-iterable NoneType object
cannot unpack non-iterable NoneType object
cannot unpack non-iterable NoneType object
cannot unpack non-iterable NoneType object
cannot unpack non-iterable NoneType object
cannot unpack non-iterable NoneType object
cannot unpack non-iterable NoneType object
cannot unpack non-iterable NoneType object
cannot unpack non-iterable NoneType object
cannot unpack non-iterable NoneType object
cannot unpack non-iterable NoneType object
cannot unpack non-iterable NoneType object
cannot unpack non-iterable NoneType object
cannot unpack non-iterable NoneType object
cannot unpack non-iterable NoneType object
cannot unpack non-iterable NoneType object
HTTPSConnectionPool(host='api.materialsproject.org', port=443): Max retries exceeded with url: /materials/core/?deprecated=False&_fields=calc_types&material_ids=mp-1185007&_limit=1000 (Caused by ResponseError('too many 429 error responses'))
HTTPSConnectionPool(host='api.materialsproject.org', port=443): Max retries exceeded with url: /materials/tasks/?_fields=last_updated%2Ctask_id&task_ids=mp-910060&_limit=200 (Caused by ResponseError('too many 429 error responses'))
cannot unpack non-iterable NoneType object
cannot unpack non-iterable NoneType object
HTTPSConnectionPool(host='api.materialsproject.org', port=443): Max retries exceeded with url: /materials/tasks/?_fields=last_updated%2Ctask_id&task_ids=mp-1049441&_limit=250 (Caused by ResponseError('too many 429 error responses'))
HTTPSConnectionPool(host='api.materialsproject.org', port=443): Max retries exceeded with url: /materials/tasks/?_fields=last_updated%2Ctask_id&task_ids=mp-2292082&_limit=250 (Caused by ResponseError('too many 429 error responses'))
HTTPSConnectionPool(host='api.materialsproject.org', port=443): Max retries exceeded with url: /materials/tasks/?_fields=last_updated%2Ctask_id&task_ids=mp-1413549&_limit=500 (Caused by ResponseError('too many 429 error responses'))
cannot unpack non-iterable NoneType object
cannot unpack non-iterable NoneType object
cannot unpack non-iterable NoneType object
cannot unpack non-iterable NoneType object
cannot unpack non-iterable NoneType object
cannot unpack non-iterable NoneType object
HTTPSConnectionPool(host='api.materialsproject.org', port=443): Max retries exceeded with url: /materials/tasks/?_fields=last_updated%2Ctask_id&task_ids=mp-655668&_limit=200 (Caused by ResponseError('too many 429 error responses'))
cannot unpack non-iterable NoneType object
HTTPSConnectionPool(host='api.materialsproject.org', port=443): Max retries exceeded with url: /materials/core/?deprecated=False&_fields=calc_types&material_ids=mp-861594&_limit=1000 (Caused by ResponseError('too many 429 error responses'))
HTTPSConnectionPool(host='api.materialsproject.org', port=443): Max retries exceeded with url: /materials/tasks/?_fields=last_updated%2Ctask_id&task_ids=mp-1433116&_limit=500 (Caused by ResponseError('too many 429 error responses'))
cannot unpack non-iterable NoneType object
cannot unpack non-iterable NoneType object
cannot unpack non-iterable NoneType object
cannot unpack non-iterable NoneType object
cannot unpack non-iterable NoneType object
cannot unpack non-iterable NoneType object
HTTPSConnectionPool(host='api.materialsproject.org', port=443): Max retries exceeded with url: /materials/tasks/?_fields=last_updated%2Ctask_id&task_ids=mp-1002778&_limit=250 (Caused by ResponseError('too many 429 error responses'))
HTTPSConnectionPool(host='api.materialsproject.org', port=443): Max retries exceeded with url: /materials/tasks/?_fields=last_updated%2Ctask_id&task_ids=mp-1796337&_limit=500 (Caused by ResponseError('too many 429 error responses'))
cannot unpack non-iterable NoneType object
HTTPSConnectionPool(host='api.materialsproject.org', port=443): Max retries exceeded with url: /materials/core/?deprecated=False&_fields=calc_types&material_ids=mp-19184&_limit=1000 (Caused by ResponseError('too many 429 error responses'))
cannot unpack non-iterable NoneType object
cannot unpack non-iterable NoneType object
cannot unpack non-iterable NoneType object
cannot unpack non-iterable NoneType object
cannot unpack non-iterable NoneType object
cannot unpack non-iterable NoneType object
cannot unpack non-iterable NoneType object
cannot unpack non-iterable NoneType object
HTTPSConnectionPool(host='api.materialsproject.org', port=443): Max retries exceeded with url: /materials/tasks/?_fields=last_updated%2Ctask_id&task_ids=mp-1002786&_limit=250 (Caused by ResponseError('too many 429 error responses'))
cannot unpack non-iterable NoneType object
cannot unpack non-iterable NoneType object
HTTPSConnectionPool(host='api.materialsproject.org', port=443): Max retries exceeded with url: /materials/tasks/?_fields=last_updated%2Ctask_id&task_ids=mp-1401187&_limit=500 (Caused by ResponseError('too many 429 error responses'))
cannot unpack non-iterable NoneType object
HTTPSConnectionPool(host='api.materialsproject.org', port=443): Max retries exceeded with url: /materials/core/?deprecated=False&_fields=calc_types&material_ids=mp-861510&_limit=1000 (Caused by ResponseError('too many 429 error responses'))
cannot unpack non-iterable NoneType object
HTTPSConnectionPool(host='api.materialsproject.org', port=443): Max retries exceeded with url: /materials/core/?deprecated=False&_fields=calc_types&material_ids=mp-1794&_limit=1000 (Caused by ResponseError('too many 429 error responses'))
cannot unpack non-iterable NoneType object
cannot unpack non-iterable NoneType object
cannot unpack non-iterable NoneType object
cannot unpack non-iterable NoneType object
cannot unpack non-iterable NoneType object
cannot unpack non-iterable NoneType object
cannot unpack non-iterable NoneType object
cannot unpack non-iterable NoneType object
cannot unpack non-iterable NoneType object
cannot unpack non-iterable NoneType object
cannot unpack non-iterable NoneType object
HTTPSConnectionPool(host='api.materialsproject.org', port=443): Max retries exceeded with url: /materials/core/?deprecated=False&_fields=calc_types&material_ids=mp-861645&_limit=1000 (Caused by ResponseError('too many 429 error responses'))
cannot unpack non-iterable NoneType object
HTTPSConnectionPool(host='api.materialsproject.org', port=443): Max retries exceeded with url: /materials/core/?deprecated=False&_fields=calc_types&material_ids=mp-864755&_limit=1000 (Caused by ResponseError('too many 429 error responses'))
HTTPSConnectionPool(host='api.materialsproject.org', port=443): Max retries exceeded with url: /materials/tasks/?_fields=last_updated%2Ctask_id&task_ids=mp-1388103&_limit=500 (Caused by ResponseError('too many 429 error responses'))
cannot unpack non-iterable NoneType object
cannot unpack non-iterable NoneType object
HTTPSConnectionPool(host='api.materialsproject.org', port=443): Max retries exceeded with url: /materials/tasks/?_fields=last_updated%2Ctask_id&task_ids=mp-1051319&_limit=334 (Caused by ResponseError('too many 429 error responses'))
cannot unpack non-iterable NoneType object
HTTPSConnectionPool(host='api.materialsproject.org', port=443): Max retries exceeded with url: /materials/core/?deprecated=False&_fields=calc_types&material_ids=mp-1185028&_limit=1000 (Caused by ResponseError('too many 429 error responses'))
HTTPSConnectionPool(host='api.materialsproject.org', port=443): Max retries exceeded with url: /materials/tasks/?_fields=last_updated%2Ctask_id&task_ids=mp-1049377&_limit=334 (Caused by ResponseError('too many 429 error responses'))
cannot unpack non-iterable NoneType object
cannot unpack non-iterable NoneType object
cannot unpack non-iterable NoneType object
cannot unpack non-iterable NoneType object
cannot unpack non-iterable NoneType object
cannot unpack non-iterable NoneType object
cannot unpack non-iterable NoneType object
cannot unpack non-iterable NoneType object
HTTPSConnectionPool(host='api.materialsproject.org', port=443): Max retries exceeded with url: /materials/tasks/?_fields=last_updated%2Ctask_id&task_ids=mp-1795094&_limit=333 (Caused by ResponseError('too many 429 error responses'))
HTTPSConnectionPool(host='api.materialsproject.org', port=443): Max retries exceeded with url: /materials/tasks/?_fields=last_updated%2Ctask_id&task_ids=mp-1432677&_limit=333 (Caused by ResponseError('too many 429 error responses'))
cannot unpack non-iterable NoneType object
cannot unpack non-iterable NoneType object
HTTPSConnectionPool(host='api.materialsproject.org', port=443): Max retries exceeded with url: /materials/core/?deprecated=False&_fields=calc_types&material_ids=mp-861641&_limit=1000 (Caused by ResponseError('too many 429 error responses'))
cannot unpack non-iterable NoneType object
HTTPSConnectionPool(host='api.materialsproject.org', port=443): Max retries exceeded with url: /materials/core/?deprecated=False&_fields=calc_types&material_ids=mp-864717&_limit=1000 (Caused by ResponseError('too many 429 error responses'))
HTTPSConnectionPool(host='api.materialsproject.org', port=443): Max retries exceeded with url: /materials/tasks/?_fields=last_updated%2Ctask_id&task_ids=mp-1403458&_limit=500 (Caused by ResponseError('too many 429 error responses'))
cannot unpack non-iterable NoneType object
cannot unpack non-iterable NoneType object
cannot unpack non-iterable NoneType object
cannot unpack non-iterable NoneType object
cannot unpack non-iterable NoneType object
cannot unpack non-iterable NoneType object
cannot unpack non-iterable NoneType object
cannot unpack non-iterable NoneType object
HTTPSConnectionPool(host='api.materialsproject.org', port=443): Max retries exceeded with url: /materials/core/?deprecated=False&_fields=calc_types&material_ids=mp-864798&_limit=1000 (Caused by ResponseError('too many 429 error responses'))
cannot unpack non-iterable NoneType object
cannot unpack non-iterable NoneType object
cannot unpack non-iterable NoneType object
cannot unpack non-iterable NoneType object
HTTPSConnectionPool(host='api.materialsproject.org', port=443): Max retries exceeded with url: /materials/tasks/?_fields=last_updated%2Ctask_id&task_ids=mp-1051506&_limit=334 (Caused by ResponseError('too many 429 error responses'))
HTTPSConnectionPool(host='api.materialsproject.org', port=443): Max retries exceeded with url: /materials/tasks/?_fields=last_updated%2Ctask_id&task_ids=mp-1415497&_limit=500 (Caused by ResponseError('too many 429 error responses'))
HTTPSConnectionPool(host='api.materialsproject.org', port=443): Max retries exceeded with url: /materials/tasks/?_fields=last_updated%2Ctask_id&task_ids=mp-1782830&_limit=250 (Caused by ResponseError('too many 429 error responses'))
cannot unpack non-iterable NoneType object
cannot unpack non-iterable NoneType object
cannot unpack non-iterable NoneType object
HTTPSConnectionPool(host='api.materialsproject.org', port=443): Max retries exceeded with url: /materials/tasks/?_fields=last_updated%2Ctask_id&task_ids=mp-1803052&_limit=500 (Caused by ResponseError('too many 429 error responses'))
HTTPSConnectionPool(host='api.materialsproject.org', port=443): Max retries exceeded with url: /materials/tasks/?_fields=last_updated%2Ctask_id&task_ids=mp-1415169&_limit=250 (Caused by ResponseError('too many 429 error responses'))
cannot unpack non-iterable NoneType object
HTTPSConnectionPool(host='api.materialsproject.org', port=443): Max retries exceeded with url: /materials/core/?deprecated=False&_fields=calc_types&material_ids=mp-864803&_limit=1000 (Caused by ResponseError('too many 429 error responses'))
cannot unpack non-iterable NoneType object
HTTPSConnectionPool(host='api.materialsproject.org', port=443): Max retries exceeded with url: /materials/core/?deprecated=False&_fields=calc_types&material_ids=mp-1185138&_limit=1000 (Caused by ResponseError('too many 429 error responses'))
cannot unpack non-iterable NoneType object
HTTPSConnectionPool(host='api.materialsproject.org', port=443): Max retries exceeded with url: /materials/core/?deprecated=False&_fields=calc_types&material_ids=mp-861624&_limit=1000 (Caused by ResponseError('too many 429 error responses'))
cannot unpack non-iterable NoneType object
cannot unpack non-iterable NoneType object
cannot unpack non-iterable NoneType object
cannot unpack non-iterable NoneType object
cannot unpack non-iterable NoneType object
cannot unpack non-iterable NoneType object
cannot unpack non-iterable NoneType object
HTTPSConnectionPool(host='api.materialsproject.org', port=443): Max retries exceeded with url: /materials/tasks/?_fields=last_updated%2Ctask_id&task_ids=mp-1422949&_limit=333 (Caused by ResponseError('too many 429 error responses'))
HTTPSConnectionPool(host='api.materialsproject.org', port=443): Max retries exceeded with url: /materials/tasks/?_fields=last_updated%2Ctask_id&task_ids=mp-1417245&_limit=333 (Caused by ResponseError('too many 429 error responses'))
cannot unpack non-iterable NoneType object
HTTPSConnectionPool(host='api.materialsproject.org', port=443): Max retries exceeded with url: /materials/core/?deprecated=False&_fields=calc_types&material_ids=mp-1185050&_limit=1000 (Caused by ResponseError('too many 429 error responses'))
cannot unpack non-iterable NoneType object
cannot unpack non-iterable NoneType object
cannot unpack non-iterable NoneType object
cannot unpack non-iterable NoneType object
cannot unpack non-iterable NoneType object
cannot unpack non-iterable NoneType object
HTTPSConnectionPool(host='api.materialsproject.org', port=443): Max retries exceeded with url: /materials/tasks/?_fields=last_updated%2Ctask_id&task_ids=mp-1049575&_limit=334 (Caused by ResponseError('too many 429 error responses'))
HTTPSConnectionPool(host='api.materialsproject.org', port=443): Max retries exceeded with url: /materials/tasks/?_fields=last_updated%2Ctask_id&task_ids=mp-1427808&_limit=500 (Caused by ResponseError('too many 429 error responses'))
cannot unpack non-iterable NoneType object
HTTPSConnectionPool(host='api.materialsproject.org', port=443): Max retries exceeded with url: /materials/core/?deprecated=False&_fields=calc_types&material_ids=mp-864824&_limit=1000 (Caused by ResponseError('too many 429 error responses'))
cannot unpack non-iterable NoneType object
cannot unpack non-iterable NoneType object
cannot unpack non-iterable NoneType object
cannot unpack non-iterable NoneType object
cannot unpack non-iterable NoneType object
cannot unpack non-iterable NoneType object
HTTPSConnectionPool(host='api.materialsproject.org', port=443): Max retries exceeded with url: /materials/tasks/?_fields=last_updated%2Ctask_id&task_ids=mp-1051576&_limit=334 (Caused by ResponseError('too many 429 error responses'))
cannot unpack non-iterable NoneType object
HTTPSConnectionPool(host='api.materialsproject.org', port=443): Max retries exceeded with url: /materials/core/?deprecated=False&_fields=calc_types&material_ids=mp-861883&_limit=1000 (Caused by ResponseError('too many 429 error responses'))
HTTPSConnectionPool(host='api.materialsproject.org', port=443): Max retries exceeded with url: /materials/tasks/?_fields=last_updated%2Ctask_id&task_ids=mp-1783006&_limit=500 (Caused by ResponseError('too many 429 error responses'))
cannot unpack non-iterable NoneType object
cannot unpack non-iterable NoneType object
cannot unpack non-iterable NoneType object
cannot unpack non-iterable NoneType object
cannot unpack non-iterable NoneType object
cannot unpack non-iterable NoneType object
cannot unpack non-iterable NoneType object
cannot unpack non-iterable NoneType object
cannot unpack non-iterable NoneType object
cannot unpack non-iterable NoneType object
cannot unpack non-iterable NoneType object
HTTPSConnectionPool(host='api.materialsproject.org', port=443): Max retries exceeded with url: /materials/core/?deprecated=False&_fields=calc_types&material_ids=mp-1185224&_limit=1000 (Caused by ResponseError('too many 429 error responses'))
cannot unpack non-iterable NoneType object
HTTPSConnectionPool(host='api.materialsproject.org', port=443): Max retries exceeded with url: /materials/core/?deprecated=False&_fields=calc_types&material_ids=mp-861884&_limit=1000 (Caused by ResponseError('too many 429 error responses'))
cannot unpack non-iterable NoneType object
HTTPSConnectionPool(host='api.materialsproject.org', port=443): Max retries exceeded with url: /materials/core/?deprecated=False&_fields=calc_types&material_ids=mp-864787&_limit=1000 (Caused by ResponseError('too many 429 error responses'))
cannot unpack non-iterable NoneType object
cannot unpack non-iterable NoneType object
cannot unpack non-iterable NoneType object
cannot unpack non-iterable NoneType object
cannot unpack non-iterable NoneType object
cannot unpack non-iterable NoneType object
cannot unpack non-iterable NoneType object
cannot unpack non-iterable NoneType object
cannot unpack non-iterable NoneType object
HTTPSConnectionPool(host='api.materialsproject.org', port=443): Max retries exceeded with url: /materials/tasks/?_fields=last_updated%2Ctask_id&task_ids=mp-1420340&_limit=500 (Caused by ResponseError('too many 429 error responses'))
cannot unpack non-iterable NoneType object
HTTPSConnectionPool(host='api.materialsproject.org', port=443): Max retries exceeded with url: /materials/core/?deprecated=False&_fields=calc_types&material_ids=mp-864878&_limit=1000 (Caused by ResponseError('too many 429 error responses'))
cannot unpack non-iterable NoneType object
HTTPSConnectionPool(host='api.materialsproject.org', port=443): Max retries exceeded with url: /materials/core/?deprecated=False&_fields=calc_types&material_ids=mp-861726&_limit=1000 (Caused by ResponseError('too many 429 error responses'))
cannot unpack non-iterable NoneType object
cannot unpack non-iterable NoneType object
cannot unpack non-iterable NoneType object
cannot unpack non-iterable NoneType object
cannot unpack non-iterable NoneType object
cannot unpack non-iterable NoneType object
cannot unpack non-iterable NoneType object
cannot unpack non-iterable NoneType object
cannot unpack non-iterable NoneType object
cannot unpack non-iterable NoneType object
cannot unpack non-iterable NoneType object
cannot unpack non-iterable NoneType object
cannot unpack non-iterable NoneType object
HTTPSConnectionPool(host='api.materialsproject.org', port=443): Max retries exceeded with url: /materials/tasks/?_fields=last_updated%2Ctask_id&task_ids=mp-1049506&_limit=334 (Caused by ResponseError('too many 429 error responses'))
cannot unpack non-iterable NoneType object
cannot unpack non-iterable NoneType object
HTTPSConnectionPool(host='api.materialsproject.org', port=443): Max retries exceeded with url: /materials/tasks/?_fields=last_updated%2Ctask_id&task_ids=mp-1445767&_limit=500 (Caused by ResponseError('too many 429 error responses'))
cannot unpack non-iterable NoneType object
cannot unpack non-iterable NoneType object
HTTPSConnectionPool(host='api.materialsproject.org', port=443): Max retries exceeded with url: /materials/core/?deprecated=False&_fields=calc_types&material_ids=mp-864939&_limit=1000 (Caused by ResponseError('too many 429 error responses'))
cannot unpack non-iterable NoneType object
cannot unpack non-iterable NoneType object
cannot unpack non-iterable NoneType object
cannot unpack non-iterable NoneType object
cannot unpack non-iterable NoneType object
cannot unpack non-iterable NoneType object
cannot unpack non-iterable NoneType object
HTTPSConnectionPool(host='api.materialsproject.org', port=443): Max retries exceeded with url: /materials/tasks/?_fields=last_updated%2Ctask_id&task_ids=mp-1051761&_limit=334 (Caused by ResponseError('too many 429 error responses'))
cannot unpack non-iterable NoneType object
HTTPSConnectionPool(host='api.materialsproject.org', port=443): Max retries exceeded with url: /materials/tasks/?_fields=last_updated%2Ctask_id&task_ids=mp-1800654&_limit=250 (Caused by ResponseError('too many 429 error responses'))
cannot unpack non-iterable NoneType object
cannot unpack non-iterable NoneType object
cannot unpack non-iterable NoneType object
HTTPSConnectionPool(host='api.materialsproject.org', port=443): Max retries exceeded with url: /materials/tasks/?_fields=last_updated%2Ctask_id&task_ids=mp-1927650&_limit=250 (Caused by ResponseError('too many 429 error responses'))
cannot unpack non-iterable NoneType object
cannot unpack non-iterable NoneType object
cannot unpack non-iterable NoneType object
cannot unpack non-iterable NoneType object
HTTPSConnectionPool(host='api.materialsproject.org', port=443): Max retries exceeded with url: /materials/core/?deprecated=False&_fields=calc_types&material_ids=mp-1185241&_limit=1000 (Caused by ResponseError('too many 429 error responses'))
HTTPSConnectionPool(host='api.materialsproject.org', port=443): Max retries exceeded with url: /materials/tasks/?_fields=last_updated%2Ctask_id&task_ids=mp-1003003&_limit=250 (Caused by ResponseError('too many 429 error responses'))
HTTPSConnectionPool(host='api.materialsproject.org', port=443): Max retries exceeded with url: /materials/tasks/?_fields=last_updated%2Ctask_id&task_ids=mp-1002388&_limit=250 (Caused by ResponseError('too many 429 error responses'))
cannot unpack non-iterable NoneType object
cannot unpack non-iterable NoneType object
HTTPSConnectionPool(host='api.materialsproject.org', port=443): Max retries exceeded with url: /materials/tasks/?_fields=last_updated%2Ctask_id&task_ids=mp-1423614&_limit=334 (Caused by ResponseError('too many 429 error responses'))
HTTPSConnectionPool(host='api.materialsproject.org', port=443): Max retries exceeded with url: /materials/tasks/?_fields=last_updated%2Ctask_id&task_ids=mp-1051692&_limit=334 (Caused by ResponseError('too many 429 error responses'))
cannot unpack non-iterable NoneType object
HTTPSConnectionPool(host='api.materialsproject.org', port=443): Max retries exceeded with url: /materials/core/?deprecated=False&_fields=calc_types&material_ids=mp-861900&_limit=1000 (Caused by ResponseError('too many 429 error responses'))
cannot unpack non-iterable NoneType object
cannot unpack non-iterable NoneType object
cannot unpack non-iterable NoneType object
cannot unpack non-iterable NoneType object
HTTPSConnectionPool(host='api.materialsproject.org', port=443): Max retries exceeded with url: /materials/tasks/?_fields=last_updated%2Ctask_id&task_ids=mp-1003107&_limit=250 (Caused by ResponseError('too many 429 error responses'))
cannot unpack non-iterable NoneType object
cannot unpack non-iterable NoneType object
cannot unpack non-iterable NoneType object
HTTPSConnectionPool(host='api.materialsproject.org', port=443): Max retries exceeded with url: /materials/core/?deprecated=False&_fields=calc_types&material_ids=mp-864904&_limit=1000 (Caused by ResponseError('too many 429 error responses'))
HTTPSConnectionPool(host='api.materialsproject.org', port=443): Max retries exceeded with url: /materials/tasks/?_fields=last_updated%2Ctask_id&task_ids=mp-1395345&_limit=333 (Caused by ResponseError('too many 429 error responses'))
HTTPSConnectionPool(host='api.materialsproject.org', port=443): Max retries exceeded with url: /materials/tasks/?_fields=last_updated%2Ctask_id&task_ids=mp-1411435&_limit=500 (Caused by ResponseError('too many 429 error responses'))
cannot unpack non-iterable NoneType object
HTTPSConnectionPool(host='api.materialsproject.org', port=443): Max retries exceeded with url: /materials/tasks/?_fields=last_updated%2Ctask_id&task_ids=mp-1425599&_limit=500 (Caused by ResponseError('too many 429 error responses'))
cannot unpack non-iterable NoneType object
HTTPSConnectionPool(host='api.materialsproject.org', port=443): Max retries exceeded with url: /materials/core/?deprecated=False&_fields=calc_types&material_ids=mp-861886&_limit=1000 (Caused by ResponseError('too many 429 error responses'))
cannot unpack non-iterable NoneType object
HTTPSConnectionPool(host='api.materialsproject.org', port=443): Max retries exceeded with url: /materials/core/?deprecated=False&_fields=calc_types&material_ids=mp-864883&_limit=1000 (Caused by ResponseError('too many 429 error responses'))
cannot unpack non-iterable NoneType object
cannot unpack non-iterable NoneType object
cannot unpack non-iterable NoneType object
cannot unpack non-iterable NoneType object
cannot unpack non-iterable NoneType object
cannot unpack non-iterable NoneType object
cannot unpack non-iterable NoneType object
cannot unpack non-iterable NoneType object
HTTPSConnectionPool(host='api.materialsproject.org', port=443): Max retries exceeded with url: /materials/core/?deprecated=False&_fields=calc_types&material_ids=mp-1185195&_limit=1000 (Caused by ResponseError('too many 429 error responses'))
HTTPSConnectionPool(host='api.materialsproject.org', port=443): Max retries exceeded with url: /materials/tasks/?_fields=last_updated%2Ctask_id&task_ids=mp-1051705&_limit=334 (Caused by ResponseError('too many 429 error responses'))
cannot unpack non-iterable NoneType object
cannot unpack non-iterable NoneType object
cannot unpack non-iterable NoneType object
HTTPSConnectionPool(host='api.materialsproject.org', port=443): Max retries exceeded with url: /materials/tasks/?_fields=last_updated%2Ctask_id&task_ids=mp-1424308&_limit=500 (Caused by ResponseError('too many 429 error responses'))
HTTPSConnectionPool(host='api.materialsproject.org', port=443): Max retries exceeded with url: /materials/tasks/?_fields=last_updated%2Ctask_id&task_ids=mp-1051615&_limit=334 (Caused by ResponseError('too many 429 error responses'))
cannot unpack non-iterable NoneType object
cannot unpack non-iterable NoneType object
cannot unpack non-iterable NoneType object
cannot unpack non-iterable NoneType object
cannot unpack non-iterable NoneType object
cannot unpack non-iterable NoneType object
cannot unpack non-iterable NoneType object
cannot unpack non-iterable NoneType object
cannot unpack non-iterable NoneType object
cannot unpack non-iterable NoneType object
cannot unpack non-iterable NoneType object
cannot unpack non-iterable NoneType object
cannot unpack non-iterable NoneType object
cannot unpack non-iterable NoneType object
cannot unpack non-iterable NoneType object
cannot unpack non-iterable NoneType object
cannot unpack non-iterable NoneType object
cannot unpack non-iterable NoneType object
cannot unpack non-iterable NoneType object
cannot unpack non-iterable NoneType object
cannot unpack non-iterable NoneType object
cannot unpack non-iterable NoneType object
cannot unpack non-iterable NoneType object
cannot unpack non-iterable NoneType object
cannot unpack non-iterable NoneType object
cannot unpack non-iterable NoneType object
cannot unpack non-iterable NoneType object
cannot unpack non-iterable NoneType object
cannot unpack non-iterable NoneType object
cannot unpack non-iterable NoneType object
cannot unpack non-iterable NoneType object
cannot unpack non-iterable NoneType object
cannot unpack non-iterable NoneType object
cannot unpack non-iterable NoneType object
cannot unpack non-iterable NoneType object
cannot unpack non-iterable NoneType object
cannot unpack non-iterable NoneType object
HTTPSConnectionPool(host='api.materialsproject.org', port=443): Max retries exceeded with url: /materials/tasks/?_fields=last_updated%2Ctask_id&task_ids=mp-1387105&_limit=200 (Caused by ResponseError('too many 429 error responses'))
cannot unpack non-iterable NoneType object
cannot unpack non-iterable NoneType object
cannot unpack non-iterable NoneType object
cannot unpack non-iterable NoneType object
cannot unpack non-iterable NoneType object
cannot unpack non-iterable NoneType object
cannot unpack non-iterable NoneType object
cannot unpack non-iterable NoneType object
cannot unpack non-iterable NoneType object
cannot unpack non-iterable NoneType object
cannot unpack non-iterable NoneType object
cannot unpack non-iterable NoneType object
cannot unpack non-iterable NoneType object
cannot unpack non-iterable NoneType object
cannot unpack non-iterable NoneType object
cannot unpack non-iterable NoneType object
cannot unpack non-iterable NoneType object
cannot unpack non-iterable NoneType object
cannot unpack non-iterable NoneType object
cannot unpack non-iterable NoneType object
cannot unpack non-iterable NoneType object
cannot unpack non-iterable NoneType object
cannot unpack non-iterable NoneType object
cannot unpack non-iterable NoneType object
cannot unpack non-iterable NoneType object
cannot unpack non-iterable NoneType object
cannot unpack non-iterable NoneType object
cannot unpack non-iterable NoneType object
cannot unpack non-iterable NoneType object
cannot unpack non-iterable NoneType object
cannot unpack non-iterable NoneType object
cannot unpack non-iterable NoneType object
cannot unpack non-iterable NoneType object
cannot unpack non-iterable NoneType object
cannot unpack non-iterable NoneType object
cannot unpack non-iterable NoneType object
cannot unpack non-iterable NoneType object
cannot unpack non-iterable NoneType object
cannot unpack non-iterable NoneType object
cannot unpack non-iterable NoneType object
cannot unpack non-iterable NoneType object
cannot unpack non-iterable NoneType object
cannot unpack non-iterable NoneType object
cannot unpack non-iterable NoneType object
cannot unpack non-iterable NoneType object
cannot unpack non-iterable NoneType object
HTTPSConnectionPool(host='api.materialsproject.org', port=443): Max retries exceeded with url: /materials/core/?deprecated=False&_fields=calc_types&material_ids=mp-861933&_limit=1000 (Caused by ResponseError('too many 429 error responses'))
cannot unpack non-iterable NoneType object
cannot unpack non-iterable NoneType object
cannot unpack non-iterable NoneType object
cannot unpack non-iterable NoneType object
cannot unpack non-iterable NoneType object
cannot unpack non-iterable NoneType object
cannot unpack non-iterable NoneType object
cannot unpack non-iterable NoneType object
cannot unpack non-iterable NoneType object
cannot unpack non-iterable NoneType object
cannot unpack non-iterable NoneType object
cannot unpack non-iterable NoneType object
cannot unpack non-iterable NoneType object
cannot unpack non-iterable NoneType object
cannot unpack non-iterable NoneType object
cannot unpack non-iterable NoneType object
cannot unpack non-iterable NoneType object
cannot unpack non-iterable NoneType object
cannot unpack non-iterable NoneType object
cannot unpack non-iterable NoneType object
cannot unpack non-iterable NoneType object
cannot unpack non-iterable NoneType object
cannot unpack non-iterable NoneType object
cannot unpack non-iterable NoneType object
cannot unpack non-iterable NoneType object
cannot unpack non-iterable NoneType object
cannot unpack non-iterable NoneType object
cannot unpack non-iterable NoneType object
cannot unpack non-iterable NoneType object
cannot unpack non-iterable NoneType object
cannot unpack non-iterable NoneType object
cannot unpack non-iterable NoneType object
cannot unpack non-iterable NoneType object
cannot unpack non-iterable NoneType object
cannot unpack non-iterable NoneType object
cannot unpack non-iterable NoneType object
HTTPSConnectionPool(host='api.materialsproject.org', port=443): Max retries exceeded with url: /materials/tasks/?_fields=last_updated%2Ctask_id&task_ids=mp-1425968&_limit=500 (Caused by ResponseError('too many 429 error responses'))
cannot unpack non-iterable NoneType object
cannot unpack non-iterable NoneType object
cannot unpack non-iterable NoneType object
cannot unpack non-iterable NoneType object
HTTPSConnectionPool(host='api.materialsproject.org', port=443): Max retries exceeded with url: /materials/tasks/?_fields=last_updated%2Ctask_id&task_ids=mp-1398652&_limit=500 (Caused by ResponseError('too many 429 error responses'))
HTTPSConnectionPool(host='api.materialsproject.org', port=443): Max retries exceeded with url: /materials/tasks/?_fields=last_updated%2Ctask_id&task_ids=mp-1049659&_limit=334 (Caused by ResponseError('too many 429 error responses'))
HTTPSConnectionPool(host='api.materialsproject.org', port=443): Max retries exceeded with url: /materials/tasks/?_fields=last_updated%2Ctask_id&task_ids=mp-1051884&_limit=250 (Caused by ResponseError('too many 429 error responses'))
cannot unpack non-iterable NoneType object
cannot unpack non-iterable NoneType object
HTTPSConnectionPool(host='api.materialsproject.org', port=443): Max retries exceeded with url: /materials/tasks/?_fields=last_updated%2Ctask_id&task_ids=mp-1801035&_limit=333 (Caused by ResponseError('too many 429 error responses'))
cannot unpack non-iterable NoneType object
cannot unpack non-iterable NoneType object
cannot unpack non-iterable NoneType object
cannot unpack non-iterable NoneType object
cannot unpack non-iterable NoneType object
cannot unpack non-iterable NoneType object
cannot unpack non-iterable NoneType object
HTTPSConnectionPool(host='api.materialsproject.org', port=443): Max retries exceeded with url: /materials/core/?deprecated=False&_fields=calc_types&material_ids=mp-861948&_limit=1000 (Caused by ResponseError('too many 429 error responses'))
cannot unpack non-iterable NoneType object
cannot unpack non-iterable NoneType object
cannot unpack non-iterable NoneType object
cannot unpack non-iterable NoneType object
cannot unpack non-iterable NoneType object
cannot unpack non-iterable NoneType object
cannot unpack non-iterable NoneType object
cannot unpack non-iterable NoneType object
cannot unpack non-iterable NoneType object
cannot unpack non-iterable NoneType object
cannot unpack non-iterable NoneType object
cannot unpack non-iterable NoneType object
cannot unpack non-iterable NoneType object
cannot unpack non-iterable NoneType object
cannot unpack non-iterable NoneType object
cannot unpack non-iterable NoneType object
cannot unpack non-iterable NoneType object
cannot unpack non-iterable NoneType object
cannot unpack non-iterable NoneType object
cannot unpack non-iterable NoneType object
cannot unpack non-iterable NoneType object
cannot unpack non-iterable NoneType object
HTTPSConnectionPool(host='api.materialsproject.org', port=443): Max retries exceeded with url: /materials/tasks/?_fields=last_updated%2Ctask_id&task_ids=mp-1794279&_limit=333 (Caused by ResponseError('too many 429 error responses'))
cannot unpack non-iterable NoneType object
HTTPSConnectionPool(host='api.materialsproject.org', port=443): Max retries exceeded with url: /materials/core/?deprecated=False&_fields=calc_types&material_ids=mp-1185501&_limit=1000 (Caused by ResponseError('too many 429 error responses'))
cannot unpack non-iterable NoneType object
cannot unpack non-iterable NoneType object
cannot unpack non-iterable NoneType object
cannot unpack non-iterable NoneType object
cannot unpack non-iterable NoneType object
cannot unpack non-iterable NoneType object
cannot unpack non-iterable NoneType object
cannot unpack non-iterable NoneType object
cannot unpack non-iterable NoneType object
cannot unpack non-iterable NoneType object
cannot unpack non-iterable NoneType object
cannot unpack non-iterable NoneType object
cannot unpack non-iterable NoneType object
cannot unpack non-iterable NoneType object
cannot unpack non-iterable NoneType object
cannot unpack non-iterable NoneType object
cannot unpack non-iterable NoneType object
cannot unpack non-iterable NoneType object
cannot unpack non-iterable NoneType object
cannot unpack non-iterable NoneType object
cannot unpack non-iterable NoneType object
cannot unpack non-iterable NoneType object
cannot unpack non-iterable NoneType object
cannot unpack non-iterable NoneType object
HTTPSConnectionPool(host='api.materialsproject.org', port=443): Max retries exceeded with url: /materials/tasks/?_fields=last_updated%2Ctask_id&task_ids=mp-1436902&_limit=500 (Caused by ResponseError('too many 429 error responses'))
cannot unpack non-iterable NoneType object
HTTPSConnectionPool(host='api.materialsproject.org', port=443): Max retries exceeded with url: /materials/core/?deprecated=False&_fields=calc_types&material_ids=mp-861969&_limit=1000 (Caused by ResponseError('too many 429 error responses'))
HTTPSConnectionPool(host='api.materialsproject.org', port=443): Max retries exceeded with url: /materials/tasks/?_fields=last_updated%2Ctask_id&task_ids=mp-1003089&_limit=250 (Caused by ResponseError('too many 429 error responses'))
cannot unpack non-iterable NoneType object
cannot unpack non-iterable NoneType object
HTTPSConnectionPool(host='api.materialsproject.org', port=443): Max retries exceeded with url: /materials/tasks/?_fields=last_updated%2Ctask_id&task_ids=mp-1050183&_limit=334 (Caused by ResponseError('too many 429 error responses'))
cannot unpack non-iterable NoneType object
HTTPSConnectionPool(host='api.materialsproject.org', port=443): Max retries exceeded with url: /materials/core/?deprecated=False&_fields=calc_types&material_ids=mp-865099&_limit=1000 (Caused by ResponseError('too many 429 error responses'))
cannot unpack non-iterable NoneType object
HTTPSConnectionPool(host='api.materialsproject.org', port=443): Max retries exceeded with url: /materials/tasks/?_fields=last_updated%2Ctask_id&task_ids=mp-1416060&_limit=500 (Caused by ResponseError('too many 429 error responses'))
cannot unpack non-iterable NoneType object
cannot unpack non-iterable NoneType object
cannot unpack non-iterable NoneType object
cannot unpack non-iterable NoneType object
cannot unpack non-iterable NoneType object
cannot unpack non-iterable NoneType object
cannot unpack non-iterable NoneType object
cannot unpack non-iterable NoneType object
cannot unpack non-iterable NoneType object
cannot unpack non-iterable NoneType object
cannot unpack non-iterable NoneType object
cannot unpack non-iterable NoneType object
cannot unpack non-iterable NoneType object
cannot unpack non-iterable NoneType object
HTTPSConnectionPool(host='api.materialsproject.org', port=443): Max retries exceeded with url: /materials/tasks/?_fields=last_updated%2Ctask_id&task_ids=mp-1003155&_limit=250 (Caused by ResponseError('too many 429 error responses'))
cannot unpack non-iterable NoneType object
HTTPSConnectionPool(host='api.materialsproject.org', port=443): Max retries exceeded with url: /materials/core/?deprecated=False&_fields=calc_types&material_ids=mp-862300&_limit=1000 (Caused by ResponseError('too many 429 error responses'))
cannot unpack non-iterable NoneType object
cannot unpack non-iterable NoneType object
cannot unpack non-iterable NoneType object
cannot unpack non-iterable NoneType object
cannot unpack non-iterable NoneType object
cannot unpack non-iterable NoneType object
cannot unpack non-iterable NoneType object
cannot unpack non-iterable NoneType object
cannot unpack non-iterable NoneType object
cannot unpack non-iterable NoneType object
cannot unpack non-iterable NoneType object
cannot unpack non-iterable NoneType object
HTTPSConnectionPool(host='api.materialsproject.org', port=443): Max retries exceeded with url: /materials/tasks/?_fields=last_updated%2Ctask_id&task_ids=mp-1391956&_limit=500 (Caused by ResponseError('too many 429 error responses'))
HTTPSConnectionPool(host='api.materialsproject.org', port=443): Max retries exceeded with url: /materials/tasks/?_fields=last_updated%2Ctask_id&task_ids=mp-1002413&_limit=250 (Caused by ResponseError('too many 429 error responses'))
cannot unpack non-iterable NoneType object
cannot unpack non-iterable NoneType object
cannot unpack non-iterable NoneType object
cannot unpack non-iterable NoneType object
HTTPSConnectionPool(host='api.materialsproject.org', port=443): Max retries exceeded with url: /materials/tasks/?_fields=last_updated%2Ctask_id&task_ids=mp-1002800&_limit=250 (Caused by ResponseError('too many 429 error responses'))
HTTPSConnectionPool(host='api.materialsproject.org', port=443): Max retries exceeded with url: /materials/tasks/?_fields=last_updated%2Ctask_id&task_ids=mp-1801193&_limit=500 (Caused by ResponseError('too many 429 error responses'))
cannot unpack non-iterable NoneType object
cannot unpack non-iterable NoneType object
cannot unpack non-iterable NoneType object
cannot unpack non-iterable NoneType object
cannot unpack non-iterable NoneType object
cannot unpack non-iterable NoneType object
cannot unpack non-iterable NoneType object
HTTPSConnectionPool(host='api.materialsproject.org', port=443): Max retries exceeded with url: /materials/tasks/?_fields=last_updated%2Ctask_id&task_ids=mp-1003093&_limit=250 (Caused by ResponseError('too many 429 error responses'))
HTTPSConnectionPool(host='api.materialsproject.org', port=443): Max retries exceeded with url: /materials/tasks/?_fields=last_updated%2Ctask_id&task_ids=mp-1872291&_limit=1000 (Caused by ResponseError('too many 429 error responses'))
HTTPSConnectionPool(host='api.materialsproject.org', port=443): Max retries exceeded with url: /materials/tasks/?_fields=last_updated%2Ctask_id&task_ids=mp-1783218&_limit=250 (Caused by ResponseError('too many 429 error responses'))
cannot unpack non-iterable NoneType object
cannot unpack non-iterable NoneType object
cannot unpack non-iterable NoneType object
cannot unpack non-iterable NoneType object
cannot unpack non-iterable NoneType object
cannot unpack non-iterable NoneType object
cannot unpack non-iterable NoneType object
HTTPSConnectionPool(host='api.materialsproject.org', port=443): Max retries exceeded with url: /materials/tasks/?_fields=last_updated%2Ctask_id&task_ids=mp-1419762&_limit=500 (Caused by ResponseError('too many 429 error responses'))
HTTPSConnectionPool(host='api.materialsproject.org', port=443): Max retries exceeded with url: /materials/tasks/?_fields=last_updated%2Ctask_id&task_ids=mp-1003086&_limit=250 (Caused by ResponseError('too many 429 error responses'))
cannot unpack non-iterable NoneType object
HTTPSConnectionPool(host='api.materialsproject.org', port=443): Max retries exceeded with url: /materials/tasks/?_fields=last_updated%2Ctask_id&task_ids=mp-1798557&_limit=333 (Caused by ResponseError('too many 429 error responses'))
cannot unpack non-iterable NoneType object
cannot unpack non-iterable NoneType object
cannot unpack non-iterable NoneType object
HTTPSConnectionPool(host='api.materialsproject.org', port=443): Max retries exceeded with url: /materials/core/?deprecated=False&_fields=calc_types&material_ids=mp-865094&_limit=1000 (Caused by ResponseError('too many 429 error responses'))
cannot unpack non-iterable NoneType object
cannot unpack non-iterable NoneType object
cannot unpack non-iterable NoneType object
cannot unpack non-iterable NoneType object
cannot unpack non-iterable NoneType object
cannot unpack non-iterable NoneType object
cannot unpack non-iterable NoneType object
HTTPSConnectionPool(host='api.materialsproject.org', port=443): Max retries exceeded with url: /materials/tasks/?_fields=last_updated%2Ctask_id&task_ids=mp-1395368&_limit=500 (Caused by ResponseError('too many 429 error responses'))
cannot unpack non-iterable NoneType object
HTTPSConnectionPool(host='api.materialsproject.org', port=443): Max retries exceeded with url: /materials/core/?deprecated=False&_fields=calc_types&material_ids=mp-861991&_limit=1000 (Caused by ResponseError('too many 429 error responses'))
cannot unpack non-iterable NoneType object
cannot unpack non-iterable NoneType object
cannot unpack non-iterable NoneType object
cannot unpack non-iterable NoneType object
cannot unpack non-iterable NoneType object
cannot unpack non-iterable NoneType object
cannot unpack non-iterable NoneType object
cannot unpack non-iterable NoneType object
cannot unpack non-iterable NoneType object
cannot unpack non-iterable NoneType object
cannot unpack non-iterable NoneType object
cannot unpack non-iterable NoneType object
cannot unpack non-iterable NoneType object
cannot unpack non-iterable NoneType object
HTTPSConnectionPool(host='api.materialsproject.org', port=443): Max retries exceeded with url: /materials/tasks/?_fields=last_updated%2Ctask_id&task_ids=mp-1002858&_limit=334 (Caused by ResponseError('too many 429 error responses'))
cannot unpack non-iterable NoneType object
cannot unpack non-iterable NoneType object
cannot unpack non-iterable NoneType object
cannot unpack non-iterable NoneType object
HTTPSConnectionPool(host='api.materialsproject.org', port=443): Max retries exceeded with url: /materials/core/?deprecated=False&_fields=calc_types&material_ids=mp-1185537&_limit=1000 (Caused by ResponseError('too many 429 error responses'))
HTTPSConnectionPool(host='api.materialsproject.org', port=443): Max retries exceeded with url: /materials/tasks/?_fields=last_updated%2Ctask_id&task_ids=mp-1052078&_limit=334 (Caused by ResponseError('too many 429 error responses'))
cannot unpack non-iterable NoneType object
cannot unpack non-iterable NoneType object
cannot unpack non-iterable NoneType object
HTTPSConnectionPool(host='api.materialsproject.org', port=443): Max retries exceeded with url: /materials/core/?deprecated=False&_fields=calc_types&material_ids=mp-861984&_limit=1000 (Caused by ResponseError('too many 429 error responses'))
HTTPSConnectionPool(host='api.materialsproject.org', port=443): Max retries exceeded with url: /materials/tasks/?_fields=last_updated%2Ctask_id&task_ids=mp-1871284&_limit=1000 (Caused by ResponseError('too many 429 error responses'))
cannot unpack non-iterable NoneType object
HTTPSConnectionPool(host='api.materialsproject.org', port=443): Max retries exceeded with url: /materials/core/?deprecated=False&_fields=calc_types&material_ids=mp-865130&_limit=1000 (Caused by ResponseError('too many 429 error responses'))
cannot unpack non-iterable NoneType object
cannot unpack non-iterable NoneType object
cannot unpack non-iterable NoneType object
HTTPSConnectionPool(host='api.materialsproject.org', port=443): Max retries exceeded with url: /materials/core/?deprecated=False&_fields=calc_types&material_ids=mp-1185518&_limit=1000 (Caused by ResponseError('too many 429 error responses'))
cannot unpack non-iterable NoneType object
cannot unpack non-iterable NoneType object
cannot unpack non-iterable NoneType object
cannot unpack non-iterable NoneType object
HTTPSConnectionPool(host='api.materialsproject.org', port=443): Max retries exceeded with url: /materials/tasks/?_fields=last_updated%2Ctask_id&task_ids=mp-1415855&_limit=500 (Caused by ResponseError('too many 429 error responses'))
HTTPSConnectionPool(host='api.materialsproject.org', port=443): Max retries exceeded with url: /materials/tasks/?_fields=last_updated%2Ctask_id&task_ids=mp-1003123&_limit=250 (Caused by ResponseError('too many 429 error responses'))
cannot unpack non-iterable NoneType object
cannot unpack non-iterable NoneType object
cannot unpack non-iterable NoneType object
cannot unpack non-iterable NoneType object
cannot unpack non-iterable NoneType object
cannot unpack non-iterable NoneType object
cannot unpack non-iterable NoneType object
cannot unpack non-iterable NoneType object
cannot unpack non-iterable NoneType object
cannot unpack non-iterable NoneType object
cannot unpack non-iterable NoneType object
cannot unpack non-iterable NoneType object
cannot unpack non-iterable NoneType object
cannot unpack non-iterable NoneType object
cannot unpack non-iterable NoneType object
cannot unpack non-iterable NoneType object
cannot unpack non-iterable NoneType object
cannot unpack non-iterable NoneType object
cannot unpack non-iterable NoneType object
cannot unpack non-iterable NoneType object
cannot unpack non-iterable NoneType object
cannot unpack non-iterable NoneType object
cannot unpack non-iterable NoneType object
cannot unpack non-iterable NoneType object
cannot unpack non-iterable NoneType object
cannot unpack non-iterable NoneType object
cannot unpack non-iterable NoneType object
cannot unpack non-iterable NoneType object
cannot unpack non-iterable NoneType object
cannot unpack non-iterable NoneType object
cannot unpack non-iterable NoneType object
cannot unpack non-iterable NoneType object
cannot unpack non-iterable NoneType object
cannot unpack non-iterable NoneType object
cannot unpack non-iterable NoneType object
cannot unpack non-iterable NoneType object
cannot unpack non-iterable NoneType object
cannot unpack non-iterable NoneType object
cannot unpack non-iterable NoneType object
cannot unpack non-iterable NoneType object
cannot unpack non-iterable NoneType object
cannot unpack non-iterable NoneType object
cannot unpack non-iterable NoneType object
cannot unpack non-iterable NoneType object
cannot unpack non-iterable NoneType object
cannot unpack non-iterable NoneType object
cannot unpack non-iterable NoneType object
cannot unpack non-iterable NoneType object
cannot unpack non-iterable NoneType object
cannot unpack non-iterable NoneType object
cannot unpack non-iterable NoneType object
cannot unpack non-iterable NoneType object
cannot unpack non-iterable NoneType object
cannot unpack non-iterable NoneType object
cannot unpack non-iterable NoneType object
cannot unpack non-iterable NoneType object
cannot unpack non-iterable NoneType object
cannot unpack non-iterable NoneType object
cannot unpack non-iterable NoneType object
cannot unpack non-iterable NoneType object
cannot unpack non-iterable NoneType object
cannot unpack non-iterable NoneType object
HTTPSConnectionPool(host='api.materialsproject.org', port=443): Max retries exceeded with url: /materials/core/?deprecated=False&_fields=calc_types&material_ids=mp-1185760&_limit=1000 (Caused by ResponseError('too many 429 error responses'))
cannot unpack non-iterable NoneType object
cannot unpack non-iterable NoneType object
cannot unpack non-iterable NoneType object
HTTPSConnectionPool(host='api.materialsproject.org', port=443): Max retries exceeded with url: /materials/tasks/?_fields=last_updated%2Ctask_id&task_ids=mp-1444682&_limit=500 (Caused by ResponseError('too many 429 error responses'))
cannot unpack non-iterable NoneType object
HTTPSConnectionPool(host='api.materialsproject.org', port=443): Max retries exceeded with url: /materials/core/?deprecated=False&_fields=calc_types&material_ids=mp-865125&_limit=1000 (Caused by ResponseError('too many 429 error responses'))
HTTPSConnectionPool(host='api.materialsproject.org', port=443): Max retries exceeded with url: /materials/tasks/?_fields=last_updated%2Ctask_id&task_ids=mp-1002435&_limit=250 (Caused by ResponseError('too many 429 error responses'))
cannot unpack non-iterable NoneType object
cannot unpack non-iterable NoneType object
cannot unpack non-iterable NoneType object
HTTPSConnectionPool(host='api.materialsproject.org', port=443): Max retries exceeded with url: /materials/core/?deprecated=False&_fields=calc_types&material_ids=mp-865157&_limit=1000 (Caused by ResponseError('too many 429 error responses'))
HTTPSConnectionPool(host='api.materialsproject.org', port=443): Max retries exceeded with url: /materials/tasks/?_fields=last_updated%2Ctask_id&task_ids=mp-1002433&_limit=250 (Caused by ResponseError('too many 429 error responses'))
HTTPSConnectionPool(host='api.materialsproject.org', port=443): Max retries exceeded with url: /materials/tasks/?_fields=last_updated%2Ctask_id&task_ids=mp-1429060&_limit=500 (Caused by ResponseError('too many 429 error responses'))
cannot unpack non-iterable NoneType object
cannot unpack non-iterable NoneType object
cannot unpack non-iterable NoneType object
cannot unpack non-iterable NoneType object
cannot unpack non-iterable NoneType object
cannot unpack non-iterable NoneType object
HTTPSConnectionPool(host='api.materialsproject.org', port=443): Max retries exceeded with url: /materials/tasks/?_fields=last_updated%2Ctask_id&task_ids=mp-1429721&_limit=250 (Caused by ResponseError('too many 429 error responses'))
HTTPSConnectionPool(host='api.materialsproject.org', port=443): Max retries exceeded with url: /materials/tasks/?_fields=last_updated%2Ctask_id&task_ids=mp-1409909&_limit=500 (Caused by ResponseError('too many 429 error responses'))
cannot unpack non-iterable NoneType object
cannot unpack non-iterable NoneType object
cannot unpack non-iterable NoneType object
cannot unpack non-iterable NoneType object
cannot unpack non-iterable NoneType object
cannot unpack non-iterable NoneType object
cannot unpack non-iterable NoneType object
cannot unpack non-iterable NoneType object
cannot unpack non-iterable NoneType object
cannot unpack non-iterable NoneType object
cannot unpack non-iterable NoneType object
cannot unpack non-iterable NoneType object
cannot unpack non-iterable NoneType object
cannot unpack non-iterable NoneType object
cannot unpack non-iterable NoneType object
cannot unpack non-iterable NoneType object
HTTPSConnectionPool(host='api.materialsproject.org', port=443): Max retries exceeded with url: /materials/tasks/?_fields=last_updated%2Ctask_id&task_ids=mp-1424523&_limit=500 (Caused by ResponseError('too many 429 error responses'))
cannot unpack non-iterable NoneType object
cannot unpack non-iterable NoneType object
cannot unpack non-iterable NoneType object
cannot unpack non-iterable NoneType object
cannot unpack non-iterable NoneType object
HTTPSConnectionPool(host='api.materialsproject.org', port=443): Max retries exceeded with url: /materials/tasks/?_fields=last_updated%2Ctask_id&task_ids=mp-1002447&_limit=250 (Caused by ResponseError('too many 429 error responses'))
cannot unpack non-iterable NoneType object
cannot unpack non-iterable NoneType object
HTTPSConnectionPool(host='api.materialsproject.org', port=443): Max retries exceeded with url: /materials/tasks/?_fields=last_updated%2Ctask_id&task_ids=mp-1427739&_limit=500 (Caused by ResponseError('too many 429 error responses'))
HTTPSConnectionPool(host='api.materialsproject.org', port=443): Max retries exceeded with url: /materials/tasks/?_fields=last_updated%2Ctask_id&task_ids=mp-1052272&_limit=334 (Caused by ResponseError('too many 429 error responses'))
cannot unpack non-iterable NoneType object
HTTPSConnectionPool(host='api.materialsproject.org', port=443): Max retries exceeded with url: /materials/core/?deprecated=False&_fields=calc_types&material_ids=mp-862486&_limit=1000 (Caused by ResponseError('too many 429 error responses'))
cannot unpack non-iterable NoneType object
HTTPSConnectionPool(host='api.materialsproject.org', port=443): Max retries exceeded with url: /materials/tasks/?_fields=last_updated%2Ctask_id&task_ids=mp-1385446&_limit=500 (Caused by ResponseError('too many 429 error responses'))
cannot unpack non-iterable NoneType object
HTTPSConnectionPool(host='api.materialsproject.org', port=443): Max retries exceeded with url: /materials/core/?deprecated=False&_fields=calc_types&material_ids=mp-865200&_limit=1000 (Caused by ResponseError('too many 429 error responses'))
cannot unpack non-iterable NoneType object
cannot unpack non-iterable NoneType object
HTTPSConnectionPool(host='api.materialsproject.org', port=443): Max retries exceeded with url: /materials/core/?deprecated=False&_fields=calc_types&material_ids=mp-862614&_limit=1000 (Caused by ResponseError('too many 429 error responses'))
cannot unpack non-iterable NoneType object
cannot unpack non-iterable NoneType object
cannot unpack non-iterable NoneType object
cannot unpack non-iterable NoneType object
cannot unpack non-iterable NoneType object
cannot unpack non-iterable NoneType object
cannot unpack non-iterable NoneType object
HTTPSConnectionPool(host='api.materialsproject.org', port=443): Max retries exceeded with url: /materials/tasks/?_fields=last_updated%2Ctask_id&task_ids=mp-1002507&_limit=250 (Caused by ResponseError('too many 429 error responses'))
HTTPSConnectionPool(host='api.materialsproject.org', port=443): Max retries exceeded with url: /materials/tasks/?_fields=last_updated%2Ctask_id&task_ids=mp-1435773&_limit=500 (Caused by ResponseError('too many 429 error responses'))
cannot unpack non-iterable NoneType object
cannot unpack non-iterable NoneType object
HTTPSConnectionPool(host='api.materialsproject.org', port=443): Max retries exceeded with url: /materials/core/?deprecated=False&_fields=calc_types&material_ids=mp-862623&_limit=1000 (Caused by ResponseError('too many 429 error responses'))
HTTPSConnectionPool(host='api.materialsproject.org', port=443): Max retries exceeded with url: /materials/tasks/?_fields=last_updated%2Ctask_id&task_ids=mp-1003141&_limit=250 (Caused by ResponseError('too many 429 error responses'))
cannot unpack non-iterable NoneType object
HTTPSConnectionPool(host='api.materialsproject.org', port=443): Max retries exceeded with url: /materials/core/?deprecated=False&_fields=calc_types&material_ids=mp-1186001&_limit=1000 (Caused by ResponseError('too many 429 error responses'))
cannot unpack non-iterable NoneType object
cannot unpack non-iterable NoneType object
HTTPSConnectionPool(host='api.materialsproject.org', port=443): Max retries exceeded with url: /materials/tasks/?_fields=last_updated%2Ctask_id&task_ids=mp-1003145&_limit=250 (Caused by ResponseError('too many 429 error responses'))
cannot unpack non-iterable NoneType object
cannot unpack non-iterable NoneType object
cannot unpack non-iterable NoneType object
cannot unpack non-iterable NoneType object
HTTPSConnectionPool(host='api.materialsproject.org', port=443): Max retries exceeded with url: /materials/tasks/?_fields=last_updated%2Ctask_id&task_ids=mp-1052218&_limit=250 (Caused by ResponseError('too many 429 error responses'))
cannot unpack non-iterable NoneType object
HTTPSConnectionPool(host='api.materialsproject.org', port=443): Max retries exceeded with url: /materials/core/?deprecated=False&_fields=calc_types&material_ids=mp-862600&_limit=1000 (Caused by ResponseError('too many 429 error responses'))
HTTPSConnectionPool(host='api.materialsproject.org', port=443): Max retries exceeded with url: /materials/tasks/?_fields=last_updated%2Ctask_id&task_ids=mp-1389245&_limit=500 (Caused by ResponseError('too many 429 error responses'))
cannot unpack non-iterable NoneType object
cannot unpack non-iterable NoneType object
HTTPSConnectionPool(host='api.materialsproject.org', port=443): Max retries exceeded with url: /materials/tasks/?_fields=last_updated%2Ctask_id&task_ids=mp-1052334&_limit=334 (Caused by ResponseError('too many 429 error responses'))
HTTPSConnectionPool(host='api.materialsproject.org', port=443): Max retries exceeded with url: /materials/tasks/?_fields=last_updated%2Ctask_id&task_ids=mp-1422729&_limit=333 (Caused by ResponseError('too many 429 error responses'))
cannot unpack non-iterable NoneType object
HTTPSConnectionPool(host='api.materialsproject.org', port=443): Max retries exceeded with url: /materials/core/?deprecated=False&_fields=calc_types&material_ids=mp-1185892&_limit=1000 (Caused by ResponseError('too many 429 error responses'))
cannot unpack non-iterable NoneType object
cannot unpack non-iterable NoneType object
cannot unpack non-iterable NoneType object
cannot unpack non-iterable NoneType object
cannot unpack non-iterable NoneType object
cannot unpack non-iterable NoneType object
cannot unpack non-iterable NoneType object
cannot unpack non-iterable NoneType object
cannot unpack non-iterable NoneType object
cannot unpack non-iterable NoneType object
cannot unpack non-iterable NoneType object
cannot unpack non-iterable NoneType object
cannot unpack non-iterable NoneType object
cannot unpack non-iterable NoneType object
cannot unpack non-iterable NoneType object
cannot unpack non-iterable NoneType object
HTTPSConnectionPool(host='api.materialsproject.org', port=443): Max retries exceeded with url: /materials/core/?deprecated=False&_fields=calc_types&material_ids=mp-862612&_limit=1000 (Caused by ResponseError('too many 429 error responses'))
cannot unpack non-iterable NoneType object
HTTPSConnectionPool(host='api.materialsproject.org', port=443): Max retries exceeded with url: /materials/core/?deprecated=False&_fields=calc_types&material_ids=mp-1186004&_limit=1000 (Caused by ResponseError('too many 429 error responses'))
cannot unpack non-iterable NoneType object
cannot unpack non-iterable NoneType object
cannot unpack non-iterable NoneType object
HTTPSConnectionPool(host='api.materialsproject.org', port=443): Max retries exceeded with url: /materials/tasks/?_fields=last_updated%2Ctask_id&task_ids=mp-1050076&_limit=334 (Caused by ResponseError('too many 429 error responses'))
cannot unpack non-iterable NoneType object
HTTPSConnectionPool(host='api.materialsproject.org', port=443): Max retries exceeded with url: /materials/core/?deprecated=False&_fields=calc_types&material_ids=mp-865222&_limit=1000 (Caused by ResponseError('too many 429 error responses'))
HTTPSConnectionPool(host='api.materialsproject.org', port=443): Max retries exceeded with url: /materials/tasks/?_fields=last_updated%2Ctask_id&task_ids=mp-1429790&_limit=500 (Caused by ResponseError('too many 429 error responses'))
cannot unpack non-iterable NoneType object
cannot unpack non-iterable NoneType object
cannot unpack non-iterable NoneType object
HTTPSConnectionPool(host='api.materialsproject.org', port=443): Max retries exceeded with url: /materials/tasks/?_fields=last_updated%2Ctask_id&task_ids=mp-1384691&_limit=334 (Caused by ResponseError('too many 429 error responses'))
HTTPSConnectionPool(host='api.materialsproject.org', port=443): Max retries exceeded with url: /materials/tasks/?_fields=last_updated%2Ctask_id&task_ids=mp-1003170&_limit=250 (Caused by ResponseError('too many 429 error responses'))
cannot unpack non-iterable NoneType object
cannot unpack non-iterable NoneType object
HTTPSConnectionPool(host='api.materialsproject.org', port=443): Max retries exceeded with url: /materials/tasks/?_fields=last_updated%2Ctask_id&task_ids=mp-1409319&_limit=500 (Caused by ResponseError('too many 429 error responses'))
cannot unpack non-iterable NoneType object
cannot unpack non-iterable NoneType object
cannot unpack non-iterable NoneType object
cannot unpack non-iterable NoneType object
cannot unpack non-iterable NoneType object
cannot unpack non-iterable NoneType object
cannot unpack non-iterable NoneType object
cannot unpack non-iterable NoneType object
cannot unpack non-iterable NoneType object
cannot unpack non-iterable NoneType object
cannot unpack non-iterable NoneType object
cannot unpack non-iterable NoneType object
cannot unpack non-iterable NoneType object
HTTPSConnectionPool(host='api.materialsproject.org', port=443): Max retries exceeded with url: /materials/core/?deprecated=False&_fields=calc_types&material_ids=mp-1185958&_limit=1000 (Caused by ResponseError('too many 429 error responses'))
HTTPSConnectionPool(host='api.materialsproject.org', port=443): Max retries exceeded with url: /materials/tasks/?_fields=last_updated%2Ctask_id&task_ids=mp-1433053&_limit=250 (Caused by ResponseError('too many 429 error responses'))
cannot unpack non-iterable NoneType object
HTTPSConnectionPool(host='api.materialsproject.org', port=443): Max retries exceeded with url: /materials/core/?deprecated=False&_fields=calc_types&material_ids=mp-862588&_limit=1000 (Caused by ResponseError('too many 429 error responses'))
cannot unpack non-iterable NoneType object
cannot unpack non-iterable NoneType object
cannot unpack non-iterable NoneType object
cannot unpack non-iterable NoneType object
cannot unpack non-iterable NoneType object
cannot unpack non-iterable NoneType object
cannot unpack non-iterable NoneType object
cannot unpack non-iterable NoneType object
cannot unpack non-iterable NoneType object
cannot unpack non-iterable NoneType object
cannot unpack non-iterable NoneType object
HTTPSConnectionPool(host='api.materialsproject.org', port=443): Max retries exceeded with url: /materials/core/?deprecated=False&_fields=calc_types&material_ids=mp-1185992&_limit=1000 (Caused by ResponseError('too many 429 error responses'))
cannot unpack non-iterable NoneType object
HTTPSConnectionPool(host='api.materialsproject.org', port=443): Max retries exceeded with url: /materials/core/?deprecated=False&_fields=calc_types&material_ids=mp-865252&_limit=1000 (Caused by ResponseError('too many 429 error responses'))
cannot unpack non-iterable NoneType object
HTTPSConnectionPool(host='api.materialsproject.org', port=443): Max retries exceeded with url: /materials/core/?deprecated=False&_fields=calc_types&material_ids=mp-862677&_limit=1000 (Caused by ResponseError('too many 429 error responses'))
cannot unpack non-iterable NoneType object
cannot unpack non-iterable NoneType object
cannot unpack non-iterable NoneType object
cannot unpack non-iterable NoneType object
cannot unpack non-iterable NoneType object
cannot unpack non-iterable NoneType object
cannot unpack non-iterable NoneType object
cannot unpack non-iterable NoneType object
cannot unpack non-iterable NoneType object
cannot unpack non-iterable NoneType object
HTTPSConnectionPool(host='api.materialsproject.org', port=443): Max retries exceeded with url: /materials/tasks/?_fields=last_updated%2Ctask_id&task_ids=mp-1432836&_limit=500 (Caused by ResponseError('too many 429 error responses'))
cannot unpack non-iterable NoneType object
HTTPSConnectionPool(host='api.materialsproject.org', port=443): Max retries exceeded with url: /materials/core/?deprecated=False&_fields=calc_types&material_ids=mp-865232&_limit=1000 (Caused by ResponseError('too many 429 error responses'))
cannot unpack non-iterable NoneType object
HTTPSConnectionPool(host='api.materialsproject.org', port=443): Max retries exceeded with url: /materials/core/?deprecated=False&_fields=calc_types&material_ids=mp-862684&_limit=1000 (Caused by ResponseError('too many 429 error responses'))
cannot unpack non-iterable NoneType object
cannot unpack non-iterable NoneType object
cannot unpack non-iterable NoneType object
cannot unpack non-iterable NoneType object
cannot unpack non-iterable NoneType object
cannot unpack non-iterable NoneType object
cannot unpack non-iterable NoneType object
cannot unpack non-iterable NoneType object
cannot unpack non-iterable NoneType object
cannot unpack non-iterable NoneType object
cannot unpack non-iterable NoneType object
cannot unpack non-iterable NoneType object
cannot unpack non-iterable NoneType object
cannot unpack non-iterable NoneType object
cannot unpack non-iterable NoneType object
cannot unpack non-iterable NoneType object
cannot unpack non-iterable NoneType object
cannot unpack non-iterable NoneType object
cannot unpack non-iterable NoneType object
cannot unpack non-iterable NoneType object
cannot unpack non-iterable NoneType object
cannot unpack non-iterable NoneType object
cannot unpack non-iterable NoneType object
cannot unpack non-iterable NoneType object
cannot unpack non-iterable NoneType object
cannot unpack non-iterable NoneType object
cannot unpack non-iterable NoneType object
HTTPSConnectionPool(host='api.materialsproject.org', port=443): Max retries exceeded with url: /materials/tasks/?_fields=last_updated%2Ctask_id&task_ids=mp-1430084&_limit=500 (Caused by ResponseError('too many 429 error responses'))
cannot unpack non-iterable NoneType object
HTTPSConnectionPool(host='api.materialsproject.org', port=443): Max retries exceeded with url: /materials/core/?deprecated=False&_fields=calc_types&material_ids=mp-865240&_limit=1000 (Caused by ResponseError('too many 429 error responses'))
cannot unpack non-iterable NoneType object
cannot unpack non-iterable NoneType object
cannot unpack non-iterable NoneType object
cannot unpack non-iterable NoneType object
HTTPSConnectionPool(host='api.materialsproject.org', port=443): Max retries exceeded with url: /materials/tasks/?_fields=last_updated%2Ctask_id&task_ids=mp-1003149&_limit=250 (Caused by ResponseError('too many 429 error responses'))
cannot unpack non-iterable NoneType object
HTTPSConnectionPool(host='api.materialsproject.org', port=443): Max retries exceeded with url: /materials/tasks/?_fields=last_updated%2Ctask_id&task_ids=mp-1002533&_limit=250 (Caused by ResponseError('too many 429 error responses'))
cannot unpack non-iterable NoneType object
cannot unpack non-iterable NoneType object
HTTPSConnectionPool(host='api.materialsproject.org', port=443): Max retries exceeded with url: /materials/tasks/?_fields=last_updated%2Ctask_id&task_ids=mp-1861825&_limit=1000 (Caused by ResponseError('too many 429 error responses'))
HTTPSConnectionPool(host='api.materialsproject.org', port=443): Max retries exceeded with url: /materials/tasks/?_fields=last_updated%2Ctask_id&task_ids=mp-1415890&_limit=333 (Caused by ResponseError('too many 429 error responses'))
cannot unpack non-iterable NoneType object
cannot unpack non-iterable NoneType object
cannot unpack non-iterable NoneType object
cannot unpack non-iterable NoneType object
HTTPSConnectionPool(host='api.materialsproject.org', port=443): Max retries exceeded with url: /materials/tasks/?_fields=last_updated%2Ctask_id&task_ids=mp-1384457&_limit=500 (Caused by ResponseError('too many 429 error responses'))
cannot unpack non-iterable NoneType object
HTTPSConnectionPool(host='api.materialsproject.org', port=443): Max retries exceeded with url: /materials/tasks/?_fields=last_updated%2Ctask_id&task_ids=mp-1052508&_limit=334 (Caused by ResponseError('too many 429 error responses'))
HTTPSConnectionPool(host='api.materialsproject.org', port=443): Max retries exceeded with url: /materials/tasks/?_fields=last_updated%2Ctask_id&task_ids=mp-1002622&_limit=250 (Caused by ResponseError('too many 429 error responses'))
cannot unpack non-iterable NoneType object
cannot unpack non-iterable NoneType object
cannot unpack non-iterable NoneType object
cannot unpack non-iterable NoneType object
cannot unpack non-iterable NoneType object
cannot unpack non-iterable NoneType object
cannot unpack non-iterable NoneType object
cannot unpack non-iterable NoneType object
cannot unpack non-iterable NoneType object
cannot unpack non-iterable NoneType object
cannot unpack non-iterable NoneType object
cannot unpack non-iterable NoneType object
cannot unpack non-iterable NoneType object
cannot unpack non-iterable NoneType object
cannot unpack non-iterable NoneType object
cannot unpack non-iterable NoneType object
cannot unpack non-iterable NoneType object
cannot unpack non-iterable NoneType object
cannot unpack non-iterable NoneType object
cannot unpack non-iterable NoneType object
cannot unpack non-iterable NoneType object
cannot unpack non-iterable NoneType object
cannot unpack non-iterable NoneType object
cannot unpack non-iterable NoneType object
cannot unpack non-iterable NoneType object
cannot unpack non-iterable NoneType object
cannot unpack non-iterable NoneType object
cannot unpack non-iterable NoneType object
cannot unpack non-iterable NoneType object
cannot unpack non-iterable NoneType object
cannot unpack non-iterable NoneType object
cannot unpack non-iterable NoneType object
cannot unpack non-iterable NoneType object
cannot unpack non-iterable NoneType object
cannot unpack non-iterable NoneType object
cannot unpack non-iterable NoneType object
cannot unpack non-iterable NoneType object
cannot unpack non-iterable NoneType object
cannot unpack non-iterable NoneType object
cannot unpack non-iterable NoneType object
cannot unpack non-iterable NoneType object
cannot unpack non-iterable NoneType object
cannot unpack non-iterable NoneType object
HTTPSConnectionPool(host='api.materialsproject.org', port=443): Max retries exceeded with url: /materials/core/?deprecated=False&_fields=calc_types&material_ids=mp-1186209&_limit=1000 (Caused by ResponseError('too many 429 error responses'))
cannot unpack non-iterable NoneType object
cannot unpack non-iterable NoneType object
cannot unpack non-iterable NoneType object
HTTPSConnectionPool(host='api.materialsproject.org', port=443): Max retries exceeded with url: /materials/tasks/?_fields=last_updated%2Ctask_id&task_ids=mp-1417040&_limit=334 (Caused by ResponseError('too many 429 error responses'))
HTTPSConnectionPool(host='api.materialsproject.org', port=443): Max retries exceeded with url: /materials/tasks/?_fields=last_updated%2Ctask_id&task_ids=mp-1052475&_limit=334 (Caused by ResponseError('too many 429 error responses'))
HTTPSConnectionPool(host='api.materialsproject.org', port=443): Max retries exceeded with url: /materials/tasks/?_fields=last_updated%2Ctask_id&task_ids=mp-1002634&_limit=250 (Caused by ResponseError('too many 429 error responses'))
cannot unpack non-iterable NoneType object
cannot unpack non-iterable NoneType object
HTTPSConnectionPool(host='api.materialsproject.org', port=443): Max retries exceeded with url: /materials/tasks/?_fields=last_updated%2Ctask_id&task_ids=mp-1003188&_limit=250 (Caused by ResponseError('too many 429 error responses'))
HTTPSConnectionPool(host='api.materialsproject.org', port=443): Max retries exceeded with url: /materials/tasks/?_fields=last_updated%2Ctask_id&task_ids=mp-1504013&_limit=500 (Caused by ResponseError('too many 429 error responses'))
cannot unpack non-iterable NoneType object
HTTPSConnectionPool(host='api.materialsproject.org', port=443): Max retries exceeded with url: /materials/core/?deprecated=False&_fields=calc_types&material_ids=mp-862749&_limit=1000 (Caused by ResponseError('too many 429 error responses'))
cannot unpack non-iterable NoneType object
cannot unpack non-iterable NoneType object
cannot unpack non-iterable NoneType object
cannot unpack non-iterable NoneType object
cannot unpack non-iterable NoneType object
cannot unpack non-iterable NoneType object
cannot unpack non-iterable NoneType object
cannot unpack non-iterable NoneType object
cannot unpack non-iterable NoneType object
cannot unpack non-iterable NoneType object
cannot unpack non-iterable NoneType object
cannot unpack non-iterable NoneType object
cannot unpack non-iterable NoneType object
cannot unpack non-iterable NoneType object
cannot unpack non-iterable NoneType object
cannot unpack non-iterable NoneType object
cannot unpack non-iterable NoneType object
cannot unpack non-iterable NoneType object
cannot unpack non-iterable NoneType object
cannot unpack non-iterable NoneType object
cannot unpack non-iterable NoneType object
cannot unpack non-iterable NoneType object
cannot unpack non-iterable NoneType object
cannot unpack non-iterable NoneType object
cannot unpack non-iterable NoneType object
cannot unpack non-iterable NoneType object
cannot unpack non-iterable NoneType object
cannot unpack non-iterable NoneType object
HTTPSConnectionPool(host='api.materialsproject.org', port=443): Max retries exceeded with url: /materials/core/?deprecated=False&_fields=calc_types&material_ids=mp-865321&_limit=1000 (Caused by ResponseError('too many 429 error responses'))
cannot unpack non-iterable NoneType object
HTTPSConnectionPool(host='api.materialsproject.org', port=443): Max retries exceeded with url: /materials/core/?deprecated=False&_fields=calc_types&material_ids=mp-862734&_limit=1000 (Caused by ResponseError('too many 429 error responses'))
HTTPSConnectionPool(host='api.materialsproject.org', port=443): Max retries exceeded with url: /materials/tasks/?_fields=last_updated%2Ctask_id&task_ids=mp-1425915&_limit=500 (Caused by ResponseError('too many 429 error responses'))
cannot unpack non-iterable NoneType object
cannot unpack non-iterable NoneType object
HTTPSConnectionPool(host='api.materialsproject.org', port=443): Max retries exceeded with url: /materials/tasks/?_fields=last_updated%2Ctask_id&task_ids=mp-1052672&_limit=334 (Caused by ResponseError('too many 429 error responses'))
HTTPSConnectionPool(host='api.materialsproject.org', port=443): Max retries exceeded with url: /materials/tasks/?_fields=last_updated%2Ctask_id&task_ids=mp-1408378&_limit=500 (Caused by ResponseError('too many 429 error responses'))
HTTPSConnectionPool(host='api.materialsproject.org', port=443): Max retries exceeded with url: /materials/tasks/?_fields=last_updated%2Ctask_id&task_ids=mp-1423894&_limit=500 (Caused by ResponseError('too many 429 error responses'))
cannot unpack non-iterable NoneType object
cannot unpack non-iterable NoneType object
cannot unpack non-iterable NoneType object
cannot unpack non-iterable NoneType object
cannot unpack non-iterable NoneType object
cannot unpack non-iterable NoneType object
cannot unpack non-iterable NoneType object
HTTPSConnectionPool(host='api.materialsproject.org', port=443): Max retries exceeded with url: /materials/tasks/?_fields=last_updated%2Ctask_id&task_ids=mp-1050412&_limit=334 (Caused by ResponseError('too many 429 error responses'))
HTTPSConnectionPool(host='api.materialsproject.org', port=443): Max retries exceeded with url: /materials/tasks/?_fields=last_updated%2Ctask_id&task_ids=mp-1052632&_limit=334 (Caused by ResponseError('too many 429 error responses'))
HTTPSConnectionPool(host='api.materialsproject.org', port=443): Max retries exceeded with url: /materials/tasks/?_fields=last_updated%2Ctask_id&task_ids=mp-1924809&_limit=500 (Caused by ResponseError('too many 429 error responses'))
cannot unpack non-iterable NoneType object
cannot unpack non-iterable NoneType object
cannot unpack non-iterable NoneType object
cannot unpack non-iterable NoneType object
cannot unpack non-iterable NoneType object
cannot unpack non-iterable NoneType object
cannot unpack non-iterable NoneType object
HTTPSConnectionPool(host='api.materialsproject.org', port=443): Max retries exceeded with url: /materials/core/?deprecated=False&_fields=calc_types&material_ids=mp-862775&_limit=1000 (Caused by ResponseError('too many 429 error responses'))
cannot unpack non-iterable NoneType object
HTTPSConnectionPool(host='api.materialsproject.org', port=443): Max retries exceeded with url: /materials/tasks/?_fields=last_updated%2Ctask_id&task_ids=mp-1392829&_limit=500 (Caused by ResponseError('too many 429 error responses'))
cannot unpack non-iterable NoneType object
cannot unpack non-iterable NoneType object
cannot unpack non-iterable NoneType object
cannot unpack non-iterable NoneType object
cannot unpack non-iterable NoneType object
cannot unpack non-iterable NoneType object
HTTPSConnectionPool(host='api.materialsproject.org', port=443): Max retries exceeded with url: /materials/core/?deprecated=False&_fields=calc_types&material_ids=mp-1186236&_limit=1000 (Caused by ResponseError('too many 429 error responses'))
cannot unpack non-iterable NoneType object
HTTPSConnectionPool(host='api.materialsproject.org', port=443): Max retries exceeded with url: /materials/core/?deprecated=False&_fields=calc_types&material_ids=mp-862722&_limit=1000 (Caused by ResponseError('too many 429 error responses'))
HTTPSConnectionPool(host='api.materialsproject.org', port=443): Max retries exceeded with url: /materials/tasks/?_fields=last_updated%2Ctask_id&task_ids=mp-1052677&_limit=334 (Caused by ResponseError('too many 429 error responses'))
cannot unpack non-iterable NoneType object
cannot unpack non-iterable NoneType object
cannot unpack non-iterable NoneType object
cannot unpack non-iterable NoneType object
cannot unpack non-iterable NoneType object
cannot unpack non-iterable NoneType object
cannot unpack non-iterable NoneType object
cannot unpack non-iterable NoneType object
cannot unpack non-iterable NoneType object
cannot unpack non-iterable NoneType object
cannot unpack non-iterable NoneType object
cannot unpack non-iterable NoneType object
HTTPSConnectionPool(host='api.materialsproject.org', port=443): Max retries exceeded with url: /materials/core/?deprecated=False&_fields=calc_types&material_ids=mp-865378&_limit=1000 (Caused by ResponseError('too many 429 error responses'))
cannot unpack non-iterable NoneType object
HTTPSConnectionPool(host='api.materialsproject.org', port=443): Max retries exceeded with url: /materials/core/?deprecated=False&_fields=calc_types&material_ids=mp-1186342&_limit=1000 (Caused by ResponseError('too many 429 error responses'))
HTTPSConnectionPool(host='api.materialsproject.org', port=443): Max retries exceeded with url: /materials/tasks/?_fields=last_updated%2Ctask_id&task_ids=mp-1426802&_limit=500 (Caused by ResponseError('too many 429 error responses'))
cannot unpack non-iterable NoneType object
cannot unpack non-iterable NoneType object
cannot unpack non-iterable NoneType object
HTTPSConnectionPool(host='api.materialsproject.org', port=443): Max retries exceeded with url: /materials/tasks/?_fields=last_updated%2Ctask_id&task_ids=mp-1003194&_limit=250 (Caused by ResponseError('too many 429 error responses'))
HTTPSConnectionPool(host='api.materialsproject.org', port=443): Max retries exceeded with url: /materials/tasks/?_fields=last_updated%2Ctask_id&task_ids=mp-1428264&_limit=334 (Caused by ResponseError('too many 429 error responses'))
HTTPSConnectionPool(host='api.materialsproject.org', port=443): Max retries exceeded with url: /materials/tasks/?_fields=last_updated%2Ctask_id&task_ids=mp-1050396&_limit=334 (Caused by ResponseError('too many 429 error responses'))
cannot unpack non-iterable NoneType object
cannot unpack non-iterable NoneType object
HTTPSConnectionPool(host='api.materialsproject.org', port=443): Max retries exceeded with url: /materials/tasks/?_fields=last_updated%2Ctask_id&task_ids=mp-1052583&_limit=334 (Caused by ResponseError('too many 429 error responses'))
HTTPSConnectionPool(host='api.materialsproject.org', port=443): Max retries exceeded with url: /materials/tasks/?_fields=last_updated%2Ctask_id&task_ids=mp-1421604&_limit=500 (Caused by ResponseError('too many 429 error responses'))
cannot unpack non-iterable NoneType object
HTTPSConnectionPool(host='api.materialsproject.org', port=443): Max retries exceeded with url: /materials/core/?deprecated=False&_fields=calc_types&material_ids=mp-862786&_limit=1000 (Caused by ResponseError('too many 429 error responses'))
cannot unpack non-iterable NoneType object
cannot unpack non-iterable NoneType object
cannot unpack non-iterable NoneType object
cannot unpack non-iterable NoneType object
cannot unpack non-iterable NoneType object
cannot unpack non-iterable NoneType object
cannot unpack non-iterable NoneType object
cannot unpack non-iterable NoneType object
cannot unpack non-iterable NoneType object
cannot unpack non-iterable NoneType object
cannot unpack non-iterable NoneType object
cannot unpack non-iterable NoneType object
HTTPSConnectionPool(host='api.materialsproject.org', port=443): Max retries exceeded with url: /materials/core/?deprecated=False&_fields=calc_types&material_ids=mp-865358&_limit=1000 (Caused by ResponseError('too many 429 error responses'))
cannot unpack non-iterable NoneType object
HTTPSConnectionPool(host='api.materialsproject.org', port=443): Max retries exceeded with url: /materials/core/?deprecated=False&_fields=calc_types&material_ids=mp-1186433&_limit=1000 (Caused by ResponseError('too many 429 error responses'))
cannot unpack non-iterable NoneType object
cannot unpack non-iterable NoneType object
cannot unpack non-iterable NoneType object
cannot unpack non-iterable NoneType object
cannot unpack non-iterable NoneType object
cannot unpack non-iterable NoneType object
HTTPSConnectionPool(host='api.materialsproject.org', port=443): Max retries exceeded with url: /materials/core/?deprecated=False&_fields=calc_types&material_ids=mp-1186417&_limit=1000 (Caused by ResponseError('too many 429 error responses'))
cannot unpack non-iterable NoneType object
HTTPSConnectionPool(host='api.materialsproject.org', port=443): Max retries exceeded with url: /materials/core/?deprecated=False&_fields=calc_types&material_ids=mp-862838&_limit=1000 (Caused by ResponseError('too many 429 error responses'))
cannot unpack non-iterable NoneType object
cannot unpack non-iterable NoneType object
cannot unpack non-iterable NoneType object
cannot unpack non-iterable NoneType object
cannot unpack non-iterable NoneType object
cannot unpack non-iterable NoneType object
cannot unpack non-iterable NoneType object
cannot unpack non-iterable NoneType object
cannot unpack non-iterable NoneType object
cannot unpack non-iterable NoneType object
cannot unpack non-iterable NoneType object
cannot unpack non-iterable NoneType object
cannot unpack non-iterable NoneType object
HTTPSConnectionPool(host='api.materialsproject.org', port=443): Max retries exceeded with url: /materials/tasks/?_fields=last_updated%2Ctask_id&task_ids=mp-1003206&_limit=250 (Caused by ResponseError('too many 429 error responses'))
cannot unpack non-iterable NoneType object
cannot unpack non-iterable NoneType object
cannot unpack non-iterable NoneType object
cannot unpack non-iterable NoneType object
cannot unpack non-iterable NoneType object
cannot unpack non-iterable NoneType object
cannot unpack non-iterable NoneType object
HTTPSConnectionPool(host='api.materialsproject.org', port=443): Max retries exceeded with url: /materials/core/?deprecated=False&_fields=calc_types&material_ids=mp-862849&_limit=1000 (Caused by ResponseError('too many 429 error responses'))
HTTPSConnectionPool(host='api.materialsproject.org', port=443): Max retries exceeded with url: /materials/tasks/?_fields=last_updated%2Ctask_id&task_ids=mp-1052789&_limit=334 (Caused by ResponseError('too many 429 error responses'))
cannot unpack non-iterable NoneType object
HTTPSConnectionPool(host='api.materialsproject.org', port=443): Max retries exceeded with url: /materials/core/?deprecated=False&_fields=calc_types&material_ids=mp-1186372&_limit=1000 (Caused by ResponseError('too many 429 error responses'))
cannot unpack non-iterable NoneType object
cannot unpack non-iterable NoneType object
cannot unpack non-iterable NoneType object
cannot unpack non-iterable NoneType object
cannot unpack non-iterable NoneType object
cannot unpack non-iterable NoneType object
cannot unpack non-iterable NoneType object
cannot unpack non-iterable NoneType object
cannot unpack non-iterable NoneType object
cannot unpack non-iterable NoneType object
cannot unpack non-iterable NoneType object
cannot unpack non-iterable NoneType object
HTTPSConnectionPool(host='api.materialsproject.org', port=443): Max retries exceeded with url: /materials/tasks/?_fields=last_updated%2Ctask_id&task_ids=mp-1436305&_limit=500 (Caused by ResponseError('too many 429 error responses'))
HTTPSConnectionPool(host='api.materialsproject.org', port=443): Max retries exceeded with url: /materials/tasks/?_fields=last_updated%2Ctask_id&task_ids=mp-1052797&_limit=334 (Caused by ResponseError('too many 429 error responses'))
HTTPSConnectionPool(host='api.materialsproject.org', port=443): Max retries exceeded with url: /materials/tasks/?_fields=last_updated%2Ctask_id&task_ids=mp-1050502&_limit=334 (Caused by ResponseError('too many 429 error responses'))
cannot unpack non-iterable NoneType object
cannot unpack non-iterable NoneType object
cannot unpack non-iterable NoneType object
cannot unpack non-iterable NoneType object
cannot unpack non-iterable NoneType object
cannot unpack non-iterable NoneType object
cannot unpack non-iterable NoneType object
cannot unpack non-iterable NoneType object
cannot unpack non-iterable NoneType object
cannot unpack non-iterable NoneType object
cannot unpack non-iterable NoneType object
cannot unpack non-iterable NoneType object
cannot unpack non-iterable NoneType object
cannot unpack non-iterable NoneType object
cannot unpack non-iterable NoneType object
cannot unpack non-iterable NoneType object
HTTPSConnectionPool(host='api.materialsproject.org', port=443): Max retries exceeded with url: /materials/tasks/?_fields=last_updated%2Ctask_id&task_ids=mp-1050475&_limit=250 (Caused by ResponseError('too many 429 error responses'))
cannot unpack non-iterable NoneType object
cannot unpack non-iterable NoneType object
cannot unpack non-iterable NoneType object
HTTPSConnectionPool(host='api.materialsproject.org', port=443): Max retries exceeded with url: /materials/core/?deprecated=False&_fields=calc_types&material_ids=mp-862836&_limit=1000 (Caused by ResponseError('too many 429 error responses'))
cannot unpack non-iterable NoneType object
HTTPSConnectionPool(host='api.materialsproject.org', port=443): Max retries exceeded with url: /materials/core/?deprecated=False&_fields=calc_types&material_ids=mp-865437&_limit=1000 (Caused by ResponseError('too many 429 error responses'))
cannot unpack non-iterable NoneType object
cannot unpack non-iterable NoneType object
cannot unpack non-iterable NoneType object
cannot unpack non-iterable NoneType object
cannot unpack non-iterable NoneType object
cannot unpack non-iterable NoneType object
cannot unpack non-iterable NoneType object
cannot unpack non-iterable NoneType object
cannot unpack non-iterable NoneType object
cannot unpack non-iterable NoneType object
cannot unpack non-iterable NoneType object
cannot unpack non-iterable NoneType object
cannot unpack non-iterable NoneType object
cannot unpack non-iterable NoneType object
HTTPSConnectionPool(host='api.materialsproject.org', port=443): Max retries exceeded with url: /materials/core/?deprecated=False&_fields=calc_types&material_ids=mp-1186478&_limit=1000 (Caused by ResponseError('too many 429 error responses'))
HTTPSConnectionPool(host='api.materialsproject.org', port=443): Max retries exceeded with url: /materials/core/?deprecated=False&_fields=calc_types&material_ids=mp-1186438&_limit=1000 (Caused by ResponseError('too many 429 error responses'))
cannot unpack non-iterable NoneType object
HTTPSConnectionPool(host='api.materialsproject.org', port=443): Max retries exceeded with url: /materials/core/?deprecated=False&_fields=calc_types&material_ids=mp-865414&_limit=1000 (Caused by ResponseError('too many 429 error responses'))
cannot unpack non-iterable NoneType object
HTTPSConnectionPool(host='api.materialsproject.org', port=443): Max retries exceeded with url: /materials/core/?deprecated=False&_fields=calc_types&material_ids=mp-862876&_limit=1000 (Caused by ResponseError('too many 429 error responses'))
cannot unpack non-iterable NoneType object
cannot unpack non-iterable NoneType object
cannot unpack non-iterable NoneType object
cannot unpack non-iterable NoneType object
cannot unpack non-iterable NoneType object
cannot unpack non-iterable NoneType object
cannot unpack non-iterable NoneType object
cannot unpack non-iterable NoneType object
cannot unpack non-iterable NoneType object
cannot unpack non-iterable NoneType object
cannot unpack non-iterable NoneType object
cannot unpack non-iterable NoneType object
cannot unpack non-iterable NoneType object
cannot unpack non-iterable NoneType object
cannot unpack non-iterable NoneType object
HTTPSConnectionPool(host='api.materialsproject.org', port=443): Max retries exceeded with url: /materials/tasks/?_fields=last_updated%2Ctask_id&task_ids=mp-1444993&_limit=500 (Caused by ResponseError('too many 429 error responses'))
cannot unpack non-iterable NoneType object
HTTPSConnectionPool(host='api.materialsproject.org', port=443): Max retries exceeded with url: /materials/core/?deprecated=False&_fields=calc_types&material_ids=mp-862896&_limit=1000 (Caused by ResponseError('too many 429 error responses'))
cannot unpack non-iterable NoneType object
HTTPSConnectionPool(host='api.materialsproject.org', port=443): Max retries exceeded with url: /materials/core/?deprecated=False&_fields=calc_types&material_ids=mp-865507&_limit=1000 (Caused by ResponseError('too many 429 error responses'))
cannot unpack non-iterable NoneType object
cannot unpack non-iterable NoneType object
cannot unpack non-iterable NoneType object
cannot unpack non-iterable NoneType object
cannot unpack non-iterable NoneType object
cannot unpack non-iterable NoneType object
cannot unpack non-iterable NoneType object
HTTPSConnectionPool(host='api.materialsproject.org', port=443): Max retries exceeded with url: /materials/core/?deprecated=False&_fields=calc_types&material_ids=mp-1186481&_limit=1000 (Caused by ResponseError('too many 429 error responses'))
cannot unpack non-iterable NoneType object
HTTPSConnectionPool(host='api.materialsproject.org', port=443): Max retries exceeded with url: /materials/tasks/?_fields=last_updated%2Ctask_id&task_ids=mp-1003235&_limit=250 (Caused by ResponseError('too many 429 error responses'))
cannot unpack non-iterable NoneType object
cannot unpack non-iterable NoneType object
HTTPSConnectionPool(host='api.materialsproject.org', port=443): Max retries exceeded with url: /materials/tasks/?_fields=last_updated%2Ctask_id&task_ids=mp-1050653&_limit=334 (Caused by ResponseError('too many 429 error responses'))
cannot unpack non-iterable NoneType object
HTTPSConnectionPool(host='api.materialsproject.org', port=443): Max retries exceeded with url: /materials/core/?deprecated=False&_fields=calc_types&material_ids=mp-865505&_limit=1000 (Caused by ResponseError('too many 429 error responses'))
HTTPSConnectionPool(host='api.materialsproject.org', port=443): Max retries exceeded with url: /materials/tasks/?_fields=last_updated%2Ctask_id&task_ids=mp-1404915&_limit=500 (Caused by ResponseError('too many 429 error responses'))
cannot unpack non-iterable NoneType object
cannot unpack non-iterable NoneType object
cannot unpack non-iterable NoneType object
cannot unpack non-iterable NoneType object
cannot unpack non-iterable NoneType object
cannot unpack non-iterable NoneType object
cannot unpack non-iterable NoneType object
cannot unpack non-iterable NoneType object
cannot unpack non-iterable NoneType object
cannot unpack non-iterable NoneType object
cannot unpack non-iterable NoneType object
HTTPSConnectionPool(host='api.materialsproject.org', port=443): Max retries exceeded with url: /materials/core/?deprecated=False&_fields=calc_types&material_ids=mp-865469&_limit=1000 (Caused by ResponseError('too many 429 error responses'))
cannot unpack non-iterable NoneType object
HTTPSConnectionPool(host='api.materialsproject.org', port=443): Max retries exceeded with url: /materials/core/?deprecated=False&_fields=calc_types&material_ids=mp-1186455&_limit=1000 (Caused by ResponseError('too many 429 error responses'))
cannot unpack non-iterable NoneType object
cannot unpack non-iterable NoneType object
cannot unpack non-iterable NoneType object
cannot unpack non-iterable NoneType object
cannot unpack non-iterable NoneType object
cannot unpack non-iterable NoneType object
cannot unpack non-iterable NoneType object
cannot unpack non-iterable NoneType object
cannot unpack non-iterable NoneType object
cannot unpack non-iterable NoneType object
cannot unpack non-iterable NoneType object
cannot unpack non-iterable NoneType object
cannot unpack non-iterable NoneType object
cannot unpack non-iterable NoneType object
cannot unpack non-iterable NoneType object
cannot unpack non-iterable NoneType object
cannot unpack non-iterable NoneType object
cannot unpack non-iterable NoneType object
cannot unpack non-iterable NoneType object
cannot unpack non-iterable NoneType object
cannot unpack non-iterable NoneType object
cannot unpack non-iterable NoneType object
cannot unpack non-iterable NoneType object
cannot unpack non-iterable NoneType object
cannot unpack non-iterable NoneType object
cannot unpack non-iterable NoneType object
cannot unpack non-iterable NoneType object
cannot unpack non-iterable NoneType object
cannot unpack non-iterable NoneType object
cannot unpack non-iterable NoneType object
cannot unpack non-iterable NoneType object
cannot unpack non-iterable NoneType object
cannot unpack non-iterable NoneType object
cannot unpack non-iterable NoneType object
cannot unpack non-iterable NoneType object
cannot unpack non-iterable NoneType object
cannot unpack non-iterable NoneType object
cannot unpack non-iterable NoneType object
cannot unpack non-iterable NoneType object
cannot unpack non-iterable NoneType object
cannot unpack non-iterable NoneType object
cannot unpack non-iterable NoneType object
cannot unpack non-iterable NoneType object
cannot unpack non-iterable NoneType object
cannot unpack non-iterable NoneType object
cannot unpack non-iterable NoneType object
cannot unpack non-iterable NoneType object
cannot unpack non-iterable NoneType object
cannot unpack non-iterable NoneType object
cannot unpack non-iterable NoneType object
cannot unpack non-iterable NoneType object
cannot unpack non-iterable NoneType object
cannot unpack non-iterable NoneType object
cannot unpack non-iterable NoneType object
cannot unpack non-iterable NoneType object
cannot unpack non-iterable NoneType object
cannot unpack non-iterable NoneType object
cannot unpack non-iterable NoneType object
cannot unpack non-iterable NoneType object
cannot unpack non-iterable NoneType object
cannot unpack non-iterable NoneType object
cannot unpack non-iterable NoneType object
cannot unpack non-iterable NoneType object
cannot unpack non-iterable NoneType object
cannot unpack non-iterable NoneType object
cannot unpack non-iterable NoneType object
cannot unpack non-iterable NoneType object
cannot unpack non-iterable NoneType object
cannot unpack non-iterable NoneType object
cannot unpack non-iterable NoneType object
cannot unpack non-iterable NoneType object
cannot unpack non-iterable NoneType object
cannot unpack non-iterable NoneType object
cannot unpack non-iterable NoneType object
cannot unpack non-iterable NoneType object
cannot unpack non-iterable NoneType object
cannot unpack non-iterable NoneType object
cannot unpack non-iterable NoneType object
cannot unpack non-iterable NoneType object
cannot unpack non-iterable NoneType object
cannot unpack non-iterable NoneType object
cannot unpack non-iterable NoneType object
cannot unpack non-iterable NoneType object
cannot unpack non-iterable NoneType object
cannot unpack non-iterable NoneType object
cannot unpack non-iterable NoneType object
cannot unpack non-iterable NoneType object
cannot unpack non-iterable NoneType object
cannot unpack non-iterable NoneType object
cannot unpack non-iterable NoneType object
cannot unpack non-iterable NoneType object
cannot unpack non-iterable NoneType object
cannot unpack non-iterable NoneType object
cannot unpack non-iterable NoneType object
cannot unpack non-iterable NoneType object
cannot unpack non-iterable NoneType object
cannot unpack non-iterable NoneType object
cannot unpack non-iterable NoneType object
cannot unpack non-iterable NoneType object
cannot unpack non-iterable NoneType object
cannot unpack non-iterable NoneType object
cannot unpack non-iterable NoneType object
cannot unpack non-iterable NoneType object
cannot unpack non-iterable NoneType object
cannot unpack non-iterable NoneType object
cannot unpack non-iterable NoneType object
cannot unpack non-iterable NoneType object
cannot unpack non-iterable NoneType object
cannot unpack non-iterable NoneType object
cannot unpack non-iterable NoneType object
cannot unpack non-iterable NoneType object
HTTPSConnectionPool(host='api.materialsproject.org', port=443): Max retries exceeded with url: /materials/tasks/?_fields=last_updated%2Ctask_id&task_ids=mp-1421111&_limit=500 (Caused by ResponseError('too many 429 error responses'))
cannot unpack non-iterable NoneType object
HTTPSConnectionPool(host='api.materialsproject.org', port=443): Max retries exceeded with url: /materials/core/?deprecated=False&_fields=calc_types&material_ids=mp-862892&_limit=1000 (Caused by ResponseError('too many 429 error responses'))
cannot unpack non-iterable NoneType object
cannot unpack non-iterable NoneType object
HTTPSConnectionPool(host='api.materialsproject.org', port=443): Max retries exceeded with url: /materials/core/?deprecated=False&_fields=calc_types&material_ids=mp-1186652&_limit=1000 (Caused by ResponseError('too many 429 error responses'))
cannot unpack non-iterable NoneType object
HTTPSConnectionPool(host='api.materialsproject.org', port=443): Max retries exceeded with url: /materials/core/?deprecated=False&_fields=calc_types&material_ids=mp-862902&_limit=1000 (Caused by ResponseError('too many 429 error responses'))
HTTPSConnectionPool(host='api.materialsproject.org', port=443): Max retries exceeded with url: /materials/tasks/?_fields=last_updated%2Ctask_id&task_ids=mp-1003344&_limit=250 (Caused by ResponseError('too many 429 error responses'))
cannot unpack non-iterable NoneType object
cannot unpack non-iterable NoneType object
cannot unpack non-iterable NoneType object
cannot unpack non-iterable NoneType object
cannot unpack non-iterable NoneType object
cannot unpack non-iterable NoneType object
cannot unpack non-iterable NoneType object
cannot unpack non-iterable NoneType object
HTTPSConnectionPool(host='api.materialsproject.org', port=443): Max retries exceeded with url: /materials/tasks/?_fields=last_updated%2Ctask_id&task_ids=mp-1792118&_limit=500 (Caused by ResponseError('too many 429 error responses'))
cannot unpack non-iterable NoneType object
cannot unpack non-iterable NoneType object
cannot unpack non-iterable NoneType object
cannot unpack non-iterable NoneType object
cannot unpack non-iterable NoneType object
HTTPSConnectionPool(host='api.materialsproject.org', port=443): Max retries exceeded with url: /materials/core/?deprecated=False&_fields=calc_types&material_ids=mp-862909&_limit=1000 (Caused by ResponseError('too many 429 error responses'))
cannot unpack non-iterable NoneType object
cannot unpack non-iterable NoneType object
cannot unpack non-iterable NoneType object
cannot unpack non-iterable NoneType object
HTTPSConnectionPool(host='api.materialsproject.org', port=443): Max retries exceeded with url: /materials/core/?deprecated=False&_fields=calc_types&material_ids=mp-1186624&_limit=1000 (Caused by ResponseError('too many 429 error responses'))
cannot unpack non-iterable NoneType object
HTTPSConnectionPool(host='api.materialsproject.org', port=443): Max retries exceeded with url: /materials/core/?deprecated=False&_fields=calc_types&material_ids=mp-1187428&_limit=1000 (Caused by ResponseError('too many 429 error responses'))
HTTPSConnectionPool(host='api.materialsproject.org', port=443): Max retries exceeded with url: /materials/tasks/?_fields=last_updated%2Ctask_id&task_ids=mp-1002865&_limit=250 (Caused by ResponseError('too many 429 error responses'))
cannot unpack non-iterable NoneType object
cannot unpack non-iterable NoneType object
cannot unpack non-iterable NoneType object
HTTPSConnectionPool(host='api.materialsproject.org', port=443): Max retries exceeded with url: /materials/tasks/?_fields=last_updated%2Ctask_id&task_ids=mp-1418633&_limit=500 (Caused by ResponseError('too many 429 error responses'))
HTTPSConnectionPool(host='api.materialsproject.org', port=443): Max retries exceeded with url: /materials/tasks/?_fields=last_updated%2Ctask_id&task_ids=mp-1429282&_limit=333 (Caused by ResponseError('too many 429 error responses'))
cannot unpack non-iterable NoneType object
HTTPSConnectionPool(host='api.materialsproject.org', port=443): Max retries exceeded with url: /materials/tasks/?_fields=last_updated%2Ctask_id&task_ids=mp-1923482&_limit=500 (Caused by ResponseError('too many 429 error responses'))
cannot unpack non-iterable NoneType object
cannot unpack non-iterable NoneType object
cannot unpack non-iterable NoneType object
cannot unpack non-iterable NoneType object
cannot unpack non-iterable NoneType object
cannot unpack non-iterable NoneType object
cannot unpack non-iterable NoneType object
cannot unpack non-iterable NoneType object
cannot unpack non-iterable NoneType object
cannot unpack non-iterable NoneType object
cannot unpack non-iterable NoneType object
cannot unpack non-iterable NoneType object
HTTPSConnectionPool(host='api.materialsproject.org', port=443): Max retries exceeded with url: /materials/tasks/?_fields=last_updated%2Ctask_id&task_ids=mp-1415438&_limit=500 (Caused by ResponseError('too many 429 error responses'))
cannot unpack non-iterable NoneType object
HTTPSConnectionPool(host='api.materialsproject.org', port=443): Max retries exceeded with url: /materials/core/?deprecated=False&_fields=calc_types&material_ids=mp-862938&_limit=1000 (Caused by ResponseError('too many 429 error responses'))
HTTPSConnectionPool(host='api.materialsproject.org', port=443): Max retries exceeded with url: /materials/tasks/?_fields=last_updated%2Ctask_id&task_ids=mp-1418632&_limit=500 (Caused by ResponseError('too many 429 error responses'))
cannot unpack non-iterable NoneType object
cannot unpack non-iterable NoneType object
HTTPSConnectionPool(host='api.materialsproject.org', port=443): Max retries exceeded with url: /materials/tasks/?_fields=last_updated%2Ctask_id&task_ids=mp-1431164&_limit=333 (Caused by ResponseError('too many 429 error responses'))
cannot unpack non-iterable NoneType object
HTTPSConnectionPool(host='api.materialsproject.org', port=443): Max retries exceeded with url: /materials/core/?deprecated=False&_fields=calc_types&material_ids=mp-1186628&_limit=1000 (Caused by ResponseError('too many 429 error responses'))
HTTPSConnectionPool(host='api.materialsproject.org', port=443): Max retries exceeded with url: /materials/tasks/?_fields=last_updated%2Ctask_id&task_ids=mp-1435823&_limit=500 (Caused by ResponseError('too many 429 error responses'))
cannot unpack non-iterable NoneType object
cannot unpack non-iterable NoneType object
cannot unpack non-iterable NoneType object
cannot unpack non-iterable NoneType object
cannot unpack non-iterable NoneType object
cannot unpack non-iterable NoneType object
cannot unpack non-iterable NoneType object
cannot unpack non-iterable NoneType object
cannot unpack non-iterable NoneType object
cannot unpack non-iterable NoneType object
cannot unpack non-iterable NoneType object
cannot unpack non-iterable NoneType object
cannot unpack non-iterable NoneType object
cannot unpack non-iterable NoneType object
cannot unpack non-iterable NoneType object
cannot unpack non-iterable NoneType object
cannot unpack non-iterable NoneType object
cannot unpack non-iterable NoneType object
HTTPSConnectionPool(host='api.materialsproject.org', port=443): Max retries exceeded with url: /materials/core/?deprecated=False&_fields=calc_types&material_ids=mp-1187564&_limit=1000 (Caused by ResponseError('too many 429 error responses'))
cannot unpack non-iterable NoneType object
HTTPSConnectionPool(host='api.materialsproject.org', port=443): Max retries exceeded with url: /materials/core/?deprecated=False&_fields=calc_types&material_ids=mp-1186654&_limit=1000 (Caused by ResponseError('too many 429 error responses'))
cannot unpack non-iterable NoneType object
cannot unpack non-iterable NoneType object
cannot unpack non-iterable NoneType object
cannot unpack non-iterable NoneType object
cannot unpack non-iterable NoneType object
cannot unpack non-iterable NoneType object
cannot unpack non-iterable NoneType object
cannot unpack non-iterable NoneType object
cannot unpack non-iterable NoneType object
cannot unpack non-iterable NoneType object
cannot unpack non-iterable NoneType object
cannot unpack non-iterable NoneType object
cannot unpack non-iterable NoneType object
cannot unpack non-iterable NoneType object
cannot unpack non-iterable NoneType object
cannot unpack non-iterable NoneType object
cannot unpack non-iterable NoneType object
cannot unpack non-iterable NoneType object
HTTPSConnectionPool(host='api.materialsproject.org', port=443): Max retries exceeded with url: /materials/tasks/?_fields=last_updated%2Ctask_id&task_ids=mp-1414178&_limit=500 (Caused by ResponseError('too many 429 error responses'))
cannot unpack non-iterable NoneType object
HTTPSConnectionPool(host='api.materialsproject.org', port=443): Max retries exceeded with url: /materials/tasks/?_fields=last_updated%2Ctask_id&task_ids=mp-1002853&_limit=250 (Caused by ResponseError('too many 429 error responses'))
cannot unpack non-iterable NoneType object
cannot unpack non-iterable NoneType object
cannot unpack non-iterable NoneType object
cannot unpack non-iterable NoneType object
cannot unpack non-iterable NoneType object
cannot unpack non-iterable NoneType object
cannot unpack non-iterable NoneType object
cannot unpack non-iterable NoneType object
cannot unpack non-iterable NoneType object
cannot unpack non-iterable NoneType object
cannot unpack non-iterable NoneType object
cannot unpack non-iterable NoneType object
cannot unpack non-iterable NoneType object
cannot unpack non-iterable NoneType object
cannot unpack non-iterable NoneType object
cannot unpack non-iterable NoneType object
cannot unpack non-iterable NoneType object
HTTPSConnectionPool(host='api.materialsproject.org', port=443): Max retries exceeded with url: /materials/core/?deprecated=False&_fields=calc_types&material_ids=mp-862950&_limit=1000 (Caused by ResponseError('too many 429 error responses'))
HTTPSConnectionPool(host='api.materialsproject.org', port=443): Max retries exceeded with url: /materials/tasks/?_fields=last_updated%2Ctask_id&task_ids=mp-1425110&_limit=500 (Caused by ResponseError('too many 429 error responses'))
cannot unpack non-iterable NoneType object
cannot unpack non-iterable NoneType object
cannot unpack non-iterable NoneType object
cannot unpack non-iterable NoneType object
cannot unpack non-iterable NoneType object
cannot unpack non-iterable NoneType object
cannot unpack non-iterable NoneType object
cannot unpack non-iterable NoneType object
cannot unpack non-iterable NoneType object
cannot unpack non-iterable NoneType object
HTTPSConnectionPool(host='api.materialsproject.org', port=443): Max retries exceeded with url: /materials/core/?deprecated=False&_fields=calc_types&material_ids=mp-1186672&_limit=1000 (Caused by ResponseError('too many 429 error responses'))
cannot unpack non-iterable NoneType object
cannot unpack non-iterable NoneType object
cannot unpack non-iterable NoneType object
HTTPSConnectionPool(host='api.materialsproject.org', port=443): Max retries exceeded with url: /materials/tasks/?_fields=last_updated%2Ctask_id&task_ids=mp-1403057&_limit=500 (Caused by ResponseError('too many 429 error responses'))
cannot unpack non-iterable NoneType object
HTTPSConnectionPool(host='api.materialsproject.org', port=443): Max retries exceeded with url: /materials/core/?deprecated=False&_fields=calc_types&material_ids=mp-862957&_limit=1000 (Caused by ResponseError('too many 429 error responses'))
cannot unpack non-iterable NoneType object
HTTPSConnectionPool(host='api.materialsproject.org', port=443): Max retries exceeded with url: /materials/core/?deprecated=False&_fields=calc_types&material_ids=mp-1187628&_limit=1000 (Caused by ResponseError('too many 429 error responses'))
cannot unpack non-iterable NoneType object
cannot unpack non-iterable NoneType object
cannot unpack non-iterable NoneType object
HTTPSConnectionPool(host='api.materialsproject.org', port=443): Max retries exceeded with url: /materials/tasks/?_fields=last_updated%2Ctask_id&task_ids=mp-1050877&_limit=250 (Caused by ResponseError('too many 429 error responses'))
cannot unpack non-iterable NoneType object
cannot unpack non-iterable NoneType object
cannot unpack non-iterable NoneType object
cannot unpack non-iterable NoneType object
HTTPSConnectionPool(host='api.materialsproject.org', port=443): Max retries exceeded with url: /materials/tasks/?_fields=last_updated%2Ctask_id&task_ids=mp-1881020&_limit=1000 (Caused by ResponseError('too many 429 error responses'))
HTTPSConnectionPool(host='api.materialsproject.org', port=443): Max retries exceeded with url: /materials/tasks/?_fields=last_updated%2Ctask_id&task_ids=mp-1426477&_limit=500 (Caused by ResponseError('too many 429 error responses'))
HTTPSConnectionPool(host='api.materialsproject.org', port=443): Max retries exceeded with url: /materials/tasks/?_fields=last_updated%2Ctask_id&task_ids=mp-1002911&_limit=250 (Caused by ResponseError('too many 429 error responses'))
cannot unpack non-iterable NoneType object
cannot unpack non-iterable NoneType object
cannot unpack non-iterable NoneType object
cannot unpack non-iterable NoneType object
cannot unpack non-iterable NoneType object
cannot unpack non-iterable NoneType object
cannot unpack non-iterable NoneType object
cannot unpack non-iterable NoneType object
HTTPSConnectionPool(host='api.materialsproject.org', port=443): Max retries exceeded with url: /materials/tasks/?_fields=last_updated%2Ctask_id&task_ids=mp-1433096&_limit=500 (Caused by ResponseError('too many 429 error responses'))
HTTPSConnectionPool(host='api.materialsproject.org', port=443): Max retries exceeded with url: /materials/tasks/?_fields=last_updated%2Ctask_id&task_ids=mp-1387013&_limit=500 (Caused by ResponseError('too many 429 error responses'))
cannot unpack non-iterable NoneType object
HTTPSConnectionPool(host='api.materialsproject.org', port=443): Max retries exceeded with url: /materials/core/?deprecated=False&_fields=calc_types&material_ids=mp-862962&_limit=1000 (Caused by ResponseError('too many 429 error responses'))
cannot unpack non-iterable NoneType object
cannot unpack non-iterable NoneType object
cannot unpack non-iterable NoneType object
cannot unpack non-iterable NoneType object
cannot unpack non-iterable NoneType object
cannot unpack non-iterable NoneType object
cannot unpack non-iterable NoneType object
cannot unpack non-iterable NoneType object
cannot unpack non-iterable NoneType object
cannot unpack non-iterable NoneType object
cannot unpack non-iterable NoneType object
cannot unpack non-iterable NoneType object
cannot unpack non-iterable NoneType object
cannot unpack non-iterable NoneType object
cannot unpack non-iterable NoneType object
cannot unpack non-iterable NoneType object
cannot unpack non-iterable NoneType object
cannot unpack non-iterable NoneType object
cannot unpack non-iterable NoneType object
HTTPSConnectionPool(host='api.materialsproject.org', port=443): Max retries exceeded with url: /materials/tasks/?_fields=last_updated%2Ctask_id&task_ids=mp-1435638&_limit=500 (Caused by ResponseError('too many 429 error responses'))
HTTPSConnectionPool(host='api.materialsproject.org', port=443): Max retries exceeded with url: /materials/tasks/?_fields=last_updated%2Ctask_id&task_ids=mp-1002872&_limit=250 (Caused by ResponseError('too many 429 error responses'))
cannot unpack non-iterable NoneType object
cannot unpack non-iterable NoneType object
cannot unpack non-iterable NoneType object
cannot unpack non-iterable NoneType object
cannot unpack non-iterable NoneType object
cannot unpack non-iterable NoneType object
cannot unpack non-iterable NoneType object
cannot unpack non-iterable NoneType object
cannot unpack non-iterable NoneType object
HTTPSConnectionPool(host='api.materialsproject.org', port=443): Max retries exceeded with url: /materials/core/?deprecated=False&_fields=calc_types&material_ids=mp-1187710&_limit=1000 (Caused by ResponseError('too many 429 error responses'))
HTTPSConnectionPool(host='api.materialsproject.org', port=443): Max retries exceeded with url: /materials/tasks/?_fields=last_updated%2Ctask_id&task_ids=mp-1400273&_limit=500 (Caused by ResponseError('too many 429 error responses'))
cannot unpack non-iterable NoneType object
HTTPSConnectionPool(host='api.materialsproject.org', port=443): Max retries exceeded with url: /materials/core/?deprecated=False&_fields=calc_types&material_ids=mp-862966&_limit=1000 (Caused by ResponseError('too many 429 error responses'))
cannot unpack non-iterable NoneType object
cannot unpack non-iterable NoneType object
cannot unpack non-iterable NoneType object
HTTPSConnectionPool(host='api.materialsproject.org', port=443): Max retries exceeded with url: /materials/tasks/?_fields=last_updated%2Ctask_id&task_ids=mp-1419000&_limit=500 (Caused by ResponseError('too many 429 error responses'))
cannot unpack non-iterable NoneType object
cannot unpack non-iterable NoneType object
cannot unpack non-iterable NoneType object
cannot unpack non-iterable NoneType object
cannot unpack non-iterable NoneType object
cannot unpack non-iterable NoneType object
cannot unpack non-iterable NoneType object
cannot unpack non-iterable NoneType object
cannot unpack non-iterable NoneType object
cannot unpack non-iterable NoneType object
HTTPSConnectionPool(host='api.materialsproject.org', port=443): Max retries exceeded with url: /materials/tasks/?_fields=last_updated%2Ctask_id&task_ids=mp-1050841&_limit=334 (Caused by ResponseError('too many 429 error responses'))
cannot unpack non-iterable NoneType object
cannot unpack non-iterable NoneType object
cannot unpack non-iterable NoneType object
cannot unpack non-iterable NoneType object
cannot unpack non-iterable NoneType object
cannot unpack non-iterable NoneType object
cannot unpack non-iterable NoneType object
cannot unpack non-iterable NoneType object
HTTPSConnectionPool(host='api.materialsproject.org', port=443): Max retries exceeded with url: /materials/tasks/?_fields=last_updated%2Ctask_id&task_ids=mp-1424443&_limit=500 (Caused by ResponseError('too many 429 error responses'))
HTTPSConnectionPool(host='api.materialsproject.org', port=443): Max retries exceeded with url: /materials/tasks/?_fields=last_updated%2Ctask_id&task_ids=mp-1443647&_limit=333 (Caused by ResponseError('too many 429 error responses'))
HTTPSConnectionPool(host='api.materialsproject.org', port=443): Max retries exceeded with url: /materials/tasks/?_fields=last_updated%2Ctask_id&task_ids=mp-1421023&_limit=500 (Caused by ResponseError('too many 429 error responses'))
cannot unpack non-iterable NoneType object
cannot unpack non-iterable NoneType object
cannot unpack non-iterable NoneType object
cannot unpack non-iterable NoneType object
cannot unpack non-iterable NoneType object
cannot unpack non-iterable NoneType object
cannot unpack non-iterable NoneType object
cannot unpack non-iterable NoneType object
cannot unpack non-iterable NoneType object
cannot unpack non-iterable NoneType object
cannot unpack non-iterable NoneType object
cannot unpack non-iterable NoneType object
cannot unpack non-iterable NoneType object
cannot unpack non-iterable NoneType object
cannot unpack non-iterable NoneType object
cannot unpack non-iterable NoneType object
cannot unpack non-iterable NoneType object
cannot unpack non-iterable NoneType object
HTTPSConnectionPool(host='api.materialsproject.org', port=443): Max retries exceeded with url: /materials/tasks/?_fields=last_updated%2Ctask_id&task_ids=mp-1411619&_limit=250 (Caused by ResponseError('too many 429 error responses'))
cannot unpack non-iterable NoneType object
cannot unpack non-iterable NoneType object
cannot unpack non-iterable NoneType object
HTTPSConnectionPool(host='api.materialsproject.org', port=443): Max retries exceeded with url: /materials/core/?deprecated=False&_fields=calc_types&material_ids=mp-863670&_limit=1000 (Caused by ResponseError('too many 429 error responses'))
cannot unpack non-iterable NoneType object
HTTPSConnectionPool(host='api.materialsproject.org', port=443): Max retries exceeded with url: /materials/core/?deprecated=False&_fields=calc_types&material_ids=mp-1186767&_limit=1000 (Caused by ResponseError('too many 429 error responses'))
cannot unpack non-iterable NoneType object
cannot unpack non-iterable NoneType object
cannot unpack non-iterable NoneType object
cannot unpack non-iterable NoneType object
cannot unpack non-iterable NoneType object
cannot unpack non-iterable NoneType object
cannot unpack non-iterable NoneType object
cannot unpack non-iterable NoneType object
cannot unpack non-iterable NoneType object
HTTPSConnectionPool(host='api.materialsproject.org', port=443): Max retries exceeded with url: /materials/core/?deprecated=False&_fields=calc_types&material_ids=mp-1187751&_limit=1000 (Caused by ResponseError('too many 429 error responses'))
cannot unpack non-iterable NoneType object
cannot unpack non-iterable NoneType object
cannot unpack non-iterable NoneType object
cannot unpack non-iterable NoneType object
cannot unpack non-iterable NoneType object
HTTPSConnectionPool(host='api.materialsproject.org', port=443): Max retries exceeded with url: /materials/core/?deprecated=False&_fields=calc_types&material_ids=mp-863702&_limit=1000 (Caused by ResponseError('too many 429 error responses'))
HTTPSConnectionPool(host='api.materialsproject.org', port=443): Max retries exceeded with url: /materials/tasks/?_fields=last_updated%2Ctask_id&task_ids=mp-1423091&_limit=500 (Caused by ResponseError('too many 429 error responses'))
HTTPSConnectionPool(host='api.materialsproject.org', port=443): Max retries exceeded with url: /materials/tasks/?_fields=last_updated%2Ctask_id&task_ids=mp-1414114&_limit=500 (Caused by ResponseError('too many 429 error responses'))
cannot unpack non-iterable NoneType object
cannot unpack non-iterable NoneType object
cannot unpack non-iterable NoneType object
cannot unpack non-iterable NoneType object
cannot unpack non-iterable NoneType object
cannot unpack non-iterable NoneType object
cannot unpack non-iterable NoneType object
cannot unpack non-iterable NoneType object
cannot unpack non-iterable NoneType object
cannot unpack non-iterable NoneType object
cannot unpack non-iterable NoneType object
HTTPSConnectionPool(host='api.materialsproject.org', port=443): Max retries exceeded with url: /materials/tasks/?_fields=last_updated%2Ctask_id&task_ids=mp-1415084&_limit=500 (Caused by ResponseError('too many 429 error responses'))
cannot unpack non-iterable NoneType object
HTTPSConnectionPool(host='api.materialsproject.org', port=443): Max retries exceeded with url: /materials/core/?deprecated=False&_fields=calc_types&material_ids=mp-1205990&_limit=1000 (Caused by ResponseError('too many 429 error responses'))
cannot unpack non-iterable NoneType object
HTTPSConnectionPool(host='api.materialsproject.org', port=443): Max retries exceeded with url: /materials/core/?deprecated=False&_fields=calc_types&material_ids=mp-863673&_limit=1000 (Caused by ResponseError('too many 429 error responses'))
cannot unpack non-iterable NoneType object
cannot unpack non-iterable NoneType object
cannot unpack non-iterable NoneType object
cannot unpack non-iterable NoneType object
cannot unpack non-iterable NoneType object
cannot unpack non-iterable NoneType object
cannot unpack non-iterable NoneType object
cannot unpack non-iterable NoneType object
cannot unpack non-iterable NoneType object
cannot unpack non-iterable NoneType object
cannot unpack non-iterable NoneType object
cannot unpack non-iterable NoneType object
cannot unpack non-iterable NoneType object
cannot unpack non-iterable NoneType object
cannot unpack non-iterable NoneType object
cannot unpack non-iterable NoneType object
cannot unpack non-iterable NoneType object
cannot unpack non-iterable NoneType object
cannot unpack non-iterable NoneType object
cannot unpack non-iterable NoneType object
cannot unpack non-iterable NoneType object
cannot unpack non-iterable NoneType object
cannot unpack non-iterable NoneType object
cannot unpack non-iterable NoneType object
cannot unpack non-iterable NoneType object
cannot unpack non-iterable NoneType object
cannot unpack non-iterable NoneType object
cannot unpack non-iterable NoneType object
cannot unpack non-iterable NoneType object
cannot unpack non-iterable NoneType object
cannot unpack non-iterable NoneType object
cannot unpack non-iterable NoneType object
cannot unpack non-iterable NoneType object
cannot unpack non-iterable NoneType object
cannot unpack non-iterable NoneType object
cannot unpack non-iterable NoneType object
HTTPSConnectionPool(host='api.materialsproject.org', port=443): Max retries exceeded with url: /materials/tasks/?_fields=last_updated%2Ctask_id&task_ids=mp-1412275&_limit=500 (Caused by ResponseError('too many 429 error responses'))
cannot unpack non-iterable NoneType object
HTTPSConnectionPool(host='api.materialsproject.org', port=443): Max retries exceeded with url: /materials/core/?deprecated=False&_fields=calc_types&material_ids=mp-863669&_limit=1000 (Caused by ResponseError('too many 429 error responses'))
cannot unpack non-iterable NoneType object
HTTPSConnectionPool(host='api.materialsproject.org', port=443): Max retries exceeded with url: /materials/core/?deprecated=False&_fields=calc_types&material_ids=mp-1187861&_limit=1000 (Caused by ResponseError('too many 429 error responses'))
cannot unpack non-iterable NoneType object
cannot unpack non-iterable NoneType object
cannot unpack non-iterable NoneType object
cannot unpack non-iterable NoneType object
cannot unpack non-iterable NoneType object
cannot unpack non-iterable NoneType object
cannot unpack non-iterable NoneType object
cannot unpack non-iterable NoneType object
cannot unpack non-iterable NoneType object
cannot unpack non-iterable NoneType object
cannot unpack non-iterable NoneType object
cannot unpack non-iterable NoneType object
cannot unpack non-iterable NoneType object
cannot unpack non-iterable NoneType object
cannot unpack non-iterable NoneType object
cannot unpack non-iterable NoneType object
cannot unpack non-iterable NoneType object
cannot unpack non-iterable NoneType object
cannot unpack non-iterable NoneType object
HTTPSConnectionPool(host='api.materialsproject.org', port=443): Max retries exceeded with url: /materials/tasks/?_fields=last_updated%2Ctask_id&task_ids=mp-1402359&_limit=500 (Caused by ResponseError('too many 429 error responses'))
cannot unpack non-iterable NoneType object
HTTPSConnectionPool(host='api.materialsproject.org', port=443): Max retries exceeded with url: /materials/tasks/?_fields=last_updated%2Ctask_id&task_ids=mp-1804056&_limit=500 (Caused by ResponseError('too many 429 error responses'))
cannot unpack non-iterable NoneType object
cannot unpack non-iterable NoneType object
cannot unpack non-iterable NoneType object
cannot unpack non-iterable NoneType object
cannot unpack non-iterable NoneType object
cannot unpack non-iterable NoneType object
cannot unpack non-iterable NoneType object
HTTPSConnectionPool(host='api.materialsproject.org', port=443): Max retries exceeded with url: /materials/tasks/?_fields=last_updated%2Ctask_id&task_ids=mp-1427714&_limit=500 (Caused by ResponseError('too many 429 error responses'))
cannot unpack non-iterable NoneType object
HTTPSConnectionPool(host='api.materialsproject.org', port=443): Max retries exceeded with url: /materials/core/?deprecated=False&_fields=calc_types&material_ids=mp-863725&_limit=1000 (Caused by ResponseError('too many 429 error responses'))
HTTPSConnectionPool(host='api.materialsproject.org', port=443): Max retries exceeded with url: /materials/tasks/?_fields=last_updated%2Ctask_id&task_ids=mp-1403403&_limit=500 (Caused by ResponseError('too many 429 error responses'))
cannot unpack non-iterable NoneType object
cannot unpack non-iterable NoneType object
cannot unpack non-iterable NoneType object
cannot unpack non-iterable NoneType object
HTTPSConnectionPool(host='api.materialsproject.org', port=443): Max retries exceeded with url: /materials/tasks/?_fields=last_updated%2Ctask_id&task_ids=mp-1504715&_limit=250 (Caused by ResponseError('too many 429 error responses'))
cannot unpack non-iterable NoneType object
cannot unpack non-iterable NoneType object
cannot unpack non-iterable NoneType object
HTTPSConnectionPool(host='api.materialsproject.org', port=443): Max retries exceeded with url: /materials/tasks/?_fields=last_updated%2Ctask_id&task_ids=mp-1419245&_limit=333 (Caused by ResponseError('too many 429 error responses'))
cannot unpack non-iterable NoneType object
HTTPSConnectionPool(host='api.materialsproject.org', port=443): Max retries exceeded with url: /materials/core/?deprecated=False&_fields=calc_types&material_ids=mp-1206593&_limit=1000 (Caused by ResponseError('too many 429 error responses'))
HTTPSConnectionPool(host='api.materialsproject.org', port=443): Max retries exceeded with url: /materials/tasks/?_fields=last_updated%2Ctask_id&task_ids=mp-1800375&_limit=500 (Caused by ResponseError('too many 429 error responses'))
cannot unpack non-iterable NoneType object
cannot unpack non-iterable NoneType object
cannot unpack non-iterable NoneType object
cannot unpack non-iterable NoneType object
cannot unpack non-iterable NoneType object
cannot unpack non-iterable NoneType object
cannot unpack non-iterable NoneType object
cannot unpack non-iterable NoneType object
cannot unpack non-iterable NoneType object
cannot unpack non-iterable NoneType object
cannot unpack non-iterable NoneType object
cannot unpack non-iterable NoneType object
HTTPSConnectionPool(host='api.materialsproject.org', port=443): Max retries exceeded with url: /materials/core/?deprecated=False&_fields=calc_types&material_ids=mp-1188002&_limit=1000 (Caused by ResponseError('too many 429 error responses'))
HTTPSConnectionPool(host='api.materialsproject.org', port=443): Max retries exceeded with url: /materials/tasks/?_fields=last_updated%2Ctask_id&task_ids=mp-1330592&_limit=500 (Caused by ResponseError('too many 429 error responses'))
cannot unpack non-iterable NoneType object
HTTPSConnectionPool(host='api.materialsproject.org', port=443): Max retries exceeded with url: /materials/core/?deprecated=False&_fields=calc_types&material_ids=mp-863729&_limit=1000 (Caused by ResponseError('too many 429 error responses'))
cannot unpack non-iterable NoneType object
cannot unpack non-iterable NoneType object
cannot unpack non-iterable NoneType object
cannot unpack non-iterable NoneType object
cannot unpack non-iterable NoneType object
cannot unpack non-iterable NoneType object
cannot unpack non-iterable NoneType object
cannot unpack non-iterable NoneType object
cannot unpack non-iterable NoneType object
cannot unpack non-iterable NoneType object
cannot unpack non-iterable NoneType object
cannot unpack non-iterable NoneType object
cannot unpack non-iterable NoneType object
HTTPSConnectionPool(host='api.materialsproject.org', port=443): Max retries exceeded with url: /materials/core/?deprecated=False&_fields=calc_types&material_ids=mp-1191885&_limit=1000 (Caused by ResponseError('too many 429 error responses'))
cannot unpack non-iterable NoneType object
cannot unpack non-iterable NoneType object
HTTPSConnectionPool(host='api.materialsproject.org', port=443): Max retries exceeded with url: /materials/core/?deprecated=False&_fields=calc_types&material_ids=mp-1206362&_limit=1000 (Caused by ResponseError('too many 429 error responses'))
cannot unpack non-iterable NoneType object
cannot unpack non-iterable NoneType object
cannot unpack non-iterable NoneType object
cannot unpack non-iterable NoneType object
cannot unpack non-iterable NoneType object
cannot unpack non-iterable NoneType object
cannot unpack non-iterable NoneType object
cannot unpack non-iterable NoneType object
HTTPSConnectionPool(host='api.materialsproject.org', port=443): Max retries exceeded with url: /materials/tasks/?_fields=last_updated%2Ctask_id&task_ids=mp-1417125&_limit=500 (Caused by ResponseError('too many 429 error responses'))
HTTPSConnectionPool(host='api.materialsproject.org', port=443): Max retries exceeded with url: /materials/tasks/?_fields=last_updated%2Ctask_id&task_ids=mp-1421880&_limit=500 (Caused by ResponseError('too many 429 error responses'))
cannot unpack non-iterable NoneType object
cannot unpack non-iterable NoneType object
cannot unpack non-iterable NoneType object
HTTPSConnectionPool(host='api.materialsproject.org', port=443): Max retries exceeded with url: /materials/tasks/?_fields=last_updated%2Ctask_id&task_ids=mp-1401801&_limit=500 (Caused by ResponseError('too many 429 error responses'))
HTTPSConnectionPool(host='api.materialsproject.org', port=443): Max retries exceeded with url: /materials/tasks/?_fields=last_updated%2Ctask_id&task_ids=mp-1051250&_limit=334 (Caused by ResponseError('too many 429 error responses'))
HTTPSConnectionPool(host='api.materialsproject.org', port=443): Max retries exceeded with url: /materials/tasks/?_fields=last_updated%2Ctask_id&task_ids=mp-1929508&_limit=500 (Caused by ResponseError('too many 429 error responses'))
cannot unpack non-iterable NoneType object
cannot unpack non-iterable NoneType object
cannot unpack non-iterable NoneType object
cannot unpack non-iterable NoneType object
cannot unpack non-iterable NoneType object
cannot unpack non-iterable NoneType object
cannot unpack non-iterable NoneType object
cannot unpack non-iterable NoneType object
cannot unpack non-iterable NoneType object
cannot unpack non-iterable NoneType object
cannot unpack non-iterable NoneType object
cannot unpack non-iterable NoneType object
cannot unpack non-iterable NoneType object
cannot unpack non-iterable NoneType object
cannot unpack non-iterable NoneType object
HTTPSConnectionPool(host='api.materialsproject.org', port=443): Max retries exceeded with url: /materials/core/?deprecated=False&_fields=calc_types&material_ids=mp-864599&_limit=1000 (Caused by ResponseError('too many 429 error responses'))
cannot unpack non-iterable NoneType object
cannot unpack non-iterable NoneType object
cannot unpack non-iterable NoneType object
HTTPSConnectionPool(host='api.materialsproject.org', port=443): Max retries exceeded with url: /materials/tasks/?_fields=last_updated%2Ctask_id&task_ids=mp-1415671&_limit=500 (Caused by ResponseError('too many 429 error responses'))
HTTPSConnectionPool(host='api.materialsproject.org', port=443): Max retries exceeded with url: /materials/tasks/?_fields=last_updated%2Ctask_id&task_ids=mp-1423706&_limit=333 (Caused by ResponseError('too many 429 error responses'))
cannot unpack non-iterable NoneType object
HTTPSConnectionPool(host='api.materialsproject.org', port=443): Max retries exceeded with url: /materials/core/?deprecated=False&_fields=calc_types&material_ids=mp-1207020&_limit=1000 (Caused by ResponseError('too many 429 error responses'))
cannot unpack non-iterable NoneType object
cannot unpack non-iterable NoneType object
cannot unpack non-iterable NoneType object
cannot unpack non-iterable NoneType object
cannot unpack non-iterable NoneType object
cannot unpack non-iterable NoneType object
cannot unpack non-iterable NoneType object
HTTPSConnectionPool(host='api.materialsproject.org', port=443): Max retries exceeded with url: /materials/tasks/?_fields=last_updated%2Ctask_id&task_ids=mp-1870661&_limit=500 (Caused by ResponseError('too many 429 error responses'))
cannot unpack non-iterable NoneType object
cannot unpack non-iterable NoneType object
cannot unpack non-iterable NoneType object
cannot unpack non-iterable NoneType object
cannot unpack non-iterable NoneType object
cannot unpack non-iterable NoneType object
cannot unpack non-iterable NoneType object
cannot unpack non-iterable NoneType object
cannot unpack non-iterable NoneType object
cannot unpack non-iterable NoneType object
cannot unpack non-iterable NoneType object
HTTPSConnectionPool(host='api.materialsproject.org', port=443): Max retries exceeded with url: /materials/core/?deprecated=False&_fields=calc_types&material_ids=mp-1206680&_limit=1000 (Caused by ResponseError('too many 429 error responses'))
HTTPSConnectionPool(host='api.materialsproject.org', port=443): Max retries exceeded with url: /materials/tasks/?_fields=last_updated%2Ctask_id&task_ids=mp-1414637&_limit=500 (Caused by ResponseError('too many 429 error responses'))
HTTPSConnectionPool(host='api.materialsproject.org', port=443): Max retries exceeded with url: /materials/tasks/?_fields=last_updated%2Ctask_id&task_ids=mp-1002923&_limit=250 (Caused by ResponseError('too many 429 error responses'))
cannot unpack non-iterable NoneType object
cannot unpack non-iterable NoneType object
HTTPSConnectionPool(host='api.materialsproject.org', port=443): Max retries exceeded with url: /materials/tasks/?_fields=last_updated%2Ctask_id&task_ids=mp-1422969&_limit=500 (Caused by ResponseError('too many 429 error responses'))
cannot unpack non-iterable NoneType object
HTTPSConnectionPool(host='api.materialsproject.org', port=443): Max retries exceeded with url: /materials/core/?deprecated=False&_fields=calc_types&material_ids=mp-864644&_limit=1000 (Caused by ResponseError('too many 429 error responses'))
HTTPSConnectionPool(host='api.materialsproject.org', port=443): Max retries exceeded with url: /materials/tasks/?_fields=last_updated%2Ctask_id&task_ids=mp-1417266&_limit=500 (Caused by ResponseError('too many 429 error responses'))
cannot unpack non-iterable NoneType object
cannot unpack non-iterable NoneType object
cannot unpack non-iterable NoneType object
cannot unpack non-iterable NoneType object
cannot unpack non-iterable NoneType object
cannot unpack non-iterable NoneType object
cannot unpack non-iterable NoneType object
cannot unpack non-iterable NoneType object
cannot unpack non-iterable NoneType object
cannot unpack non-iterable NoneType object
cannot unpack non-iterable NoneType object
cannot unpack non-iterable NoneType object
cannot unpack non-iterable NoneType object
cannot unpack non-iterable NoneType object
cannot unpack non-iterable NoneType object
cannot unpack non-iterable NoneType object
cannot unpack non-iterable NoneType object
cannot unpack non-iterable NoneType object
HTTPSConnectionPool(host='api.materialsproject.org', port=443): Max retries exceeded with url: /materials/tasks/?_fields=last_updated%2Ctask_id&task_ids=mp-1504197&_limit=500 (Caused by ResponseError('too many 429 error responses'))
cannot unpack non-iterable NoneType object
HTTPSConnectionPool(host='api.materialsproject.org', port=443): Max retries exceeded with url: /materials/core/?deprecated=False&_fields=calc_types&material_ids=mp-864633&_limit=1000 (Caused by ResponseError('too many 429 error responses'))
cannot unpack non-iterable NoneType object
cannot unpack non-iterable NoneType object
cannot unpack non-iterable NoneType object
cannot unpack non-iterable NoneType object
cannot unpack non-iterable NoneType object
cannot unpack non-iterable NoneType object
cannot unpack non-iterable NoneType object
cannot unpack non-iterable NoneType object
cannot unpack non-iterable NoneType object
cannot unpack non-iterable NoneType object
cannot unpack non-iterable NoneType object
cannot unpack non-iterable NoneType object
HTTPSConnectionPool(host='api.materialsproject.org', port=443): Max retries exceeded with url: /materials/core/?deprecated=False&_fields=calc_types&material_ids=mp-1206662&_limit=1000 (Caused by ResponseError('too many 429 error responses'))
HTTPSConnectionPool(host='api.materialsproject.org', port=443): Max retries exceeded with url: /materials/tasks/?_fields=last_updated%2Ctask_id&task_ids=mp-1002939&_limit=250 (Caused by ResponseError('too many 429 error responses'))
cannot unpack non-iterable NoneType object
HTTPSConnectionPool(host='api.materialsproject.org', port=443): Max retries exceeded with url: /materials/core/?deprecated=False&_fields=calc_types&material_ids=mp-1192673&_limit=1000 (Caused by ResponseError('too many 429 error responses'))
cannot unpack non-iterable NoneType object
cannot unpack non-iterable NoneType object
cannot unpack non-iterable NoneType object
HTTPSConnectionPool(host='api.materialsproject.org', port=443): Max retries exceeded with url: /materials/core/?deprecated=False&_fields=calc_types&material_ids=mp-1193118&_limit=1000 (Caused by ResponseError('too many 429 error responses'))
cannot unpack non-iterable NoneType object
cannot unpack non-iterable NoneType object
cannot unpack non-iterable NoneType object
cannot unpack non-iterable NoneType object
cannot unpack non-iterable NoneType object
cannot unpack non-iterable NoneType object
cannot unpack non-iterable NoneType object
cannot unpack non-iterable NoneType object
cannot unpack non-iterable NoneType object
cannot unpack non-iterable NoneType object
cannot unpack non-iterable NoneType object
cannot unpack non-iterable NoneType object
cannot unpack non-iterable NoneType object
cannot unpack non-iterable NoneType object
cannot unpack non-iterable NoneType object
cannot unpack non-iterable NoneType object
cannot unpack non-iterable NoneType object
HTTPSConnectionPool(host='api.materialsproject.org', port=443): Max retries exceeded with url: /materials/core/?deprecated=False&_fields=calc_types&material_ids=mp-1192877&_limit=1000 (Caused by ResponseError('too many 429 error responses'))
cannot unpack non-iterable NoneType object
HTTPSConnectionPool(host='api.materialsproject.org', port=443): Max retries exceeded with url: /materials/core/?deprecated=False&_fields=calc_types&material_ids=mp-1207804&_limit=1000 (Caused by ResponseError('too many 429 error responses'))
cannot unpack non-iterable NoneType object
cannot unpack non-iterable NoneType object
cannot unpack non-iterable NoneType object
cannot unpack non-iterable NoneType object
cannot unpack non-iterable NoneType object
cannot unpack non-iterable NoneType object
cannot unpack non-iterable NoneType object
cannot unpack non-iterable NoneType object
cannot unpack non-iterable NoneType object
HTTPSConnectionPool(host='api.materialsproject.org', port=443): Max retries exceeded with url: /materials/tasks/?_fields=last_updated%2Ctask_id&task_ids=mp-1002997&_limit=250 (Caused by ResponseError('too many 429 error responses'))
cannot unpack non-iterable NoneType object
HTTPSConnectionPool(host='api.materialsproject.org', port=443): Max retries exceeded with url: /materials/tasks/?_fields=last_updated%2Ctask_id&task_ids=mp-1435789&_limit=334 (Caused by ResponseError('too many 429 error responses'))
cannot unpack non-iterable NoneType object
cannot unpack non-iterable NoneType object
cannot unpack non-iterable NoneType object
cannot unpack non-iterable NoneType object
cannot unpack non-iterable NoneType object
cannot unpack non-iterable NoneType object
cannot unpack non-iterable NoneType object
cannot unpack non-iterable NoneType object
HTTPSConnectionPool(host='api.materialsproject.org', port=443): Max retries exceeded with url: /materials/tasks/?_fields=last_updated%2Ctask_id&task_ids=mp-1437377&_limit=500 (Caused by ResponseError('too many 429 error responses'))
cannot unpack non-iterable NoneType object
cannot unpack non-iterable NoneType object
cannot unpack non-iterable NoneType object
cannot unpack non-iterable NoneType object
cannot unpack non-iterable NoneType object
cannot unpack non-iterable NoneType object
cannot unpack non-iterable NoneType object
cannot unpack non-iterable NoneType object
cannot unpack non-iterable NoneType object
cannot unpack non-iterable NoneType object
cannot unpack non-iterable NoneType object
HTTPSConnectionPool(host='api.materialsproject.org', port=443): Max retries exceeded with url: /materials/tasks/?_fields=last_updated%2Ctask_id&task_ids=mp-1826236&_limit=500 (Caused by ResponseError('too many 429 error responses'))
cannot unpack non-iterable NoneType object
HTTPSConnectionPool(host='api.materialsproject.org', port=443): Max retries exceeded with url: /materials/core/?deprecated=False&_fields=calc_types&material_ids=mp-864744&_limit=1000 (Caused by ResponseError('too many 429 error responses'))
HTTPSConnectionPool(host='api.materialsproject.org', port=443): Max retries exceeded with url: /materials/tasks/?_fields=last_updated%2Ctask_id&task_ids=mp-1373550&_limit=500 (Caused by ResponseError('too many 429 error responses'))
cannot unpack non-iterable NoneType object
cannot unpack non-iterable NoneType object
cannot unpack non-iterable NoneType object
cannot unpack non-iterable NoneType object
cannot unpack non-iterable NoneType object
cannot unpack non-iterable NoneType object
cannot unpack non-iterable NoneType object
cannot unpack non-iterable NoneType object
cannot unpack non-iterable NoneType object
cannot unpack non-iterable NoneType object
cannot unpack non-iterable NoneType object
cannot unpack non-iterable NoneType object
cannot unpack non-iterable NoneType object
cannot unpack non-iterable NoneType object
cannot unpack non-iterable NoneType object
cannot unpack non-iterable NoneType object
HTTPSConnectionPool(host='api.materialsproject.org', port=443): Max retries exceeded with url: /materials/tasks/?_fields=last_updated%2Ctask_id&task_ids=mp-1371919&_limit=500 (Caused by ResponseError('too many 429 error responses'))
cannot unpack non-iterable NoneType object
HTTPSConnectionPool(host='api.materialsproject.org', port=443): Max retries exceeded with url: /materials/core/?deprecated=False&_fields=calc_types&material_ids=mp-1193515&_limit=1000 (Caused by ResponseError('too many 429 error responses'))
cannot unpack non-iterable NoneType object
HTTPSConnectionPool(host='api.materialsproject.org', port=443): Max retries exceeded with url: /materials/core/?deprecated=False&_fields=calc_types&material_ids=mp-723704&_limit=1000 (Caused by ResponseError('too many 429 error responses'))
cannot unpack non-iterable NoneType object
cannot unpack non-iterable NoneType object
cannot unpack non-iterable NoneType object
cannot unpack non-iterable NoneType object
cannot unpack non-iterable NoneType object
cannot unpack non-iterable NoneType object
cannot unpack non-iterable NoneType object
cannot unpack non-iterable NoneType object
cannot unpack non-iterable NoneType object
cannot unpack non-iterable NoneType object
cannot unpack non-iterable NoneType object
cannot unpack non-iterable NoneType object
cannot unpack non-iterable NoneType object
HTTPSConnectionPool(host='api.materialsproject.org', port=443): Max retries exceeded with url: /materials/core/?deprecated=False&_fields=calc_types&material_ids=mp-1193679&_limit=1000 (Caused by ResponseError('too many 429 error responses'))
cannot unpack non-iterable NoneType object
cannot unpack non-iterable NoneType object
cannot unpack non-iterable NoneType object
cannot unpack non-iterable NoneType object
cannot unpack non-iterable NoneType object
HTTPSConnectionPool(host='api.materialsproject.org', port=443): Max retries exceeded with url: /materials/tasks/?_fields=last_updated%2Ctask_id&task_ids=mp-1814389&_limit=500 (Caused by ResponseError('too many 429 error responses'))
cannot unpack non-iterable NoneType object
HTTPSConnectionPool(host='api.materialsproject.org', port=443): Max retries exceeded with url: /materials/tasks/?_fields=last_updated%2Ctask_id&task_ids=mp-1003298&_limit=250 (Caused by ResponseError('too many 429 error responses'))
cannot unpack non-iterable NoneType object
HTTPSConnectionPool(host='api.materialsproject.org', port=443): Max retries exceeded with url: /materials/core/?deprecated=False&_fields=calc_types&material_ids=mp-1193806&_limit=1000 (Caused by ResponseError('too many 429 error responses'))
cannot unpack non-iterable NoneType object
HTTPSConnectionPool(host='api.materialsproject.org', port=443): Max retries exceeded with url: /materials/core/?deprecated=False&_fields=calc_types&material_ids=mp-865595&_limit=1000 (Caused by ResponseError('too many 429 error responses'))
cannot unpack non-iterable NoneType object
HTTPSConnectionPool(host='api.materialsproject.org', port=443): Max retries exceeded with url: /materials/core/?deprecated=False&_fields=calc_types&material_ids=mp-1208719&_limit=1000 (Caused by ResponseError('too many 429 error responses'))
cannot unpack non-iterable NoneType object
cannot unpack non-iterable NoneType object
cannot unpack non-iterable NoneType object
cannot unpack non-iterable NoneType object
cannot unpack non-iterable NoneType object
cannot unpack non-iterable NoneType object
cannot unpack non-iterable NoneType object
cannot unpack non-iterable NoneType object
cannot unpack non-iterable NoneType object
cannot unpack non-iterable NoneType object
cannot unpack non-iterable NoneType object
cannot unpack non-iterable NoneType object
cannot unpack non-iterable NoneType object
cannot unpack non-iterable NoneType object
cannot unpack non-iterable NoneType object
cannot unpack non-iterable NoneType object
cannot unpack non-iterable NoneType object
HTTPSConnectionPool(host='api.materialsproject.org', port=443): Max retries exceeded with url: /materials/tasks/?_fields=last_updated%2Ctask_id&task_ids=mp-1410937&_limit=500 (Caused by ResponseError('too many 429 error responses'))
cannot unpack non-iterable NoneType object
HTTPSConnectionPool(host='api.materialsproject.org', port=443): Max retries exceeded with url: /materials/core/?deprecated=False&_fields=calc_types&material_ids=mp-1193834&_limit=1000 (Caused by ResponseError('too many 429 error responses'))
cannot unpack non-iterable NoneType object
cannot unpack non-iterable NoneType object
HTTPSConnectionPool(host='api.materialsproject.org', port=443): Max retries exceeded with url: /materials/core/?deprecated=False&_fields=calc_types&material_ids=mp-865629&_limit=1000 (Caused by ResponseError('too many 429 error responses'))
cannot unpack non-iterable NoneType object
cannot unpack non-iterable NoneType object
cannot unpack non-iterable NoneType object
cannot unpack non-iterable NoneType object
cannot unpack non-iterable NoneType object
cannot unpack non-iterable NoneType object
cannot unpack non-iterable NoneType object
cannot unpack non-iterable NoneType object
cannot unpack non-iterable NoneType object
cannot unpack non-iterable NoneType object
cannot unpack non-iterable NoneType object
HTTPSConnectionPool(host='api.materialsproject.org', port=443): Max retries exceeded with url: /materials/core/?deprecated=False&_fields=calc_types&material_ids=mp-1194111&_limit=1000 (Caused by ResponseError('too many 429 error responses'))
cannot unpack non-iterable NoneType object
HTTPSConnectionPool(host='api.materialsproject.org', port=443): Max retries exceeded with url: /materials/core/?deprecated=False&_fields=calc_types&material_ids=mp-1209902&_limit=1000 (Caused by ResponseError('too many 429 error responses'))
HTTPSConnectionPool(host='api.materialsproject.org', port=443): Max retries exceeded with url: /materials/tasks/?_fields=last_updated%2Ctask_id&task_ids=mp-1427112&_limit=333 (Caused by ResponseError('too many 429 error responses'))
cannot unpack non-iterable NoneType object
cannot unpack non-iterable NoneType object
cannot unpack non-iterable NoneType object
cannot unpack non-iterable NoneType object
cannot unpack non-iterable NoneType object
cannot unpack non-iterable NoneType object
cannot unpack non-iterable NoneType object
cannot unpack non-iterable NoneType object
cannot unpack non-iterable NoneType object
cannot unpack non-iterable NoneType object
cannot unpack non-iterable NoneType object
cannot unpack non-iterable NoneType object
cannot unpack non-iterable NoneType object
cannot unpack non-iterable NoneType object
cannot unpack non-iterable NoneType object
cannot unpack non-iterable NoneType object
cannot unpack non-iterable NoneType object
cannot unpack non-iterable NoneType object
cannot unpack non-iterable NoneType object
cannot unpack non-iterable NoneType object
cannot unpack non-iterable NoneType object
cannot unpack non-iterable NoneType object
cannot unpack non-iterable NoneType object
cannot unpack non-iterable NoneType object
HTTPSConnectionPool(host='api.materialsproject.org', port=443): Max retries exceeded with url: /materials/tasks/?_fields=last_updated%2Ctask_id&task_ids=mp-1812608&_limit=500 (Caused by ResponseError('too many 429 error responses'))
cannot unpack non-iterable NoneType object
cannot unpack non-iterable NoneType object
cannot unpack non-iterable NoneType object
cannot unpack non-iterable NoneType object
cannot unpack non-iterable NoneType object
cannot unpack non-iterable NoneType object
cannot unpack non-iterable NoneType object
cannot unpack non-iterable NoneType object
HTTPSConnectionPool(host='api.materialsproject.org', port=443): Max retries exceeded with url: /materials/core/?deprecated=False&_fields=calc_types&material_ids=mp-865581&_limit=1000 (Caused by ResponseError('too many 429 error responses'))
HTTPSConnectionPool(host='api.materialsproject.org', port=443): Max retries exceeded with url: /materials/tasks/?_fields=last_updated%2Ctask_id&task_ids=mp-1503984&_limit=500 (Caused by ResponseError('too many 429 error responses'))
cannot unpack non-iterable NoneType object
HTTPSConnectionPool(host='api.materialsproject.org', port=443): Max retries exceeded with url: /materials/core/?deprecated=False&_fields=calc_types&material_ids=mp-1193912&_limit=1000 (Caused by ResponseError('too many 429 error responses'))
cannot unpack non-iterable NoneType object
cannot unpack non-iterable NoneType object
cannot unpack non-iterable NoneType object
cannot unpack non-iterable NoneType object
cannot unpack non-iterable NoneType object
cannot unpack non-iterable NoneType object
cannot unpack non-iterable NoneType object
cannot unpack non-iterable NoneType object
cannot unpack non-iterable NoneType object
cannot unpack non-iterable NoneType object
cannot unpack non-iterable NoneType object
cannot unpack non-iterable NoneType object
cannot unpack non-iterable NoneType object
cannot unpack non-iterable NoneType object
cannot unpack non-iterable NoneType object
cannot unpack non-iterable NoneType object
cannot unpack non-iterable NoneType object
cannot unpack non-iterable NoneType object
cannot unpack non-iterable NoneType object
cannot unpack non-iterable NoneType object
cannot unpack non-iterable NoneType object
cannot unpack non-iterable NoneType object
cannot unpack non-iterable NoneType object
cannot unpack non-iterable NoneType object
cannot unpack non-iterable NoneType object
cannot unpack non-iterable NoneType object
cannot unpack non-iterable NoneType object
cannot unpack non-iterable NoneType object
cannot unpack non-iterable NoneType object
cannot unpack non-iterable NoneType object
cannot unpack non-iterable NoneType object
cannot unpack non-iterable NoneType object
cannot unpack non-iterable NoneType object
cannot unpack non-iterable NoneType object
cannot unpack non-iterable NoneType object
cannot unpack non-iterable NoneType object
cannot unpack non-iterable NoneType object
cannot unpack non-iterable NoneType object
cannot unpack non-iterable NoneType object
cannot unpack non-iterable NoneType object
cannot unpack non-iterable NoneType object
cannot unpack non-iterable NoneType object
cannot unpack non-iterable NoneType object
cannot unpack non-iterable NoneType object
cannot unpack non-iterable NoneType object
cannot unpack non-iterable NoneType object
cannot unpack non-iterable NoneType object
cannot unpack non-iterable NoneType object
cannot unpack non-iterable NoneType object
cannot unpack non-iterable NoneType object
cannot unpack non-iterable NoneType object
cannot unpack non-iterable NoneType object
cannot unpack non-iterable NoneType object
cannot unpack non-iterable NoneType object
cannot unpack non-iterable NoneType object
cannot unpack non-iterable NoneType object
cannot unpack non-iterable NoneType object
cannot unpack non-iterable NoneType object
cannot unpack non-iterable NoneType object
cannot unpack non-iterable NoneType object
cannot unpack non-iterable NoneType object
cannot unpack non-iterable NoneType object
cannot unpack non-iterable NoneType object
cannot unpack non-iterable NoneType object
cannot unpack non-iterable NoneType object
cannot unpack non-iterable NoneType object
cannot unpack non-iterable NoneType object
cannot unpack non-iterable NoneType object
cannot unpack non-iterable NoneType object
cannot unpack non-iterable NoneType object
cannot unpack non-iterable NoneType object
cannot unpack non-iterable NoneType object
cannot unpack non-iterable NoneType object
cannot unpack non-iterable NoneType object
cannot unpack non-iterable NoneType object
cannot unpack non-iterable NoneType object
cannot unpack non-iterable NoneType object
cannot unpack non-iterable NoneType object
cannot unpack non-iterable NoneType object
cannot unpack non-iterable NoneType object
cannot unpack non-iterable NoneType object
cannot unpack non-iterable NoneType object
cannot unpack non-iterable NoneType object
cannot unpack non-iterable NoneType object
cannot unpack non-iterable NoneType object
cannot unpack non-iterable NoneType object
cannot unpack non-iterable NoneType object
cannot unpack non-iterable NoneType object
cannot unpack non-iterable NoneType object
cannot unpack non-iterable NoneType object
cannot unpack non-iterable NoneType object
cannot unpack non-iterable NoneType object
cannot unpack non-iterable NoneType object
cannot unpack non-iterable NoneType object
cannot unpack non-iterable NoneType object
cannot unpack non-iterable NoneType object
cannot unpack non-iterable NoneType object
cannot unpack non-iterable NoneType object
cannot unpack non-iterable NoneType object
cannot unpack non-iterable NoneType object
cannot unpack non-iterable NoneType object
cannot unpack non-iterable NoneType object
cannot unpack non-iterable NoneType object
cannot unpack non-iterable NoneType object
cannot unpack non-iterable NoneType object
cannot unpack non-iterable NoneType object
cannot unpack non-iterable NoneType object
cannot unpack non-iterable NoneType object
cannot unpack non-iterable NoneType object
cannot unpack non-iterable NoneType object
cannot unpack non-iterable NoneType object
cannot unpack non-iterable NoneType object
cannot unpack non-iterable NoneType object
cannot unpack non-iterable NoneType object
cannot unpack non-iterable NoneType object
cannot unpack non-iterable NoneType object
cannot unpack non-iterable NoneType object
cannot unpack non-iterable NoneType object
cannot unpack non-iterable NoneType object
cannot unpack non-iterable NoneType object
cannot unpack non-iterable NoneType object
cannot unpack non-iterable NoneType object
cannot unpack non-iterable NoneType object
cannot unpack non-iterable NoneType object
cannot unpack non-iterable NoneType object
cannot unpack non-iterable NoneType object
cannot unpack non-iterable NoneType object
cannot unpack non-iterable NoneType object
cannot unpack non-iterable NoneType object
cannot unpack non-iterable NoneType object
cannot unpack non-iterable NoneType object
cannot unpack non-iterable NoneType object
cannot unpack non-iterable NoneType object
cannot unpack non-iterable NoneType object
cannot unpack non-iterable NoneType object
cannot unpack non-iterable NoneType object
cannot unpack non-iterable NoneType object
cannot unpack non-iterable NoneType object
cannot unpack non-iterable NoneType object
cannot unpack non-iterable NoneType object
cannot unpack non-iterable NoneType object
cannot unpack non-iterable NoneType object
cannot unpack non-iterable NoneType object
cannot unpack non-iterable NoneType object
cannot unpack non-iterable NoneType object
cannot unpack non-iterable NoneType object
cannot unpack non-iterable NoneType object
cannot unpack non-iterable NoneType object
cannot unpack non-iterable NoneType object
cannot unpack non-iterable NoneType object
cannot unpack non-iterable NoneType object
cannot unpack non-iterable NoneType object
cannot unpack non-iterable NoneType object
cannot unpack non-iterable NoneType object
cannot unpack non-iterable NoneType object
cannot unpack non-iterable NoneType object
cannot unpack non-iterable NoneType object
cannot unpack non-iterable NoneType object
cannot unpack non-iterable NoneType object
cannot unpack non-iterable NoneType object
HTTPSConnectionPool(host='api.materialsproject.org', port=443): Max retries exceeded with url: /materials/tasks/?_fields=last_updated%2Ctask_id&task_ids=mp-1053220&_limit=334 (Caused by ResponseError('too many 429 error responses'))
cannot unpack non-iterable NoneType object
HTTPSConnectionPool(host='api.materialsproject.org', port=443): Max retries exceeded with url: /materials/core/?deprecated=False&_fields=calc_types&material_ids=mp-973056&_limit=1000 (Caused by ResponseError('too many 429 error responses'))
cannot unpack non-iterable NoneType object
cannot unpack non-iterable NoneType object
cannot unpack non-iterable NoneType object
cannot unpack non-iterable NoneType object
cannot unpack non-iterable NoneType object
cannot unpack non-iterable NoneType object
cannot unpack non-iterable NoneType object
HTTPSConnectionPool(host='api.materialsproject.org', port=443): Max retries exceeded with url: /materials/core/?deprecated=False&_fields=calc_types&material_ids=mp-972957&_limit=1000 (Caused by ResponseError('too many 429 error responses'))
cannot unpack non-iterable NoneType object
HTTPSConnectionPool(host='api.materialsproject.org', port=443): Max retries exceeded with url: /materials/core/?deprecated=False&_fields=calc_types&material_ids=mp-865679&_limit=1000 (Caused by ResponseError('too many 429 error responses'))
cannot unpack non-iterable NoneType object
cannot unpack non-iterable NoneType object
cannot unpack non-iterable NoneType object
HTTPSConnectionPool(host='api.materialsproject.org', port=443): Max retries exceeded with url: /materials/tasks/?_fields=last_updated%2Ctask_id&task_ids=mp-1438581&_limit=250 (Caused by ResponseError('too many 429 error responses'))
HTTPSConnectionPool(host='api.materialsproject.org', port=443): Max retries exceeded with url: /materials/tasks/?_fields=last_updated%2Ctask_id&task_ids=mp-1391997&_limit=334 (Caused by ResponseError('too many 429 error responses'))
cannot unpack non-iterable NoneType object
HTTPSConnectionPool(host='api.materialsproject.org', port=443): Max retries exceeded with url: /materials/tasks/?_fields=last_updated%2Ctask_id&task_ids=mp-1417037&_limit=250 (Caused by ResponseError('too many 429 error responses'))
cannot unpack non-iterable NoneType object
HTTPSConnectionPool(host='api.materialsproject.org', port=443): Max retries exceeded with url: /materials/core/?deprecated=False&_fields=calc_types&material_ids=mp-16497&_limit=1000 (Caused by ResponseError('too many 429 error responses'))
cannot unpack non-iterable NoneType object
HTTPSConnectionPool(host='api.materialsproject.org', port=443): Max retries exceeded with url: /materials/core/?deprecated=False&_fields=calc_types&material_ids=mp-972925&_limit=1000 (Caused by ResponseError('too many 429 error responses'))
cannot unpack non-iterable NoneType object
HTTPSConnectionPool(host='api.materialsproject.org', port=443): Max retries exceeded with url: /materials/core/?deprecated=False&_fields=calc_types&material_ids=mp-19834&_limit=1000 (Caused by ResponseError('too many 429 error responses'))
cannot unpack non-iterable NoneType object
HTTPSConnectionPool(host='api.materialsproject.org', port=443): Max retries exceeded with url: /materials/core/?deprecated=False&_fields=calc_types&material_ids=mp-865715&_limit=1000 (Caused by ResponseError('too many 429 error responses'))
cannot unpack non-iterable NoneType object
HTTPSConnectionPool(host='api.materialsproject.org', port=443): Max retries exceeded with url: /materials/core/?deprecated=False&_fields=calc_types&material_ids=mp-972961&_limit=1000 (Caused by ResponseError('too many 429 error responses'))
cannot unpack non-iterable NoneType object
cannot unpack non-iterable NoneType object
cannot unpack non-iterable NoneType object
cannot unpack non-iterable NoneType object
cannot unpack non-iterable NoneType object
cannot unpack non-iterable NoneType object
cannot unpack non-iterable NoneType object
HTTPSConnectionPool(host='api.materialsproject.org', port=443): Max retries exceeded with url: /materials/tasks/?_fields=last_updated%2Ctask_id&task_ids=mp-1003335&_limit=250 (Caused by ResponseError('too many 429 error responses'))
HTTPSConnectionPool(host='api.materialsproject.org', port=443): Max retries exceeded with url: /materials/tasks/?_fields=last_updated%2Ctask_id&task_ids=mp-1429101&_limit=334 (Caused by ResponseError('too many 429 error responses'))
cannot unpack non-iterable NoneType object
cannot unpack non-iterable NoneType object
cannot unpack non-iterable NoneType object
cannot unpack non-iterable NoneType object
HTTPSConnectionPool(host='api.materialsproject.org', port=443): Max retries exceeded with url: /materials/core/?deprecated=False&_fields=calc_types&material_ids=mp-17838&_limit=1000 (Caused by ResponseError('too many 429 error responses'))
cannot unpack non-iterable NoneType object
HTTPSConnectionPool(host='api.materialsproject.org', port=443): Max retries exceeded with url: /materials/core/?deprecated=False&_fields=calc_types&material_ids=mp-865730&_limit=1000 (Caused by ResponseError('too many 429 error responses'))
cannot unpack non-iterable NoneType object
HTTPSConnectionPool(host='api.materialsproject.org', port=443): Max retries exceeded with url: /materials/core/?deprecated=False&_fields=calc_types&material_ids=mp-973058&_limit=1000 (Caused by ResponseError('too many 429 error responses'))
cannot unpack non-iterable NoneType object
cannot unpack non-iterable NoneType object
cannot unpack non-iterable NoneType object
HTTPSConnectionPool(host='api.materialsproject.org', port=443): Max retries exceeded with url: /materials/core/?deprecated=False&_fields=calc_types&material_ids=mp-865745&_limit=1000 (Caused by ResponseError('too many 429 error responses'))
cannot unpack non-iterable NoneType object
cannot unpack non-iterable NoneType object
cannot unpack non-iterable NoneType object
cannot unpack non-iterable NoneType object
HTTPSConnectionPool(host='api.materialsproject.org', port=443): Max retries exceeded with url: /materials/core/?deprecated=False&_fields=calc_types&material_ids=mp-16501&_limit=1000 (Caused by ResponseError('too many 429 error responses'))
HTTPSConnectionPool(host='api.materialsproject.org', port=443): Max retries exceeded with url: /materials/tasks/?_fields=last_updated%2Ctask_id&task_ids=mp-1003445&_limit=250 (Caused by ResponseError('too many 429 error responses'))
HTTPSConnectionPool(host='api.materialsproject.org', port=443): Max retries exceeded with url: /materials/tasks/?_fields=last_updated%2Ctask_id&task_ids=mp-973013&_limit=333 (Caused by ResponseError('too many 429 error responses'))
cannot unpack non-iterable NoneType object
HTTPSConnectionPool(host='api.materialsproject.org', port=443): Max retries exceeded with url: /materials/tasks/?_fields=last_updated%2Ctask_id&task_ids=mp-1790765&_limit=250 (Caused by ResponseError('too many 429 error responses'))
cannot unpack non-iterable NoneType object
HTTPSConnectionPool(host='api.materialsproject.org', port=443): Max retries exceeded with url: /materials/core/?deprecated=False&_fields=calc_types&material_ids=mp-865729&_limit=1000 (Caused by ResponseError('too many 429 error responses'))
HTTPSConnectionPool(host='api.materialsproject.org', port=443): Max retries exceeded with url: /materials/tasks/?_fields=last_updated%2Ctask_id&task_ids=mp-1805260&_limit=333 (Caused by ResponseError('too many 429 error responses'))
cannot unpack non-iterable NoneType object
cannot unpack non-iterable NoneType object
cannot unpack non-iterable NoneType object
cannot unpack non-iterable NoneType object
cannot unpack non-iterable NoneType object
HTTPSConnectionPool(host='api.materialsproject.org', port=443): Max retries exceeded with url: /materials/tasks/?_fields=last_updated%2Ctask_id&task_ids=mp-1441206&_limit=334 (Caused by ResponseError('too many 429 error responses'))
HTTPSConnectionPool(host='api.materialsproject.org', port=443): Max retries exceeded with url: /materials/tasks/?_fields=last_updated%2Ctask_id&task_ids=mp-1053340&_limit=334 (Caused by ResponseError('too many 429 error responses'))
cannot unpack non-iterable NoneType object
HTTPSConnectionPool(host='api.materialsproject.org', port=443): Max retries exceeded with url: /materials/core/?deprecated=False&_fields=calc_types&material_ids=mp-973276&_limit=1000 (Caused by ResponseError('too many 429 error responses'))
cannot unpack non-iterable NoneType object
cannot unpack non-iterable NoneType object
cannot unpack non-iterable NoneType object
cannot unpack non-iterable NoneType object
cannot unpack non-iterable NoneType object
cannot unpack non-iterable NoneType object
HTTPSConnectionPool(host='api.materialsproject.org', port=443): Max retries exceeded with url: /materials/tasks/?_fields=last_updated%2Ctask_id&task_ids=mp-1388926&_limit=334 (Caused by ResponseError('too many 429 error responses'))
HTTPSConnectionPool(host='api.materialsproject.org', port=443): Max retries exceeded with url: /materials/tasks/?_fields=last_updated%2Ctask_id&task_ids=mp-1065208%2Cmp-1065318%2Cmp-1065415&_limit=200 (Caused by ResponseError('too many 429 error responses'))
cannot unpack non-iterable NoneType object
cannot unpack non-iterable NoneType object
HTTPSConnectionPool(host='api.materialsproject.org', port=443): Max retries exceeded with url: /materials/core/?deprecated=False&_fields=calc_types&material_ids=mp-973603&_limit=1000 (Caused by ResponseError('too many 429 error responses'))
cannot unpack non-iterable NoneType object
HTTPSConnectionPool(host='api.materialsproject.org', port=443): Max retries exceeded with url: /materials/core/?deprecated=False&_fields=calc_types&material_ids=mp-865788&_limit=1000 (Caused by ResponseError('too many 429 error responses'))
cannot unpack non-iterable NoneType object
HTTPSConnectionPool(host='api.materialsproject.org', port=443): Max retries exceeded with url: /materials/core/?deprecated=False&_fields=calc_types&material_ids=mp-20491&_limit=1000 (Caused by ResponseError('too many 429 error responses'))
cannot unpack non-iterable NoneType object
cannot unpack non-iterable NoneType object
HTTPSConnectionPool(host='api.materialsproject.org', port=443): Max retries exceeded with url: /materials/tasks/?_fields=last_updated%2Ctask_id&task_ids=mp-1796793&_limit=333 (Caused by ResponseError('too many 429 error responses'))
HTTPSConnectionPool(host='api.materialsproject.org', port=443): Max retries exceeded with url: /materials/tasks/?_fields=last_updated%2Ctask_id&task_ids=mp-1003446&_limit=250 (Caused by ResponseError('too many 429 error responses'))
HTTPSConnectionPool(host='api.materialsproject.org', port=443): Max retries exceeded with url: /materials/tasks/?_fields=last_updated%2Ctask_id&task_ids=mp-1440010&_limit=250 (Caused by ResponseError('too many 429 error responses'))
cannot unpack non-iterable NoneType object
cannot unpack non-iterable NoneType object
cannot unpack non-iterable NoneType object
cannot unpack non-iterable NoneType object
cannot unpack non-iterable NoneType object
cannot unpack non-iterable NoneType object
HTTPSConnectionPool(host='api.materialsproject.org', port=443): Max retries exceeded with url: /materials/core/?deprecated=False&_fields=calc_types&material_ids=mp-20363&_limit=1000 (Caused by ResponseError('too many 429 error responses'))
cannot unpack non-iterable NoneType object
HTTPSConnectionPool(host='api.materialsproject.org', port=443): Max retries exceeded with url: /materials/core/?deprecated=False&_fields=calc_types&material_ids=mp-973433&_limit=1000 (Caused by ResponseError('too many 429 error responses'))
cannot unpack non-iterable NoneType object
HTTPSConnectionPool(host='api.materialsproject.org', port=443): Max retries exceeded with url: /materials/core/?deprecated=False&_fields=calc_types&material_ids=mp-865809&_limit=1000 (Caused by ResponseError('too many 429 error responses'))
cannot unpack non-iterable NoneType object
cannot unpack non-iterable NoneType object
cannot unpack non-iterable NoneType object
cannot unpack non-iterable NoneType object
cannot unpack non-iterable NoneType object
cannot unpack non-iterable NoneType object
cannot unpack non-iterable NoneType object
HTTPSConnectionPool(host='api.materialsproject.org', port=443): Max retries exceeded with url: /materials/tasks/?_fields=last_updated%2Ctask_id&task_ids=mp-1416401&_limit=334 (Caused by ResponseError('too many 429 error responses'))
cannot unpack non-iterable NoneType object
cannot unpack non-iterable NoneType object
cannot unpack non-iterable NoneType object
HTTPSConnectionPool(host='api.materialsproject.org', port=443): Max retries exceeded with url: /materials/core/?deprecated=False&_fields=calc_types&material_ids=mp-20440&_limit=1000 (Caused by ResponseError('too many 429 error responses'))
HTTPSConnectionPool(host='api.materialsproject.org', port=443): Max retries exceeded with url: /materials/tasks/?_fields=last_updated%2Ctask_id&task_ids=mp-1053399&_limit=250 (Caused by ResponseError('too many 429 error responses'))
cannot unpack non-iterable NoneType object
HTTPSConnectionPool(host='api.materialsproject.org', port=443): Max retries exceeded with url: /materials/core/?deprecated=False&_fields=calc_types&material_ids=mp-973285&_limit=1000 (Caused by ResponseError('too many 429 error responses'))
cannot unpack non-iterable NoneType object
cannot unpack non-iterable NoneType object
HTTPSConnectionPool(host='api.materialsproject.org', port=443): Max retries exceeded with url: /materials/core/?deprecated=False&_fields=calc_types&material_ids=mp-865803&_limit=1000 (Caused by ResponseError('too many 429 error responses'))
HTTPSConnectionPool(host='api.materialsproject.org', port=443): Max retries exceeded with url: /materials/tasks/?_fields=last_updated%2Ctask_id&task_ids=mp-1437858&_limit=250 (Caused by ResponseError('too many 429 error responses'))
HTTPSConnectionPool(host='api.materialsproject.org', port=443): Max retries exceeded with url: /materials/tasks/?_fields=last_updated%2Ctask_id&task_ids=mp-1445323&_limit=334 (Caused by ResponseError('too many 429 error responses'))
cannot unpack non-iterable NoneType object
cannot unpack non-iterable NoneType object
HTTPSConnectionPool(host='api.materialsproject.org', port=443): Max retries exceeded with url: /materials/tasks/?_fields=last_updated%2Ctask_id&task_ids=mp-1064118&_limit=167 (Caused by ResponseError('too many 429 error responses'))
HTTPSConnectionPool(host='api.materialsproject.org', port=443): Max retries exceeded with url: /materials/tasks/?_fields=last_updated%2Ctask_id&task_ids=mp-1053599&_limit=334 (Caused by ResponseError('too many 429 error responses'))
HTTPSConnectionPool(host='api.materialsproject.org', port=443): Max retries exceeded with url: /materials/tasks/?_fields=last_updated%2Ctask_id&task_ids=mp-973565&_limit=334 (Caused by ResponseError('too many 429 error responses'))
cannot unpack non-iterable NoneType object
cannot unpack non-iterable NoneType object
cannot unpack non-iterable NoneType object
cannot unpack non-iterable NoneType object
cannot unpack non-iterable NoneType object
cannot unpack non-iterable NoneType object
HTTPSConnectionPool(host='api.materialsproject.org', port=443): Max retries exceeded with url: /materials/tasks/?_fields=last_updated%2Ctask_id&task_ids=mp-1475868&_limit=334 (Caused by ResponseError('too many 429 error responses'))
cannot unpack non-iterable NoneType object
HTTPSConnectionPool(host='api.materialsproject.org', port=443): Max retries exceeded with url: /materials/core/?deprecated=False&_fields=calc_types&material_ids=mp-20744&_limit=1000 (Caused by ResponseError('too many 429 error responses'))
HTTPSConnectionPool(host='api.materialsproject.org', port=443): Max retries exceeded with url: /materials/tasks/?_fields=last_updated%2Ctask_id&task_ids=mp-1003453&_limit=250 (Caused by ResponseError('too many 429 error responses'))
cannot unpack non-iterable NoneType object
cannot unpack non-iterable NoneType object
cannot unpack non-iterable NoneType object
cannot unpack non-iterable NoneType object
cannot unpack non-iterable NoneType object
cannot unpack non-iterable NoneType object
cannot unpack non-iterable NoneType object
HTTPSConnectionPool(host='api.materialsproject.org', port=443): Max retries exceeded with url: /materials/core/?deprecated=False&_fields=calc_types&material_ids=mp-973430&_limit=1000 (Caused by ResponseError('too many 429 error responses'))
HTTPSConnectionPool(host='api.materialsproject.org', port=443): Max retries exceeded with url: /materials/tasks/?_fields=last_updated%2Ctask_id&task_ids=mp-1053572&_limit=334 (Caused by ResponseError('too many 429 error responses'))
cannot unpack non-iterable NoneType object
cannot unpack non-iterable NoneType object
HTTPSConnectionPool(host='api.materialsproject.org', port=443): Max retries exceeded with url: /materials/core/?deprecated=False&_fields=calc_types&material_ids=mp-973256&_limit=1000 (Caused by ResponseError('too many 429 error responses'))
cannot unpack non-iterable NoneType object
HTTPSConnectionPool(host='api.materialsproject.org', port=443): Max retries exceeded with url: /materials/core/?deprecated=False&_fields=calc_types&material_ids=mp-865866&_limit=1000 (Caused by ResponseError('too many 429 error responses'))
HTTPSConnectionPool(host='api.materialsproject.org', port=443): Max retries exceeded with url: /materials/tasks/?_fields=last_updated%2Ctask_id&task_ids=mp-1408733&_limit=334 (Caused by ResponseError('too many 429 error responses'))
cannot unpack non-iterable NoneType object
cannot unpack non-iterable NoneType object
cannot unpack non-iterable NoneType object
cannot unpack non-iterable NoneType object
cannot unpack non-iterable NoneType object
cannot unpack non-iterable NoneType object
HTTPSConnectionPool(host='api.materialsproject.org', port=443): Max retries exceeded with url: /materials/tasks/?_fields=last_updated%2Ctask_id&task_ids=mp-1801495&_limit=250 (Caused by ResponseError('too many 429 error responses'))
HTTPSConnectionPool(host='api.materialsproject.org', port=443): Max retries exceeded with url: /materials/tasks/?_fields=last_updated%2Ctask_id&task_ids=mp-1793899&_limit=250 (Caused by ResponseError('too many 429 error responses'))
cannot unpack non-iterable NoneType object
HTTPSConnectionPool(host='api.materialsproject.org', port=443): Max retries exceeded with url: /materials/core/?deprecated=False&_fields=calc_types&material_ids=mp-973890&_limit=1000 (Caused by ResponseError('too many 429 error responses'))
cannot unpack non-iterable NoneType object
HTTPSConnectionPool(host='api.materialsproject.org', port=443): Max retries exceeded with url: /materials/core/?deprecated=False&_fields=calc_types&material_ids=mp-865840&_limit=1000 (Caused by ResponseError('too many 429 error responses'))
cannot unpack non-iterable NoneType object
HTTPSConnectionPool(host='api.materialsproject.org', port=443): Max retries exceeded with url: /materials/core/?deprecated=False&_fields=calc_types&material_ids=mp-21406&_limit=1000 (Caused by ResponseError('too many 429 error responses'))
cannot unpack non-iterable NoneType object
HTTPSConnectionPool(host='api.materialsproject.org', port=443): Max retries exceeded with url: /materials/core/?deprecated=False&_fields=calc_types&material_ids=mp-973788&_limit=1000 (Caused by ResponseError('too many 429 error responses'))
cannot unpack non-iterable NoneType object
cannot unpack non-iterable NoneType object
cannot unpack non-iterable NoneType object
cannot unpack non-iterable NoneType object
cannot unpack non-iterable NoneType object
cannot unpack non-iterable NoneType object
cannot unpack non-iterable NoneType object
cannot unpack non-iterable NoneType object
HTTPSConnectionPool(host='api.materialsproject.org', port=443): Max retries exceeded with url: /materials/core/?deprecated=False&_fields=calc_types&material_ids=mp-973779&_limit=1000 (Caused by ResponseError('too many 429 error responses'))
HTTPSConnectionPool(host='api.materialsproject.org', port=443): Max retries exceeded with url: /materials/tasks/?_fields=last_updated%2Ctask_id&task_ids=mp-1432583&_limit=250 (Caused by ResponseError('too many 429 error responses'))
cannot unpack non-iterable NoneType object
HTTPSConnectionPool(host='api.materialsproject.org', port=443): Max retries exceeded with url: /materials/core/?deprecated=False&_fields=calc_types&material_ids=mp-973910&_limit=1000 (Caused by ResponseError('too many 429 error responses'))
cannot unpack non-iterable NoneType object
HTTPSConnectionPool(host='api.materialsproject.org', port=443): Max retries exceeded with url: /materials/core/?deprecated=False&_fields=calc_types&material_ids=mp-21725&_limit=1000 (Caused by ResponseError('too many 429 error responses'))
HTTPSConnectionPool(host='api.materialsproject.org', port=443): Max retries exceeded with url: /materials/tasks/?_fields=last_updated%2Ctask_id&task_ids=mp-1003489&_limit=250 (Caused by ResponseError('too many 429 error responses'))
cannot unpack non-iterable NoneType object
cannot unpack non-iterable NoneType object
cannot unpack non-iterable NoneType object
cannot unpack non-iterable NoneType object
cannot unpack non-iterable NoneType object
cannot unpack non-iterable NoneType object
HTTPSConnectionPool(host='api.materialsproject.org', port=443): Max retries exceeded with url: /materials/tasks/?_fields=last_updated%2Ctask_id&task_ids=mp-1800979&_limit=333 (Caused by ResponseError('too many 429 error responses'))
HTTPSConnectionPool(host='api.materialsproject.org', port=443): Max retries exceeded with url: /materials/tasks/?_fields=last_updated%2Ctask_id&task_ids=mp-992423&_limit=333 (Caused by ResponseError('too many 429 error responses'))
cannot unpack non-iterable NoneType object
HTTPSConnectionPool(host='api.materialsproject.org', port=443): Max retries exceeded with url: /materials/core/?deprecated=False&_fields=calc_types&material_ids=mp-973951&_limit=1000 (Caused by ResponseError('too many 429 error responses'))
cannot unpack non-iterable NoneType object
HTTPSConnectionPool(host='api.materialsproject.org', port=443): Max retries exceeded with url: /materials/core/?deprecated=False&_fields=calc_types&material_ids=mp-21683&_limit=1000 (Caused by ResponseError('too many 429 error responses'))
cannot unpack non-iterable NoneType object
HTTPSConnectionPool(host='api.materialsproject.org', port=443): Max retries exceeded with url: /materials/core/?deprecated=False&_fields=calc_types&material_ids=mp-865878&_limit=1000 (Caused by ResponseError('too many 429 error responses'))
cannot unpack non-iterable NoneType object
HTTPSConnectionPool(host='api.materialsproject.org', port=443): Max retries exceeded with url: /materials/core/?deprecated=False&_fields=calc_types&material_ids=mp-974221&_limit=1000 (Caused by ResponseError('too many 429 error responses'))
cannot unpack non-iterable NoneType object
cannot unpack non-iterable NoneType object
cannot unpack non-iterable NoneType object
cannot unpack non-iterable NoneType object
cannot unpack non-iterable NoneType object
cannot unpack non-iterable NoneType object
cannot unpack non-iterable NoneType object
cannot unpack non-iterable NoneType object
cannot unpack non-iterable NoneType object
cannot unpack non-iterable NoneType object
HTTPSConnectionPool(host='api.materialsproject.org', port=443): Max retries exceeded with url: /materials/tasks/?_fields=last_updated%2Ctask_id&task_ids=mp-1065120&_limit=200 (Caused by ResponseError('too many 429 error responses'))
cannot unpack non-iterable NoneType object
HTTPSConnectionPool(host='api.materialsproject.org', port=443): Max retries exceeded with url: /materials/core/?deprecated=False&_fields=calc_types&material_ids=mp-865862&_limit=1000 (Caused by ResponseError('too many 429 error responses'))
cannot unpack non-iterable NoneType object
HTTPSConnectionPool(host='api.materialsproject.org', port=443): Max retries exceeded with url: /materials/core/?deprecated=False&_fields=calc_types&material_ids=mp-973841&_limit=1000 (Caused by ResponseError('too many 429 error responses'))
cannot unpack non-iterable NoneType object
cannot unpack non-iterable NoneType object
cannot unpack non-iterable NoneType object
cannot unpack non-iterable NoneType object
cannot unpack non-iterable NoneType object
cannot unpack non-iterable NoneType object
cannot unpack non-iterable NoneType object
cannot unpack non-iterable NoneType object
cannot unpack non-iterable NoneType object
cannot unpack non-iterable NoneType object
HTTPSConnectionPool(host='api.materialsproject.org', port=443): Max retries exceeded with url: /materials/core/?deprecated=False&_fields=calc_types&material_ids=mp-22382&_limit=1000 (Caused by ResponseError('too many 429 error responses'))
cannot unpack non-iterable NoneType object
HTTPSConnectionPool(host='api.materialsproject.org', port=443): Max retries exceeded with url: /materials/core/?deprecated=False&_fields=calc_types&material_ids=mp-865898&_limit=1000 (Caused by ResponseError('too many 429 error responses'))
cannot unpack non-iterable NoneType object
HTTPSConnectionPool(host='api.materialsproject.org', port=443): Max retries exceeded with url: /materials/core/?deprecated=False&_fields=calc_types&material_ids=mp-973874&_limit=1000 (Caused by ResponseError('too many 429 error responses'))
cannot unpack non-iterable NoneType object
HTTPSConnectionPool(host='api.materialsproject.org', port=443): Max retries exceeded with url: /materials/core/?deprecated=False&_fields=calc_types&material_ids=mp-22680&_limit=1000 (Caused by ResponseError('too many 429 error responses'))
cannot unpack non-iterable NoneType object
HTTPSConnectionPool(host='api.materialsproject.org', port=443): Max retries exceeded with url: /materials/core/?deprecated=False&_fields=calc_types&material_ids=mp-865885&_limit=1000 (Caused by ResponseError('too many 429 error responses'))
cannot unpack non-iterable NoneType object
HTTPSConnectionPool(host='api.materialsproject.org', port=443): Max retries exceeded with url: /materials/core/?deprecated=False&_fields=calc_types&material_ids=mp-973894&_limit=1000 (Caused by ResponseError('too many 429 error responses'))
cannot unpack non-iterable NoneType object
cannot unpack non-iterable NoneType object
cannot unpack non-iterable NoneType object
cannot unpack non-iterable NoneType object
cannot unpack non-iterable NoneType object
HTTPSConnectionPool(host='api.materialsproject.org', port=443): Max retries exceeded with url: /materials/core/?deprecated=False&_fields=calc_types&material_ids=mp-974059&_limit=1000 (Caused by ResponseError('too many 429 error responses'))
cannot unpack non-iterable NoneType object
HTTPSConnectionPool(host='api.materialsproject.org', port=443): Max retries exceeded with url: /materials/core/?deprecated=False&_fields=calc_types&material_ids=mp-865921&_limit=1000 (Caused by ResponseError('too many 429 error responses'))
HTTPSConnectionPool(host='api.materialsproject.org', port=443): Max retries exceeded with url: /materials/tasks/?_fields=last_updated%2Ctask_id&task_ids=mp-1935232&_limit=200 (Caused by ResponseError('too many 429 error responses'))
cannot unpack non-iterable NoneType object
HTTPSConnectionPool(host='api.materialsproject.org', port=443): Max retries exceeded with url: /materials/core/?deprecated=False&_fields=calc_types&material_ids=mp-973893&_limit=1000 (Caused by ResponseError('too many 429 error responses'))
cannot unpack non-iterable NoneType object
HTTPSConnectionPool(host='api.materialsproject.org', port=443): Max retries exceeded with url: /materials/core/?deprecated=False&_fields=calc_types&material_ids=mp-865915&_limit=1000 (Caused by ResponseError('too many 429 error responses'))
cannot unpack non-iterable NoneType object
HTTPSConnectionPool(host='api.materialsproject.org', port=443): Max retries exceeded with url: /materials/core/?deprecated=False&_fields=calc_types&material_ids=mp-23036&_limit=1000 (Caused by ResponseError('too many 429 error responses'))
cannot unpack non-iterable NoneType object
cannot unpack non-iterable NoneType object
cannot unpack non-iterable NoneType object
HTTPSConnectionPool(host='api.materialsproject.org', port=443): Max retries exceeded with url: /materials/tasks/?_fields=last_updated%2Ctask_id&task_ids=mp-1445596&_limit=334 (Caused by ResponseError('too many 429 error responses'))
HTTPSConnectionPool(host='api.materialsproject.org', port=443): Max retries exceeded with url: /materials/tasks/?_fields=last_updated%2Ctask_id&task_ids=mp-1003493&_limit=250 (Caused by ResponseError('too many 429 error responses'))
HTTPSConnectionPool(host='api.materialsproject.org', port=443): Max retries exceeded with url: /materials/tasks/?_fields=last_updated%2Ctask_id&task_ids=mp-1425305&_limit=334 (Caused by ResponseError('too many 429 error responses'))
cannot unpack non-iterable NoneType object
cannot unpack non-iterable NoneType object
cannot unpack non-iterable NoneType object
cannot unpack non-iterable NoneType object
cannot unpack non-iterable NoneType object
cannot unpack non-iterable NoneType object
cannot unpack non-iterable NoneType object
HTTPSConnectionPool(host='api.materialsproject.org', port=443): Max retries exceeded with url: /materials/core/?deprecated=False&_fields=calc_types&material_ids=mp-974642&_limit=1000 (Caused by ResponseError('too many 429 error responses'))
HTTPSConnectionPool(host='api.materialsproject.org', port=443): Max retries exceeded with url: /materials/tasks/?_fields=last_updated%2Ctask_id&task_ids=mp-1434086&_limit=334 (Caused by ResponseError('too many 429 error responses'))
HTTPSConnectionPool(host='api.materialsproject.org', port=443): Max retries exceeded with url: /materials/tasks/?_fields=last_updated%2Ctask_id&task_ids=mp-1003504&_limit=250 (Caused by ResponseError('too many 429 error responses'))
cannot unpack non-iterable NoneType object
cannot unpack non-iterable NoneType object
cannot unpack non-iterable NoneType object
cannot unpack non-iterable NoneType object
cannot unpack non-iterable NoneType object
cannot unpack non-iterable NoneType object
cannot unpack non-iterable NoneType object
cannot unpack non-iterable NoneType object
cannot unpack non-iterable NoneType object
cannot unpack non-iterable NoneType object
cannot unpack non-iterable NoneType object
cannot unpack non-iterable NoneType object
cannot unpack non-iterable NoneType object
cannot unpack non-iterable NoneType object
cannot unpack non-iterable NoneType object
cannot unpack non-iterable NoneType object
cannot unpack non-iterable NoneType object
HTTPSConnectionPool(host='api.materialsproject.org', port=443): Max retries exceeded with url: /materials/tasks/?_fields=last_updated%2Ctask_id&task_ids=mp-934786&_limit=250 (Caused by ResponseError('too many 429 error responses'))
cannot unpack non-iterable NoneType object
cannot unpack non-iterable NoneType object
cannot unpack non-iterable NoneType object
HTTPSConnectionPool(host='api.materialsproject.org', port=443): Max retries exceeded with url: /materials/tasks/?_fields=last_updated%2Ctask_id&task_ids=mp-1416109&_limit=334 (Caused by ResponseError('too many 429 error responses'))
HTTPSConnectionPool(host='api.materialsproject.org', port=443): Max retries exceeded with url: /materials/tasks/?_fields=last_updated%2Ctask_id&task_ids=mp-1053741&_limit=334 (Caused by ResponseError('too many 429 error responses'))
cannot unpack non-iterable NoneType object
HTTPSConnectionPool(host='api.materialsproject.org', port=443): Max retries exceeded with url: /materials/core/?deprecated=False&_fields=calc_types&material_ids=mp-974943&_limit=1000 (Caused by ResponseError('too many 429 error responses'))
cannot unpack non-iterable NoneType object
cannot unpack non-iterable NoneType object
cannot unpack non-iterable NoneType object
cannot unpack non-iterable NoneType object
cannot unpack non-iterable NoneType object
cannot unpack non-iterable NoneType object
HTTPSConnectionPool(host='api.materialsproject.org', port=443): Max retries exceeded with url: /materials/core/?deprecated=False&_fields=calc_types&material_ids=mp-974638&_limit=1000 (Caused by ResponseError('too many 429 error responses'))
HTTPSConnectionPool(host='api.materialsproject.org', port=443): Max retries exceeded with url: /materials/tasks/?_fields=last_updated%2Ctask_id&task_ids=mp-1436074&_limit=250 (Caused by ResponseError('too many 429 error responses'))
HTTPSConnectionPool(host='api.materialsproject.org', port=443): Max retries exceeded with url: /materials/tasks/?_fields=last_updated%2Ctask_id&task_ids=mp-1053625&_limit=334 (Caused by ResponseError('too many 429 error responses'))
cannot unpack non-iterable NoneType object
cannot unpack non-iterable NoneType object
cannot unpack non-iterable NoneType object
cannot unpack non-iterable NoneType object
cannot unpack non-iterable NoneType object
cannot unpack non-iterable NoneType object
cannot unpack non-iterable NoneType object
HTTPSConnectionPool(host='api.materialsproject.org', port=443): Max retries exceeded with url: /materials/core/?deprecated=False&_fields=calc_types&material_ids=mp-865935&_limit=1000 (Caused by ResponseError('too many 429 error responses'))
cannot unpack non-iterable NoneType object
cannot unpack non-iterable NoneType object
cannot unpack non-iterable NoneType object
cannot unpack non-iterable NoneType object
cannot unpack non-iterable NoneType object
cannot unpack non-iterable NoneType object
cannot unpack non-iterable NoneType object
HTTPSConnectionPool(host='api.materialsproject.org', port=443): Max retries exceeded with url: /materials/core/?deprecated=False&_fields=calc_types&material_ids=mp-23471&_limit=1000 (Caused by ResponseError('too many 429 error responses'))
cannot unpack non-iterable NoneType object
HTTPSConnectionPool(host='api.materialsproject.org', port=443): Max retries exceeded with url: /materials/core/?deprecated=False&_fields=calc_types&material_ids=mp-974708&_limit=1000 (Caused by ResponseError('too many 429 error responses'))
HTTPSConnectionPool(host='api.materialsproject.org', port=443): Max retries exceeded with url: /materials/tasks/?_fields=last_updated%2Ctask_id&task_ids=mp-1053773&_limit=334 (Caused by ResponseError('too many 429 error responses'))
cannot unpack non-iterable NoneType object
cannot unpack non-iterable NoneType object
cannot unpack non-iterable NoneType object
cannot unpack non-iterable NoneType object
cannot unpack non-iterable NoneType object
cannot unpack non-iterable NoneType object
cannot unpack non-iterable NoneType object
cannot unpack non-iterable NoneType object
cannot unpack non-iterable NoneType object
HTTPSConnectionPool(host='api.materialsproject.org', port=443): Max retries exceeded with url: /materials/core/?deprecated=False&_fields=calc_types&material_ids=mp-23350&_limit=1000 (Caused by ResponseError('too many 429 error responses'))
cannot unpack non-iterable NoneType object
HTTPSConnectionPool(host='api.materialsproject.org', port=443): Max retries exceeded with url: /materials/core/?deprecated=False&_fields=calc_types&material_ids=mp-974634&_limit=1000 (Caused by ResponseError('too many 429 error responses'))
cannot unpack non-iterable NoneType object
HTTPSConnectionPool(host='api.materialsproject.org', port=443): Max retries exceeded with url: /materials/core/?deprecated=False&_fields=calc_types&material_ids=mp-865958&_limit=1000 (Caused by ResponseError('too many 429 error responses'))
cannot unpack non-iterable NoneType object
HTTPSConnectionPool(host='api.materialsproject.org', port=443): Max retries exceeded with url: /materials/core/?deprecated=False&_fields=calc_types&material_ids=mp-23406&_limit=1000 (Caused by ResponseError('too many 429 error responses'))
cannot unpack non-iterable NoneType object
cannot unpack non-iterable NoneType object
cannot unpack non-iterable NoneType object
cannot unpack non-iterable NoneType object
cannot unpack non-iterable NoneType object
cannot unpack non-iterable NoneType object
cannot unpack non-iterable NoneType object
HTTPSConnectionPool(host='api.materialsproject.org', port=443): Max retries exceeded with url: /materials/tasks/?_fields=last_updated%2Ctask_id&task_ids=mp-2278657&_limit=250 (Caused by ResponseError('too many 429 error responses'))
cannot unpack non-iterable NoneType object
HTTPSConnectionPool(host='api.materialsproject.org', port=443): Max retries exceeded with url: /materials/core/?deprecated=False&_fields=calc_types&material_ids=mp-975769&_limit=1000 (Caused by ResponseError('too many 429 error responses'))
cannot unpack non-iterable NoneType object
cannot unpack non-iterable NoneType object
cannot unpack non-iterable NoneType object
HTTPSConnectionPool(host='api.materialsproject.org', port=443): Max retries exceeded with url: /materials/tasks/?_fields=last_updated%2Ctask_id&task_ids=mp-1053904&_limit=334 (Caused by ResponseError('too many 429 error responses'))
HTTPSConnectionPool(host='api.materialsproject.org', port=443): Max retries exceeded with url: /materials/tasks/?_fields=last_updated%2Ctask_id&task_ids=mp-1419968&_limit=334 (Caused by ResponseError('too many 429 error responses'))
HTTPSConnectionPool(host='api.materialsproject.org', port=443): Max retries exceeded with url: /materials/tasks/?_fields=last_updated%2Ctask_id&task_ids=mp-1475675&_limit=250 (Caused by ResponseError('too many 429 error responses'))
cannot unpack non-iterable NoneType object
cannot unpack non-iterable NoneType object
cannot unpack non-iterable NoneType object
HTTPSConnectionPool(host='api.materialsproject.org', port=443): Max retries exceeded with url: /materials/tasks/?_fields=last_updated%2Ctask_id&task_ids=mp-1434670&_limit=334 (Caused by ResponseError('too many 429 error responses'))
HTTPSConnectionPool(host='api.materialsproject.org', port=443): Max retries exceeded with url: /materials/tasks/?_fields=last_updated%2Ctask_id&task_ids=mp-1400793&_limit=334 (Caused by ResponseError('too many 429 error responses'))
HTTPSConnectionPool(host='api.materialsproject.org', port=443): Max retries exceeded with url: /materials/tasks/?_fields=last_updated%2Ctask_id&task_ids=mp-1053798&_limit=334 (Caused by ResponseError('too many 429 error responses'))
cannot unpack non-iterable NoneType object
cannot unpack non-iterable NoneType object
cannot unpack non-iterable NoneType object
cannot unpack non-iterable NoneType object
cannot unpack non-iterable NoneType object
cannot unpack non-iterable NoneType object
HTTPSConnectionPool(host='api.materialsproject.org', port=443): Max retries exceeded with url: /materials/core/?deprecated=False&_fields=calc_types&material_ids=mp-865951&_limit=1000 (Caused by ResponseError('too many 429 error responses'))
cannot unpack non-iterable NoneType object
HTTPSConnectionPool(host='api.materialsproject.org', port=443): Max retries exceeded with url: /materials/core/?deprecated=False&_fields=calc_types&material_ids=mp-27508&_limit=1000 (Caused by ResponseError('too many 429 error responses'))
cannot unpack non-iterable NoneType object
HTTPSConnectionPool(host='api.materialsproject.org', port=443): Max retries exceeded with url: /materials/core/?deprecated=False&_fields=calc_types&material_ids=mp-975972&_limit=1000 (Caused by ResponseError('too many 429 error responses'))
cannot unpack non-iterable NoneType object
cannot unpack non-iterable NoneType object
cannot unpack non-iterable NoneType object
cannot unpack non-iterable NoneType object
cannot unpack non-iterable NoneType object
cannot unpack non-iterable NoneType object
cannot unpack non-iterable NoneType object
cannot unpack non-iterable NoneType object
HTTPSConnectionPool(host='api.materialsproject.org', port=443): Max retries exceeded with url: /materials/tasks/?_fields=last_updated%2Ctask_id&task_ids=mp-975937&_limit=333 (Caused by ResponseError('too many 429 error responses'))
cannot unpack non-iterable NoneType object
HTTPSConnectionPool(host='api.materialsproject.org', port=443): Max retries exceeded with url: /materials/core/?deprecated=False&_fields=calc_types&material_ids=mp-865974&_limit=1000 (Caused by ResponseError('too many 429 error responses'))
cannot unpack non-iterable NoneType object
HTTPSConnectionPool(host='api.materialsproject.org', port=443): Max retries exceeded with url: /materials/core/?deprecated=False&_fields=calc_types&material_ids=mp-27826&_limit=1000 (Caused by ResponseError('too many 429 error responses'))
HTTPSConnectionPool(host='api.materialsproject.org', port=443): Max retries exceeded with url: /materials/tasks/?_fields=last_updated%2Ctask_id&task_ids=mp-1802337&_limit=333 (Caused by ResponseError('too many 429 error responses'))
cannot unpack non-iterable NoneType object
cannot unpack non-iterable NoneType object
cannot unpack non-iterable NoneType object
cannot unpack non-iterable NoneType object
cannot unpack non-iterable NoneType object
cannot unpack non-iterable NoneType object
HTTPSConnectionPool(host='api.materialsproject.org', port=443): Max retries exceeded with url: /materials/tasks/?_fields=last_updated%2Ctask_id&task_ids=mp-1399204&_limit=334 (Caused by ResponseError('too many 429 error responses'))
cannot unpack non-iterable NoneType object
HTTPSConnectionPool(host='api.materialsproject.org', port=443): Max retries exceeded with url: /materials/core/?deprecated=False&_fields=calc_types&material_ids=mp-865952&_limit=1000 (Caused by ResponseError('too many 429 error responses'))
cannot unpack non-iterable NoneType object
HTTPSConnectionPool(host='api.materialsproject.org', port=443): Max retries exceeded with url: /materials/core/?deprecated=False&_fields=calc_types&material_ids=mp-27835&_limit=1000 (Caused by ResponseError('too many 429 error responses'))
cannot unpack non-iterable NoneType object
HTTPSConnectionPool(host='api.materialsproject.org', port=443): Max retries exceeded with url: /materials/core/?deprecated=False&_fields=calc_types&material_ids=mp-976032&_limit=1000 (Caused by ResponseError('too many 429 error responses'))
cannot unpack non-iterable NoneType object
HTTPSConnectionPool(host='api.materialsproject.org', port=443): Max retries exceeded with url: /materials/core/?deprecated=False&_fields=calc_types&material_ids=mp-27831&_limit=1000 (Caused by ResponseError('too many 429 error responses'))
cannot unpack non-iterable NoneType object
HTTPSConnectionPool(host='api.materialsproject.org', port=443): Max retries exceeded with url: /materials/core/?deprecated=False&_fields=calc_types&material_ids=mp-865983&_limit=1000 (Caused by ResponseError('too many 429 error responses'))
cannot unpack non-iterable NoneType object
cannot unpack non-iterable NoneType object
cannot unpack non-iterable NoneType object
cannot unpack non-iterable NoneType object
cannot unpack non-iterable NoneType object
cannot unpack non-iterable NoneType object
HTTPSConnectionPool(host='api.materialsproject.org', port=443): Max retries exceeded with url: /materials/tasks/?_fields=last_updated%2Ctask_id&task_ids=mp-1442558&_limit=334 (Caused by ResponseError('too many 429 error responses'))
HTTPSConnectionPool(host='api.materialsproject.org', port=443): Max retries exceeded with url: /materials/tasks/?_fields=last_updated%2Ctask_id&task_ids=mp-1053931&_limit=334 (Caused by ResponseError('too many 429 error responses'))
cannot unpack non-iterable NoneType object
HTTPSConnectionPool(host='api.materialsproject.org', port=443): Max retries exceeded with url: /materials/core/?deprecated=False&_fields=calc_types&material_ids=mp-975893&_limit=1000 (Caused by ResponseError('too many 429 error responses'))
cannot unpack non-iterable NoneType object
cannot unpack non-iterable NoneType object
cannot unpack non-iterable NoneType object
cannot unpack non-iterable NoneType object
cannot unpack non-iterable NoneType object
cannot unpack non-iterable NoneType object
HTTPSConnectionPool(host='api.materialsproject.org', port=443): Max retries exceeded with url: /materials/core/?deprecated=False&_fields=calc_types&material_ids=mp-976129&_limit=1000 (Caused by ResponseError('too many 429 error responses'))
cannot unpack non-iterable NoneType object
HTTPSConnectionPool(host='api.materialsproject.org', port=443): Max retries exceeded with url: /materials/core/?deprecated=False&_fields=calc_types&material_ids=mp-27832&_limit=1000 (Caused by ResponseError('too many 429 error responses'))
cannot unpack non-iterable NoneType object
HTTPSConnectionPool(host='api.materialsproject.org', port=443): Max retries exceeded with url: /materials/core/?deprecated=False&_fields=calc_types&material_ids=mp-866000&_limit=1000 (Caused by ResponseError('too many 429 error responses'))
cannot unpack non-iterable NoneType object
cannot unpack non-iterable NoneType object
cannot unpack non-iterable NoneType object
cannot unpack non-iterable NoneType object
cannot unpack non-iterable NoneType object
HTTPSConnectionPool(host='api.materialsproject.org', port=443): Max retries exceeded with url: /materials/tasks/?_fields=last_updated%2Ctask_id&task_ids=mp-1428466&_limit=250 (Caused by ResponseError('too many 429 error responses'))
HTTPSConnectionPool(host='api.materialsproject.org', port=443): Max retries exceeded with url: /materials/tasks/?_fields=last_updated%2Ctask_id&task_ids=mp-1383740&_limit=334 (Caused by ResponseError('too many 429 error responses'))
cannot unpack non-iterable NoneType object
HTTPSConnectionPool(host='api.materialsproject.org', port=443): Max retries exceeded with url: /materials/core/?deprecated=False&_fields=calc_types&material_ids=mp-866019&_limit=1000 (Caused by ResponseError('too many 429 error responses'))
cannot unpack non-iterable NoneType object
cannot unpack non-iterable NoneType object
cannot unpack non-iterable NoneType object
cannot unpack non-iterable NoneType object
cannot unpack non-iterable NoneType object
cannot unpack non-iterable NoneType object
HTTPSConnectionPool(host='api.materialsproject.org', port=443): Max retries exceeded with url: /materials/tasks/?_fields=last_updated%2Ctask_id&task_ids=mp-1405633&_limit=334 (Caused by ResponseError('too many 429 error responses'))
HTTPSConnectionPool(host='api.materialsproject.org', port=443): Max retries exceeded with url: /materials/tasks/?_fields=last_updated%2Ctask_id&task_ids=mp-1003557&_limit=250 (Caused by ResponseError('too many 429 error responses'))
cannot unpack non-iterable NoneType object
HTTPSConnectionPool(host='api.materialsproject.org', port=443): Max retries exceeded with url: /materials/core/?deprecated=False&_fields=calc_types&material_ids=mp-2987&_limit=1000 (Caused by ResponseError('too many 429 error responses'))
cannot unpack non-iterable NoneType object
cannot unpack non-iterable NoneType object
cannot unpack non-iterable NoneType object
HTTPSConnectionPool(host='api.materialsproject.org', port=443): Max retries exceeded with url: /materials/tasks/?_fields=last_updated%2Ctask_id&task_ids=mp-975922&_limit=333 (Caused by ResponseError('too many 429 error responses'))
cannot unpack non-iterable NoneType object
cannot unpack non-iterable NoneType object
cannot unpack non-iterable NoneType object
cannot unpack non-iterable NoneType object
cannot unpack non-iterable NoneType object
cannot unpack non-iterable NoneType object
cannot unpack non-iterable NoneType object
cannot unpack non-iterable NoneType object
HTTPSConnectionPool(host='api.materialsproject.org', port=443): Max retries exceeded with url: /materials/core/?deprecated=False&_fields=calc_types&material_ids=mp-866029&_limit=1000 (Caused by ResponseError('too many 429 error responses'))
cannot unpack non-iterable NoneType object
HTTPSConnectionPool(host='api.materialsproject.org', port=443): Max retries exceeded with url: /materials/core/?deprecated=False&_fields=calc_types&material_ids=mp-976182&_limit=1000 (Caused by ResponseError('too many 429 error responses'))
cannot unpack non-iterable NoneType object
HTTPSConnectionPool(host='api.materialsproject.org', port=443): Max retries exceeded with url: /materials/core/?deprecated=False&_fields=calc_types&material_ids=mp-866005&_limit=1000 (Caused by ResponseError('too many 429 error responses'))
cannot unpack non-iterable NoneType object
HTTPSConnectionPool(host='api.materialsproject.org', port=443): Max retries exceeded with url: /materials/core/?deprecated=False&_fields=calc_types&material_ids=mp-976260&_limit=1000 (Caused by ResponseError('too many 429 error responses'))
cannot unpack non-iterable NoneType object
HTTPSConnectionPool(host='api.materialsproject.org', port=443): Max retries exceeded with url: /materials/core/?deprecated=False&_fields=calc_types&material_ids=mp-29724&_limit=1000 (Caused by ResponseError('too many 429 error responses'))
cannot unpack non-iterable NoneType object
HTTPSConnectionPool(host='api.materialsproject.org', port=443): Max retries exceeded with url: /materials/core/?deprecated=False&_fields=calc_types&material_ids=mp-30044&_limit=1000 (Caused by ResponseError('too many 429 error responses'))
cannot unpack non-iterable NoneType object
HTTPSConnectionPool(host='api.materialsproject.org', port=443): Max retries exceeded with url: /materials/core/?deprecated=False&_fields=calc_types&material_ids=mp-866016&_limit=1000 (Caused by ResponseError('too many 429 error responses'))
cannot unpack non-iterable NoneType object
HTTPSConnectionPool(host='api.materialsproject.org', port=443): Max retries exceeded with url: /materials/core/?deprecated=False&_fields=calc_types&material_ids=mp-976344&_limit=1000 (Caused by ResponseError('too many 429 error responses'))
cannot unpack non-iterable NoneType object
cannot unpack non-iterable NoneType object
cannot unpack non-iterable NoneType object
cannot unpack non-iterable NoneType object
cannot unpack non-iterable NoneType object
cannot unpack non-iterable NoneType object
HTTPSConnectionPool(host='api.materialsproject.org', port=443): Max retries exceeded with url: /materials/tasks/?_fields=last_updated%2Ctask_id&task_ids=mp-1432706&_limit=334 (Caused by ResponseError('too many 429 error responses'))
cannot unpack non-iterable NoneType object
cannot unpack non-iterable NoneType object
HTTPSConnectionPool(host='api.materialsproject.org', port=443): Max retries exceeded with url: /materials/core/?deprecated=False&_fields=calc_types&material_ids=mp-30374&_limit=1000 (Caused by ResponseError('too many 429 error responses'))
cannot unpack non-iterable NoneType object
cannot unpack non-iterable NoneType object
cannot unpack non-iterable NoneType object
cannot unpack non-iterable NoneType object
cannot unpack non-iterable NoneType object
HTTPSConnectionPool(host='api.materialsproject.org', port=443): Max retries exceeded with url: /materials/tasks/?_fields=last_updated%2Ctask_id&task_ids=mp-1431326&_limit=334 (Caused by ResponseError('too many 429 error responses'))
cannot unpack non-iterable NoneType object
HTTPSConnectionPool(host='api.materialsproject.org', port=443): Max retries exceeded with url: /materials/core/?deprecated=False&_fields=calc_types&material_ids=mp-30062&_limit=1000 (Caused by ResponseError('too many 429 error responses'))
HTTPSConnectionPool(host='api.materialsproject.org', port=443): Max retries exceeded with url: /materials/tasks/?_fields=last_updated%2Ctask_id&task_ids=mp-1054067&_limit=334 (Caused by ResponseError('too many 429 error responses'))
cannot unpack non-iterable NoneType object
cannot unpack non-iterable NoneType object
cannot unpack non-iterable NoneType object
cannot unpack non-iterable NoneType object
cannot unpack non-iterable NoneType object
cannot unpack non-iterable NoneType object
cannot unpack non-iterable NoneType object
cannot unpack non-iterable NoneType object
HTTPSConnectionPool(host='api.materialsproject.org', port=443): Max retries exceeded with url: /materials/tasks/?_fields=last_updated%2Ctask_id&task_ids=mp-1054040&_limit=250 (Caused by ResponseError('too many 429 error responses'))
cannot unpack non-iterable NoneType object
cannot unpack non-iterable NoneType object
HTTPSConnectionPool(host='api.materialsproject.org', port=443): Max retries exceeded with url: /materials/tasks/?_fields=last_updated%2Ctask_id&task_ids=mp-1475970&_limit=250 (Caused by ResponseError('too many 429 error responses'))
cannot unpack non-iterable NoneType object
HTTPSConnectionPool(host='api.materialsproject.org', port=443): Max retries exceeded with url: /materials/core/?deprecated=False&_fields=calc_types&material_ids=mp-866085&_limit=1000 (Caused by ResponseError('too many 429 error responses'))
HTTPSConnectionPool(host='api.materialsproject.org', port=443): Max retries exceeded with url: /materials/tasks/?_fields=last_updated%2Ctask_id&task_ids=mp-1431118&_limit=334 (Caused by ResponseError('too many 429 error responses'))
cannot unpack non-iterable NoneType object
HTTPSConnectionPool(host='api.materialsproject.org', port=443): Max retries exceeded with url: /materials/core/?deprecated=False&_fields=calc_types&material_ids=mp-30227&_limit=1000 (Caused by ResponseError('too many 429 error responses'))
cannot unpack non-iterable NoneType object
HTTPSConnectionPool(host='api.materialsproject.org', port=443): Max retries exceeded with url: /materials/core/?deprecated=False&_fields=calc_types&material_ids=mp-866064&_limit=1000 (Caused by ResponseError('too many 429 error responses'))
cannot unpack non-iterable NoneType object
HTTPSConnectionPool(host='api.materialsproject.org', port=443): Max retries exceeded with url: /materials/core/?deprecated=False&_fields=calc_types&material_ids=mp-976598&_limit=1000 (Caused by ResponseError('too many 429 error responses'))
cannot unpack non-iterable NoneType object
cannot unpack non-iterable NoneType object
cannot unpack non-iterable NoneType object
cannot unpack non-iterable NoneType object
cannot unpack non-iterable NoneType object
cannot unpack non-iterable NoneType object
HTTPSConnectionPool(host='api.materialsproject.org', port=443): Max retries exceeded with url: /materials/tasks/?_fields=last_updated%2Ctask_id&task_ids=mp-1800594&_limit=250 (Caused by ResponseError('too many 429 error responses'))
cannot unpack non-iterable NoneType object
HTTPSConnectionPool(host='api.materialsproject.org', port=443): Max retries exceeded with url: /materials/core/?deprecated=False&_fields=calc_types&material_ids=mp-866071&_limit=1000 (Caused by ResponseError('too many 429 error responses'))
HTTPSConnectionPool(host='api.materialsproject.org', port=443): Max retries exceeded with url: /materials/tasks/?_fields=last_updated%2Ctask_id&task_ids=mp-1799486&_limit=333 (Caused by ResponseError('too many 429 error responses'))
cannot unpack non-iterable NoneType object
cannot unpack non-iterable NoneType object
HTTPSConnectionPool(host='api.materialsproject.org', port=443): Max retries exceeded with url: /materials/tasks/?_fields=last_updated%2Ctask_id&task_ids=mp-1054022&_limit=334 (Caused by ResponseError('too many 429 error responses'))
HTTPSConnectionPool(host='api.materialsproject.org', port=443): Max retries exceeded with url: /materials/tasks/?_fields=last_updated%2Ctask_id&task_ids=mp-1441436&_limit=250 (Caused by ResponseError('too many 429 error responses'))
cannot unpack non-iterable NoneType object
HTTPSConnectionPool(host='api.materialsproject.org', port=443): Max retries exceeded with url: /materials/tasks/?_fields=last_updated%2Ctask_id&task_ids=mp-1415026&_limit=334 (Caused by ResponseError('too many 429 error responses'))
cannot unpack non-iterable NoneType object
cannot unpack non-iterable NoneType object
cannot unpack non-iterable NoneType object
cannot unpack non-iterable NoneType object
cannot unpack non-iterable NoneType object
HTTPSConnectionPool(host='api.materialsproject.org', port=443): Max retries exceeded with url: /materials/tasks/?_fields=last_updated%2Ctask_id&task_ids=mp-1394492&_limit=500 (Caused by ResponseError('too many 429 error responses'))
cannot unpack non-iterable NoneType object
HTTPSConnectionPool(host='api.materialsproject.org', port=443): Max retries exceeded with url: /materials/core/?deprecated=False&_fields=calc_types&material_ids=mp-30727&_limit=1000 (Caused by ResponseError('too many 429 error responses'))
cannot unpack non-iterable NoneType object
HTTPSConnectionPool(host='api.materialsproject.org', port=443): Max retries exceeded with url: /materials/core/?deprecated=False&_fields=calc_types&material_ids=mp-976236&_limit=1000 (Caused by ResponseError('too many 429 error responses'))
cannot unpack non-iterable NoneType object
cannot unpack non-iterable NoneType object
cannot unpack non-iterable NoneType object
HTTPSConnectionPool(host='api.materialsproject.org', port=443): Max retries exceeded with url: /materials/tasks/?_fields=last_updated%2Ctask_id&task_ids=mp-991937&_limit=250 (Caused by ResponseError('too many 429 error responses'))
cannot unpack non-iterable NoneType object
cannot unpack non-iterable NoneType object
HTTPSConnectionPool(host='api.materialsproject.org', port=443): Max retries exceeded with url: /materials/core/?deprecated=False&_fields=calc_types&material_ids=mp-30648&_limit=1000 (Caused by ResponseError('too many 429 error responses'))
cannot unpack non-iterable NoneType object
HTTPSConnectionPool(host='api.materialsproject.org', port=443): Max retries exceeded with url: /materials/core/?deprecated=False&_fields=calc_types&material_ids=mp-976406&_limit=1000 (Caused by ResponseError('too many 429 error responses'))
cannot unpack non-iterable NoneType object
HTTPSConnectionPool(host='api.materialsproject.org', port=443): Max retries exceeded with url: /materials/core/?deprecated=False&_fields=calc_types&material_ids=mp-866072&_limit=1000 (Caused by ResponseError('too many 429 error responses'))
cannot unpack non-iterable NoneType object
cannot unpack non-iterable NoneType object
cannot unpack non-iterable NoneType object
cannot unpack non-iterable NoneType object
cannot unpack non-iterable NoneType object
cannot unpack non-iterable NoneType object
HTTPSConnectionPool(host='api.materialsproject.org', port=443): Max retries exceeded with url: /materials/tasks/?_fields=last_updated%2Ctask_id&task_ids=mp-1429308&_limit=334 (Caused by ResponseError('too many 429 error responses'))
HTTPSConnectionPool(host='api.materialsproject.org', port=443): Max retries exceeded with url: /materials/tasks/?_fields=last_updated%2Ctask_id&task_ids=mp-1054126&_limit=250 (Caused by ResponseError('too many 429 error responses'))
cannot unpack non-iterable NoneType object
HTTPSConnectionPool(host='api.materialsproject.org', port=443): Max retries exceeded with url: /materials/core/?deprecated=False&_fields=calc_types&material_ids=mp-30439&_limit=1000 (Caused by ResponseError('too many 429 error responses'))
cannot unpack non-iterable NoneType object
cannot unpack non-iterable NoneType object
cannot unpack non-iterable NoneType object
cannot unpack non-iterable NoneType object
cannot unpack non-iterable NoneType object
cannot unpack non-iterable NoneType object
cannot unpack non-iterable NoneType object
cannot unpack non-iterable NoneType object
cannot unpack non-iterable NoneType object
cannot unpack non-iterable NoneType object
HTTPSConnectionPool(host='api.materialsproject.org', port=443): Max retries exceeded with url: /materials/tasks/?_fields=last_updated%2Ctask_id&task_ids=mp-1437654&_limit=250 (Caused by ResponseError('too many 429 error responses'))
HTTPSConnectionPool(host='api.materialsproject.org', port=443): Max retries exceeded with url: /materials/tasks/?_fields=last_updated%2Ctask_id&task_ids=mp-1385628&_limit=334 (Caused by ResponseError('too many 429 error responses'))
cannot unpack non-iterable NoneType object
cannot unpack non-iterable NoneType object
cannot unpack non-iterable NoneType object
HTTPSConnectionPool(host='api.materialsproject.org', port=443): Max retries exceeded with url: /materials/tasks/?_fields=last_updated%2Ctask_id&task_ids=mp-1054069&_limit=334 (Caused by ResponseError('too many 429 error responses'))
HTTPSConnectionPool(host='api.materialsproject.org', port=443): Max retries exceeded with url: /materials/tasks/?_fields=last_updated%2Ctask_id&task_ids=mp-1064378&_limit=200 (Caused by ResponseError('too many 429 error responses'))
cannot unpack non-iterable NoneType object
cannot unpack non-iterable NoneType object
cannot unpack non-iterable NoneType object
cannot unpack non-iterable NoneType object
HTTPSConnectionPool(host='api.materialsproject.org', port=443): Max retries exceeded with url: /materials/tasks/?_fields=last_updated%2Ctask_id&task_ids=mp-1799126&_limit=250 (Caused by ResponseError('too many 429 error responses'))
HTTPSConnectionPool(host='api.materialsproject.org', port=443): Max retries exceeded with url: /materials/tasks/?_fields=last_updated%2Ctask_id&task_ids=mp-1054002&_limit=334 (Caused by ResponseError('too many 429 error responses'))
cannot unpack non-iterable NoneType object
HTTPSConnectionPool(host='api.materialsproject.org', port=443): Max retries exceeded with url: /materials/core/?deprecated=False&_fields=calc_types&material_ids=mp-30504&_limit=1000 (Caused by ResponseError('too many 429 error responses'))
cannot unpack non-iterable NoneType object
HTTPSConnectionPool(host='api.materialsproject.org', port=443): Max retries exceeded with url: /materials/core/?deprecated=False&_fields=calc_types&material_ids=mp-977392&_limit=1000 (Caused by ResponseError('too many 429 error responses'))
cannot unpack non-iterable NoneType object
cannot unpack non-iterable NoneType object
HTTPSConnectionPool(host='api.materialsproject.org', port=443): Max retries exceeded with url: /materials/core/?deprecated=False&_fields=calc_types&material_ids=mp-977364&_limit=1000 (Caused by ResponseError('too many 429 error responses'))
cannot unpack non-iterable NoneType object
cannot unpack non-iterable NoneType object
cannot unpack non-iterable NoneType object
cannot unpack non-iterable NoneType object
HTTPSConnectionPool(host='api.materialsproject.org', port=443): Max retries exceeded with url: /materials/tasks/?_fields=last_updated%2Ctask_id&task_ids=mp-1804150&_limit=333 (Caused by ResponseError('too many 429 error responses'))
cannot unpack non-iterable NoneType object
HTTPSConnectionPool(host='api.materialsproject.org', port=443): Max retries exceeded with url: /materials/tasks/?_fields=last_updated%2Ctask_id&task_ids=mp-1413000&_limit=250 (Caused by ResponseError('too many 429 error responses'))
cannot unpack non-iterable NoneType object
cannot unpack non-iterable NoneType object
HTTPSConnectionPool(host='api.materialsproject.org', port=443): Max retries exceeded with url: /materials/tasks/?_fields=last_updated%2Ctask_id&task_ids=mp-1005445&_limit=334 (Caused by ResponseError('too many 429 error responses'))
HTTPSConnectionPool(host='api.materialsproject.org', port=443): Max retries exceeded with url: /materials/tasks/?_fields=last_updated%2Ctask_id&task_ids=mp-1430044&_limit=334 (Caused by ResponseError('too many 429 error responses'))
cannot unpack non-iterable NoneType object
HTTPSConnectionPool(host='api.materialsproject.org', port=443): Max retries exceeded with url: /materials/core/?deprecated=False&_fields=calc_types&material_ids=mp-30844&_limit=1000 (Caused by ResponseError('too many 429 error responses'))
cannot unpack non-iterable NoneType object
HTTPSConnectionPool(host='api.materialsproject.org', port=443): Max retries exceeded with url: /materials/core/?deprecated=False&_fields=calc_types&material_ids=mp-977357&_limit=1000 (Caused by ResponseError('too many 429 error responses'))
cannot unpack non-iterable NoneType object
HTTPSConnectionPool(host='api.materialsproject.org', port=443): Max retries exceeded with url: /materials/core/?deprecated=False&_fields=calc_types&material_ids=mp-866111&_limit=1000 (Caused by ResponseError('too many 429 error responses'))
cannot unpack non-iterable NoneType object
HTTPSConnectionPool(host='api.materialsproject.org', port=443): Max retries exceeded with url: /materials/core/?deprecated=False&_fields=calc_types&material_ids=mp-31339&_limit=1000 (Caused by ResponseError('too many 429 error responses'))
cannot unpack non-iterable NoneType object
cannot unpack non-iterable NoneType object
cannot unpack non-iterable NoneType object
cannot unpack non-iterable NoneType object
cannot unpack non-iterable NoneType object
cannot unpack non-iterable NoneType object
cannot unpack non-iterable NoneType object
HTTPSConnectionPool(host='api.materialsproject.org', port=443): Max retries exceeded with url: /materials/core/?deprecated=False&_fields=calc_types&material_ids=mp-866126&_limit=1000 (Caused by ResponseError('too many 429 error responses'))
cannot unpack non-iterable NoneType object
cannot unpack non-iterable NoneType object
cannot unpack non-iterable NoneType object
HTTPSConnectionPool(host='api.materialsproject.org', port=443): Max retries exceeded with url: /materials/core/?deprecated=False&_fields=calc_types&material_ids=mp-866110&_limit=1000 (Caused by ResponseError('too many 429 error responses'))
cannot unpack non-iterable NoneType object
HTTPSConnectionPool(host='api.materialsproject.org', port=443): Max retries exceeded with url: /materials/core/?deprecated=False&_fields=calc_types&material_ids=mp-977362&_limit=1000 (Caused by ResponseError('too many 429 error responses'))
HTTPSConnectionPool(host='api.materialsproject.org', port=443): Max retries exceeded with url: /materials/tasks/?_fields=last_updated%2Ctask_id&task_ids=mp-1430783&_limit=250 (Caused by ResponseError('too many 429 error responses'))
cannot unpack non-iterable NoneType object
cannot unpack non-iterable NoneType object
cannot unpack non-iterable NoneType object
cannot unpack non-iterable NoneType object
cannot unpack non-iterable NoneType object
cannot unpack non-iterable NoneType object
cannot unpack non-iterable NoneType object
cannot unpack non-iterable NoneType object
cannot unpack non-iterable NoneType object
cannot unpack non-iterable NoneType object
cannot unpack non-iterable NoneType object
HTTPSConnectionPool(host='api.materialsproject.org', port=443): Max retries exceeded with url: /materials/tasks/?_fields=last_updated%2Ctask_id&task_ids=mp-1054169&_limit=334 (Caused by ResponseError('too many 429 error responses'))
cannot unpack non-iterable NoneType object
HTTPSConnectionPool(host='api.materialsproject.org', port=443): Max retries exceeded with url: /materials/tasks/?_fields=last_updated%2Ctask_id&task_ids=mp-2294791&_limit=250 (Caused by ResponseError('too many 429 error responses'))
cannot unpack non-iterable NoneType object
cannot unpack non-iterable NoneType object
cannot unpack non-iterable NoneType object
cannot unpack non-iterable NoneType object
cannot unpack non-iterable NoneType object
HTTPSConnectionPool(host='api.materialsproject.org', port=443): Max retries exceeded with url: /materials/core/?deprecated=False&_fields=calc_types&material_ids=mp-866132&_limit=1000 (Caused by ResponseError('too many 429 error responses'))
cannot unpack non-iterable NoneType object
HTTPSConnectionPool(host='api.materialsproject.org', port=443): Max retries exceeded with url: /materials/core/?deprecated=False&_fields=calc_types&material_ids=mp-977363&_limit=1000 (Caused by ResponseError('too many 429 error responses'))
cannot unpack non-iterable NoneType object
HTTPSConnectionPool(host='api.materialsproject.org', port=443): Max retries exceeded with url: /materials/core/?deprecated=False&_fields=calc_types&material_ids=mp-34023&_limit=1000 (Caused by ResponseError('too many 429 error responses'))
cannot unpack non-iterable NoneType object
cannot unpack non-iterable NoneType object
HTTPSConnectionPool(host='api.materialsproject.org', port=443): Max retries exceeded with url: /materials/core/?deprecated=False&_fields=calc_types&material_ids=mp-977361&_limit=1000 (Caused by ResponseError('too many 429 error responses'))
cannot unpack non-iterable NoneType object
HTTPSConnectionPool(host='api.materialsproject.org', port=443): Max retries exceeded with url: /materials/core/?deprecated=False&_fields=calc_types&material_ids=mp-3337&_limit=1000 (Caused by ResponseError('too many 429 error responses'))
HTTPSConnectionPool(host='api.materialsproject.org', port=443): Max retries exceeded with url: /materials/tasks/?_fields=last_updated%2Ctask_id&task_ids=mp-1054146&_limit=334 (Caused by ResponseError('too many 429 error responses'))
cannot unpack non-iterable NoneType object
cannot unpack non-iterable NoneType object
cannot unpack non-iterable NoneType object
HTTPSConnectionPool(host='api.materialsproject.org', port=443): Max retries exceeded with url: /materials/core/?deprecated=False&_fields=calc_types&material_ids=mp-3648&_limit=1000 (Caused by ResponseError('too many 429 error responses'))
HTTPSConnectionPool(host='api.materialsproject.org', port=443): Max retries exceeded with url: /materials/tasks/?_fields=last_updated%2Ctask_id&task_ids=mp-1005355&_limit=334 (Caused by ResponseError('too many 429 error responses'))
HTTPSConnectionPool(host='api.materialsproject.org', port=443): Max retries exceeded with url: /materials/tasks/?_fields=last_updated%2Ctask_id&task_ids=mp-1054177&_limit=250 (Caused by ResponseError('too many 429 error responses'))
cannot unpack non-iterable NoneType object
cannot unpack non-iterable NoneType object
cannot unpack non-iterable NoneType object
cannot unpack non-iterable NoneType object
cannot unpack non-iterable NoneType object
cannot unpack non-iterable NoneType object
HTTPSConnectionPool(host='api.materialsproject.org', port=443): Max retries exceeded with url: /materials/tasks/?_fields=last_updated%2Ctask_id&task_ids=mp-1802199&_limit=333 (Caused by ResponseError('too many 429 error responses'))
cannot unpack non-iterable NoneType object
HTTPSConnectionPool(host='api.materialsproject.org', port=443): Max retries exceeded with url: /materials/core/?deprecated=False&_fields=calc_types&material_ids=mp-866138&_limit=1000 (Caused by ResponseError('too many 429 error responses'))
cannot unpack non-iterable NoneType object
HTTPSConnectionPool(host='api.materialsproject.org', port=443): Max retries exceeded with url: /materials/core/?deprecated=False&_fields=calc_types&material_ids=mp-37307&_limit=1000 (Caused by ResponseError('too many 429 error responses'))
cannot unpack non-iterable NoneType object
HTTPSConnectionPool(host='api.materialsproject.org', port=443): Max retries exceeded with url: /materials/core/?deprecated=False&_fields=calc_types&material_ids=mp-977438&_limit=1000 (Caused by ResponseError('too many 429 error responses'))
cannot unpack non-iterable NoneType object
HTTPSConnectionPool(host='api.materialsproject.org', port=443): Max retries exceeded with url: /materials/core/?deprecated=False&_fields=calc_types&material_ids=mp-866147&_limit=1000 (Caused by ResponseError('too many 429 error responses'))
cannot unpack non-iterable NoneType object
cannot unpack non-iterable NoneType object
cannot unpack non-iterable NoneType object
HTTPSConnectionPool(host='api.materialsproject.org', port=443): Max retries exceeded with url: /materials/tasks/?_fields=last_updated%2Ctask_id&task_ids=mp-1005402&_limit=334 (Caused by ResponseError('too many 429 error responses'))
cannot unpack non-iterable NoneType object
HTTPSConnectionPool(host='api.materialsproject.org', port=443): Max retries exceeded with url: /materials/core/?deprecated=False&_fields=calc_types&material_ids=mp-3464&_limit=1000 (Caused by ResponseError('too many 429 error responses'))
HTTPSConnectionPool(host='api.materialsproject.org', port=443): Max retries exceeded with url: /materials/tasks/?_fields=last_updated%2Ctask_id&task_ids=mp-1054240&_limit=334 (Caused by ResponseError('too many 429 error responses'))
cannot unpack non-iterable NoneType object
cannot unpack non-iterable NoneType object
cannot unpack non-iterable NoneType object
HTTPSConnectionPool(host='api.materialsproject.org', port=443): Max retries exceeded with url: /materials/tasks/?_fields=last_updated%2Ctask_id&task_ids=mp-1005454&_limit=334 (Caused by ResponseError('too many 429 error responses'))
HTTPSConnectionPool(host='api.materialsproject.org', port=443): Max retries exceeded with url: /materials/tasks/?_fields=last_updated%2Ctask_id&task_ids=mp-1437614&_limit=250 (Caused by ResponseError('too many 429 error responses'))
HTTPSConnectionPool(host='api.materialsproject.org', port=443): Max retries exceeded with url: /materials/tasks/?_fields=last_updated%2Ctask_id&task_ids=mp-1003294&_limit=250 (Caused by ResponseError('too many 429 error responses'))
cannot unpack non-iterable NoneType object
cannot unpack non-iterable NoneType object
cannot unpack non-iterable NoneType object
HTTPSConnectionPool(host='api.materialsproject.org', port=443): Max retries exceeded with url: /materials/core/?deprecated=False&_fields=calc_types&material_ids=mp-866168&_limit=1000 (Caused by ResponseError('too many 429 error responses'))
HTTPSConnectionPool(host='api.materialsproject.org', port=443): Max retries exceeded with url: /materials/tasks/?_fields=last_updated%2Ctask_id&task_ids=mp-1428665&_limit=500 (Caused by ResponseError('too many 429 error responses'))
HTTPSConnectionPool(host='api.materialsproject.org', port=443): Max retries exceeded with url: /materials/tasks/?_fields=last_updated%2Ctask_id&task_ids=mp-1064866&_limit=167 (Caused by ResponseError('too many 429 error responses'))
cannot unpack non-iterable NoneType object
cannot unpack non-iterable NoneType object
cannot unpack non-iterable NoneType object
cannot unpack non-iterable NoneType object
cannot unpack non-iterable NoneType object
cannot unpack non-iterable NoneType object
cannot unpack non-iterable NoneType object
HTTPSConnectionPool(host='api.materialsproject.org', port=443): Max retries exceeded with url: /materials/tasks/?_fields=last_updated%2Ctask_id&task_ids=mp-1420501&_limit=500 (Caused by ResponseError('too many 429 error responses'))
cannot unpack non-iterable NoneType object
HTTPSConnectionPool(host='api.materialsproject.org', port=443): Max retries exceeded with url: /materials/core/?deprecated=False&_fields=calc_types&material_ids=mp-866153&_limit=1000 (Caused by ResponseError('too many 429 error responses'))
cannot unpack non-iterable NoneType object
HTTPSConnectionPool(host='api.materialsproject.org', port=443): Max retries exceeded with url: /materials/core/?deprecated=False&_fields=calc_types&material_ids=mp-3499&_limit=1000 (Caused by ResponseError('too many 429 error responses'))
cannot unpack non-iterable NoneType object
cannot unpack non-iterable NoneType object
HTTPSConnectionPool(host='api.materialsproject.org', port=443): Max retries exceeded with url: /materials/core/?deprecated=False&_fields=calc_types&material_ids=mp-866155&_limit=1000 (Caused by ResponseError('too many 429 error responses'))
cannot unpack non-iterable NoneType object
HTTPSConnectionPool(host='api.materialsproject.org', port=443): Max retries exceeded with url: /materials/core/?deprecated=False&_fields=calc_types&material_ids=mp-37153&_limit=1000 (Caused by ResponseError('too many 429 error responses'))
cannot unpack non-iterable NoneType object
cannot unpack non-iterable NoneType object
cannot unpack non-iterable NoneType object
cannot unpack non-iterable NoneType object
HTTPSConnectionPool(host='api.materialsproject.org', port=443): Max retries exceeded with url: /materials/tasks/?_fields=last_updated%2Ctask_id&task_ids=mp-1005456&_limit=334 (Caused by ResponseError('too many 429 error responses'))
HTTPSConnectionPool(host='api.materialsproject.org', port=443): Max retries exceeded with url: /materials/tasks/?_fields=last_updated%2Ctask_id&task_ids=mp-1926376&_limit=250 (Caused by ResponseError('too many 429 error responses'))
HTTPSConnectionPool(host='api.materialsproject.org', port=443): Max retries exceeded with url: /materials/tasks/?_fields=last_updated%2Ctask_id&task_ids=mp-1410377&_limit=334 (Caused by ResponseError('too many 429 error responses'))
cannot unpack non-iterable NoneType object
cannot unpack non-iterable NoneType object
cannot unpack non-iterable NoneType object
cannot unpack non-iterable NoneType object
cannot unpack non-iterable NoneType object
cannot unpack non-iterable NoneType object
HTTPSConnectionPool(host='api.materialsproject.org', port=443): Max retries exceeded with url: /materials/core/?deprecated=False&_fields=calc_types&material_ids=mp-4364&_limit=1000 (Caused by ResponseError('too many 429 error responses'))
cannot unpack non-iterable NoneType object
HTTPSConnectionPool(host='api.materialsproject.org', port=443): Max retries exceeded with url: /materials/core/?deprecated=False&_fields=calc_types&material_ids=mp-866142&_limit=1000 (Caused by ResponseError('too many 429 error responses'))
cannot unpack non-iterable NoneType object
HTTPSConnectionPool(host='api.materialsproject.org', port=443): Max retries exceeded with url: /materials/core/?deprecated=False&_fields=calc_types&material_ids=mp-977407&_limit=1000 (Caused by ResponseError('too many 429 error responses'))
cannot unpack non-iterable NoneType object
cannot unpack non-iterable NoneType object
cannot unpack non-iterable NoneType object
cannot unpack non-iterable NoneType object
cannot unpack non-iterable NoneType object
cannot unpack non-iterable NoneType object
HTTPSConnectionPool(host='api.materialsproject.org', port=443): Max retries exceeded with url: /materials/tasks/?_fields=last_updated%2Ctask_id&task_ids=mp-1005150&_limit=334 (Caused by ResponseError('too many 429 error responses'))
HTTPSConnectionPool(host='api.materialsproject.org', port=443): Max retries exceeded with url: /materials/tasks/?_fields=last_updated%2Ctask_id&task_ids=mp-1792149&_limit=250 (Caused by ResponseError('too many 429 error responses'))
HTTPSConnectionPool(host='api.materialsproject.org', port=443): Max retries exceeded with url: /materials/tasks/?_fields=last_updated%2Ctask_id&task_ids=mp-1054271&_limit=334 (Caused by ResponseError('too many 429 error responses'))
cannot unpack non-iterable NoneType object
cannot unpack non-iterable NoneType object
cannot unpack non-iterable NoneType object
cannot unpack non-iterable NoneType object
cannot unpack non-iterable NoneType object
cannot unpack non-iterable NoneType object
HTTPSConnectionPool(host='api.materialsproject.org', port=443): Max retries exceeded with url: /materials/core/?deprecated=False&_fields=calc_types&material_ids=mp-866179&_limit=1000 (Caused by ResponseError('too many 429 error responses'))
cannot unpack non-iterable NoneType object
HTTPSConnectionPool(host='api.materialsproject.org', port=443): Max retries exceeded with url: /materials/core/?deprecated=False&_fields=calc_types&material_ids=mp-977418&_limit=1000 (Caused by ResponseError('too many 429 error responses'))
cannot unpack non-iterable NoneType object
HTTPSConnectionPool(host='api.materialsproject.org', port=443): Max retries exceeded with url: /materials/core/?deprecated=False&_fields=calc_types&material_ids=mp-4583&_limit=1000 (Caused by ResponseError('too many 429 error responses'))
cannot unpack non-iterable NoneType object
cannot unpack non-iterable NoneType object
cannot unpack non-iterable NoneType object
cannot unpack non-iterable NoneType object
cannot unpack non-iterable NoneType object
cannot unpack non-iterable NoneType object
cannot unpack non-iterable NoneType object
cannot unpack non-iterable NoneType object
cannot unpack non-iterable NoneType object
cannot unpack non-iterable NoneType object
HTTPSConnectionPool(host='api.materialsproject.org', port=443): Max retries exceeded with url: /materials/core/?deprecated=False&_fields=calc_types&material_ids=mp-977440&_limit=1000 (Caused by ResponseError('too many 429 error responses'))
cannot unpack non-iterable NoneType object
HTTPSConnectionPool(host='api.materialsproject.org', port=443): Max retries exceeded with url: /materials/core/?deprecated=False&_fields=calc_types&material_ids=mp-4922&_limit=1000 (Caused by ResponseError('too many 429 error responses'))
HTTPSConnectionPool(host='api.materialsproject.org', port=443): Max retries exceeded with url: /materials/tasks/?_fields=last_updated%2Ctask_id&task_ids=mp-1054209&_limit=334 (Caused by ResponseError('too many 429 error responses'))
cannot unpack non-iterable NoneType object
cannot unpack non-iterable NoneType object
cannot unpack non-iterable NoneType object
cannot unpack non-iterable NoneType object
cannot unpack non-iterable NoneType object
cannot unpack non-iterable NoneType object
cannot unpack non-iterable NoneType object
cannot unpack non-iterable NoneType object
cannot unpack non-iterable NoneType object
cannot unpack non-iterable NoneType object
HTTPSConnectionPool(host='api.materialsproject.org', port=443): Max retries exceeded with url: /materials/core/?deprecated=False&_fields=calc_types&material_ids=mp-977441&_limit=1000 (Caused by ResponseError('too many 429 error responses'))
cannot unpack non-iterable NoneType object
HTTPSConnectionPool(host='api.materialsproject.org', port=443): Max retries exceeded with url: /materials/core/?deprecated=False&_fields=calc_types&material_ids=mp-4047&_limit=1000 (Caused by ResponseError('too many 429 error responses'))
HTTPSConnectionPool(host='api.materialsproject.org', port=443): Max retries exceeded with url: /materials/tasks/?_fields=last_updated%2Ctask_id&task_ids=mp-1054267&_limit=334 (Caused by ResponseError('too many 429 error responses'))
cannot unpack non-iterable NoneType object
cannot unpack non-iterable NoneType object
cannot unpack non-iterable NoneType object
cannot unpack non-iterable NoneType object
cannot unpack non-iterable NoneType object
HTTPSConnectionPool(host='api.materialsproject.org', port=443): Max retries exceeded with url: /materials/tasks/?_fields=last_updated%2Ctask_id&task_ids=mp-1054365&_limit=334 (Caused by ResponseError('too many 429 error responses'))
HTTPSConnectionPool(host='api.materialsproject.org', port=443): Max retries exceeded with url: /materials/tasks/?_fields=last_updated%2Ctask_id&task_ids=mp-1389888&_limit=333 (Caused by ResponseError('too many 429 error responses'))
cannot unpack non-iterable NoneType object
HTTPSConnectionPool(host='api.materialsproject.org', port=443): Max retries exceeded with url: /materials/core/?deprecated=False&_fields=calc_types&material_ids=mp-4367&_limit=1000 (Caused by ResponseError('too many 429 error responses'))
cannot unpack non-iterable NoneType object
cannot unpack non-iterable NoneType object
cannot unpack non-iterable NoneType object
cannot unpack non-iterable NoneType object
cannot unpack non-iterable NoneType object
HTTPSConnectionPool(host='api.materialsproject.org', port=443): Max retries exceeded with url: /materials/tasks/?_fields=last_updated%2Ctask_id&task_ids=mp-1005532&_limit=334 (Caused by ResponseError('too many 429 error responses'))
cannot unpack non-iterable NoneType object
HTTPSConnectionPool(host='api.materialsproject.org', port=443): Max retries exceeded with url: /materials/core/?deprecated=False&_fields=calc_types&material_ids=mp-540735&_limit=1000 (Caused by ResponseError('too many 429 error responses'))
cannot unpack non-iterable NoneType object
HTTPSConnectionPool(host='api.materialsproject.org', port=443): Max retries exceeded with url: /materials/core/?deprecated=False&_fields=calc_types&material_ids=mp-866197&_limit=1000 (Caused by ResponseError('too many 429 error responses'))
cannot unpack non-iterable NoneType object
cannot unpack non-iterable NoneType object
cannot unpack non-iterable NoneType object
cannot unpack non-iterable NoneType object
cannot unpack non-iterable NoneType object
cannot unpack non-iterable NoneType object
cannot unpack non-iterable NoneType object
HTTPSConnectionPool(host='api.materialsproject.org', port=443): Max retries exceeded with url: /materials/core/?deprecated=False&_fields=calc_types&material_ids=mp-977463&_limit=1000 (Caused by ResponseError('too many 429 error responses'))
HTTPSConnectionPool(host='api.materialsproject.org', port=443): Max retries exceeded with url: /materials/tasks/?_fields=last_updated%2Ctask_id&task_ids=mp-1054386&_limit=334 (Caused by ResponseError('too many 429 error responses'))
HTTPSConnectionPool(host='api.materialsproject.org', port=443): Max retries exceeded with url: /materials/tasks/?_fields=last_updated%2Ctask_id&task_ids=mp-1429914&_limit=334 (Caused by ResponseError('too many 429 error responses'))
cannot unpack non-iterable NoneType object
cannot unpack non-iterable NoneType object
cannot unpack non-iterable NoneType object
cannot unpack non-iterable NoneType object
cannot unpack non-iterable NoneType object
cannot unpack non-iterable NoneType object
HTTPSConnectionPool(host='api.materialsproject.org', port=443): Max retries exceeded with url: /materials/tasks/?_fields=last_updated%2Ctask_id&task_ids=mp-1003361&_limit=250 (Caused by ResponseError('too many 429 error responses'))
cannot unpack non-iterable NoneType object
HTTPSConnectionPool(host='api.materialsproject.org', port=443): Max retries exceeded with url: /materials/core/?deprecated=False&_fields=calc_types&material_ids=mp-977556&_limit=1000 (Caused by ResponseError('too many 429 error responses'))
HTTPSConnectionPool(host='api.materialsproject.org', port=443): Max retries exceeded with url: /materials/tasks/?_fields=last_updated%2Ctask_id&task_ids=mp-1001508&_limit=334 (Caused by ResponseError('too many 429 error responses'))
cannot unpack non-iterable NoneType object
cannot unpack non-iterable NoneType object
cannot unpack non-iterable NoneType object
HTTPSConnectionPool(host='api.materialsproject.org', port=443): Max retries exceeded with url: /materials/tasks/?_fields=last_updated%2Ctask_id&task_ids=mp-1005485&_limit=334 (Caused by ResponseError('too many 429 error responses'))
HTTPSConnectionPool(host='api.materialsproject.org', port=443): Max retries exceeded with url: /materials/tasks/?_fields=last_updated%2Ctask_id&task_ids=mp-1003572&_limit=250 (Caused by ResponseError('too many 429 error responses'))
HTTPSConnectionPool(host='api.materialsproject.org', port=443): Max retries exceeded with url: /materials/tasks/?_fields=last_updated%2Ctask_id&task_ids=mp-1413014&_limit=250 (Caused by ResponseError('too many 429 error responses'))
cannot unpack non-iterable NoneType object
cannot unpack non-iterable NoneType object
cannot unpack non-iterable NoneType object
HTTPSConnectionPool(host='api.materialsproject.org', port=443): Max retries exceeded with url: /materials/tasks/?_fields=last_updated%2Ctask_id&task_ids=mp-1005480&_limit=334 (Caused by ResponseError('too many 429 error responses'))
HTTPSConnectionPool(host='api.materialsproject.org', port=443): Max retries exceeded with url: /materials/tasks/?_fields=last_updated%2Ctask_id&task_ids=mp-1054310&_limit=334 (Caused by ResponseError('too many 429 error responses'))
HTTPSConnectionPool(host='api.materialsproject.org', port=443): Max retries exceeded with url: /materials/tasks/?_fields=last_updated%2Ctask_id&task_ids=mp-1419586&_limit=334 (Caused by ResponseError('too many 429 error responses'))
cannot unpack non-iterable NoneType object
cannot unpack non-iterable NoneType object
cannot unpack non-iterable NoneType object
cannot unpack non-iterable NoneType object
HTTPSConnectionPool(host='api.materialsproject.org', port=443): Max retries exceeded with url: /materials/tasks/?_fields=last_updated%2Ctask_id&task_ids=mp-913564&_limit=250 (Caused by ResponseError('too many 429 error responses'))
cannot unpack non-iterable NoneType object
cannot unpack non-iterable NoneType object
HTTPSConnectionPool(host='api.materialsproject.org', port=443): Max retries exceeded with url: /materials/core/?deprecated=False&_fields=calc_types&material_ids=mp-5159&_limit=1000 (Caused by ResponseError('too many 429 error responses'))
cannot unpack non-iterable NoneType object
HTTPSConnectionPool(host='api.materialsproject.org', port=443): Max retries exceeded with url: /materials/core/?deprecated=False&_fields=calc_types&material_ids=mp-977557&_limit=1000 (Caused by ResponseError('too many 429 error responses'))
cannot unpack non-iterable NoneType object
HTTPSConnectionPool(host='api.materialsproject.org', port=443): Max retries exceeded with url: /materials/core/?deprecated=False&_fields=calc_types&material_ids=mp-866216&_limit=1000 (Caused by ResponseError('too many 429 error responses'))
cannot unpack non-iterable NoneType object
HTTPSConnectionPool(host='api.materialsproject.org', port=443): Max retries exceeded with url: /materials/core/?deprecated=False&_fields=calc_types&material_ids=mp-866209&_limit=1000 (Caused by ResponseError('too many 429 error responses'))
cannot unpack non-iterable NoneType object
HTTPSConnectionPool(host='api.materialsproject.org', port=443): Max retries exceeded with url: /materials/core/?deprecated=False&_fields=calc_types&material_ids=mp-5385&_limit=1000 (Caused by ResponseError('too many 429 error responses'))
cannot unpack non-iterable NoneType object
HTTPSConnectionPool(host='api.materialsproject.org', port=443): Max retries exceeded with url: /materials/core/?deprecated=False&_fields=calc_types&material_ids=mp-977555&_limit=1000 (Caused by ResponseError('too many 429 error responses'))
cannot unpack non-iterable NoneType object
cannot unpack non-iterable NoneType object
cannot unpack non-iterable NoneType object
cannot unpack non-iterable NoneType object
cannot unpack non-iterable NoneType object
cannot unpack non-iterable NoneType object
cannot unpack non-iterable NoneType object
HTTPSConnectionPool(host='api.materialsproject.org', port=443): Max retries exceeded with url: /materials/tasks/?_fields=last_updated%2Ctask_id&task_ids=mp-1003440&_limit=250 (Caused by ResponseError('too many 429 error responses'))
HTTPSConnectionPool(host='api.materialsproject.org', port=443): Max retries exceeded with url: /materials/tasks/?_fields=last_updated%2Ctask_id&task_ids=mp-1005410&_limit=334 (Caused by ResponseError('too many 429 error responses'))
HTTPSConnectionPool(host='api.materialsproject.org', port=443): Max retries exceeded with url: /materials/tasks/?_fields=last_updated%2Ctask_id&task_ids=mp-1428921&_limit=250 (Caused by ResponseError('too many 429 error responses'))
cannot unpack non-iterable NoneType object
cannot unpack non-iterable NoneType object
HTTPSConnectionPool(host='api.materialsproject.org', port=443): Max retries exceeded with url: /materials/tasks/?_fields=last_updated%2Ctask_id&task_ids=mp-1406512&_limit=333 (Caused by ResponseError('too many 429 error responses'))
HTTPSConnectionPool(host='api.materialsproject.org', port=443): Max retries exceeded with url: /materials/tasks/?_fields=last_updated%2Ctask_id&task_ids=mp-1005430&_limit=334 (Caused by ResponseError('too many 429 error responses'))
cannot unpack non-iterable NoneType object
HTTPSConnectionPool(host='api.materialsproject.org', port=443): Max retries exceeded with url: /materials/core/?deprecated=False&_fields=calc_types&material_ids=mp-541851&_limit=1000 (Caused by ResponseError('too many 429 error responses'))
cannot unpack non-iterable NoneType object
cannot unpack non-iterable NoneType object
cannot unpack non-iterable NoneType object
HTTPSConnectionPool(host='api.materialsproject.org', port=443): Max retries exceeded with url: /materials/tasks/?_fields=last_updated%2Ctask_id&task_ids=mp-1054431&_limit=334 (Caused by ResponseError('too many 429 error responses'))
HTTPSConnectionPool(host='api.materialsproject.org', port=443): Max retries exceeded with url: /materials/tasks/?_fields=last_updated%2Ctask_id&task_ids=mp-1005434&_limit=334 (Caused by ResponseError('too many 429 error responses'))
cannot unpack non-iterable NoneType object
cannot unpack non-iterable NoneType object
HTTPSConnectionPool(host='api.materialsproject.org', port=443): Max retries exceeded with url: /materials/tasks/?_fields=last_updated%2Ctask_id&task_ids=mp-1404777&_limit=334 (Caused by ResponseError('too many 429 error responses'))
HTTPSConnectionPool(host='api.materialsproject.org', port=443): Max retries exceeded with url: /materials/tasks/?_fields=last_updated%2Ctask_id&task_ids=mp-1001517&_limit=334 (Caused by ResponseError('too many 429 error responses'))
cannot unpack non-iterable NoneType object
HTTPSConnectionPool(host='api.materialsproject.org', port=443): Max retries exceeded with url: /materials/core/?deprecated=False&_fields=calc_types&material_ids=mp-978083&_limit=1000 (Caused by ResponseError('too many 429 error responses'))
cannot unpack non-iterable NoneType object
cannot unpack non-iterable NoneType object
cannot unpack non-iterable NoneType object
HTTPSConnectionPool(host='api.materialsproject.org', port=443): Max retries exceeded with url: /materials/tasks/?_fields=last_updated%2Ctask_id&task_ids=mp-2289385&_limit=250 (Caused by ResponseError('too many 429 error responses'))
cannot unpack non-iterable NoneType object
cannot unpack non-iterable NoneType object
cannot unpack non-iterable NoneType object
HTTPSConnectionPool(host='api.materialsproject.org', port=443): Max retries exceeded with url: /materials/core/?deprecated=False&_fields=calc_types&material_ids=mp-867110&_limit=1000 (Caused by ResponseError('too many 429 error responses'))
HTTPSConnectionPool(host='api.materialsproject.org', port=443): Max retries exceeded with url: /materials/tasks/?_fields=last_updated%2Ctask_id&task_ids=mp-1419912&_limit=333 (Caused by ResponseError('too many 429 error responses'))
cannot unpack non-iterable NoneType object
HTTPSConnectionPool(host='api.materialsproject.org', port=443): Max retries exceeded with url: /materials/core/?deprecated=False&_fields=calc_types&material_ids=mp-542727&_limit=1000 (Caused by ResponseError('too many 429 error responses'))
cannot unpack non-iterable NoneType object
cannot unpack non-iterable NoneType object
cannot unpack non-iterable NoneType object
cannot unpack non-iterable NoneType object
cannot unpack non-iterable NoneType object
cannot unpack non-iterable NoneType object
HTTPSConnectionPool(host='api.materialsproject.org', port=443): Max retries exceeded with url: /materials/core/?deprecated=False&_fields=calc_types&material_ids=mp-541753&_limit=1000 (Caused by ResponseError('too many 429 error responses'))
cannot unpack non-iterable NoneType object
HTTPSConnectionPool(host='api.materialsproject.org', port=443): Max retries exceeded with url: /materials/core/?deprecated=False&_fields=calc_types&material_ids=mp-977581&_limit=1000 (Caused by ResponseError('too many 429 error responses'))
cannot unpack non-iterable NoneType object
HTTPSConnectionPool(host='api.materialsproject.org', port=443): Max retries exceeded with url: /materials/core/?deprecated=False&_fields=calc_types&material_ids=mp-867117&_limit=1000 (Caused by ResponseError('too many 429 error responses'))
cannot unpack non-iterable NoneType object
cannot unpack non-iterable NoneType object
cannot unpack non-iterable NoneType object
cannot unpack non-iterable NoneType object
cannot unpack non-iterable NoneType object
cannot unpack non-iterable NoneType object
cannot unpack non-iterable NoneType object
cannot unpack non-iterable NoneType object
cannot unpack non-iterable NoneType object
cannot unpack non-iterable NoneType object
cannot unpack non-iterable NoneType object
cannot unpack non-iterable NoneType object
cannot unpack non-iterable NoneType object
cannot unpack non-iterable NoneType object
cannot unpack non-iterable NoneType object
cannot unpack non-iterable NoneType object
cannot unpack non-iterable NoneType object
cannot unpack non-iterable NoneType object
cannot unpack non-iterable NoneType object
cannot unpack non-iterable NoneType object
HTTPSConnectionPool(host='api.materialsproject.org', port=443): Max retries exceeded with url: /materials/core/?deprecated=False&_fields=calc_types&material_ids=mp-866376&_limit=1000 (Caused by ResponseError('too many 429 error responses'))
HTTPSConnectionPool(host='api.materialsproject.org', port=443): Max retries exceeded with url: /materials/tasks/?_fields=last_updated%2Ctask_id&task_ids=mp-1413750&_limit=250 (Caused by ResponseError('too many 429 error responses'))
HTTPSConnectionPool(host='api.materialsproject.org', port=443): Max retries exceeded with url: /materials/tasks/?_fields=last_updated%2Ctask_id&task_ids=mp-1005429&_limit=334 (Caused by ResponseError('too many 429 error responses'))
cannot unpack non-iterable NoneType object
cannot unpack non-iterable NoneType object
cannot unpack non-iterable NoneType object
cannot unpack non-iterable NoneType object
cannot unpack non-iterable NoneType object
cannot unpack non-iterable NoneType object
cannot unpack non-iterable NoneType object
cannot unpack non-iterable NoneType object
cannot unpack non-iterable NoneType object
cannot unpack non-iterable NoneType object
HTTPSConnectionPool(host='api.materialsproject.org', port=443): Max retries exceeded with url: /materials/tasks/?_fields=last_updated%2Ctask_id&task_ids=mp-1005463&_limit=334 (Caused by ResponseError('too many 429 error responses'))
cannot unpack non-iterable NoneType object
HTTPSConnectionPool(host='api.materialsproject.org', port=443): Max retries exceeded with url: /materials/core/?deprecated=False&_fields=calc_types&material_ids=mp-866295&_limit=1000 (Caused by ResponseError('too many 429 error responses'))
cannot unpack non-iterable NoneType object
HTTPSConnectionPool(host='api.materialsproject.org', port=443): Max retries exceeded with url: /materials/core/?deprecated=False&_fields=calc_types&material_ids=mp-560878&_limit=1000 (Caused by ResponseError('too many 429 error responses'))
cannot unpack non-iterable NoneType object
cannot unpack non-iterable NoneType object
cannot unpack non-iterable NoneType object
cannot unpack non-iterable NoneType object
cannot unpack non-iterable NoneType object
HTTPSConnectionPool(host='api.materialsproject.org', port=443): Max retries exceeded with url: /materials/core/?deprecated=False&_fields=calc_types&material_ids=mp-866289&_limit=1000 (Caused by ResponseError('too many 429 error responses'))
cannot unpack non-iterable NoneType object
HTTPSConnectionPool(host='api.materialsproject.org', port=443): Max retries exceeded with url: /materials/core/?deprecated=False&_fields=calc_types&material_ids=mp-554222&_limit=1000 (Caused by ResponseError('too many 429 error responses'))
cannot unpack non-iterable NoneType object
HTTPSConnectionPool(host='api.materialsproject.org', port=443): Max retries exceeded with url: /materials/core/?deprecated=False&_fields=calc_types&material_ids=mp-978505&_limit=1000 (Caused by ResponseError('too many 429 error responses'))
cannot unpack non-iterable NoneType object
cannot unpack non-iterable NoneType object
cannot unpack non-iterable NoneType object
cannot unpack non-iterable NoneType object
cannot unpack non-iterable NoneType object
cannot unpack non-iterable NoneType object
cannot unpack non-iterable NoneType object
cannot unpack non-iterable NoneType object
HTTPSConnectionPool(host='api.materialsproject.org', port=443): Max retries exceeded with url: /materials/core/?deprecated=False&_fields=calc_types&material_ids=mp-977589&_limit=1000 (Caused by ResponseError('too many 429 error responses'))
cannot unpack non-iterable NoneType object
cannot unpack non-iterable NoneType object
HTTPSConnectionPool(host='api.materialsproject.org', port=443): Max retries exceeded with url: /materials/core/?deprecated=False&_fields=calc_types&material_ids=mp-867138&_limit=1000 (Caused by ResponseError('too many 429 error responses'))
cannot unpack non-iterable NoneType object
HTTPSConnectionPool(host='api.materialsproject.org', port=443): Max retries exceeded with url: /materials/core/?deprecated=False&_fields=calc_types&material_ids=mp-978516&_limit=1000 (Caused by ResponseError('too many 429 error responses'))
cannot unpack non-iterable NoneType object
HTTPSConnectionPool(host='api.materialsproject.org', port=443): Max retries exceeded with url: /materials/core/?deprecated=False&_fields=calc_types&material_ids=mp-557686&_limit=1000 (Caused by ResponseError('too many 429 error responses'))
cannot unpack non-iterable NoneType object
cannot unpack non-iterable NoneType object
cannot unpack non-iterable NoneType object
cannot unpack non-iterable NoneType object
cannot unpack non-iterable NoneType object
cannot unpack non-iterable NoneType object
cannot unpack non-iterable NoneType object
cannot unpack non-iterable NoneType object
HTTPSConnectionPool(host='api.materialsproject.org', port=443): Max retries exceeded with url: /materials/core/?deprecated=False&_fields=calc_types&material_ids=mp-978539&_limit=1000 (Caused by ResponseError('too many 429 error responses'))
cannot unpack non-iterable NoneType object
HTTPSConnectionPool(host='api.materialsproject.org', port=443): Max retries exceeded with url: /materials/core/?deprecated=False&_fields=calc_types&material_ids=mp-867135&_limit=1000 (Caused by ResponseError('too many 429 error responses'))
cannot unpack non-iterable NoneType object
cannot unpack non-iterable NoneType object
cannot unpack non-iterable NoneType object
cannot unpack non-iterable NoneType object
cannot unpack non-iterable NoneType object
cannot unpack non-iterable NoneType object
HTTPSConnectionPool(host='api.materialsproject.org', port=443): Max retries exceeded with url: /materials/core/?deprecated=False&_fields=calc_types&material_ids=mp-978544&_limit=1000 (Caused by ResponseError('too many 429 error responses'))
cannot unpack non-iterable NoneType object
HTTPSConnectionPool(host='api.materialsproject.org', port=443): Max retries exceeded with url: /materials/core/?deprecated=False&_fields=calc_types&material_ids=mp-867148&_limit=1000 (Caused by ResponseError('too many 429 error responses'))
HTTPSConnectionPool(host='api.materialsproject.org', port=443): Max retries exceeded with url: /materials/tasks/?_fields=last_updated%2Ctask_id&task_ids=mp-1426266&_limit=250 (Caused by ResponseError('too many 429 error responses'))
cannot unpack non-iterable NoneType object
cannot unpack non-iterable NoneType object
cannot unpack non-iterable NoneType object
cannot unpack non-iterable NoneType object
cannot unpack non-iterable NoneType object
cannot unpack non-iterable NoneType object
HTTPSConnectionPool(host='api.materialsproject.org', port=443): Max retries exceeded with url: /materials/tasks/?_fields=last_updated%2Ctask_id&task_ids=mp-1002588&_limit=250 (Caused by ResponseError('too many 429 error responses'))
HTTPSConnectionPool(host='api.materialsproject.org', port=443): Max retries exceeded with url: /materials/tasks/?_fields=last_updated%2Ctask_id&task_ids=mp-1475984&_limit=250 (Caused by ResponseError('too many 429 error responses'))
HTTPSConnectionPool(host='api.materialsproject.org', port=443): Max retries exceeded with url: /materials/tasks/?_fields=last_updated%2Ctask_id&task_ids=mp-1005113&_limit=334 (Caused by ResponseError('too many 429 error responses'))
cannot unpack non-iterable NoneType object
cannot unpack non-iterable NoneType object
cannot unpack non-iterable NoneType object
cannot unpack non-iterable NoneType object
cannot unpack non-iterable NoneType object
cannot unpack non-iterable NoneType object
cannot unpack non-iterable NoneType object
cannot unpack non-iterable NoneType object
HTTPSConnectionPool(host='api.materialsproject.org', port=443): Max retries exceeded with url: /materials/core/?deprecated=False&_fields=calc_types&material_ids=mp-568830&_limit=1000 (Caused by ResponseError('too many 429 error responses'))
HTTPSConnectionPool(host='api.materialsproject.org', port=443): Max retries exceeded with url: /materials/tasks/?_fields=last_updated%2Ctask_id&task_ids=mp-1002598&_limit=250 (Caused by ResponseError('too many 429 error responses'))
HTTPSConnectionPool(host='api.materialsproject.org', port=443): Max retries exceeded with url: /materials/tasks/?_fields=last_updated%2Ctask_id&task_ids=mp-1419597&_limit=334 (Caused by ResponseError('too many 429 error responses'))
cannot unpack non-iterable NoneType object
HTTPSConnectionPool(host='api.materialsproject.org', port=443): Max retries exceeded with url: /materials/tasks/?_fields=last_updated%2Ctask_id&task_ids=mp-1001592&_limit=250 (Caused by ResponseError('too many 429 error responses'))
cannot unpack non-iterable NoneType object
HTTPSConnectionPool(host='api.materialsproject.org', port=443): Max retries exceeded with url: /materials/core/?deprecated=False&_fields=calc_types&material_ids=mp-867146&_limit=1000 (Caused by ResponseError('too many 429 error responses'))
cannot unpack non-iterable NoneType object
HTTPSConnectionPool(host='api.materialsproject.org', port=443): Max retries exceeded with url: /materials/core/?deprecated=False&_fields=calc_types&material_ids=mp-978537&_limit=1000 (Caused by ResponseError('too many 429 error responses'))
cannot unpack non-iterable NoneType object
cannot unpack non-iterable NoneType object
cannot unpack non-iterable NoneType object
cannot unpack non-iterable NoneType object
cannot unpack non-iterable NoneType object
cannot unpack non-iterable NoneType object
HTTPSConnectionPool(host='api.materialsproject.org', port=443): Max retries exceeded with url: /materials/tasks/?_fields=last_updated%2Ctask_id&task_ids=mp-1331451&_limit=500 (Caused by ResponseError('too many 429 error responses'))
HTTPSConnectionPool(host='api.materialsproject.org', port=443): Max retries exceeded with url: /materials/tasks/?_fields=last_updated%2Ctask_id&task_ids=mp-1416894&_limit=333 (Caused by ResponseError('too many 429 error responses'))
cannot unpack non-iterable NoneType object
HTTPSConnectionPool(host='api.materialsproject.org', port=443): Max retries exceeded with url: /materials/core/?deprecated=False&_fields=calc_types&material_ids=mp-568914&_limit=1000 (Caused by ResponseError('too many 429 error responses'))
cannot unpack non-iterable NoneType object
cannot unpack non-iterable NoneType object
cannot unpack non-iterable NoneType object
cannot unpack non-iterable NoneType object
cannot unpack non-iterable NoneType object
cannot unpack non-iterable NoneType object
cannot unpack non-iterable NoneType object
cannot unpack non-iterable NoneType object
cannot unpack non-iterable NoneType object
HTTPSConnectionPool(host='api.materialsproject.org', port=443): Max retries exceeded with url: /materials/tasks/?_fields=last_updated%2Ctask_id&task_ids=mp-1782443&_limit=333 (Caused by ResponseError('too many 429 error responses'))
cannot unpack non-iterable NoneType object
HTTPSConnectionPool(host='api.materialsproject.org', port=443): Max retries exceeded with url: /materials/core/?deprecated=False&_fields=calc_types&material_ids=mp-571126&_limit=1000 (Caused by ResponseError('too many 429 error responses'))
cannot unpack non-iterable NoneType object
HTTPSConnectionPool(host='api.materialsproject.org', port=443): Max retries exceeded with url: /materials/core/?deprecated=False&_fields=calc_types&material_ids=mp-867123&_limit=1000 (Caused by ResponseError('too many 429 error responses'))
cannot unpack non-iterable NoneType object
cannot unpack non-iterable NoneType object
cannot unpack non-iterable NoneType object
cannot unpack non-iterable NoneType object
cannot unpack non-iterable NoneType object
cannot unpack non-iterable NoneType object
cannot unpack non-iterable NoneType object
cannot unpack non-iterable NoneType object
cannot unpack non-iterable NoneType object
cannot unpack non-iterable NoneType object
HTTPSConnectionPool(host='api.materialsproject.org', port=443): Max retries exceeded with url: /materials/core/?deprecated=False&_fields=calc_types&material_ids=mp-978522&_limit=1000 (Caused by ResponseError('too many 429 error responses'))
cannot unpack non-iterable NoneType object
HTTPSConnectionPool(host='api.materialsproject.org', port=443): Max retries exceeded with url: /materials/core/?deprecated=False&_fields=calc_types&material_ids=mp-569823&_limit=1000 (Caused by ResponseError('too many 429 error responses'))
cannot unpack non-iterable NoneType object
HTTPSConnectionPool(host='api.materialsproject.org', port=443): Max retries exceeded with url: /materials/core/?deprecated=False&_fields=calc_types&material_ids=mp-867169&_limit=1000 (Caused by ResponseError('too many 429 error responses'))
cannot unpack non-iterable NoneType object
cannot unpack non-iterable NoneType object
cannot unpack non-iterable NoneType object
cannot unpack non-iterable NoneType object
cannot unpack non-iterable NoneType object
cannot unpack non-iterable NoneType object
cannot unpack non-iterable NoneType object
HTTPSConnectionPool(host='api.materialsproject.org', port=443): Max retries exceeded with url: /materials/tasks/?_fields=last_updated%2Ctask_id&task_ids=mp-1054685&_limit=334 (Caused by ResponseError('too many 429 error responses'))
HTTPSConnectionPool(host='api.materialsproject.org', port=443): Max retries exceeded with url: /materials/tasks/?_fields=last_updated%2Ctask_id&task_ids=mp-1840270&_limit=333 (Caused by ResponseError('too many 429 error responses'))
cannot unpack non-iterable NoneType object
cannot unpack non-iterable NoneType object
HTTPSConnectionPool(host='api.materialsproject.org', port=443): Max retries exceeded with url: /materials/tasks/?_fields=last_updated%2Ctask_id&task_ids=mp-1389744&_limit=334 (Caused by ResponseError('too many 429 error responses'))
HTTPSConnectionPool(host='api.materialsproject.org', port=443): Max retries exceeded with url: /materials/tasks/?_fields=last_updated%2Ctask_id&task_ids=mp-1426721&_limit=333 (Caused by ResponseError('too many 429 error responses'))
cannot unpack non-iterable NoneType object
HTTPSConnectionPool(host='api.materialsproject.org', port=443): Max retries exceeded with url: /materials/core/?deprecated=False&_fields=calc_types&material_ids=mp-570166&_limit=1000 (Caused by ResponseError('too many 429 error responses'))
cannot unpack non-iterable NoneType object
cannot unpack non-iterable NoneType object
cannot unpack non-iterable NoneType object
cannot unpack non-iterable NoneType object
cannot unpack non-iterable NoneType object
cannot unpack non-iterable NoneType object
HTTPSConnectionPool(host='api.materialsproject.org', port=443): Max retries exceeded with url: /materials/core/?deprecated=False&_fields=calc_types&material_ids=mp-569149&_limit=1000 (Caused by ResponseError('too many 429 error responses'))
cannot unpack non-iterable NoneType object
HTTPSConnectionPool(host='api.materialsproject.org', port=443): Max retries exceeded with url: /materials/core/?deprecated=False&_fields=calc_types&material_ids=mp-978976&_limit=1000 (Caused by ResponseError('too many 429 error responses'))
cannot unpack non-iterable NoneType object
HTTPSConnectionPool(host='api.materialsproject.org', port=443): Max retries exceeded with url: /materials/core/?deprecated=False&_fields=calc_types&material_ids=mp-867171&_limit=1000 (Caused by ResponseError('too many 429 error responses'))
cannot unpack non-iterable NoneType object
cannot unpack non-iterable NoneType object
cannot unpack non-iterable NoneType object
cannot unpack non-iterable NoneType object
cannot unpack non-iterable NoneType object
cannot unpack non-iterable NoneType object
HTTPSConnectionPool(host='api.materialsproject.org', port=443): Max retries exceeded with url: /materials/tasks/?_fields=last_updated%2Ctask_id&task_ids=mp-1419599&_limit=334 (Caused by ResponseError('too many 429 error responses'))
cannot unpack non-iterable NoneType object
HTTPSConnectionPool(host='api.materialsproject.org', port=443): Max retries exceeded with url: /materials/tasks/?_fields=last_updated%2Ctask_id&task_ids=mp-1054802&_limit=334 (Caused by ResponseError('too many 429 error responses'))
cannot unpack non-iterable NoneType object
cannot unpack non-iterable NoneType object
cannot unpack non-iterable NoneType object
cannot unpack non-iterable NoneType object
cannot unpack non-iterable NoneType object
cannot unpack non-iterable NoneType object
HTTPSConnectionPool(host='api.materialsproject.org', port=443): Max retries exceeded with url: /materials/tasks/?_fields=last_updated%2Ctask_id&task_ids=mp-979189&_limit=333 (Caused by ResponseError('too many 429 error responses'))
HTTPSConnectionPool(host='api.materialsproject.org', port=443): Max retries exceeded with url: /materials/tasks/?_fields=last_updated%2Ctask_id&task_ids=mp-1439472&_limit=250 (Caused by ResponseError('too many 429 error responses'))
cannot unpack non-iterable NoneType object
cannot unpack non-iterable NoneType object
cannot unpack non-iterable NoneType object
HTTPSConnectionPool(host='api.materialsproject.org', port=443): Max retries exceeded with url: /materials/core/?deprecated=False&_fields=calc_types&material_ids=mp-582719&_limit=1000 (Caused by ResponseError('too many 429 error responses'))
HTTPSConnectionPool(host='api.materialsproject.org', port=443): Max retries exceeded with url: /materials/tasks/?_fields=last_updated%2Ctask_id&task_ids=mp-1406118&_limit=334 (Caused by ResponseError('too many 429 error responses'))
HTTPSConnectionPool(host='api.materialsproject.org', port=443): Max retries exceeded with url: /materials/tasks/?_fields=last_updated%2Ctask_id&task_ids=mp-1430267&_limit=250 (Caused by ResponseError('too many 429 error responses'))
cannot unpack non-iterable NoneType object
cannot unpack non-iterable NoneType object
HTTPSConnectionPool(host='api.materialsproject.org', port=443): Max retries exceeded with url: /materials/tasks/?_fields=last_updated%2Ctask_id&task_ids=mp-1797152&_limit=333 (Caused by ResponseError('too many 429 error responses'))
cannot unpack non-iterable NoneType object
HTTPSConnectionPool(host='api.materialsproject.org', port=443): Max retries exceeded with url: /materials/core/?deprecated=False&_fields=calc_types&material_ids=mp-867233&_limit=1000 (Caused by ResponseError('too many 429 error responses'))
HTTPSConnectionPool(host='api.materialsproject.org', port=443): Max retries exceeded with url: /materials/tasks/?_fields=last_updated%2Ctask_id&task_ids=mp-1840736&_limit=500 (Caused by ResponseError('too many 429 error responses'))
cannot unpack non-iterable NoneType object
cannot unpack non-iterable NoneType object
cannot unpack non-iterable NoneType object
cannot unpack non-iterable NoneType object
cannot unpack non-iterable NoneType object
cannot unpack non-iterable NoneType object
HTTPSConnectionPool(host='api.materialsproject.org', port=443): Max retries exceeded with url: /materials/core/?deprecated=False&_fields=calc_types&material_ids=mp-978984&_limit=1000 (Caused by ResponseError('too many 429 error responses'))
cannot unpack non-iterable NoneType object
HTTPSConnectionPool(host='api.materialsproject.org', port=443): Max retries exceeded with url: /materials/core/?deprecated=False&_fields=calc_types&material_ids=mp-5955&_limit=1000 (Caused by ResponseError('too many 429 error responses'))
cannot unpack non-iterable NoneType object
HTTPSConnectionPool(host='api.materialsproject.org', port=443): Max retries exceeded with url: /materials/core/?deprecated=False&_fields=calc_types&material_ids=mp-867196&_limit=1000 (Caused by ResponseError('too many 429 error responses'))
cannot unpack non-iterable NoneType object
cannot unpack non-iterable NoneType object
cannot unpack non-iterable NoneType object
cannot unpack non-iterable NoneType object
cannot unpack non-iterable NoneType object
cannot unpack non-iterable NoneType object
cannot unpack non-iterable NoneType object
cannot unpack non-iterable NoneType object
cannot unpack non-iterable NoneType object
cannot unpack non-iterable NoneType object
cannot unpack non-iterable NoneType object
HTTPSConnectionPool(host='api.materialsproject.org', port=443): Max retries exceeded with url: /materials/core/?deprecated=False&_fields=calc_types&material_ids=mp-867234&_limit=1000 (Caused by ResponseError('too many 429 error responses'))
HTTPSConnectionPool(host='api.materialsproject.org', port=443): Max retries exceeded with url: /materials/tasks/?_fields=last_updated%2Ctask_id&task_ids=mp-1412338&_limit=334 (Caused by ResponseError('too many 429 error responses'))
cannot unpack non-iterable NoneType object
HTTPSConnectionPool(host='api.materialsproject.org', port=443): Max retries exceeded with url: /materials/core/?deprecated=False&_fields=calc_types&material_ids=mp-978988&_limit=1000 (Caused by ResponseError('too many 429 error responses'))
cannot unpack non-iterable NoneType object
cannot unpack non-iterable NoneType object
HTTPSConnectionPool(host='api.materialsproject.org', port=443): Max retries exceeded with url: /materials/tasks/?_fields=last_updated%2Ctask_id&task_ids=mp-1386445&_limit=334 (Caused by ResponseError('too many 429 error responses'))
HTTPSConnectionPool(host='api.materialsproject.org', port=443): Max retries exceeded with url: /materials/tasks/?_fields=last_updated%2Ctask_id&task_ids=mp-1054843&_limit=334 (Caused by ResponseError('too many 429 error responses'))
cannot unpack non-iterable NoneType object
HTTPSConnectionPool(host='api.materialsproject.org', port=443): Max retries exceeded with url: /materials/core/?deprecated=False&_fields=calc_types&material_ids=mp-978975&_limit=1000 (Caused by ResponseError('too many 429 error responses'))
cannot unpack non-iterable NoneType object
cannot unpack non-iterable NoneType object
cannot unpack non-iterable NoneType object
HTTPSConnectionPool(host='api.materialsproject.org', port=443): Max retries exceeded with url: /materials/tasks/?_fields=last_updated%2Ctask_id&task_ids=mp-1397164&_limit=334 (Caused by ResponseError('too many 429 error responses'))
HTTPSConnectionPool(host='api.materialsproject.org', port=443): Max retries exceeded with url: /materials/tasks/?_fields=last_updated%2Ctask_id&task_ids=mp-1054851&_limit=334 (Caused by ResponseError('too many 429 error responses'))
HTTPSConnectionPool(host='api.materialsproject.org', port=443): Max retries exceeded with url: /materials/tasks/?_fields=last_updated%2Ctask_id&task_ids=mp-1414332&_limit=334 (Caused by ResponseError('too many 429 error responses'))
cannot unpack non-iterable NoneType object
cannot unpack non-iterable NoneType object
cannot unpack non-iterable NoneType object
cannot unpack non-iterable NoneType object
cannot unpack non-iterable NoneType object
cannot unpack non-iterable NoneType object
HTTPSConnectionPool(host='api.materialsproject.org', port=443): Max retries exceeded with url: /materials/tasks/?_fields=last_updated%2Ctask_id&task_ids=mp-1422463&_limit=500 (Caused by ResponseError('too many 429 error responses'))
cannot unpack non-iterable NoneType object
HTTPSConnectionPool(host='api.materialsproject.org', port=443): Max retries exceeded with url: /materials/core/?deprecated=False&_fields=calc_types&material_ids=mp-867186&_limit=1000 (Caused by ResponseError('too many 429 error responses'))
cannot unpack non-iterable NoneType object
HTTPSConnectionPool(host='api.materialsproject.org', port=443): Max retries exceeded with url: /materials/core/?deprecated=False&_fields=calc_types&material_ids=mp-623453&_limit=1000 (Caused by ResponseError('too many 429 error responses'))
cannot unpack non-iterable NoneType object
HTTPSConnectionPool(host='api.materialsproject.org', port=443): Max retries exceeded with url: /materials/core/?deprecated=False&_fields=calc_types&material_ids=mp-979429&_limit=1000 (Caused by ResponseError('too many 429 error responses'))
cannot unpack non-iterable NoneType object
cannot unpack non-iterable NoneType object
HTTPSConnectionPool(host='api.materialsproject.org', port=443): Max retries exceeded with url: /materials/core/?deprecated=False&_fields=calc_types&material_ids=mp-867236&_limit=1000 (Caused by ResponseError('too many 429 error responses'))
cannot unpack non-iterable NoneType object
cannot unpack non-iterable NoneType object
cannot unpack non-iterable NoneType object
HTTPSConnectionPool(host='api.materialsproject.org', port=443): Max retries exceeded with url: /materials/tasks/?_fields=last_updated%2Ctask_id&task_ids=mp-1413618&_limit=500 (Caused by ResponseError('too many 429 error responses'))
HTTPSConnectionPool(host='api.materialsproject.org', port=443): Max retries exceeded with url: /materials/tasks/?_fields=last_updated%2Ctask_id&task_ids=mp-1429920&_limit=334 (Caused by ResponseError('too many 429 error responses'))
HTTPSConnectionPool(host='api.materialsproject.org', port=443): Max retries exceeded with url: /materials/tasks/?_fields=last_updated%2Ctask_id&task_ids=mp-1002652&_limit=250 (Caused by ResponseError('too many 429 error responses'))
cannot unpack non-iterable NoneType object
cannot unpack non-iterable NoneType object
cannot unpack non-iterable NoneType object
HTTPSConnectionPool(host='api.materialsproject.org', port=443): Max retries exceeded with url: /materials/tasks/?_fields=last_updated%2Ctask_id&task_ids=mp-1795447&_limit=333 (Caused by ResponseError('too many 429 error responses'))
cannot unpack non-iterable NoneType object
cannot unpack non-iterable NoneType object
cannot unpack non-iterable NoneType object
HTTPSConnectionPool(host='api.materialsproject.org', port=443): Max retries exceeded with url: /materials/core/?deprecated=False&_fields=calc_types&material_ids=mp-867198&_limit=1000 (Caused by ResponseError('too many 429 error responses'))
cannot unpack non-iterable NoneType object
HTTPSConnectionPool(host='api.materialsproject.org', port=443): Max retries exceeded with url: /materials/core/?deprecated=False&_fields=calc_types&material_ids=mp-614489&_limit=1000 (Caused by ResponseError('too many 429 error responses'))
cannot unpack non-iterable NoneType object
HTTPSConnectionPool(host='api.materialsproject.org', port=443): Max retries exceeded with url: /materials/core/?deprecated=False&_fields=calc_types&material_ids=mp-979430&_limit=1000 (Caused by ResponseError('too many 429 error responses'))
cannot unpack non-iterable NoneType object
cannot unpack non-iterable NoneType object
HTTPSConnectionPool(host='api.materialsproject.org', port=443): Max retries exceeded with url: /materials/core/?deprecated=False&_fields=calc_types&material_ids=mp-631277&_limit=1000 (Caused by ResponseError('too many 429 error responses'))
cannot unpack non-iterable NoneType object
HTTPSConnectionPool(host='api.materialsproject.org', port=443): Max retries exceeded with url: /materials/core/?deprecated=False&_fields=calc_types&material_ids=mp-979931&_limit=1000 (Caused by ResponseError('too many 429 error responses'))
cannot unpack non-iterable NoneType object
cannot unpack non-iterable NoneType object
cannot unpack non-iterable NoneType object
cannot unpack non-iterable NoneType object
HTTPSConnectionPool(host='api.materialsproject.org', port=443): Max retries exceeded with url: /materials/tasks/?_fields=last_updated%2Ctask_id&task_ids=mp-1005807&_limit=334 (Caused by ResponseError('too many 429 error responses'))
HTTPSConnectionPool(host='api.materialsproject.org', port=443): Max retries exceeded with url: /materials/tasks/?_fields=last_updated%2Ctask_id&task_ids=mp-1441170&_limit=250 (Caused by ResponseError('too many 429 error responses'))
cannot unpack non-iterable NoneType object
cannot unpack non-iterable NoneType object
HTTPSConnectionPool(host='api.materialsproject.org', port=443): Max retries exceeded with url: /materials/tasks/?_fields=last_updated%2Ctask_id&task_ids=mp-1054964&_limit=334 (Caused by ResponseError('too many 429 error responses'))
HTTPSConnectionPool(host='api.materialsproject.org', port=443): Max retries exceeded with url: /materials/tasks/?_fields=last_updated%2Ctask_id&task_ids=mp-1826380&_limit=333 (Caused by ResponseError('too many 429 error responses'))
cannot unpack non-iterable NoneType object
HTTPSConnectionPool(host='api.materialsproject.org', port=443): Max retries exceeded with url: /materials/core/?deprecated=False&_fields=calc_types&material_ids=mp-631305&_limit=1000 (Caused by ResponseError('too many 429 error responses'))
cannot unpack non-iterable NoneType object
cannot unpack non-iterable NoneType object
cannot unpack non-iterable NoneType object
cannot unpack non-iterable NoneType object
cannot unpack non-iterable NoneType object
cannot unpack non-iterable NoneType object
cannot unpack non-iterable NoneType object
cannot unpack non-iterable NoneType object
cannot unpack non-iterable NoneType object
cannot unpack non-iterable NoneType object
cannot unpack non-iterable NoneType object
cannot unpack non-iterable NoneType object
cannot unpack non-iterable NoneType object
cannot unpack non-iterable NoneType object
cannot unpack non-iterable NoneType object
cannot unpack non-iterable NoneType object
cannot unpack non-iterable NoneType object
cannot unpack non-iterable NoneType object
cannot unpack non-iterable NoneType object
cannot unpack non-iterable NoneType object
cannot unpack non-iterable NoneType object
cannot unpack non-iterable NoneType object
cannot unpack non-iterable NoneType object
cannot unpack non-iterable NoneType object
cannot unpack non-iterable NoneType object
cannot unpack non-iterable NoneType object
HTTPSConnectionPool(host='api.materialsproject.org', port=443): Max retries exceeded with url: /materials/core/?deprecated=False&_fields=calc_types&material_ids=mp-631323&_limit=1000 (Caused by ResponseError('too many 429 error responses'))
cannot unpack non-iterable NoneType object
HTTPSConnectionPool(host='api.materialsproject.org', port=443): Max retries exceeded with url: /materials/core/?deprecated=False&_fields=calc_types&material_ids=mp-867282&_limit=1000 (Caused by ResponseError('too many 429 error responses'))
cannot unpack non-iterable NoneType object
cannot unpack non-iterable NoneType object
cannot unpack non-iterable NoneType object
HTTPSConnectionPool(host='api.materialsproject.org', port=443): Max retries exceeded with url: /materials/core/?deprecated=False&_fields=calc_types&material_ids=mp-631362&_limit=1000 (Caused by ResponseError('too many 429 error responses'))
HTTPSConnectionPool(host='api.materialsproject.org', port=443): Max retries exceeded with url: /materials/tasks/?_fields=last_updated%2Ctask_id&task_ids=mp-1419096&_limit=334 (Caused by ResponseError('too many 429 error responses'))
cannot unpack non-iterable NoneType object
cannot unpack non-iterable NoneType object
cannot unpack non-iterable NoneType object
HTTPSConnectionPool(host='api.materialsproject.org', port=443): Max retries exceeded with url: /materials/core/?deprecated=False&_fields=calc_types&material_ids=mp-979425&_limit=1000 (Caused by ResponseError('too many 429 error responses'))
cannot unpack non-iterable NoneType object
HTTPSConnectionPool(host='api.materialsproject.org', port=443): Max retries exceeded with url: /materials/core/?deprecated=False&_fields=calc_types&material_ids=mp-867275&_limit=1000 (Caused by ResponseError('too many 429 error responses'))
cannot unpack non-iterable NoneType object
cannot unpack non-iterable NoneType object
cannot unpack non-iterable NoneType object
cannot unpack non-iterable NoneType object
HTTPSConnectionPool(host='api.materialsproject.org', port=443): Max retries exceeded with url: /materials/core/?deprecated=False&_fields=calc_types&material_ids=mp-631406&_limit=1000 (Caused by ResponseError('too many 429 error responses'))
HTTPSConnectionPool(host='api.materialsproject.org', port=443): Max retries exceeded with url: /materials/tasks/?_fields=last_updated%2Ctask_id&task_ids=mp-1055049&_limit=334 (Caused by ResponseError('too many 429 error responses'))
HTTPSConnectionPool(host='api.materialsproject.org', port=443): Max retries exceeded with url: /materials/tasks/?_fields=last_updated%2Ctask_id&task_ids=mp-1783877&_limit=500 (Caused by ResponseError('too many 429 error responses'))
cannot unpack non-iterable NoneType object
cannot unpack non-iterable NoneType object
cannot unpack non-iterable NoneType object
cannot unpack non-iterable NoneType object
cannot unpack non-iterable NoneType object
cannot unpack non-iterable NoneType object
cannot unpack non-iterable NoneType object
cannot unpack non-iterable NoneType object
cannot unpack non-iterable NoneType object
cannot unpack non-iterable NoneType object
cannot unpack non-iterable NoneType object
HTTPSConnectionPool(host='api.materialsproject.org', port=443): Max retries exceeded with url: /materials/core/?deprecated=False&_fields=calc_types&material_ids=mp-631522&_limit=1000 (Caused by ResponseError('too many 429 error responses'))
HTTPSConnectionPool(host='api.materialsproject.org', port=443): Max retries exceeded with url: /materials/tasks/?_fields=last_updated%2Ctask_id&task_ids=mp-1055025&_limit=334 (Caused by ResponseError('too many 429 error responses'))
cannot unpack non-iterable NoneType object
HTTPSConnectionPool(host='api.materialsproject.org', port=443): Max retries exceeded with url: /materials/core/?deprecated=False&_fields=calc_types&material_ids=mp-980055&_limit=1000 (Caused by ResponseError('too many 429 error responses'))
cannot unpack non-iterable NoneType object
cannot unpack non-iterable NoneType object
cannot unpack non-iterable NoneType object
cannot unpack non-iterable NoneType object
cannot unpack non-iterable NoneType object
cannot unpack non-iterable NoneType object
cannot unpack non-iterable NoneType object
HTTPSConnectionPool(host='api.materialsproject.org', port=443): Max retries exceeded with url: /materials/core/?deprecated=False&_fields=calc_types&material_ids=mp-980067&_limit=1000 (Caused by ResponseError('too many 429 error responses'))
cannot unpack non-iterable NoneType object
HTTPSConnectionPool(host='api.materialsproject.org', port=443): Max retries exceeded with url: /materials/core/?deprecated=False&_fields=calc_types&material_ids=mp-631412&_limit=1000 (Caused by ResponseError('too many 429 error responses'))
HTTPSConnectionPool(host='api.materialsproject.org', port=443): Max retries exceeded with url: /materials/tasks/?_fields=last_updated%2Ctask_id&task_ids=mp-1002704&_limit=250 (Caused by ResponseError('too many 429 error responses'))
cannot unpack non-iterable NoneType object
cannot unpack non-iterable NoneType object
cannot unpack non-iterable NoneType object
HTTPSConnectionPool(host='api.materialsproject.org', port=443): Max retries exceeded with url: /materials/tasks/?_fields=last_updated%2Ctask_id&task_ids=mp-1418491&_limit=333 (Caused by ResponseError('too many 429 error responses'))
HTTPSConnectionPool(host='api.materialsproject.org', port=443): Max retries exceeded with url: /materials/tasks/?_fields=last_updated%2Ctask_id&task_ids=mp-1055064&_limit=334 (Caused by ResponseError('too many 429 error responses'))
HTTPSConnectionPool(host='api.materialsproject.org', port=443): Max retries exceeded with url: /materials/tasks/?_fields=last_updated%2Ctask_id&task_ids=mp-1431391&_limit=334 (Caused by ResponseError('too many 429 error responses'))
cannot unpack non-iterable NoneType object
cannot unpack non-iterable NoneType object
cannot unpack non-iterable NoneType object
cannot unpack non-iterable NoneType object
cannot unpack non-iterable NoneType object
cannot unpack non-iterable NoneType object
cannot unpack non-iterable NoneType object
HTTPSConnectionPool(host='api.materialsproject.org', port=443): Max retries exceeded with url: /materials/tasks/?_fields=last_updated%2Ctask_id&task_ids=mp-1403520&_limit=500 (Caused by ResponseError('too many 429 error responses'))
HTTPSConnectionPool(host='api.materialsproject.org', port=443): Max retries exceeded with url: /materials/tasks/?_fields=last_updated%2Ctask_id&task_ids=mp-1055053&_limit=334 (Caused by ResponseError('too many 429 error responses'))
cannot unpack non-iterable NoneType object
HTTPSConnectionPool(host='api.materialsproject.org', port=443): Max retries exceeded with url: /materials/core/?deprecated=False&_fields=calc_types&material_ids=mp-631473&_limit=1000 (Caused by ResponseError('too many 429 error responses'))
cannot unpack non-iterable NoneType object
cannot unpack non-iterable NoneType object
cannot unpack non-iterable NoneType object
cannot unpack non-iterable NoneType object
cannot unpack non-iterable NoneType object
cannot unpack non-iterable NoneType object
HTTPSConnectionPool(host='api.materialsproject.org', port=443): Max retries exceeded with url: /materials/tasks/?_fields=last_updated%2Ctask_id&task_ids=mp-1433819&_limit=334 (Caused by ResponseError('too many 429 error responses'))
cannot unpack non-iterable NoneType object
HTTPSConnectionPool(host='api.materialsproject.org', port=443): Max retries exceeded with url: /materials/core/?deprecated=False&_fields=calc_types&material_ids=mp-981208&_limit=1000 (Caused by ResponseError('too many 429 error responses'))
cannot unpack non-iterable NoneType object
HTTPSConnectionPool(host='api.materialsproject.org', port=443): Max retries exceeded with url: /materials/core/?deprecated=False&_fields=calc_types&material_ids=mp-867299&_limit=1000 (Caused by ResponseError('too many 429 error responses'))
cannot unpack non-iterable NoneType object
cannot unpack non-iterable NoneType object
cannot unpack non-iterable NoneType object
cannot unpack non-iterable NoneType object
cannot unpack non-iterable NoneType object
cannot unpack non-iterable NoneType object
cannot unpack non-iterable NoneType object
HTTPSConnectionPool(host='api.materialsproject.org', port=443): Max retries exceeded with url: /materials/tasks/?_fields=last_updated%2Ctask_id&task_ids=mp-1428831&_limit=334 (Caused by ResponseError('too many 429 error responses'))
HTTPSConnectionPool(host='api.materialsproject.org', port=443): Max retries exceeded with url: /materials/tasks/?_fields=last_updated%2Ctask_id&task_ids=mp-1055088&_limit=334 (Caused by ResponseError('too many 429 error responses'))
HTTPSConnectionPool(host='api.materialsproject.org', port=443): Max retries exceeded with url: /materials/tasks/?_fields=last_updated%2Ctask_id&task_ids=mp-1005927&_limit=334 (Caused by ResponseError('too many 429 error responses'))
cannot unpack non-iterable NoneType object
cannot unpack non-iterable NoneType object
cannot unpack non-iterable NoneType object
cannot unpack non-iterable NoneType object
HTTPSConnectionPool(host='api.materialsproject.org', port=443): Max retries exceeded with url: /materials/core/?deprecated=False&_fields=calc_types&material_ids=mp-981312&_limit=1000 (Caused by ResponseError('too many 429 error responses'))
cannot unpack non-iterable NoneType object
cannot unpack non-iterable NoneType object
cannot unpack non-iterable NoneType object
cannot unpack non-iterable NoneType object
HTTPSConnectionPool(host='api.materialsproject.org', port=443): Max retries exceeded with url: /materials/core/?deprecated=False&_fields=calc_types&material_ids=mp-867350&_limit=1000 (Caused by ResponseError('too many 429 error responses'))
HTTPSConnectionPool(host='api.materialsproject.org', port=443): Max retries exceeded with url: /materials/tasks/?_fields=last_updated%2Ctask_id&task_ids=mp-1405626&_limit=334 (Caused by ResponseError('too many 429 error responses'))
HTTPSConnectionPool(host='api.materialsproject.org', port=443): Max retries exceeded with url: /materials/tasks/?_fields=last_updated%2Ctask_id&task_ids=mp-1005973&_limit=334 (Caused by ResponseError('too many 429 error responses'))
cannot unpack non-iterable NoneType object
cannot unpack non-iterable NoneType object
cannot unpack non-iterable NoneType object
HTTPSConnectionPool(host='api.materialsproject.org', port=443): Max retries exceeded with url: /materials/tasks/?_fields=last_updated%2Ctask_id&task_ids=mp-1002760&_limit=334 (Caused by ResponseError('too many 429 error responses'))
HTTPSConnectionPool(host='api.materialsproject.org', port=443): Max retries exceeded with url: /materials/tasks/?_fields=last_updated%2Ctask_id&task_ids=mp-1435312&_limit=334 (Caused by ResponseError('too many 429 error responses'))
HTTPSConnectionPool(host='api.materialsproject.org', port=443): Max retries exceeded with url: /materials/tasks/?_fields=last_updated%2Ctask_id&task_ids=mp-1005972&_limit=334 (Caused by ResponseError('too many 429 error responses'))
cannot unpack non-iterable NoneType object
cannot unpack non-iterable NoneType object
cannot unpack non-iterable NoneType object
cannot unpack non-iterable NoneType object
cannot unpack non-iterable NoneType object
cannot unpack non-iterable NoneType object
cannot unpack non-iterable NoneType object
cannot unpack non-iterable NoneType object
cannot unpack non-iterable NoneType object
cannot unpack non-iterable NoneType object
HTTPSConnectionPool(host='api.materialsproject.org', port=443): Max retries exceeded with url: /materials/core/?deprecated=False&_fields=calc_types&material_ids=mp-981368&_limit=1000 (Caused by ResponseError('too many 429 error responses'))
cannot unpack non-iterable NoneType object
HTTPSConnectionPool(host='api.materialsproject.org', port=443): Max retries exceeded with url: /materials/core/?deprecated=False&_fields=calc_types&material_ids=mp-867319&_limit=1000 (Caused by ResponseError('too many 429 error responses'))
cannot unpack non-iterable NoneType object
HTTPSConnectionPool(host='api.materialsproject.org', port=443): Max retries exceeded with url: /materials/core/?deprecated=False&_fields=calc_types&material_ids=mp-631553&_limit=1000 (Caused by ResponseError('too many 429 error responses'))
cannot unpack non-iterable NoneType object
cannot unpack non-iterable NoneType object
cannot unpack non-iterable NoneType object
cannot unpack non-iterable NoneType object
cannot unpack non-iterable NoneType object
cannot unpack non-iterable NoneType object
cannot unpack non-iterable NoneType object
cannot unpack non-iterable NoneType object
cannot unpack non-iterable NoneType object
cannot unpack non-iterable NoneType object
cannot unpack non-iterable NoneType object
HTTPSConnectionPool(host='api.materialsproject.org', port=443): Max retries exceeded with url: /materials/core/?deprecated=False&_fields=calc_types&material_ids=mp-867304&_limit=1000 (Caused by ResponseError('too many 429 error responses'))
HTTPSConnectionPool(host='api.materialsproject.org', port=443): Max retries exceeded with url: /materials/tasks/?_fields=last_updated%2Ctask_id&task_ids=mp-1006137&_limit=334 (Caused by ResponseError('too many 429 error responses'))
HTTPSConnectionPool(host='api.materialsproject.org', port=443): Max retries exceeded with url: /materials/tasks/?_fields=last_updated%2Ctask_id&task_ids=mp-988737&_limit=333 (Caused by ResponseError('too many 429 error responses'))
cannot unpack non-iterable NoneType object
cannot unpack non-iterable NoneType object
cannot unpack non-iterable NoneType object
HTTPSConnectionPool(host='api.materialsproject.org', port=443): Max retries exceeded with url: /materials/core/?deprecated=False&_fields=calc_types&material_ids=mp-634945&_limit=1000 (Caused by ResponseError('too many 429 error responses'))
HTTPSConnectionPool(host='api.materialsproject.org', port=443): Max retries exceeded with url: /materials/tasks/?_fields=last_updated%2Ctask_id&task_ids=mp-1002719&_limit=250 (Caused by ResponseError('too many 429 error responses'))
HTTPSConnectionPool(host='api.materialsproject.org', port=443): Max retries exceeded with url: /materials/tasks/?_fields=last_updated%2Ctask_id&task_ids=mp-1384225&_limit=334 (Caused by ResponseError('too many 429 error responses'))
cannot unpack non-iterable NoneType object
cannot unpack non-iterable NoneType object
cannot unpack non-iterable NoneType object
cannot unpack non-iterable NoneType object
cannot unpack non-iterable NoneType object
cannot unpack non-iterable NoneType object
cannot unpack non-iterable NoneType object
cannot unpack non-iterable NoneType object
cannot unpack non-iterable NoneType object
HTTPSConnectionPool(host='api.materialsproject.org', port=443): Max retries exceeded with url: /materials/core/?deprecated=False&_fields=calc_types&material_ids=mp-867327&_limit=1000 (Caused by ResponseError('too many 429 error responses'))
HTTPSConnectionPool(host='api.materialsproject.org', port=443): Max retries exceeded with url: /materials/tasks/?_fields=last_updated%2Ctask_id&task_ids=mp-1432898&_limit=334 (Caused by ResponseError('too many 429 error responses'))
cannot unpack non-iterable NoneType object
cannot unpack non-iterable NoneType object
HTTPSConnectionPool(host='api.materialsproject.org', port=443): Max retries exceeded with url: /materials/tasks/?_fields=last_updated%2Ctask_id&task_ids=mp-1432871&_limit=333 (Caused by ResponseError('too many 429 error responses'))
cannot unpack non-iterable NoneType object
HTTPSConnectionPool(host='api.materialsproject.org', port=443): Max retries exceeded with url: /materials/core/?deprecated=False&_fields=calc_types&material_ids=mp-631548&_limit=1000 (Caused by ResponseError('too many 429 error responses'))
HTTPSConnectionPool(host='api.materialsproject.org', port=443): Max retries exceeded with url: /materials/tasks/?_fields=last_updated%2Ctask_id&task_ids=mp-1006169&_limit=334 (Caused by ResponseError('too many 429 error responses'))
cannot unpack non-iterable NoneType object
cannot unpack non-iterable NoneType object
cannot unpack non-iterable NoneType object
HTTPSConnectionPool(host='api.materialsproject.org', port=443): Max retries exceeded with url: /materials/tasks/?_fields=last_updated%2Ctask_id&task_ids=mp-1002498&_limit=250 (Caused by ResponseError('too many 429 error responses'))
cannot unpack non-iterable NoneType object
cannot unpack non-iterable NoneType object
HTTPSConnectionPool(host='api.materialsproject.org', port=443): Max retries exceeded with url: /materials/tasks/?_fields=last_updated%2Ctask_id&task_ids=mp-1433677&_limit=334 (Caused by ResponseError('too many 429 error responses'))
cannot unpack non-iterable NoneType object
HTTPSConnectionPool(host='api.materialsproject.org', port=443): Max retries exceeded with url: /materials/core/?deprecated=False&_fields=calc_types&material_ids=mp-867756&_limit=1000 (Caused by ResponseError('too many 429 error responses'))
HTTPSConnectionPool(host='api.materialsproject.org', port=443): Max retries exceeded with url: /materials/tasks/?_fields=last_updated%2Ctask_id&task_ids=mp-1433226&_limit=500 (Caused by ResponseError('too many 429 error responses'))
cannot unpack non-iterable NoneType object
cannot unpack non-iterable NoneType object
cannot unpack non-iterable NoneType object
HTTPSConnectionPool(host='api.materialsproject.org', port=443): Max retries exceeded with url: /materials/tasks/?_fields=last_updated%2Ctask_id&task_ids=mp-1800724&_limit=333 (Caused by ResponseError('too many 429 error responses'))
cannot unpack non-iterable NoneType object
cannot unpack non-iterable NoneType object
HTTPSConnectionPool(host='api.materialsproject.org', port=443): Max retries exceeded with url: /materials/core/?deprecated=False&_fields=calc_types&material_ids=mp-867768&_limit=1000 (Caused by ResponseError('too many 429 error responses'))
cannot unpack non-iterable NoneType object
HTTPSConnectionPool(host='api.materialsproject.org', port=443): Max retries exceeded with url: /materials/core/?deprecated=False&_fields=calc_types&material_ids=mp-982870&_limit=1000 (Caused by ResponseError('too many 429 error responses'))
cannot unpack non-iterable NoneType object
HTTPSConnectionPool(host='api.materialsproject.org', port=443): Max retries exceeded with url: /materials/core/?deprecated=False&_fields=calc_types&material_ids=mp-631633&_limit=1000 (Caused by ResponseError('too many 429 error responses'))
cannot unpack non-iterable NoneType object
cannot unpack non-iterable NoneType object
cannot unpack non-iterable NoneType object
cannot unpack non-iterable NoneType object
cannot unpack non-iterable NoneType object
cannot unpack non-iterable NoneType object
cannot unpack non-iterable NoneType object
cannot unpack non-iterable NoneType object
cannot unpack non-iterable NoneType object
HTTPSConnectionPool(host='api.materialsproject.org', port=443): Max retries exceeded with url: /materials/core/?deprecated=False&_fields=calc_types&material_ids=mp-982724&_limit=1000 (Caused by ResponseError('too many 429 error responses'))
cannot unpack non-iterable NoneType object
HTTPSConnectionPool(host='api.materialsproject.org', port=443): Max retries exceeded with url: /materials/core/?deprecated=False&_fields=calc_types&material_ids=mp-636619&_limit=1000 (Caused by ResponseError('too many 429 error responses'))
cannot unpack non-iterable NoneType object
HTTPSConnectionPool(host='api.materialsproject.org', port=443): Max retries exceeded with url: /materials/core/?deprecated=False&_fields=calc_types&material_ids=mp-867474&_limit=1000 (Caused by ResponseError('too many 429 error responses'))
cannot unpack non-iterable NoneType object
HTTPSConnectionPool(host='api.materialsproject.org', port=443): Max retries exceeded with url: /materials/core/?deprecated=False&_fields=calc_types&material_ids=mp-982883&_limit=1000 (Caused by ResponseError('too many 429 error responses'))
cannot unpack non-iterable NoneType object
cannot unpack non-iterable NoneType object
cannot unpack non-iterable NoneType object
HTTPSConnectionPool(host='api.materialsproject.org', port=443): Max retries exceeded with url: /materials/core/?deprecated=False&_fields=calc_types&material_ids=mp-981393&_limit=1000 (Caused by ResponseError('too many 429 error responses'))
HTTPSConnectionPool(host='api.materialsproject.org', port=443): Max retries exceeded with url: /materials/tasks/?_fields=last_updated%2Ctask_id&task_ids=mp-1376464&_limit=500 (Caused by ResponseError('too many 429 error responses'))
cannot unpack non-iterable NoneType object
cannot unpack non-iterable NoneType object
cannot unpack non-iterable NoneType object
HTTPSConnectionPool(host='api.materialsproject.org', port=443): Max retries exceeded with url: /materials/tasks/?_fields=last_updated%2Ctask_id&task_ids=mp-1006102&_limit=334 (Caused by ResponseError('too many 429 error responses'))
cannot unpack non-iterable NoneType object
HTTPSConnectionPool(host='api.materialsproject.org', port=443): Max retries exceeded with url: /materials/core/?deprecated=False&_fields=calc_types&material_ids=mp-867422&_limit=1000 (Caused by ResponseError('too many 429 error responses'))
HTTPSConnectionPool(host='api.materialsproject.org', port=443): Max retries exceeded with url: /materials/tasks/?_fields=last_updated%2Ctask_id&task_ids=mp-1429432&_limit=250 (Caused by ResponseError('too many 429 error responses'))
cannot unpack non-iterable NoneType object
cannot unpack non-iterable NoneType object
HTTPSConnectionPool(host='api.materialsproject.org', port=443): Max retries exceeded with url: /materials/tasks/?_fields=last_updated%2Ctask_id&task_ids=mp-1421861&_limit=334 (Caused by ResponseError('too many 429 error responses'))
cannot unpack non-iterable NoneType object
cannot unpack non-iterable NoneType object
HTTPSConnectionPool(host='api.materialsproject.org', port=443): Max retries exceeded with url: /materials/core/?deprecated=False&_fields=calc_types&material_ids=mp-642331&_limit=1000 (Caused by ResponseError('too many 429 error responses'))
cannot unpack non-iterable NoneType object
cannot unpack non-iterable NoneType object
HTTPSConnectionPool(host='api.materialsproject.org', port=443): Max retries exceeded with url: /materials/core/?deprecated=False&_fields=calc_types&material_ids=mp-867794&_limit=1000 (Caused by ResponseError('too many 429 error responses'))
cannot unpack non-iterable NoneType object
HTTPSConnectionPool(host='api.materialsproject.org', port=443): Max retries exceeded with url: /materials/tasks/?_fields=last_updated%2Ctask_id&task_ids=mp-1403504&_limit=333 (Caused by ResponseError('too many 429 error responses'))
cannot unpack non-iterable NoneType object
cannot unpack non-iterable NoneType object
cannot unpack non-iterable NoneType object
HTTPSConnectionPool(host='api.materialsproject.org', port=443): Max retries exceeded with url: /materials/tasks/?_fields=last_updated%2Ctask_id&task_ids=mp-1333740&_limit=334 (Caused by ResponseError('too many 429 error responses'))
HTTPSConnectionPool(host='api.materialsproject.org', port=443): Max retries exceeded with url: /materials/tasks/?_fields=last_updated%2Ctask_id&task_ids=mp-1055350&_limit=334 (Caused by ResponseError('too many 429 error responses'))
cannot unpack non-iterable NoneType object
cannot unpack non-iterable NoneType object
cannot unpack non-iterable NoneType object
cannot unpack non-iterable NoneType object
cannot unpack non-iterable NoneType object
cannot unpack non-iterable NoneType object
cannot unpack non-iterable NoneType object
cannot unpack non-iterable NoneType object
HTTPSConnectionPool(host='api.materialsproject.org', port=443): Max retries exceeded with url: /materials/core/?deprecated=False&_fields=calc_types&material_ids=mp-867748&_limit=1000 (Caused by ResponseError('too many 429 error responses'))
cannot unpack non-iterable NoneType object
cannot unpack non-iterable NoneType object
cannot unpack non-iterable NoneType object
cannot unpack non-iterable NoneType object
HTTPSConnectionPool(host='api.materialsproject.org', port=443): Max retries exceeded with url: /materials/core/?deprecated=False&_fields=calc_types&material_ids=mp-983586&_limit=1000 (Caused by ResponseError('too many 429 error responses'))
HTTPSConnectionPool(host='api.materialsproject.org', port=443): Max retries exceeded with url: /materials/tasks/?_fields=last_updated%2Ctask_id&task_ids=mp-1427408&_limit=333 (Caused by ResponseError('too many 429 error responses'))
cannot unpack non-iterable NoneType object
HTTPSConnectionPool(host='api.materialsproject.org', port=443): Max retries exceeded with url: /materials/tasks/?_fields=last_updated%2Ctask_id&task_ids=mp-1376362&_limit=334 (Caused by ResponseError('too many 429 error responses'))
cannot unpack non-iterable NoneType object
cannot unpack non-iterable NoneType object
cannot unpack non-iterable NoneType object
cannot unpack non-iterable NoneType object
cannot unpack non-iterable NoneType object
HTTPSConnectionPool(host='api.materialsproject.org', port=443): Max retries exceeded with url: /materials/tasks/?_fields=last_updated%2Ctask_id&task_ids=mp-1435228&_limit=334 (Caused by ResponseError('too many 429 error responses'))
cannot unpack non-iterable NoneType object
HTTPSConnectionPool(host='api.materialsproject.org', port=443): Max retries exceeded with url: /materials/core/?deprecated=False&_fields=calc_types&material_ids=mp-867779&_limit=1000 (Caused by ResponseError('too many 429 error responses'))
cannot unpack non-iterable NoneType object
HTTPSConnectionPool(host='api.materialsproject.org', port=443): Max retries exceeded with url: /materials/core/?deprecated=False&_fields=calc_types&material_ids=mp-643279&_limit=1000 (Caused by ResponseError('too many 429 error responses'))
cannot unpack non-iterable NoneType object
HTTPSConnectionPool(host='api.materialsproject.org', port=443): Max retries exceeded with url: /materials/tasks/?_fields=last_updated%2Ctask_id&task_ids=mp-1428992&_limit=334 (Caused by ResponseError('too many 429 error responses'))
cannot unpack non-iterable NoneType object
cannot unpack non-iterable NoneType object
HTTPSConnectionPool(host='api.materialsproject.org', port=443): Max retries exceeded with url: /materials/core/?deprecated=False&_fields=calc_types&material_ids=mp-867799&_limit=1000 (Caused by ResponseError('too many 429 error responses'))
cannot unpack non-iterable NoneType object
cannot unpack non-iterable NoneType object
cannot unpack non-iterable NoneType object
HTTPSConnectionPool(host='api.materialsproject.org', port=443): Max retries exceeded with url: /materials/tasks/?_fields=last_updated%2Ctask_id&task_ids=mp-1395652&_limit=500 (Caused by ResponseError('too many 429 error responses'))
HTTPSConnectionPool(host='api.materialsproject.org', port=443): Max retries exceeded with url: /materials/tasks/?_fields=last_updated%2Ctask_id&task_ids=mp-1055352&_limit=334 (Caused by ResponseError('too many 429 error responses'))
HTTPSConnectionPool(host='api.materialsproject.org', port=443): Max retries exceeded with url: /materials/tasks/?_fields=last_updated%2Ctask_id&task_ids=mp-1424229&_limit=500 (Caused by ResponseError('too many 429 error responses'))
cannot unpack non-iterable NoneType object
cannot unpack non-iterable NoneType object
cannot unpack non-iterable NoneType object
cannot unpack non-iterable NoneType object
cannot unpack non-iterable NoneType object
cannot unpack non-iterable NoneType object
cannot unpack non-iterable NoneType object
HTTPSConnectionPool(host='api.materialsproject.org', port=443): Max retries exceeded with url: /materials/tasks/?_fields=last_updated%2Ctask_id&task_ids=mp-992466&_limit=250 (Caused by ResponseError('too many 429 error responses'))
cannot unpack non-iterable NoneType object
HTTPSConnectionPool(host='api.materialsproject.org', port=443): Max retries exceeded with url: /materials/core/?deprecated=False&_fields=calc_types&material_ids=mp-867827&_limit=1000 (Caused by ResponseError('too many 429 error responses'))
HTTPSConnectionPool(host='api.materialsproject.org', port=443): Max retries exceeded with url: /materials/tasks/?_fields=last_updated%2Ctask_id&task_ids=mp-1416388&_limit=334 (Caused by ResponseError('too many 429 error responses'))
cannot unpack non-iterable NoneType object
cannot unpack non-iterable NoneType object
cannot unpack non-iterable NoneType object
cannot unpack non-iterable NoneType object
cannot unpack non-iterable NoneType object
cannot unpack non-iterable NoneType object
cannot unpack non-iterable NoneType object
cannot unpack non-iterable NoneType object
cannot unpack non-iterable NoneType object
cannot unpack non-iterable NoneType object
HTTPSConnectionPool(host='api.materialsproject.org', port=443): Max retries exceeded with url: /materials/tasks/?_fields=last_updated%2Ctask_id&task_ids=mp-1055410&_limit=334 (Caused by ResponseError('too many 429 error responses'))
cannot unpack non-iterable NoneType object
HTTPSConnectionPool(host='api.materialsproject.org', port=443): Max retries exceeded with url: /materials/core/?deprecated=False&_fields=calc_types&material_ids=mp-983555&_limit=1000 (Caused by ResponseError('too many 429 error responses'))
cannot unpack non-iterable NoneType object
HTTPSConnectionPool(host='api.materialsproject.org', port=443): Max retries exceeded with url: /materials/core/?deprecated=False&_fields=calc_types&material_ids=mp-649627&_limit=1000 (Caused by ResponseError('too many 429 error responses'))
cannot unpack non-iterable NoneType object
cannot unpack non-iterable NoneType object
cannot unpack non-iterable NoneType object
cannot unpack non-iterable NoneType object
cannot unpack non-iterable NoneType object
cannot unpack non-iterable NoneType object
cannot unpack non-iterable NoneType object
HTTPSConnectionPool(host='api.materialsproject.org', port=443): Max retries exceeded with url: /materials/tasks/?_fields=last_updated%2Ctask_id&task_ids=mp-1429505&_limit=250 (Caused by ResponseError('too many 429 error responses'))
HTTPSConnectionPool(host='api.materialsproject.org', port=443): Max retries exceeded with url: /materials/tasks/?_fields=last_updated%2Ctask_id&task_ids=mp-1431471&_limit=334 (Caused by ResponseError('too many 429 error responses'))
HTTPSConnectionPool(host='api.materialsproject.org', port=443): Max retries exceeded with url: /materials/tasks/?_fields=last_updated%2Ctask_id&task_ids=mp-1055374&_limit=334 (Caused by ResponseError('too many 429 error responses'))
cannot unpack non-iterable NoneType object
cannot unpack non-iterable NoneType object
cannot unpack non-iterable NoneType object
cannot unpack non-iterable NoneType object
cannot unpack non-iterable NoneType object
cannot unpack non-iterable NoneType object
cannot unpack non-iterable NoneType object
HTTPSConnectionPool(host='api.materialsproject.org', port=443): Max retries exceeded with url: /materials/core/?deprecated=False&_fields=calc_types&material_ids=mp-983566&_limit=1000 (Caused by ResponseError('too many 429 error responses'))
HTTPSConnectionPool(host='api.materialsproject.org', port=443): Max retries exceeded with url: /materials/tasks/?_fields=last_updated%2Ctask_id&task_ids=mp-1002501&_limit=250 (Caused by ResponseError('too many 429 error responses'))
cannot unpack non-iterable NoneType object
HTTPSConnectionPool(host='api.materialsproject.org', port=443): Max retries exceeded with url: /materials/core/?deprecated=False&_fields=calc_types&material_ids=mp-7187&_limit=1000 (Caused by ResponseError('too many 429 error responses'))
cannot unpack non-iterable NoneType object
cannot unpack non-iterable NoneType object
cannot unpack non-iterable NoneType object
cannot unpack non-iterable NoneType object
cannot unpack non-iterable NoneType object
cannot unpack non-iterable NoneType object
cannot unpack non-iterable NoneType object
cannot unpack non-iterable NoneType object
cannot unpack non-iterable NoneType object
cannot unpack non-iterable NoneType object
cannot unpack non-iterable NoneType object
cannot unpack non-iterable NoneType object
cannot unpack non-iterable NoneType object
cannot unpack non-iterable NoneType object
cannot unpack non-iterable NoneType object
HTTPSConnectionPool(host='api.materialsproject.org', port=443): Max retries exceeded with url: /materials/core/?deprecated=False&_fields=calc_types&material_ids=mp-1110654&_limit=1000 (Caused by ResponseError('too many 429 error responses'))
cannot unpack non-iterable NoneType object
cannot unpack non-iterable NoneType object
cannot unpack non-iterable NoneType object
cannot unpack non-iterable NoneType object
HTTPSConnectionPool(host='api.materialsproject.org', port=443): Max retries exceeded with url: /materials/core/?deprecated=False&_fields=calc_types&material_ids=mp-984549&_limit=1000 (Caused by ResponseError('too many 429 error responses'))
HTTPSConnectionPool(host='api.materialsproject.org', port=443): Max retries exceeded with url: /materials/tasks/?_fields=last_updated%2Ctask_id&task_ids=mp-1002520&_limit=250 (Caused by ResponseError('too many 429 error responses'))
HTTPSConnectionPool(host='api.materialsproject.org', port=443): Max retries exceeded with url: /materials/tasks/?_fields=last_updated%2Ctask_id&task_ids=mp-1110652&_limit=334 (Caused by ResponseError('too many 429 error responses'))
cannot unpack non-iterable NoneType object
HTTPSConnectionPool(host='api.materialsproject.org', port=443): Max retries exceeded with url: /materials/core/?deprecated=False&_fields=calc_types&material_ids=mp-984704&_limit=1000 (Caused by ResponseError('too many 429 error responses'))
cannot unpack non-iterable NoneType object
HTTPSConnectionPool(host='api.materialsproject.org', port=443): Max retries exceeded with url: /materials/core/?deprecated=False&_fields=calc_types&material_ids=mp-1110676&_limit=1000 (Caused by ResponseError('too many 429 error responses'))
cannot unpack non-iterable NoneType object
HTTPSConnectionPool(host='api.materialsproject.org', port=443): Max retries exceeded with url: /materials/core/?deprecated=False&_fields=calc_types&material_ids=mp-867814&_limit=1000 (Caused by ResponseError('too many 429 error responses'))
cannot unpack non-iterable NoneType object
cannot unpack non-iterable NoneType object
cannot unpack non-iterable NoneType object
cannot unpack non-iterable NoneType object
cannot unpack non-iterable NoneType object
cannot unpack non-iterable NoneType object
cannot unpack non-iterable NoneType object
cannot unpack non-iterable NoneType object
cannot unpack non-iterable NoneType object
cannot unpack non-iterable NoneType object
cannot unpack non-iterable NoneType object
cannot unpack non-iterable NoneType object
cannot unpack non-iterable NoneType object
HTTPSConnectionPool(host='api.materialsproject.org', port=443): Max retries exceeded with url: /materials/tasks/?_fields=last_updated%2Ctask_id&task_ids=mp-1002545&_limit=250 (Caused by ResponseError('too many 429 error responses'))
cannot unpack non-iterable NoneType object
HTTPSConnectionPool(host='api.materialsproject.org', port=443): Max retries exceeded with url: /materials/core/?deprecated=False&_fields=calc_types&material_ids=mp-1110671&_limit=1000 (Caused by ResponseError('too many 429 error responses'))
cannot unpack non-iterable NoneType object
HTTPSConnectionPool(host='api.materialsproject.org', port=443): Max retries exceeded with url: /materials/core/?deprecated=False&_fields=calc_types&material_ids=mp-984352&_limit=1000 (Caused by ResponseError('too many 429 error responses'))
cannot unpack non-iterable NoneType object
HTTPSConnectionPool(host='api.materialsproject.org', port=443): Max retries exceeded with url: /materials/core/?deprecated=False&_fields=calc_types&material_ids=mp-867848&_limit=1000 (Caused by ResponseError('too many 429 error responses'))
cannot unpack non-iterable NoneType object
cannot unpack non-iterable NoneType object
cannot unpack non-iterable NoneType object
cannot unpack non-iterable NoneType object
cannot unpack non-iterable NoneType object
cannot unpack non-iterable NoneType object
cannot unpack non-iterable NoneType object
cannot unpack non-iterable NoneType object
cannot unpack non-iterable NoneType object
cannot unpack non-iterable NoneType object
cannot unpack non-iterable NoneType object
HTTPSConnectionPool(host='api.materialsproject.org', port=443): Max retries exceeded with url: /materials/tasks/?_fields=last_updated%2Ctask_id&task_ids=mp-1110679&_limit=334 (Caused by ResponseError('too many 429 error responses'))
cannot unpack non-iterable NoneType object
HTTPSConnectionPool(host='api.materialsproject.org', port=443): Max retries exceeded with url: /materials/tasks/?_fields=last_updated%2Ctask_id&task_ids=mp-1413404&_limit=334 (Caused by ResponseError('too many 429 error responses'))
cannot unpack non-iterable NoneType object
cannot unpack non-iterable NoneType object
cannot unpack non-iterable NoneType object
cannot unpack non-iterable NoneType object
cannot unpack non-iterable NoneType object
cannot unpack non-iterable NoneType object
HTTPSConnectionPool(host='api.materialsproject.org', port=443): Max retries exceeded with url: /materials/core/?deprecated=False&_fields=calc_types&material_ids=mp-1110678&_limit=1000 (Caused by ResponseError('too many 429 error responses'))
cannot unpack non-iterable NoneType object
HTTPSConnectionPool(host='api.materialsproject.org', port=443): Max retries exceeded with url: /materials/core/?deprecated=False&_fields=calc_types&material_ids=mp-867854&_limit=1000 (Caused by ResponseError('too many 429 error responses'))
cannot unpack non-iterable NoneType object
HTTPSConnectionPool(host='api.materialsproject.org', port=443): Max retries exceeded with url: /materials/core/?deprecated=False&_fields=calc_types&material_ids=mp-984784&_limit=1000 (Caused by ResponseError('too many 429 error responses'))
cannot unpack non-iterable NoneType object
cannot unpack non-iterable NoneType object
cannot unpack non-iterable NoneType object
cannot unpack non-iterable NoneType object
cannot unpack non-iterable NoneType object
cannot unpack non-iterable NoneType object
cannot unpack non-iterable NoneType object
HTTPSConnectionPool(host='api.materialsproject.org', port=443): Max retries exceeded with url: /materials/tasks/?_fields=last_updated%2Ctask_id&task_ids=mp-1803072&_limit=500 (Caused by ResponseError('too many 429 error responses'))
cannot unpack non-iterable NoneType object
cannot unpack non-iterable NoneType object
HTTPSConnectionPool(host='api.materialsproject.org', port=443): Max retries exceeded with url: /materials/tasks/?_fields=last_updated%2Ctask_id&task_ids=mp-1419660&_limit=250 (Caused by ResponseError('too many 429 error responses'))
cannot unpack non-iterable NoneType object
HTTPSConnectionPool(host='api.materialsproject.org', port=443): Max retries exceeded with url: /materials/core/?deprecated=False&_fields=calc_types&material_ids=mp-1110717&_limit=1000 (Caused by ResponseError('too many 429 error responses'))
cannot unpack non-iterable NoneType object
HTTPSConnectionPool(host='api.materialsproject.org', port=443): Max retries exceeded with url: /materials/core/?deprecated=False&_fields=calc_types&material_ids=mp-867902&_limit=1000 (Caused by ResponseError('too many 429 error responses'))
cannot unpack non-iterable NoneType object
cannot unpack non-iterable NoneType object
cannot unpack non-iterable NoneType object
HTTPSConnectionPool(host='api.materialsproject.org', port=443): Max retries exceeded with url: /materials/tasks/?_fields=last_updated%2Ctask_id&task_ids=mp-1799944&_limit=250 (Caused by ResponseError('too many 429 error responses'))
cannot unpack non-iterable NoneType object
cannot unpack non-iterable NoneType object
HTTPSConnectionPool(host='api.materialsproject.org', port=443): Max retries exceeded with url: /materials/tasks/?_fields=last_updated%2Ctask_id&task_ids=mp-1110696&_limit=334 (Caused by ResponseError('too many 429 error responses'))
HTTPSConnectionPool(host='api.materialsproject.org', port=443): Max retries exceeded with url: /materials/tasks/?_fields=last_updated%2Ctask_id&task_ids=mp-1055531&_limit=334 (Caused by ResponseError('too many 429 error responses'))
cannot unpack non-iterable NoneType object
cannot unpack non-iterable NoneType object
HTTPSConnectionPool(host='api.materialsproject.org', port=443): Max retries exceeded with url: /materials/core/?deprecated=False&_fields=calc_types&material_ids=mp-999508&_limit=1000 (Caused by ResponseError('too many 429 error responses'))
cannot unpack non-iterable NoneType object
cannot unpack non-iterable NoneType object
cannot unpack non-iterable NoneType object
cannot unpack non-iterable NoneType object
cannot unpack non-iterable NoneType object
HTTPSConnectionPool(host='api.materialsproject.org', port=443): Max retries exceeded with url: /materials/tasks/?_fields=last_updated%2Ctask_id&task_ids=mp-1110710&_limit=334 (Caused by ResponseError('too many 429 error responses'))
cannot unpack non-iterable NoneType object
HTTPSConnectionPool(host='api.materialsproject.org', port=443): Max retries exceeded with url: /materials/core/?deprecated=False&_fields=calc_types&material_ids=mp-985450&_limit=1000 (Caused by ResponseError('too many 429 error responses'))
cannot unpack non-iterable NoneType object
HTTPSConnectionPool(host='api.materialsproject.org', port=443): Max retries exceeded with url: /materials/core/?deprecated=False&_fields=calc_types&material_ids=mp-867876&_limit=1000 (Caused by ResponseError('too many 429 error responses'))
cannot unpack non-iterable NoneType object
cannot unpack non-iterable NoneType object
HTTPSConnectionPool(host='api.materialsproject.org', port=443): Max retries exceeded with url: /materials/tasks/?_fields=last_updated%2Ctask_id&task_ids=mp-1002637&_limit=250 (Caused by ResponseError('too many 429 error responses'))
HTTPSConnectionPool(host='api.materialsproject.org', port=443): Max retries exceeded with url: /materials/tasks/?_fields=last_updated%2Ctask_id&task_ids=mp-1065013&_limit=200 (Caused by ResponseError('too many 429 error responses'))
HTTPSConnectionPool(host='api.materialsproject.org', port=443): Max retries exceeded with url: /materials/tasks/?_fields=last_updated%2Ctask_id&task_ids=mp-1110709&_limit=334 (Caused by ResponseError('too many 429 error responses'))
cannot unpack non-iterable NoneType object
cannot unpack non-iterable NoneType object
cannot unpack non-iterable NoneType object
cannot unpack non-iterable NoneType object
cannot unpack non-iterable NoneType object
cannot unpack non-iterable NoneType object
HTTPSConnectionPool(host='api.materialsproject.org', port=443): Max retries exceeded with url: /materials/tasks/?_fields=last_updated%2Ctask_id&task_ids=mp-1419820&_limit=334 (Caused by ResponseError('too many 429 error responses'))
cannot unpack non-iterable NoneType object
HTTPSConnectionPool(host='api.materialsproject.org', port=443): Max retries exceeded with url: /materials/core/?deprecated=False&_fields=calc_types&material_ids=mp-867871&_limit=1000 (Caused by ResponseError('too many 429 error responses'))
HTTPSConnectionPool(host='api.materialsproject.org', port=443): Max retries exceeded with url: /materials/tasks/?_fields=last_updated%2Ctask_id&task_ids=mp-1110707&_limit=334 (Caused by ResponseError('too many 429 error responses'))
cannot unpack non-iterable NoneType object
cannot unpack non-iterable NoneType object
cannot unpack non-iterable NoneType object
cannot unpack non-iterable NoneType object
cannot unpack non-iterable NoneType object
cannot unpack non-iterable NoneType object
cannot unpack non-iterable NoneType object
cannot unpack non-iterable NoneType object
HTTPSConnectionPool(host='api.materialsproject.org', port=443): Max retries exceeded with url: /materials/tasks/?_fields=last_updated%2Ctask_id&task_ids=mp-1388796&_limit=333 (Caused by ResponseError('too many 429 error responses'))
cannot unpack non-iterable NoneType object
HTTPSConnectionPool(host='api.materialsproject.org', port=443): Max retries exceeded with url: /materials/core/?deprecated=False&_fields=calc_types&material_ids=mp-1078250&_limit=1000 (Caused by ResponseError('too many 429 error responses'))
cannot unpack non-iterable NoneType object
HTTPSConnectionPool(host='api.materialsproject.org', port=443): Max retries exceeded with url: /materials/core/?deprecated=False&_fields=calc_types&material_ids=mp-867899&_limit=1000 (Caused by ResponseError('too many 429 error responses'))
HTTPSConnectionPool(host='api.materialsproject.org', port=443): Max retries exceeded with url: /materials/tasks/?_fields=last_updated%2Ctask_id&task_ids=mp-1403585&_limit=333 (Caused by ResponseError('too many 429 error responses'))
cannot unpack non-iterable NoneType object
cannot unpack non-iterable NoneType object
cannot unpack non-iterable NoneType object
cannot unpack non-iterable NoneType object
cannot unpack non-iterable NoneType object
cannot unpack non-iterable NoneType object
cannot unpack non-iterable NoneType object
HTTPSConnectionPool(host='api.materialsproject.org', port=443): Max retries exceeded with url: /materials/core/?deprecated=False&_fields=calc_types&material_ids=mp-1078353&_limit=1000 (Caused by ResponseError('too many 429 error responses'))
cannot unpack non-iterable NoneType object
HTTPSConnectionPool(host='api.materialsproject.org', port=443): Max retries exceeded with url: /materials/core/?deprecated=False&_fields=calc_types&material_ids=mp-1110716&_limit=1000 (Caused by ResponseError('too many 429 error responses'))
cannot unpack non-iterable NoneType object
cannot unpack non-iterable NoneType object
cannot unpack non-iterable NoneType object
HTTPSConnectionPool(host='api.materialsproject.org', port=443): Max retries exceeded with url: /materials/core/?deprecated=False&_fields=calc_types&material_ids=mp-867894&_limit=1000 (Caused by ResponseError('too many 429 error responses'))
cannot unpack non-iterable NoneType object
cannot unpack non-iterable NoneType object
HTTPSConnectionPool(host='api.materialsproject.org', port=443): Max retries exceeded with url: /materials/core/?deprecated=False&_fields=calc_types&material_ids=mp-1078601&_limit=1000 (Caused by ResponseError('too many 429 error responses'))
cannot unpack non-iterable NoneType object
cannot unpack non-iterable NoneType object
cannot unpack non-iterable NoneType object
cannot unpack non-iterable NoneType object
cannot unpack non-iterable NoneType object
cannot unpack non-iterable NoneType object
HTTPSConnectionPool(host='api.materialsproject.org', port=443): Max retries exceeded with url: /materials/core/?deprecated=False&_fields=calc_types&material_ids=mp-1078758&_limit=1000 (Caused by ResponseError('too many 429 error responses'))
HTTPSConnectionPool(host='api.materialsproject.org', port=443): Max retries exceeded with url: /materials/tasks/?_fields=last_updated%2Ctask_id&task_ids=mp-1055615&_limit=250 (Caused by ResponseError('too many 429 error responses'))
HTTPSConnectionPool(host='api.materialsproject.org', port=443): Max retries exceeded with url: /materials/tasks/?_fields=last_updated%2Ctask_id&task_ids=mp-1110701&_limit=334 (Caused by ResponseError('too many 429 error responses'))
cannot unpack non-iterable NoneType object
cannot unpack non-iterable NoneType object
cannot unpack non-iterable NoneType object
cannot unpack non-iterable NoneType object
cannot unpack non-iterable NoneType object
cannot unpack non-iterable NoneType object
cannot unpack non-iterable NoneType object
cannot unpack non-iterable NoneType object
HTTPSConnectionPool(host='api.materialsproject.org', port=443): Max retries exceeded with url: /materials/core/?deprecated=False&_fields=calc_types&material_ids=mp-867969&_limit=1000 (Caused by ResponseError('too many 429 error responses'))
cannot unpack non-iterable NoneType object
cannot unpack non-iterable NoneType object
cannot unpack non-iterable NoneType object
cannot unpack non-iterable NoneType object
HTTPSConnectionPool(host='api.materialsproject.org', port=443): Max retries exceeded with url: /materials/core/?deprecated=False&_fields=calc_types&material_ids=mp-1078969&_limit=1000 (Caused by ResponseError('too many 429 error responses'))
HTTPSConnectionPool(host='api.materialsproject.org', port=443): Max retries exceeded with url: /materials/tasks/?_fields=last_updated%2Ctask_id&task_ids=mp-1055619&_limit=334 (Caused by ResponseError('too many 429 error responses'))
cannot unpack non-iterable NoneType object
HTTPSConnectionPool(host='api.materialsproject.org', port=443): Max retries exceeded with url: /materials/tasks/?_fields=last_updated%2Ctask_id&task_ids=mp-1110713&_limit=334 (Caused by ResponseError('too many 429 error responses'))
cannot unpack non-iterable NoneType object
cannot unpack non-iterable NoneType object
cannot unpack non-iterable NoneType object
cannot unpack non-iterable NoneType object
cannot unpack non-iterable NoneType object
HTTPSConnectionPool(host='api.materialsproject.org', port=443): Max retries exceeded with url: /materials/core/?deprecated=False&_fields=calc_types&material_ids=mp-1110763&_limit=1000 (Caused by ResponseError('too many 429 error responses'))
cannot unpack non-iterable NoneType object
HTTPSConnectionPool(host='api.materialsproject.org', port=443): Max retries exceeded with url: /materials/core/?deprecated=False&_fields=calc_types&material_ids=mp-867978&_limit=1000 (Caused by ResponseError('too many 429 error responses'))
cannot unpack non-iterable NoneType object
HTTPSConnectionPool(host='api.materialsproject.org', port=443): Max retries exceeded with url: /materials/core/?deprecated=False&_fields=calc_types&material_ids=mp-1078950&_limit=1000 (Caused by ResponseError('too many 429 error responses'))
cannot unpack non-iterable NoneType object
cannot unpack non-iterable NoneType object
cannot unpack non-iterable NoneType object
cannot unpack non-iterable NoneType object
cannot unpack non-iterable NoneType object
cannot unpack non-iterable NoneType object
cannot unpack non-iterable NoneType object
HTTPSConnectionPool(host='api.materialsproject.org', port=443): Max retries exceeded with url: /materials/tasks/?_fields=last_updated%2Ctask_id&task_ids=mp-1002544&_limit=250 (Caused by ResponseError('too many 429 error responses'))
cannot unpack non-iterable NoneType object
cannot unpack non-iterable NoneType object
HTTPSConnectionPool(host='api.materialsproject.org', port=443): Max retries exceeded with url: /materials/core/?deprecated=False&_fields=calc_types&material_ids=mp-1079236&_limit=1000 (Caused by ResponseError('too many 429 error responses'))
cannot unpack non-iterable NoneType object
HTTPSConnectionPool(host='api.materialsproject.org', port=443): Max retries exceeded with url: /materials/core/?deprecated=False&_fields=calc_types&material_ids=mp-1110757&_limit=1000 (Caused by ResponseError('too many 429 error responses'))
cannot unpack non-iterable NoneType object
HTTPSConnectionPool(host='api.materialsproject.org', port=443): Max retries exceeded with url: /materials/core/?deprecated=False&_fields=calc_types&material_ids=mp-867914&_limit=1000 (Caused by ResponseError('too many 429 error responses'))
cannot unpack non-iterable NoneType object
cannot unpack non-iterable NoneType object
cannot unpack non-iterable NoneType object
cannot unpack non-iterable NoneType object
cannot unpack non-iterable NoneType object
cannot unpack non-iterable NoneType object
cannot unpack non-iterable NoneType object
HTTPSConnectionPool(host='api.materialsproject.org', port=443): Max retries exceeded with url: /materials/tasks/?_fields=last_updated%2Ctask_id&task_ids=mp-1110740&_limit=334 (Caused by ResponseError('too many 429 error responses'))
cannot unpack non-iterable NoneType object
HTTPSConnectionPool(host='api.materialsproject.org', port=443): Max retries exceeded with url: /materials/core/?deprecated=False&_fields=calc_types&material_ids=mp-1079871&_limit=1000 (Caused by ResponseError('too many 429 error responses'))
HTTPSConnectionPool(host='api.materialsproject.org', port=443): Max retries exceeded with url: /materials/tasks/?_fields=last_updated%2Ctask_id&task_ids=mp-1278075%2Cmp-1392169%2Cmp-2235996&_limit=200 (Caused by ResponseError('too many 429 error responses'))
cannot unpack non-iterable NoneType object
HTTPSConnectionPool(host='api.materialsproject.org', port=443): Max retries exceeded with url: /materials/core/?deprecated=False&_fields=calc_types&material_ids=mp-867924&_limit=1000 (Caused by ResponseError('too many 429 error responses'))
cannot unpack non-iterable NoneType object
HTTPSConnectionPool(host='api.materialsproject.org', port=443): Max retries exceeded with url: /materials/core/?deprecated=False&_fields=calc_types&material_ids=mp-1110781&_limit=1000 (Caused by ResponseError('too many 429 error responses'))
cannot unpack non-iterable NoneType object
cannot unpack non-iterable NoneType object
cannot unpack non-iterable NoneType object
cannot unpack non-iterable NoneType object
cannot unpack non-iterable NoneType object
cannot unpack non-iterable NoneType object
cannot unpack non-iterable NoneType object
cannot unpack non-iterable NoneType object
cannot unpack non-iterable NoneType object
cannot unpack non-iterable NoneType object
cannot unpack non-iterable NoneType object
HTTPSConnectionPool(host='api.materialsproject.org', port=443): Max retries exceeded with url: /materials/core/?deprecated=False&_fields=calc_types&material_ids=mp-1110775&_limit=1000 (Caused by ResponseError('too many 429 error responses'))
cannot unpack non-iterable NoneType object
cannot unpack non-iterable NoneType object
cannot unpack non-iterable NoneType object
HTTPSConnectionPool(host='api.materialsproject.org', port=443): Max retries exceeded with url: /materials/core/?deprecated=False&_fields=calc_types&material_ids=mp-1110747&_limit=1000 (Caused by ResponseError('too many 429 error responses'))
HTTPSConnectionPool(host='api.materialsproject.org', port=443): Max retries exceeded with url: /materials/tasks/?_fields=last_updated%2Ctask_id&task_ids=mp-1841768&_limit=250 (Caused by ResponseError('too many 429 error responses'))
cannot unpack non-iterable NoneType object
HTTPSConnectionPool(host='api.materialsproject.org', port=443): Max retries exceeded with url: /materials/core/?deprecated=False&_fields=calc_types&material_ids=mp-867927&_limit=1000 (Caused by ResponseError('too many 429 error responses'))
cannot unpack non-iterable NoneType object
cannot unpack non-iterable NoneType object
HTTPSConnectionPool(host='api.materialsproject.org', port=443): Max retries exceeded with url: /materials/core/?deprecated=False&_fields=calc_types&material_ids=mp-1079615&_limit=1000 (Caused by ResponseError('too many 429 error responses'))
cannot unpack non-iterable NoneType object
HTTPSConnectionPool(host='api.materialsproject.org', port=443): Max retries exceeded with url: /materials/core/?deprecated=False&_fields=calc_types&material_ids=mp-971985&_limit=1000 (Caused by ResponseError('too many 429 error responses'))
cannot unpack non-iterable NoneType object
cannot unpack non-iterable NoneType object
cannot unpack non-iterable NoneType object
HTTPSConnectionPool(host='api.materialsproject.org', port=443): Max retries exceeded with url: /materials/tasks/?_fields=last_updated%2Ctask_id&task_ids=mp-1111869&_limit=250 (Caused by ResponseError('too many 429 error responses'))
HTTPSConnectionPool(host='api.materialsproject.org', port=443): Max retries exceeded with url: /materials/tasks/?_fields=last_updated%2Ctask_id&task_ids=mp-1784074&_limit=333 (Caused by ResponseError('too many 429 error responses'))
cannot unpack non-iterable NoneType object
HTTPSConnectionPool(host='api.materialsproject.org', port=443): Max retries exceeded with url: /materials/core/?deprecated=False&_fields=calc_types&material_ids=mp-1110779&_limit=1000 (Caused by ResponseError('too many 429 error responses'))
cannot unpack non-iterable NoneType object
cannot unpack non-iterable NoneType object
cannot unpack non-iterable NoneType object
HTTPSConnectionPool(host='api.materialsproject.org', port=443): Max retries exceeded with url: /materials/tasks/?_fields=last_updated%2Ctask_id&task_ids=mp-1434162&_limit=334 (Caused by ResponseError('too many 429 error responses'))
HTTPSConnectionPool(host='api.materialsproject.org', port=443): Max retries exceeded with url: /materials/tasks/?_fields=last_updated%2Ctask_id&task_ids=mp-1426973&_limit=334 (Caused by ResponseError('too many 429 error responses'))
HTTPSConnectionPool(host='api.materialsproject.org', port=443): Max retries exceeded with url: /materials/tasks/?_fields=last_updated%2Ctask_id&task_ids=mp-1110780&_limit=334 (Caused by ResponseError('too many 429 error responses'))
cannot unpack non-iterable NoneType object
cannot unpack non-iterable NoneType object
cannot unpack non-iterable NoneType object
HTTPSConnectionPool(host='api.materialsproject.org', port=443): Max retries exceeded with url: /materials/tasks/?_fields=last_updated%2Ctask_id&task_ids=mp-1431365&_limit=334 (Caused by ResponseError('too many 429 error responses'))
HTTPSConnectionPool(host='api.materialsproject.org', port=443): Max retries exceeded with url: /materials/tasks/?_fields=last_updated%2Ctask_id&task_ids=mp-1404598&_limit=500 (Caused by ResponseError('too many 429 error responses'))
cannot unpack non-iterable NoneType object
cannot unpack non-iterable NoneType object
cannot unpack non-iterable NoneType object
HTTPSConnectionPool(host='api.materialsproject.org', port=443): Max retries exceeded with url: /materials/core/?deprecated=False&_fields=calc_types&material_ids=mp-1080041&_limit=1000 (Caused by ResponseError('too many 429 error responses'))
cannot unpack non-iterable NoneType object
HTTPSConnectionPool(host='api.materialsproject.org', port=443): Max retries exceeded with url: /materials/core/?deprecated=False&_fields=calc_types&material_ids=mp-1110777&_limit=1000 (Caused by ResponseError('too many 429 error responses'))
cannot unpack non-iterable NoneType object
cannot unpack non-iterable NoneType object
cannot unpack non-iterable NoneType object
cannot unpack non-iterable NoneType object
cannot unpack non-iterable NoneType object
cannot unpack non-iterable NoneType object
cannot unpack non-iterable NoneType object
cannot unpack non-iterable NoneType object
cannot unpack non-iterable NoneType object
cannot unpack non-iterable NoneType object
cannot unpack non-iterable NoneType object
HTTPSConnectionPool(host='api.materialsproject.org', port=443): Max retries exceeded with url: /materials/core/?deprecated=False&_fields=calc_types&material_ids=mp-1110758&_limit=1000 (Caused by ResponseError('too many 429 error responses'))
cannot unpack non-iterable NoneType object
HTTPSConnectionPool(host='api.materialsproject.org', port=443): Max retries exceeded with url: /materials/core/?deprecated=False&_fields=calc_types&material_ids=mp-1080434&_limit=1000 (Caused by ResponseError('too many 429 error responses'))
cannot unpack non-iterable NoneType object
HTTPSConnectionPool(host='api.materialsproject.org', port=443): Max retries exceeded with url: /materials/core/?deprecated=False&_fields=calc_types&material_ids=mp-972183&_limit=1000 (Caused by ResponseError('too many 429 error responses'))
cannot unpack non-iterable NoneType object
HTTPSConnectionPool(host='api.materialsproject.org', port=443): Max retries exceeded with url: /materials/core/?deprecated=False&_fields=calc_types&material_ids=mp-1110754&_limit=1000 (Caused by ResponseError('too many 429 error responses'))
cannot unpack non-iterable NoneType object
HTTPSConnectionPool(host='api.materialsproject.org', port=443): Max retries exceeded with url: /materials/core/?deprecated=False&_fields=calc_types&material_ids=mp-1080730&_limit=1000 (Caused by ResponseError('too many 429 error responses'))
cannot unpack non-iterable NoneType object
HTTPSConnectionPool(host='api.materialsproject.org', port=443): Max retries exceeded with url: /materials/core/?deprecated=False&_fields=calc_types&material_ids=mp-971924&_limit=1000 (Caused by ResponseError('too many 429 error responses'))
cannot unpack non-iterable NoneType object
cannot unpack non-iterable NoneType object
cannot unpack non-iterable NoneType object
cannot unpack non-iterable NoneType object
cannot unpack non-iterable NoneType object
cannot unpack non-iterable NoneType object
cannot unpack non-iterable NoneType object
HTTPSConnectionPool(host='api.materialsproject.org', port=443): Max retries exceeded with url: /materials/core/?deprecated=False&_fields=calc_types&material_ids=mp-1110772&_limit=1000 (Caused by ResponseError('too many 429 error responses'))
cannot unpack non-iterable NoneType object
HTTPSConnectionPool(host='api.materialsproject.org', port=443): Max retries exceeded with url: /materials/tasks/?_fields=last_updated%2Ctask_id&task_ids=mp-1433912&_limit=334 (Caused by ResponseError('too many 429 error responses'))
cannot unpack non-iterable NoneType object
cannot unpack non-iterable NoneType object
HTTPSConnectionPool(host='api.materialsproject.org', port=443): Max retries exceeded with url: /materials/tasks/?_fields=last_updated%2Ctask_id&task_ids=mp-1110764&_limit=334 (Caused by ResponseError('too many 429 error responses'))
cannot unpack non-iterable NoneType object
HTTPSConnectionPool(host='api.materialsproject.org', port=443): Max retries exceeded with url: /materials/core/?deprecated=False&_fields=calc_types&material_ids=mp-971738&_limit=1000 (Caused by ResponseError('too many 429 error responses'))
HTTPSConnectionPool(host='api.materialsproject.org', port=443): Max retries exceeded with url: /materials/tasks/?_fields=last_updated%2Ctask_id&task_ids=mp-1110587&_limit=500 (Caused by ResponseError('too many 429 error responses'))
cannot unpack non-iterable NoneType object
cannot unpack non-iterable NoneType object
cannot unpack non-iterable NoneType object
HTTPSConnectionPool(host='api.materialsproject.org', port=443): Max retries exceeded with url: /materials/tasks/?_fields=last_updated%2Ctask_id&task_ids=mp-1431708&_limit=334 (Caused by ResponseError('too many 429 error responses'))
cannot unpack non-iterable NoneType object
cannot unpack non-iterable NoneType object
cannot unpack non-iterable NoneType object
cannot unpack non-iterable NoneType object
cannot unpack non-iterable NoneType object
cannot unpack non-iterable NoneType object
cannot unpack non-iterable NoneType object
cannot unpack non-iterable NoneType object
cannot unpack non-iterable NoneType object
HTTPSConnectionPool(host='api.materialsproject.org', port=443): Max retries exceeded with url: /materials/tasks/?_fields=last_updated%2Ctask_id&task_ids=mp-1110566&_limit=334 (Caused by ResponseError('too many 429 error responses'))
cannot unpack non-iterable NoneType object
cannot unpack non-iterable NoneType object
HTTPSConnectionPool(host='api.materialsproject.org', port=443): Max retries exceeded with url: /materials/tasks/?_fields=last_updated%2Ctask_id&task_ids=mp-1110787&_limit=334 (Caused by ResponseError('too many 429 error responses'))
HTTPSConnectionPool(host='api.materialsproject.org', port=443): Max retries exceeded with url: /materials/tasks/?_fields=last_updated%2Ctask_id&task_ids=mp-1797338&_limit=333 (Caused by ResponseError('too many 429 error responses'))
cannot unpack non-iterable NoneType object
HTTPSConnectionPool(host='api.materialsproject.org', port=443): Max retries exceeded with url: /materials/core/?deprecated=False&_fields=calc_types&material_ids=mp-1110585&_limit=1000 (Caused by ResponseError('too many 429 error responses'))
cannot unpack non-iterable NoneType object
cannot unpack non-iterable NoneType object
cannot unpack non-iterable NoneType object
cannot unpack non-iterable NoneType object
cannot unpack non-iterable NoneType object
cannot unpack non-iterable NoneType object
HTTPSConnectionPool(host='api.materialsproject.org', port=443): Max retries exceeded with url: /materials/core/?deprecated=False&_fields=calc_types&material_ids=mp-1095167&_limit=1000 (Caused by ResponseError('too many 429 error responses'))
cannot unpack non-iterable NoneType object
HTTPSConnectionPool(host='api.materialsproject.org', port=443): Max retries exceeded with url: /materials/core/?deprecated=False&_fields=calc_types&material_ids=mp-1110801&_limit=1000 (Caused by ResponseError('too many 429 error responses'))
HTTPSConnectionPool(host='api.materialsproject.org', port=443): Max retries exceeded with url: /materials/tasks/?_fields=last_updated%2Ctask_id&task_ids=mp-1419795&_limit=334 (Caused by ResponseError('too many 429 error responses'))
cannot unpack non-iterable NoneType object
cannot unpack non-iterable NoneType object
cannot unpack non-iterable NoneType object
cannot unpack non-iterable NoneType object
cannot unpack non-iterable NoneType object
cannot unpack non-iterable NoneType object
cannot unpack non-iterable NoneType object
HTTPSConnectionPool(host='api.materialsproject.org', port=443): Max retries exceeded with url: /materials/tasks/?_fields=last_updated%2Ctask_id&task_ids=mp-1421433%2Cmp-1931240&_limit=200 (Caused by ResponseError('too many 429 error responses'))
cannot unpack non-iterable NoneType object
cannot unpack non-iterable NoneType object
HTTPSConnectionPool(host='api.materialsproject.org', port=443): Max retries exceeded with url: /materials/core/?deprecated=False&_fields=calc_types&material_ids=mp-1110786&_limit=1000 (Caused by ResponseError('too many 429 error responses'))
cannot unpack non-iterable NoneType object
HTTPSConnectionPool(host='api.materialsproject.org', port=443): Max retries exceeded with url: /materials/core/?deprecated=False&_fields=calc_types&material_ids=mp-1110581&_limit=1000 (Caused by ResponseError('too many 429 error responses'))
cannot unpack non-iterable NoneType object
HTTPSConnectionPool(host='api.materialsproject.org', port=443): Max retries exceeded with url: /materials/core/?deprecated=False&_fields=calc_types&material_ids=mp-972510&_limit=1000 (Caused by ResponseError('too many 429 error responses'))
cannot unpack non-iterable NoneType object
cannot unpack non-iterable NoneType object
cannot unpack non-iterable NoneType object
cannot unpack non-iterable NoneType object
cannot unpack non-iterable NoneType object
cannot unpack non-iterable NoneType object
cannot unpack non-iterable NoneType object
cannot unpack non-iterable NoneType object
HTTPSConnectionPool(host='api.materialsproject.org', port=443): Max retries exceeded with url: /materials/core/?deprecated=False&_fields=calc_types&material_ids=mp-1110592&_limit=1000 (Caused by ResponseError('too many 429 error responses'))
HTTPSConnectionPool(host='api.materialsproject.org', port=443): Max retries exceeded with url: /materials/tasks/?_fields=last_updated%2Ctask_id&task_ids=mp-1110808&_limit=334 (Caused by ResponseError('too many 429 error responses'))
cannot unpack non-iterable NoneType object
cannot unpack non-iterable NoneType object
cannot unpack non-iterable NoneType object
cannot unpack non-iterable NoneType object
cannot unpack non-iterable NoneType object
cannot unpack non-iterable NoneType object
cannot unpack non-iterable NoneType object
HTTPSConnectionPool(host='api.materialsproject.org', port=443): Max retries exceeded with url: /materials/core/?deprecated=False&_fields=calc_types&material_ids=mp-1110814&_limit=1000 (Caused by ResponseError('too many 429 error responses'))
cannot unpack non-iterable NoneType object
HTTPSConnectionPool(host='api.materialsproject.org', port=443): Max retries exceeded with url: /materials/core/?deprecated=False&_fields=calc_types&material_ids=mp-1110596&_limit=1000 (Caused by ResponseError('too many 429 error responses'))
cannot unpack non-iterable NoneType object
HTTPSConnectionPool(host='api.materialsproject.org', port=443): Max retries exceeded with url: /materials/core/?deprecated=False&_fields=calc_types&material_ids=mp-972504&_limit=1000 (Caused by ResponseError('too many 429 error responses'))
cannot unpack non-iterable NoneType object
cannot unpack non-iterable NoneType object
cannot unpack non-iterable NoneType object
cannot unpack non-iterable NoneType object
cannot unpack non-iterable NoneType object
cannot unpack non-iterable NoneType object
cannot unpack non-iterable NoneType object
cannot unpack non-iterable NoneType object
cannot unpack non-iterable NoneType object
HTTPSConnectionPool(host='api.materialsproject.org', port=443): Max retries exceeded with url: /materials/core/?deprecated=False&_fields=calc_types&material_ids=mp-1110589&_limit=1000 (Caused by ResponseError('too many 429 error responses'))
cannot unpack non-iterable NoneType object
cannot unpack non-iterable NoneType object
cannot unpack non-iterable NoneType object
HTTPSConnectionPool(host='api.materialsproject.org', port=443): Max retries exceeded with url: /materials/tasks/?_fields=last_updated%2Ctask_id&task_ids=mp-1110598&_limit=334 (Caused by ResponseError('too many 429 error responses'))
HTTPSConnectionPool(host='api.materialsproject.org', port=443): Max retries exceeded with url: /materials/tasks/?_fields=last_updated%2Ctask_id&task_ids=mp-1414348&_limit=334 (Caused by ResponseError('too many 429 error responses'))
HTTPSConnectionPool(host='api.materialsproject.org', port=443): Max retries exceeded with url: /materials/tasks/?_fields=last_updated%2Ctask_id&task_ids=mp-1110796&_limit=334 (Caused by ResponseError('too many 429 error responses'))
cannot unpack non-iterable NoneType object
cannot unpack non-iterable NoneType object
cannot unpack non-iterable NoneType object
cannot unpack non-iterable NoneType object
cannot unpack non-iterable NoneType object
cannot unpack non-iterable NoneType object
cannot unpack non-iterable NoneType object
HTTPSConnectionPool(host='api.materialsproject.org', port=443): Max retries exceeded with url: /materials/tasks/?_fields=last_updated%2Ctask_id&task_ids=mp-1110818&_limit=334 (Caused by ResponseError('too many 429 error responses'))
cannot unpack non-iterable NoneType object
HTTPSConnectionPool(host='api.materialsproject.org', port=443): Max retries exceeded with url: /materials/core/?deprecated=False&_fields=calc_types&material_ids=mp-972536&_limit=1000 (Caused by ResponseError('too many 429 error responses'))
HTTPSConnectionPool(host='api.materialsproject.org', port=443): Max retries exceeded with url: /materials/tasks/?_fields=last_updated%2Ctask_id&task_ids=mp-1110606&_limit=500 (Caused by ResponseError('too many 429 error responses'))
cannot unpack non-iterable NoneType object
cannot unpack non-iterable NoneType object
HTTPSConnectionPool(host='api.materialsproject.org', port=443): Max retries exceeded with url: /materials/tasks/?_fields=last_updated%2Ctask_id&task_ids=mp-1422527&_limit=334 (Caused by ResponseError('too many 429 error responses'))
cannot unpack non-iterable NoneType object
HTTPSConnectionPool(host='api.materialsproject.org', port=443): Max retries exceeded with url: /materials/core/?deprecated=False&_fields=calc_types&material_ids=mp-1110607&_limit=1000 (Caused by ResponseError('too many 429 error responses'))
HTTPSConnectionPool(host='api.materialsproject.org', port=443): Max retries exceeded with url: /materials/tasks/?_fields=last_updated%2Ctask_id&task_ids=mp-1110830&_limit=334 (Caused by ResponseError('too many 429 error responses'))
cannot unpack non-iterable NoneType object
cannot unpack non-iterable NoneType object
cannot unpack non-iterable NoneType object
cannot unpack non-iterable NoneType object
cannot unpack non-iterable NoneType object
cannot unpack non-iterable NoneType object
cannot unpack non-iterable NoneType object
HTTPSConnectionPool(host='api.materialsproject.org', port=443): Max retries exceeded with url: /materials/tasks/?_fields=last_updated%2Ctask_id&task_ids=mp-1822653&_limit=333 (Caused by ResponseError('too many 429 error responses'))
HTTPSConnectionPool(host='api.materialsproject.org', port=443): Max retries exceeded with url: /materials/tasks/?_fields=last_updated%2Ctask_id&task_ids=mp-1424550&_limit=334 (Caused by ResponseError('too many 429 error responses'))
HTTPSConnectionPool(host='api.materialsproject.org', port=443): Max retries exceeded with url: /materials/tasks/?_fields=last_updated%2Ctask_id&task_ids=mp-1110609&_limit=334 (Caused by ResponseError('too many 429 error responses'))
cannot unpack non-iterable NoneType object
cannot unpack non-iterable NoneType object
HTTPSConnectionPool(host='api.materialsproject.org', port=443): Max retries exceeded with url: /materials/tasks/?_fields=last_updated%2Ctask_id&task_ids=mp-1446544&_limit=333 (Caused by ResponseError('too many 429 error responses'))
cannot unpack non-iterable NoneType object
HTTPSConnectionPool(host='api.materialsproject.org', port=443): Max retries exceeded with url: /materials/core/?deprecated=False&_fields=calc_types&material_ids=mp-1110629&_limit=1000 (Caused by ResponseError('too many 429 error responses'))
cannot unpack non-iterable NoneType object
cannot unpack non-iterable NoneType object
cannot unpack non-iterable NoneType object
HTTPSConnectionPool(host='api.materialsproject.org', port=443): Max retries exceeded with url: /materials/tasks/?_fields=last_updated%2Ctask_id&task_ids=mp-1110826&_limit=334 (Caused by ResponseError('too many 429 error responses'))
cannot unpack non-iterable NoneType object
HTTPSConnectionPool(host='api.materialsproject.org', port=443): Max retries exceeded with url: /materials/core/?deprecated=False&_fields=calc_types&material_ids=mp-972641&_limit=1000 (Caused by ResponseError('too many 429 error responses'))
HTTPSConnectionPool(host='api.materialsproject.org', port=443): Max retries exceeded with url: /materials/tasks/?_fields=last_updated%2Ctask_id&task_ids=mp-1114179&_limit=334 (Caused by ResponseError('too many 429 error responses'))
cannot unpack non-iterable NoneType object
cannot unpack non-iterable NoneType object
cannot unpack non-iterable NoneType object
HTTPSConnectionPool(host='api.materialsproject.org', port=443): Max retries exceeded with url: /materials/tasks/?_fields=last_updated%2Ctask_id&task_ids=mp-1110613&_limit=334 (Caused by ResponseError('too many 429 error responses'))
HTTPSConnectionPool(host='api.materialsproject.org', port=443): Max retries exceeded with url: /materials/tasks/?_fields=last_updated%2Ctask_id&task_ids=mp-1504181&_limit=334 (Caused by ResponseError('too many 429 error responses'))
HTTPSConnectionPool(host='api.materialsproject.org', port=443): Max retries exceeded with url: /materials/tasks/?_fields=last_updated%2Ctask_id&task_ids=mp-1110848&_limit=334 (Caused by ResponseError('too many 429 error responses'))
cannot unpack non-iterable NoneType object
cannot unpack non-iterable NoneType object
cannot unpack non-iterable NoneType object
HTTPSConnectionPool(host='api.materialsproject.org', port=443): Max retries exceeded with url: /materials/tasks/?_fields=last_updated%2Ctask_id&task_ids=mp-1421243&_limit=334 (Caused by ResponseError('too many 429 error responses'))
HTTPSConnectionPool(host='api.materialsproject.org', port=443): Max retries exceeded with url: /materials/tasks/?_fields=last_updated%2Ctask_id&task_ids=mp-1110610&_limit=500 (Caused by ResponseError('too many 429 error responses'))
cannot unpack non-iterable NoneType object
HTTPSConnectionPool(host='api.materialsproject.org', port=443): Max retries exceeded with url: /materials/tasks/?_fields=last_updated%2Ctask_id&task_ids=mp-1110820&_limit=334 (Caused by ResponseError('too many 429 error responses'))
cannot unpack non-iterable NoneType object
cannot unpack non-iterable NoneType object
cannot unpack non-iterable NoneType object
cannot unpack non-iterable NoneType object
cannot unpack non-iterable NoneType object
cannot unpack non-iterable NoneType object
cannot unpack non-iterable NoneType object
cannot unpack non-iterable NoneType object
cannot unpack non-iterable NoneType object
cannot unpack non-iterable NoneType object
cannot unpack non-iterable NoneType object
cannot unpack non-iterable NoneType object
HTTPSConnectionPool(host='api.materialsproject.org', port=443): Max retries exceeded with url: /materials/core/?deprecated=False&_fields=calc_types&material_ids=mp-1110850&_limit=1000 (Caused by ResponseError('too many 429 error responses'))
HTTPSConnectionPool(host='api.materialsproject.org', port=443): Max retries exceeded with url: /materials/tasks/?_fields=last_updated%2Ctask_id&task_ids=mp-1110617&_limit=500 (Caused by ResponseError('too many 429 error responses'))
HTTPSConnectionPool(host='api.materialsproject.org', port=443): Max retries exceeded with url: /materials/tasks/?_fields=last_updated%2Ctask_id&task_ids=mp-1112249&_limit=500 (Caused by ResponseError('too many 429 error responses'))
cannot unpack non-iterable NoneType object
cannot unpack non-iterable NoneType object
cannot unpack non-iterable NoneType object
cannot unpack non-iterable NoneType object
cannot unpack non-iterable NoneType object
cannot unpack non-iterable NoneType object
cannot unpack non-iterable NoneType object
HTTPSConnectionPool(host='api.materialsproject.org', port=443): Max retries exceeded with url: /materials/core/?deprecated=False&_fields=calc_types&material_ids=mp-1110835&_limit=1000 (Caused by ResponseError('too many 429 error responses'))
cannot unpack non-iterable NoneType object
HTTPSConnectionPool(host='api.materialsproject.org', port=443): Max retries exceeded with url: /materials/core/?deprecated=False&_fields=calc_types&material_ids=mp-1110626&_limit=1000 (Caused by ResponseError('too many 429 error responses'))
cannot unpack non-iterable NoneType object
HTTPSConnectionPool(host='api.materialsproject.org', port=443): Max retries exceeded with url: /materials/core/?deprecated=False&_fields=calc_types&material_ids=mp-1111960&_limit=1000 (Caused by ResponseError('too many 429 error responses'))
cannot unpack non-iterable NoneType object
cannot unpack non-iterable NoneType object
cannot unpack non-iterable NoneType object
cannot unpack non-iterable NoneType object
cannot unpack non-iterable NoneType object
cannot unpack non-iterable NoneType object
cannot unpack non-iterable NoneType object
cannot unpack non-iterable NoneType object
cannot unpack non-iterable NoneType object
cannot unpack non-iterable NoneType object
cannot unpack non-iterable NoneType object
cannot unpack non-iterable NoneType object
HTTPSConnectionPool(host='api.materialsproject.org', port=443): Max retries exceeded with url: /materials/tasks/?_fields=last_updated%2Ctask_id&task_ids=mp-1809252&_limit=333 (Caused by ResponseError('too many 429 error responses'))
cannot unpack non-iterable NoneType object
cannot unpack non-iterable NoneType object
cannot unpack non-iterable NoneType object
cannot unpack non-iterable NoneType object
cannot unpack non-iterable NoneType object
HTTPSConnectionPool(host='api.materialsproject.org', port=443): Max retries exceeded with url: /materials/core/?deprecated=False&_fields=calc_types&material_ids=mp-1111979&_limit=1000 (Caused by ResponseError('too many 429 error responses'))
HTTPSConnectionPool(host='api.materialsproject.org', port=443): Max retries exceeded with url: /materials/tasks/?_fields=last_updated%2Ctask_id&task_ids=mp-1110615&_limit=500 (Caused by ResponseError('too many 429 error responses'))
HTTPSConnectionPool(host='api.materialsproject.org', port=443): Max retries exceeded with url: /materials/tasks/?_fields=last_updated%2Ctask_id&task_ids=mp-1110866&_limit=334 (Caused by ResponseError('too many 429 error responses'))
cannot unpack non-iterable NoneType object
cannot unpack non-iterable NoneType object
cannot unpack non-iterable NoneType object
cannot unpack non-iterable NoneType object
cannot unpack non-iterable NoneType object
cannot unpack non-iterable NoneType object
cannot unpack non-iterable NoneType object
cannot unpack non-iterable NoneType object
cannot unpack non-iterable NoneType object
cannot unpack non-iterable NoneType object
cannot unpack non-iterable NoneType object
cannot unpack non-iterable NoneType object
HTTPSConnectionPool(host='api.materialsproject.org', port=443): Max retries exceeded with url: /materials/core/?deprecated=False&_fields=calc_types&material_ids=mp-1110901&_limit=1000 (Caused by ResponseError('too many 429 error responses'))
cannot unpack non-iterable NoneType object
cannot unpack non-iterable NoneType object
cannot unpack non-iterable NoneType object
cannot unpack non-iterable NoneType object
HTTPSConnectionPool(host='api.materialsproject.org', port=443): Max retries exceeded with url: /materials/core/?deprecated=False&_fields=calc_types&material_ids=mp-1111992&_limit=1000 (Caused by ResponseError('too many 429 error responses'))
cannot unpack non-iterable NoneType object
HTTPSConnectionPool(host='api.materialsproject.org', port=443): Max retries exceeded with url: /materials/core/?deprecated=False&_fields=calc_types&material_ids=mp-1110642&_limit=1000 (Caused by ResponseError('too many 429 error responses'))
HTTPSConnectionPool(host='api.materialsproject.org', port=443): Max retries exceeded with url: /materials/tasks/?_fields=last_updated%2Ctask_id&task_ids=mp-1110902&_limit=334 (Caused by ResponseError('too many 429 error responses'))
cannot unpack non-iterable NoneType object
cannot unpack non-iterable NoneType object
cannot unpack non-iterable NoneType object
HTTPSConnectionPool(host='api.materialsproject.org', port=443): Max retries exceeded with url: /materials/core/?deprecated=False&_fields=calc_types&material_ids=mp-1110863&_limit=1000 (Caused by ResponseError('too many 429 error responses'))
HTTPSConnectionPool(host='api.materialsproject.org', port=443): Max retries exceeded with url: /materials/tasks/?_fields=last_updated%2Ctask_id&task_ids=mp-1776037&_limit=333 (Caused by ResponseError('too many 429 error responses'))
HTTPSConnectionPool(host='api.materialsproject.org', port=443): Max retries exceeded with url: /materials/tasks/?_fields=last_updated%2Ctask_id&task_ids=mp-1112708&_limit=334 (Caused by ResponseError('too many 429 error responses'))
cannot unpack non-iterable NoneType object
cannot unpack non-iterable NoneType object
cannot unpack non-iterable NoneType object
cannot unpack non-iterable NoneType object
cannot unpack non-iterable NoneType object
cannot unpack non-iterable NoneType object
cannot unpack non-iterable NoneType object
cannot unpack non-iterable NoneType object
HTTPSConnectionPool(host='api.materialsproject.org', port=443): Max retries exceeded with url: /materials/core/?deprecated=False&_fields=calc_types&material_ids=mp-1110649&_limit=1000 (Caused by ResponseError('too many 429 error responses'))
HTTPSConnectionPool(host='api.materialsproject.org', port=443): Max retries exceeded with url: /materials/tasks/?_fields=last_updated%2Ctask_id&task_ids=mp-1110872&_limit=334 (Caused by ResponseError('too many 429 error responses'))
HTTPSConnectionPool(host='api.materialsproject.org', port=443): Max retries exceeded with url: /materials/tasks/?_fields=last_updated%2Ctask_id&task_ids=mp-1113129&_limit=334 (Caused by ResponseError('too many 429 error responses'))
cannot unpack non-iterable NoneType object
cannot unpack non-iterable NoneType object
cannot unpack non-iterable NoneType object
cannot unpack non-iterable NoneType object
cannot unpack non-iterable NoneType object
cannot unpack non-iterable NoneType object
cannot unpack non-iterable NoneType object
cannot unpack non-iterable NoneType object
HTTPSConnectionPool(host='api.materialsproject.org', port=443): Max retries exceeded with url: /materials/core/?deprecated=False&_fields=calc_types&material_ids=mp-1112000&_limit=1000 (Caused by ResponseError('too many 429 error responses'))
HTTPSConnectionPool(host='api.materialsproject.org', port=443): Max retries exceeded with url: /materials/tasks/?_fields=last_updated%2Ctask_id&task_ids=mp-1113873&_limit=334 (Caused by ResponseError('too many 429 error responses'))
HTTPSConnectionPool(host='api.materialsproject.org', port=443): Max retries exceeded with url: /materials/tasks/?_fields=last_updated%2Ctask_id&task_ids=mp-1110897&_limit=334 (Caused by ResponseError('too many 429 error responses'))
cannot unpack non-iterable NoneType object
HTTPSConnectionPool(host='api.materialsproject.org', port=443): Max retries exceeded with url: /materials/tasks/?_fields=last_updated%2Ctask_id&task_ids=mp-1112250&_limit=334 (Caused by ResponseError('too many 429 error responses'))
cannot unpack non-iterable NoneType object
HTTPSConnectionPool(host='api.materialsproject.org', port=443): Max retries exceeded with url: /materials/core/?deprecated=False&_fields=calc_types&material_ids=mp-1113863&_limit=1000 (Caused by ResponseError('too many 429 error responses'))
cannot unpack non-iterable NoneType object
HTTPSConnectionPool(host='api.materialsproject.org', port=443): Max retries exceeded with url: /materials/core/?deprecated=False&_fields=calc_types&material_ids=mp-1110888&_limit=1000 (Caused by ResponseError('too many 429 error responses'))
cannot unpack non-iterable NoneType object
cannot unpack non-iterable NoneType object
cannot unpack non-iterable NoneType object
cannot unpack non-iterable NoneType object
cannot unpack non-iterable NoneType object
cannot unpack non-iterable NoneType object
cannot unpack non-iterable NoneType object
HTTPSConnectionPool(host='api.materialsproject.org', port=443): Max retries exceeded with url: /materials/tasks/?_fields=last_updated%2Ctask_id&task_ids=mp-1834111&_limit=333 (Caused by ResponseError('too many 429 error responses'))
HTTPSConnectionPool(host='api.materialsproject.org', port=443): Max retries exceeded with url: /materials/tasks/?_fields=last_updated%2Ctask_id&task_ids=mp-1110865&_limit=334 (Caused by ResponseError('too many 429 error responses'))
cannot unpack non-iterable NoneType object
cannot unpack non-iterable NoneType object
cannot unpack non-iterable NoneType object
HTTPSConnectionPool(host='api.materialsproject.org', port=443): Max retries exceeded with url: /materials/tasks/?_fields=last_updated%2Ctask_id&task_ids=mp-1113852&_limit=334 (Caused by ResponseError('too many 429 error responses'))
cannot unpack non-iterable NoneType object
HTTPSConnectionPool(host='api.materialsproject.org', port=443): Max retries exceeded with url: /materials/core/?deprecated=False&_fields=calc_types&material_ids=mp-1111999&_limit=1000 (Caused by ResponseError('too many 429 error responses'))
cannot unpack non-iterable NoneType object
cannot unpack non-iterable NoneType object
cannot unpack non-iterable NoneType object
HTTPSConnectionPool(host='api.materialsproject.org', port=443): Max retries exceeded with url: /materials/tasks/?_fields=last_updated%2Ctask_id&task_ids=mp-1112391&_limit=334 (Caused by ResponseError('too many 429 error responses'))
cannot unpack non-iterable NoneType object
HTTPSConnectionPool(host='api.materialsproject.org', port=443): Max retries exceeded with url: /materials/core/?deprecated=False&_fields=calc_types&material_ids=mp-1110904&_limit=1000 (Caused by ResponseError('too many 429 error responses'))
HTTPSConnectionPool(host='api.materialsproject.org', port=443): Max retries exceeded with url: /materials/tasks/?_fields=last_updated%2Ctask_id&task_ids=mp-1113854&_limit=334 (Caused by ResponseError('too many 429 error responses'))
cannot unpack non-iterable NoneType object
cannot unpack non-iterable NoneType object
cannot unpack non-iterable NoneType object
cannot unpack non-iterable NoneType object
cannot unpack non-iterable NoneType object
cannot unpack non-iterable NoneType object
HTTPSConnectionPool(host='api.materialsproject.org', port=443): Max retries exceeded with url: /materials/tasks/?_fields=last_updated%2Ctask_id&task_ids=mp-1113893&_limit=334 (Caused by ResponseError('too many 429 error responses'))
cannot unpack non-iterable NoneType object
HTTPSConnectionPool(host='api.materialsproject.org', port=443): Max retries exceeded with url: /materials/core/?deprecated=False&_fields=calc_types&material_ids=mp-1110890&_limit=1000 (Caused by ResponseError('too many 429 error responses'))
cannot unpack non-iterable NoneType object
HTTPSConnectionPool(host='api.materialsproject.org', port=443): Max retries exceeded with url: /materials/core/?deprecated=False&_fields=calc_types&material_ids=mp-1111995&_limit=1000 (Caused by ResponseError('too many 429 error responses'))
cannot unpack non-iterable NoneType object
cannot unpack non-iterable NoneType object
cannot unpack non-iterable NoneType object
cannot unpack non-iterable NoneType object
cannot unpack non-iterable NoneType object
cannot unpack non-iterable NoneType object
cannot unpack non-iterable NoneType object
cannot unpack non-iterable NoneType object
cannot unpack non-iterable NoneType object
HTTPSConnectionPool(host='api.materialsproject.org', port=443): Max retries exceeded with url: /materials/core/?deprecated=False&_fields=calc_types&material_ids=mp-1112011&_limit=1000 (Caused by ResponseError('too many 429 error responses'))
HTTPSConnectionPool(host='api.materialsproject.org', port=443): Max retries exceeded with url: /materials/tasks/?_fields=last_updated%2Ctask_id&task_ids=mp-1113973&_limit=334 (Caused by ResponseError('too many 429 error responses'))
cannot unpack non-iterable NoneType object
HTTPSConnectionPool(host='api.materialsproject.org', port=443): Max retries exceeded with url: /materials/core/?deprecated=False&_fields=calc_types&material_ids=mp-1112021&_limit=1000 (Caused by ResponseError('too many 429 error responses'))
cannot unpack non-iterable NoneType object
HTTPSConnectionPool(host='api.materialsproject.org', port=443): Max retries exceeded with url: /materials/core/?deprecated=False&_fields=calc_types&material_ids=mp-1110935&_limit=1000 (Caused by ResponseError('too many 429 error responses'))
HTTPSConnectionPool(host='api.materialsproject.org', port=443): Max retries exceeded with url: /materials/tasks/?_fields=last_updated%2Ctask_id&task_ids=mp-1113908&_limit=334 (Caused by ResponseError('too many 429 error responses'))
cannot unpack non-iterable NoneType object
cannot unpack non-iterable NoneType object
cannot unpack non-iterable NoneType object
cannot unpack non-iterable NoneType object
cannot unpack non-iterable NoneType object
cannot unpack non-iterable NoneType object
cannot unpack non-iterable NoneType object
cannot unpack non-iterable NoneType object
cannot unpack non-iterable NoneType object
cannot unpack non-iterable NoneType object
cannot unpack non-iterable NoneType object
cannot unpack non-iterable NoneType object
HTTPSConnectionPool(host='api.materialsproject.org', port=443): Max retries exceeded with url: /materials/core/?deprecated=False&_fields=calc_types&material_ids=mp-1113971&_limit=1000 (Caused by ResponseError('too many 429 error responses'))
cannot unpack non-iterable NoneType object
HTTPSConnectionPool(host='api.materialsproject.org', port=443): Max retries exceeded with url: /materials/core/?deprecated=False&_fields=calc_types&material_ids=mp-1112031&_limit=1000 (Caused by ResponseError('too many 429 error responses'))
HTTPSConnectionPool(host='api.materialsproject.org', port=443): Max retries exceeded with url: /materials/tasks/?_fields=last_updated%2Ctask_id&task_ids=mp-1110932&_limit=334 (Caused by ResponseError('too many 429 error responses'))
cannot unpack non-iterable NoneType object
cannot unpack non-iterable NoneType object
cannot unpack non-iterable NoneType object
cannot unpack non-iterable NoneType object
cannot unpack non-iterable NoneType object
cannot unpack non-iterable NoneType object
cannot unpack non-iterable NoneType object
cannot unpack non-iterable NoneType object
cannot unpack non-iterable NoneType object
cannot unpack non-iterable NoneType object
cannot unpack non-iterable NoneType object
cannot unpack non-iterable NoneType object
cannot unpack non-iterable NoneType object
cannot unpack non-iterable NoneType object
cannot unpack non-iterable NoneType object
cannot unpack non-iterable NoneType object
cannot unpack non-iterable NoneType object
cannot unpack non-iterable NoneType object
cannot unpack non-iterable NoneType object
cannot unpack non-iterable NoneType object
cannot unpack non-iterable NoneType object
cannot unpack non-iterable NoneType object
cannot unpack non-iterable NoneType object
cannot unpack non-iterable NoneType object
cannot unpack non-iterable NoneType object
cannot unpack non-iterable NoneType object
cannot unpack non-iterable NoneType object
cannot unpack non-iterable NoneType object
cannot unpack non-iterable NoneType object
cannot unpack non-iterable NoneType object
cannot unpack non-iterable NoneType object
cannot unpack non-iterable NoneType object
cannot unpack non-iterable NoneType object
cannot unpack non-iterable NoneType object
cannot unpack non-iterable NoneType object
cannot unpack non-iterable NoneType object
cannot unpack non-iterable NoneType object
cannot unpack non-iterable NoneType object
cannot unpack non-iterable NoneType object
cannot unpack non-iterable NoneType object
cannot unpack non-iterable NoneType object
cannot unpack non-iterable NoneType object
cannot unpack non-iterable NoneType object
cannot unpack non-iterable NoneType object
cannot unpack non-iterable NoneType object
cannot unpack non-iterable NoneType object
HTTPSConnectionPool(host='api.materialsproject.org', port=443): Max retries exceeded with url: /materials/core/?deprecated=False&_fields=calc_types&material_ids=mp-1112016&_limit=1000 (Caused by ResponseError('too many 429 error responses'))
cannot unpack non-iterable NoneType object
cannot unpack non-iterable NoneType object
cannot unpack non-iterable NoneType object
HTTPSConnectionPool(host='api.materialsproject.org', port=443): Max retries exceeded with url: /materials/tasks/?_fields=last_updated%2Ctask_id&task_ids=mp-1112828&_limit=334 (Caused by ResponseError('too many 429 error responses'))
HTTPSConnectionPool(host='api.materialsproject.org', port=443): Max retries exceeded with url: /materials/tasks/?_fields=last_updated%2Ctask_id&task_ids=mp-1113925&_limit=334 (Caused by ResponseError('too many 429 error responses'))
cannot unpack non-iterable NoneType object
HTTPSConnectionPool(host='api.materialsproject.org', port=443): Max retries exceeded with url: /materials/core/?deprecated=False&_fields=calc_types&material_ids=mp-1110915&_limit=1000 (Caused by ResponseError('too many 429 error responses'))
cannot unpack non-iterable NoneType object
cannot unpack non-iterable NoneType object
cannot unpack non-iterable NoneType object
cannot unpack non-iterable NoneType object
cannot unpack non-iterable NoneType object
cannot unpack non-iterable NoneType object
cannot unpack non-iterable NoneType object
cannot unpack non-iterable NoneType object
cannot unpack non-iterable NoneType object
cannot unpack non-iterable NoneType object
cannot unpack non-iterable NoneType object
HTTPSConnectionPool(host='api.materialsproject.org', port=443): Max retries exceeded with url: /materials/core/?deprecated=False&_fields=calc_types&material_ids=mp-1110966&_limit=1000 (Caused by ResponseError('too many 429 error responses'))
cannot unpack non-iterable NoneType object
HTTPSConnectionPool(host='api.materialsproject.org', port=443): Max retries exceeded with url: /materials/core/?deprecated=False&_fields=calc_types&material_ids=mp-1112058&_limit=1000 (Caused by ResponseError('too many 429 error responses'))
cannot unpack non-iterable NoneType object
HTTPSConnectionPool(host='api.materialsproject.org', port=443): Max retries exceeded with url: /materials/core/?deprecated=False&_fields=calc_types&material_ids=mp-1114031&_limit=1000 (Caused by ResponseError('too many 429 error responses'))
cannot unpack non-iterable NoneType object
cannot unpack non-iterable NoneType object
HTTPSConnectionPool(host='api.materialsproject.org', port=443): Max retries exceeded with url: /materials/tasks/?_fields=last_updated%2Ctask_id&task_ids=mp-1411019&_limit=333 (Caused by ResponseError('too many 429 error responses'))
cannot unpack non-iterable NoneType object
HTTPSConnectionPool(host='api.materialsproject.org', port=443): Max retries exceeded with url: /materials/core/?deprecated=False&_fields=calc_types&material_ids=mp-1114037&_limit=1000 (Caused by ResponseError('too many 429 error responses'))
HTTPSConnectionPool(host='api.materialsproject.org', port=443): Max retries exceeded with url: /materials/tasks/?_fields=last_updated%2Ctask_id&task_ids=mp-1841305&_limit=333 (Caused by ResponseError('too many 429 error responses'))
cannot unpack non-iterable NoneType object
cannot unpack non-iterable NoneType object
cannot unpack non-iterable NoneType object
cannot unpack non-iterable NoneType object
cannot unpack non-iterable NoneType object
cannot unpack non-iterable NoneType object
cannot unpack non-iterable NoneType object
cannot unpack non-iterable NoneType object
HTTPSConnectionPool(host='api.materialsproject.org', port=443): Max retries exceeded with url: /materials/core/?deprecated=False&_fields=calc_types&material_ids=mp-1114007&_limit=1000 (Caused by ResponseError('too many 429 error responses'))
HTTPSConnectionPool(host='api.materialsproject.org', port=443): Max retries exceeded with url: /materials/tasks/?_fields=last_updated%2Ctask_id&task_ids=mp-1110946&_limit=334 (Caused by ResponseError('too many 429 error responses'))
cannot unpack non-iterable NoneType object
cannot unpack non-iterable NoneType object
cannot unpack non-iterable NoneType object
HTTPSConnectionPool(host='api.materialsproject.org', port=443): Max retries exceeded with url: /materials/tasks/?_fields=last_updated%2Ctask_id&task_ids=mp-1114008&_limit=334 (Caused by ResponseError('too many 429 error responses'))
HTTPSConnectionPool(host='api.materialsproject.org', port=443): Max retries exceeded with url: /materials/tasks/?_fields=last_updated%2Ctask_id&task_ids=mp-1110963&_limit=334 (Caused by ResponseError('too many 429 error responses'))
cannot unpack non-iterable NoneType object
HTTPSConnectionPool(host='api.materialsproject.org', port=443): Max retries exceeded with url: /materials/core/?deprecated=False&_fields=calc_types&material_ids=mp-1112106&_limit=1000 (Caused by ResponseError('too many 429 error responses'))
cannot unpack non-iterable NoneType object
cannot unpack non-iterable NoneType object
HTTPSConnectionPool(host='api.materialsproject.org', port=443): Max retries exceeded with url: /materials/tasks/?_fields=last_updated%2Ctask_id&task_ids=mp-1110964&_limit=334 (Caused by ResponseError('too many 429 error responses'))
HTTPSConnectionPool(host='api.materialsproject.org', port=443): Max retries exceeded with url: /materials/tasks/?_fields=last_updated%2Ctask_id&task_ids=mp-1114042&_limit=250 (Caused by ResponseError('too many 429 error responses'))
cannot unpack non-iterable NoneType object
HTTPSConnectionPool(host='api.materialsproject.org', port=443): Max retries exceeded with url: /materials/core/?deprecated=False&_fields=calc_types&material_ids=mp-1112119&_limit=1000 (Caused by ResponseError('too many 429 error responses'))
cannot unpack non-iterable NoneType object
cannot unpack non-iterable NoneType object
cannot unpack non-iterable NoneType object
cannot unpack non-iterable NoneType object
cannot unpack non-iterable NoneType object
cannot unpack non-iterable NoneType object
cannot unpack non-iterable NoneType object
HTTPSConnectionPool(host='api.materialsproject.org', port=443): Max retries exceeded with url: /materials/core/?deprecated=False&_fields=calc_types&material_ids=mp-1114025&_limit=1000 (Caused by ResponseError('too many 429 error responses'))
cannot unpack non-iterable NoneType object
HTTPSConnectionPool(host='api.materialsproject.org', port=443): Max retries exceeded with url: /materials/core/?deprecated=False&_fields=calc_types&material_ids=mp-1110971&_limit=1000 (Caused by ResponseError('too many 429 error responses'))
HTTPSConnectionPool(host='api.materialsproject.org', port=443): Max retries exceeded with url: /materials/tasks/?_fields=last_updated%2Ctask_id&task_ids=mp-1113769&_limit=334 (Caused by ResponseError('too many 429 error responses'))
cannot unpack non-iterable NoneType object
cannot unpack non-iterable NoneType object
HTTPSConnectionPool(host='api.materialsproject.org', port=443): Max retries exceeded with url: /materials/tasks/?_fields=last_updated%2Ctask_id&task_ids=mp-1114009&_limit=334 (Caused by ResponseError('too many 429 error responses'))
HTTPSConnectionPool(host='api.materialsproject.org', port=443): Max retries exceeded with url: /materials/tasks/?_fields=last_updated%2Ctask_id&task_ids=mp-1110980&_limit=334 (Caused by ResponseError('too many 429 error responses'))
cannot unpack non-iterable NoneType object
HTTPSConnectionPool(host='api.materialsproject.org', port=443): Max retries exceeded with url: /materials/core/?deprecated=False&_fields=calc_types&material_ids=mp-1112069&_limit=1000 (Caused by ResponseError('too many 429 error responses'))
cannot unpack non-iterable NoneType object
cannot unpack non-iterable NoneType object
cannot unpack non-iterable NoneType object
cannot unpack non-iterable NoneType object
cannot unpack non-iterable NoneType object
cannot unpack non-iterable NoneType object
cannot unpack non-iterable NoneType object
cannot unpack non-iterable NoneType object
HTTPSConnectionPool(host='api.materialsproject.org', port=443): Max retries exceeded with url: /materials/tasks/?_fields=last_updated%2Ctask_id&task_ids=mp-1112712&_limit=334 (Caused by ResponseError('too many 429 error responses'))
HTTPSConnectionPool(host='api.materialsproject.org', port=443): Max retries exceeded with url: /materials/tasks/?_fields=last_updated%2Ctask_id&task_ids=mp-1114017&_limit=334 (Caused by ResponseError('too many 429 error responses'))
HTTPSConnectionPool(host='api.materialsproject.org', port=443): Max retries exceeded with url: /materials/tasks/?_fields=last_updated%2Ctask_id&task_ids=mp-1392410&_limit=333 (Caused by ResponseError('too many 429 error responses'))
cannot unpack non-iterable NoneType object
cannot unpack non-iterable NoneType object
HTTPSConnectionPool(host='api.materialsproject.org', port=443): Max retries exceeded with url: /materials/core/?deprecated=False&_fields=calc_types&material_ids=mp-1110989&_limit=1000 (Caused by ResponseError('too many 429 error responses'))
cannot unpack non-iterable NoneType object
HTTPSConnectionPool(host='api.materialsproject.org', port=443): Max retries exceeded with url: /materials/core/?deprecated=False&_fields=calc_types&material_ids=mp-1114039&_limit=1000 (Caused by ResponseError('too many 429 error responses'))
HTTPSConnectionPool(host='api.materialsproject.org', port=443): Max retries exceeded with url: /materials/tasks/?_fields=last_updated%2Ctask_id&task_ids=mp-1113759&_limit=334 (Caused by ResponseError('too many 429 error responses'))
cannot unpack non-iterable NoneType object
cannot unpack non-iterable NoneType object
cannot unpack non-iterable NoneType object
cannot unpack non-iterable NoneType object
cannot unpack non-iterable NoneType object
cannot unpack non-iterable NoneType object
cannot unpack non-iterable NoneType object
cannot unpack non-iterable NoneType object
cannot unpack non-iterable NoneType object
cannot unpack non-iterable NoneType object
cannot unpack non-iterable NoneType object
HTTPSConnectionPool(host='api.materialsproject.org', port=443): Max retries exceeded with url: /materials/tasks/?_fields=last_updated%2Ctask_id&task_ids=mp-1385727&_limit=500 (Caused by ResponseError('too many 429 error responses'))
cannot unpack non-iterable NoneType object
HTTPSConnectionPool(host='api.materialsproject.org', port=443): Max retries exceeded with url: /materials/core/?deprecated=False&_fields=calc_types&material_ids=mp-1112095&_limit=1000 (Caused by ResponseError('too many 429 error responses'))
cannot unpack non-iterable NoneType object
cannot unpack non-iterable NoneType object
cannot unpack non-iterable NoneType object
HTTPSConnectionPool(host='api.materialsproject.org', port=443): Max retries exceeded with url: /materials/tasks/?_fields=last_updated%2Ctask_id&task_ids=mp-1110975&_limit=334 (Caused by ResponseError('too many 429 error responses'))
HTTPSConnectionPool(host='api.materialsproject.org', port=443): Max retries exceeded with url: /materials/tasks/?_fields=last_updated%2Ctask_id&task_ids=mp-1114215&_limit=334 (Caused by ResponseError('too many 429 error responses'))
cannot unpack non-iterable NoneType object
cannot unpack non-iterable NoneType object
HTTPSConnectionPool(host='api.materialsproject.org', port=443): Max retries exceeded with url: /materials/core/?deprecated=False&_fields=calc_types&material_ids=mp-1114010&_limit=1000 (Caused by ResponseError('too many 429 error responses'))
cannot unpack non-iterable NoneType object
cannot unpack non-iterable NoneType object
cannot unpack non-iterable NoneType object
cannot unpack non-iterable NoneType object
cannot unpack non-iterable NoneType object
cannot unpack non-iterable NoneType object
cannot unpack non-iterable NoneType object
HTTPSConnectionPool(host='api.materialsproject.org', port=443): Max retries exceeded with url: /materials/core/?deprecated=False&_fields=calc_types&material_ids=mp-1112071&_limit=1000 (Caused by ResponseError('too many 429 error responses'))
HTTPSConnectionPool(host='api.materialsproject.org', port=443): Max retries exceeded with url: /materials/tasks/?_fields=last_updated%2Ctask_id&task_ids=mp-1111260&_limit=334 (Caused by ResponseError('too many 429 error responses'))
HTTPSConnectionPool(host='api.materialsproject.org', port=443): Max retries exceeded with url: /materials/tasks/?_fields=last_updated%2Ctask_id&task_ids=mp-1114032&_limit=334 (Caused by ResponseError('too many 429 error responses'))
cannot unpack non-iterable NoneType object
cannot unpack non-iterable NoneType object
cannot unpack non-iterable NoneType object
cannot unpack non-iterable NoneType object
cannot unpack non-iterable NoneType object
cannot unpack non-iterable NoneType object
cannot unpack non-iterable NoneType object
cannot unpack non-iterable NoneType object
cannot unpack non-iterable NoneType object
HTTPSConnectionPool(host='api.materialsproject.org', port=443): Max retries exceeded with url: /materials/core/?deprecated=False&_fields=calc_types&material_ids=mp-1114123&_limit=1000 (Caused by ResponseError('too many 429 error responses'))
HTTPSConnectionPool(host='api.materialsproject.org', port=443): Max retries exceeded with url: /materials/tasks/?_fields=last_updated%2Ctask_id&task_ids=mp-1111010&_limit=500 (Caused by ResponseError('too many 429 error responses'))
HTTPSConnectionPool(host='api.materialsproject.org', port=443): Max retries exceeded with url: /materials/tasks/?_fields=last_updated%2Ctask_id&task_ids=mp-1392143&_limit=333 (Caused by ResponseError('too many 429 error responses'))
cannot unpack non-iterable NoneType object
cannot unpack non-iterable NoneType object
HTTPSConnectionPool(host='api.materialsproject.org', port=443): Max retries exceeded with url: /materials/core/?deprecated=False&_fields=calc_types&material_ids=mp-1111002&_limit=1000 (Caused by ResponseError('too many 429 error responses'))
cannot unpack non-iterable NoneType object
HTTPSConnectionPool(host='api.materialsproject.org', port=443): Max retries exceeded with url: /materials/core/?deprecated=False&_fields=calc_types&material_ids=mp-1112073&_limit=1000 (Caused by ResponseError('too many 429 error responses'))
HTTPSConnectionPool(host='api.materialsproject.org', port=443): Max retries exceeded with url: /materials/tasks/?_fields=last_updated%2Ctask_id&task_ids=mp-1114077&_limit=334 (Caused by ResponseError('too many 429 error responses'))
cannot unpack non-iterable NoneType object
cannot unpack non-iterable NoneType object
cannot unpack non-iterable NoneType object
cannot unpack non-iterable NoneType object
cannot unpack non-iterable NoneType object
cannot unpack non-iterable NoneType object
cannot unpack non-iterable NoneType object
cannot unpack non-iterable NoneType object
cannot unpack non-iterable NoneType object
cannot unpack non-iterable NoneType object
cannot unpack non-iterable NoneType object
cannot unpack non-iterable NoneType object
HTTPSConnectionPool(host='api.materialsproject.org', port=443): Max retries exceeded with url: /materials/tasks/?_fields=last_updated%2Ctask_id&task_ids=mp-1113255&_limit=334 (Caused by ResponseError('too many 429 error responses'))
HTTPSConnectionPool(host='api.materialsproject.org', port=443): Max retries exceeded with url: /materials/tasks/?_fields=last_updated%2Ctask_id&task_ids=mp-1111012&_limit=334 (Caused by ResponseError('too many 429 error responses'))
HTTPSConnectionPool(host='api.materialsproject.org', port=443): Max retries exceeded with url: /materials/tasks/?_fields=last_updated%2Ctask_id&task_ids=mp-1114131&_limit=334 (Caused by ResponseError('too many 429 error responses'))
cannot unpack non-iterable NoneType object
cannot unpack non-iterable NoneType object
cannot unpack non-iterable NoneType object
cannot unpack non-iterable NoneType object
cannot unpack non-iterable NoneType object
cannot unpack non-iterable NoneType object
cannot unpack non-iterable NoneType object
HTTPSConnectionPool(host='api.materialsproject.org', port=443): Max retries exceeded with url: /materials/tasks/?_fields=last_updated%2Ctask_id&task_ids=mp-1114264&_limit=334 (Caused by ResponseError('too many 429 error responses'))
HTTPSConnectionPool(host='api.materialsproject.org', port=443): Max retries exceeded with url: /materials/tasks/?_fields=last_updated%2Ctask_id&task_ids=mp-1873209&_limit=333 (Caused by ResponseError('too many 429 error responses'))
cannot unpack non-iterable NoneType object
HTTPSConnectionPool(host='api.materialsproject.org', port=443): Max retries exceeded with url: /materials/core/?deprecated=False&_fields=calc_types&material_ids=mp-1114071&_limit=1000 (Caused by ResponseError('too many 429 error responses'))
cannot unpack non-iterable NoneType object
cannot unpack non-iterable NoneType object
HTTPSConnectionPool(host='api.materialsproject.org', port=443): Max retries exceeded with url: /materials/core/?deprecated=False&_fields=calc_types&material_ids=mp-1111008&_limit=1000 (Caused by ResponseError('too many 429 error responses'))
HTTPSConnectionPool(host='api.materialsproject.org', port=443): Max retries exceeded with url: /materials/tasks/?_fields=last_updated%2Ctask_id&task_ids=mp-1407052&_limit=333 (Caused by ResponseError('too many 429 error responses'))
cannot unpack non-iterable NoneType object
HTTPSConnectionPool(host='api.materialsproject.org', port=443): Max retries exceeded with url: /materials/core/?deprecated=False&_fields=calc_types&material_ids=mp-1114116&_limit=1000 (Caused by ResponseError('too many 429 error responses'))
cannot unpack non-iterable NoneType object
cannot unpack non-iterable NoneType object
cannot unpack non-iterable NoneType object
cannot unpack non-iterable NoneType object
cannot unpack non-iterable NoneType object
cannot unpack non-iterable NoneType object
cannot unpack non-iterable NoneType object
HTTPSConnectionPool(host='api.materialsproject.org', port=443): Max retries exceeded with url: /materials/core/?deprecated=False&_fields=calc_types&material_ids=mp-1111013&_limit=1000 (Caused by ResponseError('too many 429 error responses'))
cannot unpack non-iterable NoneType object
HTTPSConnectionPool(host='api.materialsproject.org', port=443): Max retries exceeded with url: /materials/core/?deprecated=False&_fields=calc_types&material_ids=mp-1112156&_limit=1000 (Caused by ResponseError('too many 429 error responses'))
cannot unpack non-iterable NoneType object
HTTPSConnectionPool(host='api.materialsproject.org', port=443): Max retries exceeded with url: /materials/core/?deprecated=False&_fields=calc_types&material_ids=mp-1114121&_limit=1000 (Caused by ResponseError('too many 429 error responses'))
cannot unpack non-iterable NoneType object
cannot unpack non-iterable NoneType object
cannot unpack non-iterable NoneType object
cannot unpack non-iterable NoneType object
cannot unpack non-iterable NoneType object
cannot unpack non-iterable NoneType object
cannot unpack non-iterable NoneType object
cannot unpack non-iterable NoneType object
cannot unpack non-iterable NoneType object
cannot unpack non-iterable NoneType object
cannot unpack non-iterable NoneType object
cannot unpack non-iterable NoneType object
cannot unpack non-iterable NoneType object
cannot unpack non-iterable NoneType object
cannot unpack non-iterable NoneType object
cannot unpack non-iterable NoneType object
HTTPSConnectionPool(host='api.materialsproject.org', port=443): Max retries exceeded with url: /materials/core/?deprecated=False&_fields=calc_types&material_ids=mp-1111062&_limit=1000 (Caused by ResponseError('too many 429 error responses'))
cannot unpack non-iterable NoneType object
HTTPSConnectionPool(host='api.materialsproject.org', port=443): Max retries exceeded with url: /materials/core/?deprecated=False&_fields=calc_types&material_ids=mp-1112125&_limit=1000 (Caused by ResponseError('too many 429 error responses'))
HTTPSConnectionPool(host='api.materialsproject.org', port=443): Max retries exceeded with url: /materials/tasks/?_fields=last_updated%2Ctask_id&task_ids=mp-1114119&_limit=334 (Caused by ResponseError('too many 429 error responses'))
cannot unpack non-iterable NoneType object
cannot unpack non-iterable NoneType object
cannot unpack non-iterable NoneType object
cannot unpack non-iterable NoneType object
cannot unpack non-iterable NoneType object
cannot unpack non-iterable NoneType object
cannot unpack non-iterable NoneType object
HTTPSConnectionPool(host='api.materialsproject.org', port=443): Max retries exceeded with url: /materials/core/?deprecated=False&_fields=calc_types&material_ids=mp-1111036&_limit=1000 (Caused by ResponseError('too many 429 error responses'))
cannot unpack non-iterable NoneType object
HTTPSConnectionPool(host='api.materialsproject.org', port=443): Max retries exceeded with url: /materials/core/?deprecated=False&_fields=calc_types&material_ids=mp-1112148&_limit=1000 (Caused by ResponseError('too many 429 error responses'))
HTTPSConnectionPool(host='api.materialsproject.org', port=443): Max retries exceeded with url: /materials/tasks/?_fields=last_updated%2Ctask_id&task_ids=mp-1114122&_limit=334 (Caused by ResponseError('too many 429 error responses'))
cannot unpack non-iterable NoneType object
cannot unpack non-iterable NoneType object
cannot unpack non-iterable NoneType object
HTTPSConnectionPool(host='api.materialsproject.org', port=443): Max retries exceeded with url: /materials/core/?deprecated=False&_fields=calc_types&material_ids=mp-1114163&_limit=1000 (Caused by ResponseError('too many 429 error responses'))
HTTPSConnectionPool(host='api.materialsproject.org', port=443): Max retries exceeded with url: /materials/tasks/?_fields=last_updated%2Ctask_id&task_ids=mp-1114205&_limit=334 (Caused by ResponseError('too many 429 error responses'))
HTTPSConnectionPool(host='api.materialsproject.org', port=443): Max retries exceeded with url: /materials/tasks/?_fields=last_updated%2Ctask_id&task_ids=mp-1113206&_limit=334 (Caused by ResponseError('too many 429 error responses'))
cannot unpack non-iterable NoneType object
cannot unpack non-iterable NoneType object
cannot unpack non-iterable NoneType object
cannot unpack non-iterable NoneType object
cannot unpack non-iterable NoneType object
cannot unpack non-iterable NoneType object
cannot unpack non-iterable NoneType object
HTTPSConnectionPool(host='api.materialsproject.org', port=443): Max retries exceeded with url: /materials/tasks/?_fields=last_updated%2Ctask_id&task_ids=mp-1114126&_limit=334 (Caused by ResponseError('too many 429 error responses'))
cannot unpack non-iterable NoneType object
HTTPSConnectionPool(host='api.materialsproject.org', port=443): Max retries exceeded with url: /materials/core/?deprecated=False&_fields=calc_types&material_ids=mp-1111083&_limit=1000 (Caused by ResponseError('too many 429 error responses'))
cannot unpack non-iterable NoneType object
cannot unpack non-iterable NoneType object
cannot unpack non-iterable NoneType object
cannot unpack non-iterable NoneType object
cannot unpack non-iterable NoneType object
cannot unpack non-iterable NoneType object
cannot unpack non-iterable NoneType object
cannot unpack non-iterable NoneType object
cannot unpack non-iterable NoneType object
cannot unpack non-iterable NoneType object
cannot unpack non-iterable NoneType object
cannot unpack non-iterable NoneType object
cannot unpack non-iterable NoneType object
cannot unpack non-iterable NoneType object
cannot unpack non-iterable NoneType object
cannot unpack non-iterable NoneType object
cannot unpack non-iterable NoneType object
cannot unpack non-iterable NoneType object
cannot unpack non-iterable NoneType object
cannot unpack non-iterable NoneType object
cannot unpack non-iterable NoneType object
cannot unpack non-iterable NoneType object
cannot unpack non-iterable NoneType object
cannot unpack non-iterable NoneType object
cannot unpack non-iterable NoneType object
cannot unpack non-iterable NoneType object
cannot unpack non-iterable NoneType object
cannot unpack non-iterable NoneType object
cannot unpack non-iterable NoneType object
cannot unpack non-iterable NoneType object
cannot unpack non-iterable NoneType object
cannot unpack non-iterable NoneType object
cannot unpack non-iterable NoneType object
cannot unpack non-iterable NoneType object
cannot unpack non-iterable NoneType object
cannot unpack non-iterable NoneType object
cannot unpack non-iterable NoneType object
cannot unpack non-iterable NoneType object
cannot unpack non-iterable NoneType object
cannot unpack non-iterable NoneType object
cannot unpack non-iterable NoneType object
cannot unpack non-iterable NoneType object
cannot unpack non-iterable NoneType object
cannot unpack non-iterable NoneType object
cannot unpack non-iterable NoneType object
cannot unpack non-iterable NoneType object
cannot unpack non-iterable NoneType object
cannot unpack non-iterable NoneType object
cannot unpack non-iterable NoneType object
cannot unpack non-iterable NoneType object
cannot unpack non-iterable NoneType object
cannot unpack non-iterable NoneType object
cannot unpack non-iterable NoneType object
cannot unpack non-iterable NoneType object
cannot unpack non-iterable NoneType object
cannot unpack non-iterable NoneType object
cannot unpack non-iterable NoneType object
cannot unpack non-iterable NoneType object
cannot unpack non-iterable NoneType object
cannot unpack non-iterable NoneType object
cannot unpack non-iterable NoneType object
cannot unpack non-iterable NoneType object
cannot unpack non-iterable NoneType object
cannot unpack non-iterable NoneType object
cannot unpack non-iterable NoneType object
cannot unpack non-iterable NoneType object
cannot unpack non-iterable NoneType object
cannot unpack non-iterable NoneType object
cannot unpack non-iterable NoneType object
cannot unpack non-iterable NoneType object
cannot unpack non-iterable NoneType object
cannot unpack non-iterable NoneType object
cannot unpack non-iterable NoneType object
cannot unpack non-iterable NoneType object
cannot unpack non-iterable NoneType object
cannot unpack non-iterable NoneType object
cannot unpack non-iterable NoneType object
cannot unpack non-iterable NoneType object
cannot unpack non-iterable NoneType object
cannot unpack non-iterable NoneType object
cannot unpack non-iterable NoneType object
cannot unpack non-iterable NoneType object
cannot unpack non-iterable NoneType object
cannot unpack non-iterable NoneType object
cannot unpack non-iterable NoneType object
cannot unpack non-iterable NoneType object
cannot unpack non-iterable NoneType object
cannot unpack non-iterable NoneType object
cannot unpack non-iterable NoneType object
cannot unpack non-iterable NoneType object
cannot unpack non-iterable NoneType object
cannot unpack non-iterable NoneType object
cannot unpack non-iterable NoneType object
cannot unpack non-iterable NoneType object
cannot unpack non-iterable NoneType object
cannot unpack non-iterable NoneType object
cannot unpack non-iterable NoneType object
cannot unpack non-iterable NoneType object
cannot unpack non-iterable NoneType object
cannot unpack non-iterable NoneType object
cannot unpack non-iterable NoneType object
cannot unpack non-iterable NoneType object
cannot unpack non-iterable NoneType object
cannot unpack non-iterable NoneType object
cannot unpack non-iterable NoneType object
HTTPSConnectionPool(host='api.materialsproject.org', port=443): Max retries exceeded with url: /materials/core/?deprecated=False&_fields=calc_types&material_ids=mp-1112179&_limit=1000 (Caused by ResponseError('too many 429 error responses'))
cannot unpack non-iterable NoneType object
cannot unpack non-iterable NoneType object
cannot unpack non-iterable NoneType object
cannot unpack non-iterable NoneType object
cannot unpack non-iterable NoneType object
HTTPSConnectionPool(host='api.materialsproject.org', port=443): Max retries exceeded with url: /materials/tasks/?_fields=last_updated%2Ctask_id&task_ids=mp-1831462&_limit=333 (Caused by ResponseError('too many 429 error responses'))
HTTPSConnectionPool(host='api.materialsproject.org', port=443): Max retries exceeded with url: /materials/tasks/?_fields=last_updated%2Ctask_id&task_ids=mp-1445198&_limit=333 (Caused by ResponseError('too many 429 error responses'))
cannot unpack non-iterable NoneType object
cannot unpack non-iterable NoneType object
cannot unpack non-iterable NoneType object
cannot unpack non-iterable NoneType object
HTTPSConnectionPool(host='api.materialsproject.org', port=443): Max retries exceeded with url: /materials/core/?deprecated=False&_fields=calc_types&material_ids=mp-1205598&_limit=1000 (Caused by ResponseError('too many 429 error responses'))
HTTPSConnectionPool(host='api.materialsproject.org', port=443): Max retries exceeded with url: /materials/tasks/?_fields=last_updated%2Ctask_id&task_ids=mp-1112363&_limit=334 (Caused by ResponseError('too many 429 error responses'))
HTTPSConnectionPool(host='api.materialsproject.org', port=443): Max retries exceeded with url: /materials/tasks/?_fields=last_updated%2Ctask_id&task_ids=mp-1111555&_limit=334 (Caused by ResponseError('too many 429 error responses'))
cannot unpack non-iterable NoneType object
cannot unpack non-iterable NoneType object
cannot unpack non-iterable NoneType object
cannot unpack non-iterable NoneType object
cannot unpack non-iterable NoneType object
cannot unpack non-iterable NoneType object
cannot unpack non-iterable NoneType object
HTTPSConnectionPool(host='api.materialsproject.org', port=443): Max retries exceeded with url: /materials/core/?deprecated=False&_fields=calc_types&material_ids=mp-1112207&_limit=1000 (Caused by ResponseError('too many 429 error responses'))
HTTPSConnectionPool(host='api.materialsproject.org', port=443): Max retries exceeded with url: /materials/tasks/?_fields=last_updated%2Ctask_id&task_ids=mp-1111361&_limit=500 (Caused by ResponseError('too many 429 error responses'))
cannot unpack non-iterable NoneType object
HTTPSConnectionPool(host='api.materialsproject.org', port=443): Max retries exceeded with url: /materials/core/?deprecated=False&_fields=calc_types&material_ids=mp-1205582&_limit=1000 (Caused by ResponseError('too many 429 error responses'))
cannot unpack non-iterable NoneType object
cannot unpack non-iterable NoneType object
cannot unpack non-iterable NoneType object
cannot unpack non-iterable NoneType object
cannot unpack non-iterable NoneType object
cannot unpack non-iterable NoneType object
cannot unpack non-iterable NoneType object
cannot unpack non-iterable NoneType object
cannot unpack non-iterable NoneType object
cannot unpack non-iterable NoneType object
cannot unpack non-iterable NoneType object
cannot unpack non-iterable NoneType object
cannot unpack non-iterable NoneType object
cannot unpack non-iterable NoneType object
cannot unpack non-iterable NoneType object
cannot unpack non-iterable NoneType object
cannot unpack non-iterable NoneType object
cannot unpack non-iterable NoneType object
cannot unpack non-iterable NoneType object
cannot unpack non-iterable NoneType object
cannot unpack non-iterable NoneType object
cannot unpack non-iterable NoneType object
cannot unpack non-iterable NoneType object
cannot unpack non-iterable NoneType object
cannot unpack non-iterable NoneType object
cannot unpack non-iterable NoneType object
cannot unpack non-iterable NoneType object
cannot unpack non-iterable NoneType object
cannot unpack non-iterable NoneType object
cannot unpack non-iterable NoneType object
HTTPSConnectionPool(host='api.materialsproject.org', port=443): Max retries exceeded with url: /materials/tasks/?_fields=last_updated%2Ctask_id&task_ids=mp-1387930&_limit=500 (Caused by ResponseError('too many 429 error responses'))
cannot unpack non-iterable NoneType object
cannot unpack non-iterable NoneType object
cannot unpack non-iterable NoneType object
HTTPSConnectionPool(host='api.materialsproject.org', port=443): Max retries exceeded with url: /materials/tasks/?_fields=last_updated%2Ctask_id&task_ids=mp-1829337&_limit=1000 (Caused by ResponseError('too many 429 error responses'))
HTTPSConnectionPool(host='api.materialsproject.org', port=443): Max retries exceeded with url: /materials/tasks/?_fields=last_updated%2Ctask_id&task_ids=mp-1112738&_limit=334 (Caused by ResponseError('too many 429 error responses'))
HTTPSConnectionPool(host='api.materialsproject.org', port=443): Max retries exceeded with url: /materials/tasks/?_fields=last_updated%2Ctask_id&task_ids=mp-1111186&_limit=500 (Caused by ResponseError('too many 429 error responses'))
cannot unpack non-iterable NoneType object
cannot unpack non-iterable NoneType object
cannot unpack non-iterable NoneType object
cannot unpack non-iterable NoneType object
cannot unpack non-iterable NoneType object
cannot unpack non-iterable NoneType object
cannot unpack non-iterable NoneType object
cannot unpack non-iterable NoneType object
cannot unpack non-iterable NoneType object
HTTPSConnectionPool(host='api.materialsproject.org', port=443): Max retries exceeded with url: /materials/core/?deprecated=False&_fields=calc_types&material_ids=mp-1111200&_limit=1000 (Caused by ResponseError('too many 429 error responses'))
HTTPSConnectionPool(host='api.materialsproject.org', port=443): Max retries exceeded with url: /materials/tasks/?_fields=last_updated%2Ctask_id&task_ids=mp-1834492&_limit=1000 (Caused by ResponseError('too many 429 error responses'))
HTTPSConnectionPool(host='api.materialsproject.org', port=443): Max retries exceeded with url: /materials/tasks/?_fields=last_updated%2Ctask_id&task_ids=mp-1112744&_limit=334 (Caused by ResponseError('too many 429 error responses'))
cannot unpack non-iterable NoneType object
cannot unpack non-iterable NoneType object
cannot unpack non-iterable NoneType object
HTTPSConnectionPool(host='api.materialsproject.org', port=443): Max retries exceeded with url: /materials/tasks/?_fields=last_updated%2Ctask_id&task_ids=mp-1406756&_limit=500 (Caused by ResponseError('too many 429 error responses'))
HTTPSConnectionPool(host='api.materialsproject.org', port=443): Max retries exceeded with url: /materials/tasks/?_fields=last_updated%2Ctask_id&task_ids=mp-1112300&_limit=334 (Caused by ResponseError('too many 429 error responses'))
HTTPSConnectionPool(host='api.materialsproject.org', port=443): Max retries exceeded with url: /materials/tasks/?_fields=last_updated%2Ctask_id&task_ids=mp-1111814&_limit=334 (Caused by ResponseError('too many 429 error responses'))
cannot unpack non-iterable NoneType object
cannot unpack non-iterable NoneType object
cannot unpack non-iterable NoneType object
cannot unpack non-iterable NoneType object
cannot unpack non-iterable NoneType object
cannot unpack non-iterable NoneType object
cannot unpack non-iterable NoneType object
cannot unpack non-iterable NoneType object
cannot unpack non-iterable NoneType object
cannot unpack non-iterable NoneType object
cannot unpack non-iterable NoneType object
cannot unpack non-iterable NoneType object
cannot unpack non-iterable NoneType object
HTTPSConnectionPool(host='api.materialsproject.org', port=443): Max retries exceeded with url: /materials/tasks/?_fields=last_updated%2Ctask_id&task_ids=mp-1445553&_limit=333 (Caused by ResponseError('too many 429 error responses'))
cannot unpack non-iterable NoneType object
cannot unpack non-iterable NoneType object
cannot unpack non-iterable NoneType object
cannot unpack non-iterable NoneType object
HTTPSConnectionPool(host='api.materialsproject.org', port=443): Max retries exceeded with url: /materials/tasks/?_fields=last_updated%2Ctask_id&task_ids=mp-1398708&_limit=500 (Caused by ResponseError('too many 429 error responses'))
cannot unpack non-iterable NoneType object
HTTPSConnectionPool(host='api.materialsproject.org', port=443): Max retries exceeded with url: /materials/core/?deprecated=False&_fields=calc_types&material_ids=mp-1112220&_limit=1000 (Caused by ResponseError('too many 429 error responses'))
cannot unpack non-iterable NoneType object
cannot unpack non-iterable NoneType object
cannot unpack non-iterable NoneType object
HTTPSConnectionPool(host='api.materialsproject.org', port=443): Max retries exceeded with url: /materials/tasks/?_fields=last_updated%2Ctask_id&task_ids=mp-1403497&_limit=333 (Caused by ResponseError('too many 429 error responses'))
cannot unpack non-iterable NoneType object
HTTPSConnectionPool(host='api.materialsproject.org', port=443): Max retries exceeded with url: /materials/core/?deprecated=False&_fields=calc_types&material_ids=mp-1205692&_limit=1000 (Caused by ResponseError('too many 429 error responses'))
HTTPSConnectionPool(host='api.materialsproject.org', port=443): Max retries exceeded with url: /materials/tasks/?_fields=last_updated%2Ctask_id&task_ids=mp-1406178&_limit=333 (Caused by ResponseError('too many 429 error responses'))
cannot unpack non-iterable NoneType object
cannot unpack non-iterable NoneType object
cannot unpack non-iterable NoneType object
cannot unpack non-iterable NoneType object
cannot unpack non-iterable NoneType object
cannot unpack non-iterable NoneType object
cannot unpack non-iterable NoneType object
cannot unpack non-iterable NoneType object
cannot unpack non-iterable NoneType object
cannot unpack non-iterable NoneType object
cannot unpack non-iterable NoneType object
cannot unpack non-iterable NoneType object
cannot unpack non-iterable NoneType object
cannot unpack non-iterable NoneType object
cannot unpack non-iterable NoneType object
cannot unpack non-iterable NoneType object
cannot unpack non-iterable NoneType object
cannot unpack non-iterable NoneType object
cannot unpack non-iterable NoneType object
cannot unpack non-iterable NoneType object
cannot unpack non-iterable NoneType object
cannot unpack non-iterable NoneType object
cannot unpack non-iterable NoneType object
cannot unpack non-iterable NoneType object
cannot unpack non-iterable NoneType object
cannot unpack non-iterable NoneType object
cannot unpack non-iterable NoneType object
HTTPSConnectionPool(host='api.materialsproject.org', port=443): Max retries exceeded with url: /materials/core/?deprecated=False&_fields=calc_types&material_ids=mp-1205694&_limit=1000 (Caused by ResponseError('too many 429 error responses'))
cannot unpack non-iterable NoneType object
HTTPSConnectionPool(host='api.materialsproject.org', port=443): Max retries exceeded with url: /materials/core/?deprecated=False&_fields=calc_types&material_ids=mp-1111195&_limit=1000 (Caused by ResponseError('too many 429 error responses'))
cannot unpack non-iterable NoneType object
HTTPSConnectionPool(host='api.materialsproject.org', port=443): Max retries exceeded with url: /materials/core/?deprecated=False&_fields=calc_types&material_ids=mp-1112258&_limit=1000 (Caused by ResponseError('too many 429 error responses'))
cannot unpack non-iterable NoneType object
cannot unpack non-iterable NoneType object
cannot unpack non-iterable NoneType object
cannot unpack non-iterable NoneType object
cannot unpack non-iterable NoneType object
cannot unpack non-iterable NoneType object
cannot unpack non-iterable NoneType object
cannot unpack non-iterable NoneType object
cannot unpack non-iterable NoneType object
cannot unpack non-iterable NoneType object
cannot unpack non-iterable NoneType object
cannot unpack non-iterable NoneType object
cannot unpack non-iterable NoneType object
cannot unpack non-iterable NoneType object
cannot unpack non-iterable NoneType object
cannot unpack non-iterable NoneType object
cannot unpack non-iterable NoneType object
cannot unpack non-iterable NoneType object
cannot unpack non-iterable NoneType object
cannot unpack non-iterable NoneType object
HTTPSConnectionPool(host='api.materialsproject.org', port=443): Max retries exceeded with url: /materials/core/?deprecated=False&_fields=calc_types&material_ids=mp-1112273&_limit=1000 (Caused by ResponseError('too many 429 error responses'))
cannot unpack non-iterable NoneType object
HTTPSConnectionPool(host='api.materialsproject.org', port=443): Max retries exceeded with url: /materials/core/?deprecated=False&_fields=calc_types&material_ids=mp-1111213&_limit=1000 (Caused by ResponseError('too many 429 error responses'))
cannot unpack non-iterable NoneType object
HTTPSConnectionPool(host='api.materialsproject.org', port=443): Max retries exceeded with url: /materials/core/?deprecated=False&_fields=calc_types&material_ids=mp-1205790&_limit=1000 (Caused by ResponseError('too many 429 error responses'))
cannot unpack non-iterable NoneType object
cannot unpack non-iterable NoneType object
cannot unpack non-iterable NoneType object
cannot unpack non-iterable NoneType object
cannot unpack non-iterable NoneType object
cannot unpack non-iterable NoneType object
cannot unpack non-iterable NoneType object
cannot unpack non-iterable NoneType object
cannot unpack non-iterable NoneType object
cannot unpack non-iterable NoneType object
cannot unpack non-iterable NoneType object
cannot unpack non-iterable NoneType object
cannot unpack non-iterable NoneType object
cannot unpack non-iterable NoneType object
cannot unpack non-iterable NoneType object
cannot unpack non-iterable NoneType object
cannot unpack non-iterable NoneType object
HTTPSConnectionPool(host='api.materialsproject.org', port=443): Max retries exceeded with url: /materials/tasks/?_fields=last_updated%2Ctask_id&task_ids=mp-1398446&_limit=500 (Caused by ResponseError('too many 429 error responses'))
HTTPSConnectionPool(host='api.materialsproject.org', port=443): Max retries exceeded with url: /materials/tasks/?_fields=last_updated%2Ctask_id&task_ids=mp-1112319&_limit=334 (Caused by ResponseError('too many 429 error responses'))
cannot unpack non-iterable NoneType object
HTTPSConnectionPool(host='api.materialsproject.org', port=443): Max retries exceeded with url: /materials/core/?deprecated=False&_fields=calc_types&material_ids=mp-1111259&_limit=1000 (Caused by ResponseError('too many 429 error responses'))
cannot unpack non-iterable NoneType object
cannot unpack non-iterable NoneType object
cannot unpack non-iterable NoneType object
cannot unpack non-iterable NoneType object
cannot unpack non-iterable NoneType object
cannot unpack non-iterable NoneType object
cannot unpack non-iterable NoneType object
cannot unpack non-iterable NoneType object
cannot unpack non-iterable NoneType object
cannot unpack non-iterable NoneType object
cannot unpack non-iterable NoneType object
cannot unpack non-iterable NoneType object
cannot unpack non-iterable NoneType object
cannot unpack non-iterable NoneType object
HTTPSConnectionPool(host='api.materialsproject.org', port=443): Max retries exceeded with url: /materials/core/?deprecated=False&_fields=calc_types&material_ids=mp-1112274&_limit=1000 (Caused by ResponseError('too many 429 error responses'))
HTTPSConnectionPool(host='api.materialsproject.org', port=443): Max retries exceeded with url: /materials/tasks/?_fields=last_updated%2Ctask_id&task_ids=mp-1832478&_limit=1000 (Caused by ResponseError('too many 429 error responses'))
HTTPSConnectionPool(host='api.materialsproject.org', port=443): Max retries exceeded with url: /materials/tasks/?_fields=last_updated%2Ctask_id&task_ids=mp-1111265&_limit=334 (Caused by ResponseError('too many 429 error responses'))
cannot unpack non-iterable NoneType object
cannot unpack non-iterable NoneType object
cannot unpack non-iterable NoneType object
cannot unpack non-iterable NoneType object
cannot unpack non-iterable NoneType object
cannot unpack non-iterable NoneType object
cannot unpack non-iterable NoneType object
HTTPSConnectionPool(host='api.materialsproject.org', port=443): Max retries exceeded with url: /materials/core/?deprecated=False&_fields=calc_types&material_ids=mp-1205924&_limit=1000 (Caused by ResponseError('too many 429 error responses'))
cannot unpack non-iterable NoneType object
HTTPSConnectionPool(host='api.materialsproject.org', port=443): Max retries exceeded with url: /materials/core/?deprecated=False&_fields=calc_types&material_ids=mp-1112279&_limit=1000 (Caused by ResponseError('too many 429 error responses'))
cannot unpack non-iterable NoneType object
HTTPSConnectionPool(host='api.materialsproject.org', port=443): Max retries exceeded with url: /materials/core/?deprecated=False&_fields=calc_types&material_ids=mp-1111313&_limit=1000 (Caused by ResponseError('too many 429 error responses'))
cannot unpack non-iterable NoneType object
cannot unpack non-iterable NoneType object
cannot unpack non-iterable NoneType object
cannot unpack non-iterable NoneType object
cannot unpack non-iterable NoneType object
cannot unpack non-iterable NoneType object
cannot unpack non-iterable NoneType object
cannot unpack non-iterable NoneType object
cannot unpack non-iterable NoneType object
cannot unpack non-iterable NoneType object
cannot unpack non-iterable NoneType object
cannot unpack non-iterable NoneType object
cannot unpack non-iterable NoneType object
cannot unpack non-iterable NoneType object
HTTPSConnectionPool(host='api.materialsproject.org', port=443): Max retries exceeded with url: /materials/tasks/?_fields=last_updated%2Ctask_id&task_ids=mp-1112636&_limit=334 (Caused by ResponseError('too many 429 error responses'))
cannot unpack non-iterable NoneType object
cannot unpack non-iterable NoneType object
cannot unpack non-iterable NoneType object
cannot unpack non-iterable NoneType object
cannot unpack non-iterable NoneType object
cannot unpack non-iterable NoneType object
cannot unpack non-iterable NoneType object
cannot unpack non-iterable NoneType object
HTTPSConnectionPool(host='api.materialsproject.org', port=443): Max retries exceeded with url: /materials/core/?deprecated=False&_fields=calc_types&material_ids=mp-1111263&_limit=1000 (Caused by ResponseError('too many 429 error responses'))
cannot unpack non-iterable NoneType object
HTTPSConnectionPool(host='api.materialsproject.org', port=443): Max retries exceeded with url: /materials/core/?deprecated=False&_fields=calc_types&material_ids=mp-1206057&_limit=1000 (Caused by ResponseError('too many 429 error responses'))
cannot unpack non-iterable NoneType object
HTTPSConnectionPool(host='api.materialsproject.org', port=443): Max retries exceeded with url: /materials/core/?deprecated=False&_fields=calc_types&material_ids=mp-1112321&_limit=1000 (Caused by ResponseError('too many 429 error responses'))
cannot unpack non-iterable NoneType object
cannot unpack non-iterable NoneType object
HTTPSConnectionPool(host='api.materialsproject.org', port=443): Max retries exceeded with url: /materials/tasks/?_fields=last_updated%2Ctask_id&task_ids=mp-1446379&_limit=500 (Caused by ResponseError('too many 429 error responses'))
cannot unpack non-iterable NoneType object
cannot unpack non-iterable NoneType object
HTTPSConnectionPool(host='api.materialsproject.org', port=443): Max retries exceeded with url: /materials/core/?deprecated=False&_fields=calc_types&material_ids=mp-1112275&_limit=1000 (Caused by ResponseError('too many 429 error responses'))
cannot unpack non-iterable NoneType object
cannot unpack non-iterable NoneType object
cannot unpack non-iterable NoneType object
cannot unpack non-iterable NoneType object
cannot unpack non-iterable NoneType object
cannot unpack non-iterable NoneType object
cannot unpack non-iterable NoneType object
cannot unpack non-iterable NoneType object
cannot unpack non-iterable NoneType object
HTTPSConnectionPool(host='api.materialsproject.org', port=443): Max retries exceeded with url: /materials/core/?deprecated=False&_fields=calc_types&material_ids=mp-1112318&_limit=1000 (Caused by ResponseError('too many 429 error responses'))
HTTPSConnectionPool(host='api.materialsproject.org', port=443): Max retries exceeded with url: /materials/tasks/?_fields=last_updated%2Ctask_id&task_ids=mp-1388082&_limit=500 (Caused by ResponseError('too many 429 error responses'))
HTTPSConnectionPool(host='api.materialsproject.org', port=443): Max retries exceeded with url: /materials/tasks/?_fields=last_updated%2Ctask_id&task_ids=mp-1111319&_limit=334 (Caused by ResponseError('too many 429 error responses'))
cannot unpack non-iterable NoneType object
cannot unpack non-iterable NoneType object
cannot unpack non-iterable NoneType object
HTTPSConnectionPool(host='api.materialsproject.org', port=443): Max retries exceeded with url: /materials/tasks/?_fields=last_updated%2Ctask_id&task_ids=mp-1780298&_limit=333 (Caused by ResponseError('too many 429 error responses'))
cannot unpack non-iterable NoneType object
cannot unpack non-iterable NoneType object
cannot unpack non-iterable NoneType object
cannot unpack non-iterable NoneType object
HTTPSConnectionPool(host='api.materialsproject.org', port=443): Max retries exceeded with url: /materials/core/?deprecated=False&_fields=calc_types&material_ids=mp-1111358&_limit=1000 (Caused by ResponseError('too many 429 error responses'))
cannot unpack non-iterable NoneType object
HTTPSConnectionPool(host='api.materialsproject.org', port=443): Max retries exceeded with url: /materials/core/?deprecated=False&_fields=calc_types&material_ids=mp-1206176&_limit=1000 (Caused by ResponseError('too many 429 error responses'))
HTTPSConnectionPool(host='api.materialsproject.org', port=443): Max retries exceeded with url: /materials/tasks/?_fields=last_updated%2Ctask_id&task_ids=mp-1445118&_limit=333 (Caused by ResponseError('too many 429 error responses'))
cannot unpack non-iterable NoneType object
cannot unpack non-iterable NoneType object
cannot unpack non-iterable NoneType object
cannot unpack non-iterable NoneType object
cannot unpack non-iterable NoneType object
cannot unpack non-iterable NoneType object
cannot unpack non-iterable NoneType object
cannot unpack non-iterable NoneType object
cannot unpack non-iterable NoneType object
cannot unpack non-iterable NoneType object
cannot unpack non-iterable NoneType object
cannot unpack non-iterable NoneType object
cannot unpack non-iterable NoneType object
cannot unpack non-iterable NoneType object
cannot unpack non-iterable NoneType object
cannot unpack non-iterable NoneType object
cannot unpack non-iterable NoneType object
cannot unpack non-iterable NoneType object
cannot unpack non-iterable NoneType object
cannot unpack non-iterable NoneType object
cannot unpack non-iterable NoneType object
cannot unpack non-iterable NoneType object
cannot unpack non-iterable NoneType object
HTTPSConnectionPool(host='api.materialsproject.org', port=443): Max retries exceeded with url: /materials/core/?deprecated=False&_fields=calc_types&material_ids=mp-1111340&_limit=1000 (Caused by ResponseError('too many 429 error responses'))
cannot unpack non-iterable NoneType object
cannot unpack non-iterable NoneType object
cannot unpack non-iterable NoneType object
cannot unpack non-iterable NoneType object
cannot unpack non-iterable NoneType object
cannot unpack non-iterable NoneType object
cannot unpack non-iterable NoneType object
cannot unpack non-iterable NoneType object
cannot unpack non-iterable NoneType object
cannot unpack non-iterable NoneType object
HTTPSConnectionPool(host='api.materialsproject.org', port=443): Max retries exceeded with url: /materials/tasks/?_fields=last_updated%2Ctask_id&task_ids=mp-1112360&_limit=334 (Caused by ResponseError('too many 429 error responses'))
cannot unpack non-iterable NoneType object
cannot unpack non-iterable NoneType object
cannot unpack non-iterable NoneType object
cannot unpack non-iterable NoneType object
HTTPSConnectionPool(host='api.materialsproject.org', port=443): Max retries exceeded with url: /materials/core/?deprecated=False&_fields=calc_types&material_ids=mp-1206641&_limit=1000 (Caused by ResponseError('too many 429 error responses'))
cannot unpack non-iterable NoneType object
HTTPSConnectionPool(host='api.materialsproject.org', port=443): Max retries exceeded with url: /materials/core/?deprecated=False&_fields=calc_types&material_ids=mp-1112359&_limit=1000 (Caused by ResponseError('too many 429 error responses'))
cannot unpack non-iterable NoneType object
cannot unpack non-iterable NoneType object
cannot unpack non-iterable NoneType object
cannot unpack non-iterable NoneType object
cannot unpack non-iterable NoneType object
cannot unpack non-iterable NoneType object
cannot unpack non-iterable NoneType object
cannot unpack non-iterable NoneType object
cannot unpack non-iterable NoneType object
cannot unpack non-iterable NoneType object
cannot unpack non-iterable NoneType object
cannot unpack non-iterable NoneType object
cannot unpack non-iterable NoneType object
cannot unpack non-iterable NoneType object
cannot unpack non-iterable NoneType object
cannot unpack non-iterable NoneType object
cannot unpack non-iterable NoneType object
cannot unpack non-iterable NoneType object
cannot unpack non-iterable NoneType object
cannot unpack non-iterable NoneType object
cannot unpack non-iterable NoneType object
cannot unpack non-iterable NoneType object
cannot unpack non-iterable NoneType object
cannot unpack non-iterable NoneType object
cannot unpack non-iterable NoneType object
cannot unpack non-iterable NoneType object
cannot unpack non-iterable NoneType object
cannot unpack non-iterable NoneType object
cannot unpack non-iterable NoneType object
cannot unpack non-iterable NoneType object
cannot unpack non-iterable NoneType object
cannot unpack non-iterable NoneType object
cannot unpack non-iterable NoneType object
HTTPSConnectionPool(host='api.materialsproject.org', port=443): Max retries exceeded with url: /materials/tasks/?_fields=last_updated%2Ctask_id&task_ids=mp-1396069&_limit=500 (Caused by ResponseError('too many 429 error responses'))
HTTPSConnectionPool(host='api.materialsproject.org', port=443): Max retries exceeded with url: /materials/tasks/?_fields=last_updated%2Ctask_id&task_ids=mp-1403521&_limit=333 (Caused by ResponseError('too many 429 error responses'))
HTTPSConnectionPool(host='api.materialsproject.org', port=443): Max retries exceeded with url: /materials/tasks/?_fields=last_updated%2Ctask_id&task_ids=mp-1111365&_limit=334 (Caused by ResponseError('too many 429 error responses'))
cannot unpack non-iterable NoneType object
cannot unpack non-iterable NoneType object
HTTPSConnectionPool(host='api.materialsproject.org', port=443): Max retries exceeded with url: /materials/tasks/?_fields=last_updated%2Ctask_id&task_ids=mp-1113987&_limit=334 (Caused by ResponseError('too many 429 error responses'))
cannot unpack non-iterable NoneType object
HTTPSConnectionPool(host='api.materialsproject.org', port=443): Max retries exceeded with url: /materials/core/?deprecated=False&_fields=calc_types&material_ids=mp-1111392&_limit=1000 (Caused by ResponseError('too many 429 error responses'))
HTTPSConnectionPool(host='api.materialsproject.org', port=443): Max retries exceeded with url: /materials/tasks/?_fields=last_updated%2Ctask_id&task_ids=mp-1396082&_limit=500 (Caused by ResponseError('too many 429 error responses'))
cannot unpack non-iterable NoneType object
cannot unpack non-iterable NoneType object
cannot unpack non-iterable NoneType object
cannot unpack non-iterable NoneType object
cannot unpack non-iterable NoneType object
cannot unpack non-iterable NoneType object
cannot unpack non-iterable NoneType object
cannot unpack non-iterable NoneType object
cannot unpack non-iterable NoneType object
cannot unpack non-iterable NoneType object
cannot unpack non-iterable NoneType object
cannot unpack non-iterable NoneType object
cannot unpack non-iterable NoneType object
cannot unpack non-iterable NoneType object
cannot unpack non-iterable NoneType object
cannot unpack non-iterable NoneType object
cannot unpack non-iterable NoneType object
cannot unpack non-iterable NoneType object
HTTPSConnectionPool(host='api.materialsproject.org', port=443): Max retries exceeded with url: /materials/tasks/?_fields=last_updated%2Ctask_id&task_ids=mp-1788403&_limit=500 (Caused by ResponseError('too many 429 error responses'))
HTTPSConnectionPool(host='api.materialsproject.org', port=443): Max retries exceeded with url: /materials/tasks/?_fields=last_updated%2Ctask_id&task_ids=mp-1399616&_limit=500 (Caused by ResponseError('too many 429 error responses'))
HTTPSConnectionPool(host='api.materialsproject.org', port=443): Max retries exceeded with url: /materials/tasks/?_fields=last_updated%2Ctask_id&task_ids=mp-1111399&_limit=334 (Caused by ResponseError('too many 429 error responses'))
cannot unpack non-iterable NoneType object
cannot unpack non-iterable NoneType object
cannot unpack non-iterable NoneType object
cannot unpack non-iterable NoneType object
cannot unpack non-iterable NoneType object
cannot unpack non-iterable NoneType object
cannot unpack non-iterable NoneType object
cannot unpack non-iterable NoneType object
cannot unpack non-iterable NoneType object
HTTPSConnectionPool(host='api.materialsproject.org', port=443): Max retries exceeded with url: /materials/core/?deprecated=False&_fields=calc_types&material_ids=mp-1111394&_limit=1000 (Caused by ResponseError('too many 429 error responses'))
HTTPSConnectionPool(host='api.materialsproject.org', port=443): Max retries exceeded with url: /materials/tasks/?_fields=last_updated%2Ctask_id&task_ids=mp-1391958&_limit=500 (Caused by ResponseError('too many 429 error responses'))
cannot unpack non-iterable NoneType object
cannot unpack non-iterable NoneType object
cannot unpack non-iterable NoneType object
HTTPSConnectionPool(host='api.materialsproject.org', port=443): Max retries exceeded with url: /materials/tasks/?_fields=last_updated%2Ctask_id&task_ids=mp-1409830&_limit=500 (Caused by ResponseError('too many 429 error responses'))
cannot unpack non-iterable NoneType object
HTTPSConnectionPool(host='api.materialsproject.org', port=443): Max retries exceeded with url: /materials/core/?deprecated=False&_fields=calc_types&material_ids=mp-1112469&_limit=1000 (Caused by ResponseError('too many 429 error responses'))
cannot unpack non-iterable NoneType object
HTTPSConnectionPool(host='api.materialsproject.org', port=443): Max retries exceeded with url: /materials/tasks/?_fields=last_updated%2Ctask_id&task_ids=mp-1111379&_limit=334 (Caused by ResponseError('too many 429 error responses'))
cannot unpack non-iterable NoneType object
cannot unpack non-iterable NoneType object
cannot unpack non-iterable NoneType object
cannot unpack non-iterable NoneType object
cannot unpack non-iterable NoneType object
cannot unpack non-iterable NoneType object
cannot unpack non-iterable NoneType object
cannot unpack non-iterable NoneType object
cannot unpack non-iterable NoneType object
cannot unpack non-iterable NoneType object
cannot unpack non-iterable NoneType object
cannot unpack non-iterable NoneType object
cannot unpack non-iterable NoneType object
cannot unpack non-iterable NoneType object
cannot unpack non-iterable NoneType object
cannot unpack non-iterable NoneType object
HTTPSConnectionPool(host='api.materialsproject.org', port=443): Max retries exceeded with url: /materials/core/?deprecated=False&_fields=calc_types&material_ids=mp-1112490&_limit=1000 (Caused by ResponseError('too many 429 error responses'))
cannot unpack non-iterable NoneType object
HTTPSConnectionPool(host='api.materialsproject.org', port=443): Max retries exceeded with url: /materials/core/?deprecated=False&_fields=calc_types&material_ids=mp-1207161&_limit=1000 (Caused by ResponseError('too many 429 error responses'))
cannot unpack non-iterable NoneType object
HTTPSConnectionPool(host='api.materialsproject.org', port=443): Max retries exceeded with url: /materials/core/?deprecated=False&_fields=calc_types&material_ids=mp-1111402&_limit=1000 (Caused by ResponseError('too many 429 error responses'))
cannot unpack non-iterable NoneType object
cannot unpack non-iterable NoneType object
cannot unpack non-iterable NoneType object
cannot unpack non-iterable NoneType object
cannot unpack non-iterable NoneType object
cannot unpack non-iterable NoneType object
cannot unpack non-iterable NoneType object
cannot unpack non-iterable NoneType object
cannot unpack non-iterable NoneType object
cannot unpack non-iterable NoneType object
cannot unpack non-iterable NoneType object
cannot unpack non-iterable NoneType object
cannot unpack non-iterable NoneType object
cannot unpack non-iterable NoneType object
cannot unpack non-iterable NoneType object
cannot unpack non-iterable NoneType object
HTTPSConnectionPool(host='api.materialsproject.org', port=443): Max retries exceeded with url: /materials/core/?deprecated=False&_fields=calc_types&material_ids=mp-1111423&_limit=1000 (Caused by ResponseError('too many 429 error responses'))
cannot unpack non-iterable NoneType object
HTTPSConnectionPool(host='api.materialsproject.org', port=443): Max retries exceeded with url: /materials/core/?deprecated=False&_fields=calc_types&material_ids=mp-1112472&_limit=1000 (Caused by ResponseError('too many 429 error responses'))
HTTPSConnectionPool(host='api.materialsproject.org', port=443): Max retries exceeded with url: /materials/tasks/?_fields=last_updated%2Ctask_id&task_ids=mp-1350092&_limit=500 (Caused by ResponseError('too many 429 error responses'))
cannot unpack non-iterable NoneType object
cannot unpack non-iterable NoneType object
cannot unpack non-iterable NoneType object
cannot unpack non-iterable NoneType object
cannot unpack non-iterable NoneType object
cannot unpack non-iterable NoneType object
cannot unpack non-iterable NoneType object
HTTPSConnectionPool(host='api.materialsproject.org', port=443): Max retries exceeded with url: /materials/tasks/?_fields=last_updated%2Ctask_id&task_ids=mp-1829909&_limit=1000 (Caused by ResponseError('too many 429 error responses'))
cannot unpack non-iterable NoneType object
cannot unpack non-iterable NoneType object
cannot unpack non-iterable NoneType object
cannot unpack non-iterable NoneType object
cannot unpack non-iterable NoneType object
HTTPSConnectionPool(host='api.materialsproject.org', port=443): Max retries exceeded with url: /materials/core/?deprecated=False&_fields=calc_types&material_ids=mp-1111428&_limit=1000 (Caused by ResponseError('too many 429 error responses'))
HTTPSConnectionPool(host='api.materialsproject.org', port=443): Max retries exceeded with url: /materials/tasks/?_fields=last_updated%2Ctask_id&task_ids=mp-1342115&_limit=500 (Caused by ResponseError('too many 429 error responses'))
cannot unpack non-iterable NoneType object
HTTPSConnectionPool(host='api.materialsproject.org', port=443): Max retries exceeded with url: /materials/tasks/?_fields=last_updated%2Ctask_id&task_ids=mp-1112790&_limit=334 (Caused by ResponseError('too many 429 error responses'))
cannot unpack non-iterable NoneType object
cannot unpack non-iterable NoneType object
cannot unpack non-iterable NoneType object
cannot unpack non-iterable NoneType object
cannot unpack non-iterable NoneType object
cannot unpack non-iterable NoneType object
cannot unpack non-iterable NoneType object
cannot unpack non-iterable NoneType object
cannot unpack non-iterable NoneType object
cannot unpack non-iterable NoneType object
cannot unpack non-iterable NoneType object
cannot unpack non-iterable NoneType object
HTTPSConnectionPool(host='api.materialsproject.org', port=443): Max retries exceeded with url: /materials/tasks/?_fields=last_updated%2Ctask_id&task_ids=mp-1111419&_limit=500 (Caused by ResponseError('too many 429 error responses'))
cannot unpack non-iterable NoneType object
cannot unpack non-iterable NoneType object
cannot unpack non-iterable NoneType object
HTTPSConnectionPool(host='api.materialsproject.org', port=443): Max retries exceeded with url: /materials/core/?deprecated=False&_fields=calc_types&material_ids=mp-1210015&_limit=1000 (Caused by ResponseError('too many 429 error responses'))
cannot unpack non-iterable NoneType object
HTTPSConnectionPool(host='api.materialsproject.org', port=443): Max retries exceeded with url: /materials/core/?deprecated=False&_fields=calc_types&material_ids=mp-1111409&_limit=1000 (Caused by ResponseError('too many 429 error responses'))
HTTPSConnectionPool(host='api.materialsproject.org', port=443): Max retries exceeded with url: /materials/tasks/?_fields=last_updated%2Ctask_id&task_ids=mp-1112856&_limit=334 (Caused by ResponseError('too many 429 error responses'))
cannot unpack non-iterable NoneType object
cannot unpack non-iterable NoneType object
cannot unpack non-iterable NoneType object
cannot unpack non-iterable NoneType object
cannot unpack non-iterable NoneType object
cannot unpack non-iterable NoneType object
cannot unpack non-iterable NoneType object
cannot unpack non-iterable NoneType object
cannot unpack non-iterable NoneType object
cannot unpack non-iterable NoneType object
cannot unpack non-iterable NoneType object
cannot unpack non-iterable NoneType object
cannot unpack non-iterable NoneType object
cannot unpack non-iterable NoneType object
cannot unpack non-iterable NoneType object
cannot unpack non-iterable NoneType object
cannot unpack non-iterable NoneType object
HTTPSConnectionPool(host='api.materialsproject.org', port=443): Max retries exceeded with url: /materials/core/?deprecated=False&_fields=calc_types&material_ids=mp-1112517&_limit=1000 (Caused by ResponseError('too many 429 error responses'))
HTTPSConnectionPool(host='api.materialsproject.org', port=443): Max retries exceeded with url: /materials/tasks/?_fields=last_updated%2Ctask_id&task_ids=mp-1401523&_limit=500 (Caused by ResponseError('too many 429 error responses'))
cannot unpack non-iterable NoneType object
cannot unpack non-iterable NoneType object
cannot unpack non-iterable NoneType object
HTTPSConnectionPool(host='api.materialsproject.org', port=443): Max retries exceeded with url: /materials/tasks/?_fields=last_updated%2Ctask_id&task_ids=mp-1114226&_limit=334 (Caused by ResponseError('too many 429 error responses'))
HTTPSConnectionPool(host='api.materialsproject.org', port=443): Max retries exceeded with url: /materials/tasks/?_fields=last_updated%2Ctask_id&task_ids=mp-1411452&_limit=500 (Caused by ResponseError('too many 429 error responses'))
cannot unpack non-iterable NoneType object
HTTPSConnectionPool(host='api.materialsproject.org', port=443): Max retries exceeded with url: /materials/core/?deprecated=False&_fields=calc_types&material_ids=mp-1111453&_limit=1000 (Caused by ResponseError('too many 429 error responses'))
cannot unpack non-iterable NoneType object
cannot unpack non-iterable NoneType object
cannot unpack non-iterable NoneType object
cannot unpack non-iterable NoneType object
cannot unpack non-iterable NoneType object
cannot unpack non-iterable NoneType object
HTTPSConnectionPool(host='api.materialsproject.org', port=443): Max retries exceeded with url: /materials/tasks/?_fields=last_updated%2Ctask_id&task_ids=mp-1111446&_limit=334 (Caused by ResponseError('too many 429 error responses'))
cannot unpack non-iterable NoneType object
HTTPSConnectionPool(host='api.materialsproject.org', port=443): Max retries exceeded with url: /materials/core/?deprecated=False&_fields=calc_types&material_ids=mp-1112516&_limit=1000 (Caused by ResponseError('too many 429 error responses'))
cannot unpack non-iterable NoneType object
HTTPSConnectionPool(host='api.materialsproject.org', port=443): Max retries exceeded with url: /materials/core/?deprecated=False&_fields=calc_types&material_ids=mp-1214679&_limit=1000 (Caused by ResponseError('too many 429 error responses'))
cannot unpack non-iterable NoneType object
cannot unpack non-iterable NoneType object
cannot unpack non-iterable NoneType object
cannot unpack non-iterable NoneType object
cannot unpack non-iterable NoneType object
cannot unpack non-iterable NoneType object
HTTPSConnectionPool(host='api.materialsproject.org', port=443): Max retries exceeded with url: /materials/core/?deprecated=False&_fields=calc_types&material_ids=mp-1111467&_limit=1000 (Caused by ResponseError('too many 429 error responses'))
cannot unpack non-iterable NoneType object
HTTPSConnectionPool(host='api.materialsproject.org', port=443): Max retries exceeded with url: /materials/core/?deprecated=False&_fields=calc_types&material_ids=mp-1218683&_limit=1000 (Caused by ResponseError('too many 429 error responses'))
HTTPSConnectionPool(host='api.materialsproject.org', port=443): Max retries exceeded with url: /materials/tasks/?_fields=last_updated%2Ctask_id&task_ids=mp-1113252&_limit=334 (Caused by ResponseError('too many 429 error responses'))
cannot unpack non-iterable NoneType object
cannot unpack non-iterable NoneType object
cannot unpack non-iterable NoneType object
cannot unpack non-iterable NoneType object
cannot unpack non-iterable NoneType object
cannot unpack non-iterable NoneType object
cannot unpack non-iterable NoneType object
cannot unpack non-iterable NoneType object
cannot unpack non-iterable NoneType object
cannot unpack non-iterable NoneType object
cannot unpack non-iterable NoneType object
cannot unpack non-iterable NoneType object
cannot unpack non-iterable NoneType object
HTTPSConnectionPool(host='api.materialsproject.org', port=443): Max retries exceeded with url: /materials/tasks/?_fields=last_updated%2Ctask_id&task_ids=mp-1778966&_limit=500 (Caused by ResponseError('too many 429 error responses'))
cannot unpack non-iterable NoneType object
cannot unpack non-iterable NoneType object
HTTPSConnectionPool(host='api.materialsproject.org', port=443): Max retries exceeded with url: /materials/tasks/?_fields=last_updated%2Ctask_id&task_ids=mp-1111461&_limit=334 (Caused by ResponseError('too many 429 error responses'))
cannot unpack non-iterable NoneType object
HTTPSConnectionPool(host='api.materialsproject.org', port=443): Max retries exceeded with url: /materials/core/?deprecated=False&_fields=calc_types&material_ids=mp-1222315&_limit=1000 (Caused by ResponseError('too many 429 error responses'))
cannot unpack non-iterable NoneType object
HTTPSConnectionPool(host='api.materialsproject.org', port=443): Max retries exceeded with url: /materials/core/?deprecated=False&_fields=calc_types&material_ids=mp-1112569&_limit=1000 (Caused by ResponseError('too many 429 error responses'))
cannot unpack non-iterable NoneType object
cannot unpack non-iterable NoneType object
cannot unpack non-iterable NoneType object
cannot unpack non-iterable NoneType object
cannot unpack non-iterable NoneType object
cannot unpack non-iterable NoneType object
cannot unpack non-iterable NoneType object
cannot unpack non-iterable NoneType object
cannot unpack non-iterable NoneType object
HTTPSConnectionPool(host='api.materialsproject.org', port=443): Max retries exceeded with url: /materials/core/?deprecated=False&_fields=calc_types&material_ids=mp-1112591&_limit=1000 (Caused by ResponseError('too many 429 error responses'))
HTTPSConnectionPool(host='api.materialsproject.org', port=443): Max retries exceeded with url: /materials/tasks/?_fields=last_updated%2Ctask_id&task_ids=mp-1111479&_limit=334 (Caused by ResponseError('too many 429 error responses'))
cannot unpack non-iterable NoneType object
cannot unpack non-iterable NoneType object
cannot unpack non-iterable NoneType object
cannot unpack non-iterable NoneType object
cannot unpack non-iterable NoneType object
cannot unpack non-iterable NoneType object
cannot unpack non-iterable NoneType object
HTTPSConnectionPool(host='api.materialsproject.org', port=443): Max retries exceeded with url: /materials/core/?deprecated=False&_fields=calc_types&material_ids=mp-1112588&_limit=1000 (Caused by ResponseError('too many 429 error responses'))
HTTPSConnectionPool(host='api.materialsproject.org', port=443): Max retries exceeded with url: /materials/tasks/?_fields=last_updated%2Ctask_id&task_ids=mp-1386511&_limit=500 (Caused by ResponseError('too many 429 error responses'))
cannot unpack non-iterable NoneType object
cannot unpack non-iterable NoneType object
cannot unpack non-iterable NoneType object
cannot unpack non-iterable NoneType object
cannot unpack non-iterable NoneType object
cannot unpack non-iterable NoneType object
cannot unpack non-iterable NoneType object
cannot unpack non-iterable NoneType object
cannot unpack non-iterable NoneType object
HTTPSConnectionPool(host='api.materialsproject.org', port=443): Max retries exceeded with url: /materials/tasks/?_fields=last_updated%2Ctask_id&task_ids=mp-1398035&_limit=500 (Caused by ResponseError('too many 429 error responses'))
HTTPSConnectionPool(host='api.materialsproject.org', port=443): Max retries exceeded with url: /materials/tasks/?_fields=last_updated%2Ctask_id&task_ids=mp-1113144&_limit=500 (Caused by ResponseError('too many 429 error responses'))
cannot unpack non-iterable NoneType object
HTTPSConnectionPool(host='api.materialsproject.org', port=443): Max retries exceeded with url: /materials/core/?deprecated=False&_fields=calc_types&material_ids=mp-1111486&_limit=1000 (Caused by ResponseError('too many 429 error responses'))
cannot unpack non-iterable NoneType object
cannot unpack non-iterable NoneType object
cannot unpack non-iterable NoneType object
cannot unpack non-iterable NoneType object
cannot unpack non-iterable NoneType object
cannot unpack non-iterable NoneType object
HTTPSConnectionPool(host='api.materialsproject.org', port=443): Max retries exceeded with url: /materials/core/?deprecated=False&_fields=calc_types&material_ids=mp-1111551&_limit=1000 (Caused by ResponseError('too many 429 error responses'))
cannot unpack non-iterable NoneType object
cannot unpack non-iterable NoneType object
HTTPSConnectionPool(host='api.materialsproject.org', port=443): Max retries exceeded with url: /materials/core/?deprecated=False&_fields=calc_types&material_ids=mp-1228305&_limit=1000 (Caused by ResponseError('too many 429 error responses'))
cannot unpack non-iterable NoneType object
cannot unpack non-iterable NoneType object
cannot unpack non-iterable NoneType object
cannot unpack non-iterable NoneType object
cannot unpack non-iterable NoneType object
cannot unpack non-iterable NoneType object
cannot unpack non-iterable NoneType object
cannot unpack non-iterable NoneType object
cannot unpack non-iterable NoneType object
cannot unpack non-iterable NoneType object
cannot unpack non-iterable NoneType object
cannot unpack non-iterable NoneType object
cannot unpack non-iterable NoneType object
cannot unpack non-iterable NoneType object
cannot unpack non-iterable NoneType object
cannot unpack non-iterable NoneType object
cannot unpack non-iterable NoneType object
cannot unpack non-iterable NoneType object
cannot unpack non-iterable NoneType object
cannot unpack non-iterable NoneType object
cannot unpack non-iterable NoneType object
cannot unpack non-iterable NoneType object
cannot unpack non-iterable NoneType object
cannot unpack non-iterable NoneType object
cannot unpack non-iterable NoneType object
cannot unpack non-iterable NoneType object
cannot unpack non-iterable NoneType object
cannot unpack non-iterable NoneType object
cannot unpack non-iterable NoneType object
cannot unpack non-iterable NoneType object
cannot unpack non-iterable NoneType object
HTTPSConnectionPool(host='api.materialsproject.org', port=443): Max retries exceeded with url: /materials/core/?deprecated=False&_fields=calc_types&material_ids=mp-1228310&_limit=1000 (Caused by ResponseError('too many 429 error responses'))
HTTPSConnectionPool(host='api.materialsproject.org', port=443): Max retries exceeded with url: /materials/tasks/?_fields=last_updated%2Ctask_id&task_ids=mp-1111569&_limit=334 (Caused by ResponseError('too many 429 error responses'))
HTTPSConnectionPool(host='api.materialsproject.org', port=443): Max retries exceeded with url: /materials/tasks/?_fields=last_updated%2Ctask_id&task_ids=mp-1113219&_limit=334 (Caused by ResponseError('too many 429 error responses'))
cannot unpack non-iterable NoneType object
HTTPSConnectionPool(host='api.materialsproject.org', port=443): Max retries exceeded with url: /materials/tasks/?_fields=last_updated%2Ctask_id&task_ids=mp-1299122&_limit=250 (Caused by ResponseError('too many 429 error responses'))
cannot unpack non-iterable NoneType object
HTTPSConnectionPool(host='api.materialsproject.org', port=443): Max retries exceeded with url: /materials/core/?deprecated=False&_fields=calc_types&material_ids=mp-1111509&_limit=1000 (Caused by ResponseError('too many 429 error responses'))
cannot unpack non-iterable NoneType object
HTTPSConnectionPool(host='api.materialsproject.org', port=443): Max retries exceeded with url: /materials/core/?deprecated=False&_fields=calc_types&material_ids=mp-1112639&_limit=1000 (Caused by ResponseError('too many 429 error responses'))
cannot unpack non-iterable NoneType object
cannot unpack non-iterable NoneType object
cannot unpack non-iterable NoneType object
cannot unpack non-iterable NoneType object
cannot unpack non-iterable NoneType object
cannot unpack non-iterable NoneType object
cannot unpack non-iterable NoneType object
cannot unpack non-iterable NoneType object
cannot unpack non-iterable NoneType object
cannot unpack non-iterable NoneType object
cannot unpack non-iterable NoneType object
cannot unpack non-iterable NoneType object
HTTPSConnectionPool(host='api.materialsproject.org', port=443): Max retries exceeded with url: /materials/tasks/?_fields=last_updated%2Ctask_id&task_ids=mp-1810702&_limit=500 (Caused by ResponseError('too many 429 error responses'))
HTTPSConnectionPool(host='api.materialsproject.org', port=443): Max retries exceeded with url: /materials/tasks/?_fields=last_updated%2Ctask_id&task_ids=mp-1400114&_limit=333 (Caused by ResponseError('too many 429 error responses'))
HTTPSConnectionPool(host='api.materialsproject.org', port=443): Max retries exceeded with url: /materials/tasks/?_fields=last_updated%2Ctask_id&task_ids=mp-991089&_limit=200 (Caused by ResponseError('too many 429 error responses'))
cannot unpack non-iterable NoneType object
HTTPSConnectionPool(host='api.materialsproject.org', port=443): Max retries exceeded with url: /materials/tasks/?_fields=last_updated%2Ctask_id&task_ids=mp-1114245&_limit=500 (Caused by ResponseError('too many 429 error responses'))
HTTPSConnectionPool(host='api.materialsproject.org', port=443): Max retries exceeded with url: /materials/tasks/?_fields=last_updated%2Ctask_id&task_ids=mp-2285286&_limit=200 (Caused by ResponseError('too many 429 error responses'))
cannot unpack non-iterable NoneType object
HTTPSConnectionPool(host='api.materialsproject.org', port=443): Max retries exceeded with url: /materials/core/?deprecated=False&_fields=calc_types&material_ids=mp-1112625&_limit=1000 (Caused by ResponseError('too many 429 error responses'))
cannot unpack non-iterable NoneType object
cannot unpack non-iterable NoneType object
cannot unpack non-iterable NoneType object
cannot unpack non-iterable NoneType object
cannot unpack non-iterable NoneType object
HTTPSConnectionPool(host='api.materialsproject.org', port=443): Max retries exceeded with url: /materials/tasks/?_fields=last_updated%2Ctask_id&task_ids=mp-1113174&_limit=334 (Caused by ResponseError('too many 429 error responses'))
cannot unpack non-iterable NoneType object
HTTPSConnectionPool(host='api.materialsproject.org', port=443): Max retries exceeded with url: /materials/core/?deprecated=False&_fields=calc_types&material_ids=mp-1111600&_limit=1000 (Caused by ResponseError('too many 429 error responses'))
cannot unpack non-iterable NoneType object
HTTPSConnectionPool(host='api.materialsproject.org', port=443): Max retries exceeded with url: /materials/core/?deprecated=False&_fields=calc_types&material_ids=mp-12525&_limit=1000 (Caused by ResponseError('too many 429 error responses'))
cannot unpack non-iterable NoneType object
cannot unpack non-iterable NoneType object
cannot unpack non-iterable NoneType object
HTTPSConnectionPool(host='api.materialsproject.org', port=443): Max retries exceeded with url: /materials/core/?deprecated=False&_fields=calc_types&material_ids=mp-1111613&_limit=1000 (Caused by ResponseError('too many 429 error responses'))
cannot unpack non-iterable NoneType object
cannot unpack non-iterable NoneType object
HTTPSConnectionPool(host='api.materialsproject.org', port=443): Max retries exceeded with url: /materials/tasks/?_fields=last_updated%2Ctask_id&task_ids=mp-1111825&_limit=334 (Caused by ResponseError('too many 429 error responses'))
cannot unpack non-iterable NoneType object
HTTPSConnectionPool(host='api.materialsproject.org', port=443): Max retries exceeded with url: /materials/core/?deprecated=False&_fields=calc_types&material_ids=mp-1112754&_limit=1000 (Caused by ResponseError('too many 429 error responses'))
cannot unpack non-iterable NoneType object
HTTPSConnectionPool(host='api.materialsproject.org', port=443): Max retries exceeded with url: /materials/core/?deprecated=False&_fields=calc_types&material_ids=mp-13797&_limit=1000 (Caused by ResponseError('too many 429 error responses'))
cannot unpack non-iterable NoneType object
cannot unpack non-iterable NoneType object
cannot unpack non-iterable NoneType object
cannot unpack non-iterable NoneType object
cannot unpack non-iterable NoneType object
cannot unpack non-iterable NoneType object
cannot unpack non-iterable NoneType object
HTTPSConnectionPool(host='api.materialsproject.org', port=443): Max retries exceeded with url: /materials/tasks/?_fields=last_updated%2Ctask_id&task_ids=mp-1373291&_limit=334 (Caused by ResponseError('too many 429 error responses'))
HTTPSConnectionPool(host='api.materialsproject.org', port=443): Max retries exceeded with url: /materials/tasks/?_fields=last_updated%2Ctask_id&task_ids=mp-1112593&_limit=334 (Caused by ResponseError('too many 429 error responses'))
HTTPSConnectionPool(host='api.materialsproject.org', port=443): Max retries exceeded with url: /materials/tasks/?_fields=last_updated%2Ctask_id&task_ids=mp-1113215&_limit=334 (Caused by ResponseError('too many 429 error responses'))
cannot unpack non-iterable NoneType object
cannot unpack non-iterable NoneType object
cannot unpack non-iterable NoneType object
cannot unpack non-iterable NoneType object
cannot unpack non-iterable NoneType object
HTTPSConnectionPool(host='api.materialsproject.org', port=443): Max retries exceeded with url: /materials/tasks/?_fields=last_updated%2Ctask_id&task_ids=mp-1110785&_limit=200 (Caused by ResponseError('too many 429 error responses'))
cannot unpack non-iterable NoneType object
cannot unpack non-iterable NoneType object
cannot unpack non-iterable NoneType object
cannot unpack non-iterable NoneType object
cannot unpack non-iterable NoneType object
cannot unpack non-iterable NoneType object
cannot unpack non-iterable NoneType object
cannot unpack non-iterable NoneType object
HTTPSConnectionPool(host='api.materialsproject.org', port=443): Max retries exceeded with url: /materials/core/?deprecated=False&_fields=calc_types&material_ids=mp-1111616&_limit=1000 (Caused by ResponseError('too many 429 error responses'))
HTTPSConnectionPool(host='api.materialsproject.org', port=443): Max retries exceeded with url: /materials/tasks/?_fields=last_updated%2Ctask_id&task_ids=mp-2264034&_limit=200 (Caused by ResponseError('too many 429 error responses'))
cannot unpack non-iterable NoneType object
HTTPSConnectionPool(host='api.materialsproject.org', port=443): Max retries exceeded with url: /materials/core/?deprecated=False&_fields=calc_types&material_ids=mp-1112787&_limit=1000 (Caused by ResponseError('too many 429 error responses'))
cannot unpack non-iterable NoneType object
cannot unpack non-iterable NoneType object
HTTPSConnectionPool(host='api.materialsproject.org', port=443): Max retries exceeded with url: /materials/core/?deprecated=False&_fields=calc_types&material_ids=mp-13933&_limit=1000 (Caused by ResponseError('too many 429 error responses'))
cannot unpack non-iterable NoneType object
cannot unpack non-iterable NoneType object
cannot unpack non-iterable NoneType object
HTTPSConnectionPool(host='api.materialsproject.org', port=443): Max retries exceeded with url: /materials/tasks/?_fields=last_updated%2Ctask_id&task_ids=mp-1408379&_limit=333 (Caused by ResponseError('too many 429 error responses'))
cannot unpack non-iterable NoneType object
HTTPSConnectionPool(host='api.materialsproject.org', port=443): Max retries exceeded with url: /materials/core/?deprecated=False&_fields=calc_types&material_ids=mp-1111628&_limit=1000 (Caused by ResponseError('too many 429 error responses'))
HTTPSConnectionPool(host='api.materialsproject.org', port=443): Max retries exceeded with url: /materials/tasks/?_fields=last_updated%2Ctask_id&task_ids=mp-933661&_limit=334 (Caused by ResponseError('too many 429 error responses'))
cannot unpack non-iterable NoneType object
cannot unpack non-iterable NoneType object
cannot unpack non-iterable NoneType object
cannot unpack non-iterable NoneType object
cannot unpack non-iterable NoneType object
cannot unpack non-iterable NoneType object
cannot unpack non-iterable NoneType object
HTTPSConnectionPool(host='api.materialsproject.org', port=443): Max retries exceeded with url: /materials/core/?deprecated=False&_fields=calc_types&material_ids=mp-1111634&_limit=1000 (Caused by ResponseError('too many 429 error responses'))
cannot unpack non-iterable NoneType object
HTTPSConnectionPool(host='api.materialsproject.org', port=443): Max retries exceeded with url: /materials/core/?deprecated=False&_fields=calc_types&material_ids=mp-1112760&_limit=1000 (Caused by ResponseError('too many 429 error responses'))
HTTPSConnectionPool(host='api.materialsproject.org', port=443): Max retries exceeded with url: /materials/tasks/?_fields=last_updated%2Ctask_id&task_ids=mp-689314&_limit=200 (Caused by ResponseError('too many 429 error responses'))
cannot unpack non-iterable NoneType object
cannot unpack non-iterable NoneType object
cannot unpack non-iterable NoneType object
cannot unpack non-iterable NoneType object
cannot unpack non-iterable NoneType object
cannot unpack non-iterable NoneType object
HTTPSConnectionPool(host='api.materialsproject.org', port=443): Max retries exceeded with url: /materials/tasks/?_fields=last_updated%2Ctask_id&task_ids=mp-654901&_limit=250 (Caused by ResponseError('too many 429 error responses'))
cannot unpack non-iterable NoneType object
HTTPSConnectionPool(host='api.materialsproject.org', port=443): Max retries exceeded with url: /materials/core/?deprecated=False&_fields=calc_types&material_ids=mp-1112693&_limit=1000 (Caused by ResponseError('too many 429 error responses'))
cannot unpack non-iterable NoneType object
HTTPSConnectionPool(host='api.materialsproject.org', port=443): Max retries exceeded with url: /materials/core/?deprecated=False&_fields=calc_types&material_ids=mp-1111620&_limit=1000 (Caused by ResponseError('too many 429 error responses'))
cannot unpack non-iterable NoneType object
HTTPSConnectionPool(host='api.materialsproject.org', port=443): Max retries exceeded with url: /materials/core/?deprecated=False&_fields=calc_types&material_ids=mp-1112710&_limit=1000 (Caused by ResponseError('too many 429 error responses'))
cannot unpack non-iterable NoneType object
HTTPSConnectionPool(host='api.materialsproject.org', port=443): Max retries exceeded with url: /materials/core/?deprecated=False&_fields=calc_types&material_ids=mp-14036&_limit=1000 (Caused by ResponseError('too many 429 error responses'))
cannot unpack non-iterable NoneType object
HTTPSConnectionPool(host='api.materialsproject.org', port=443): Max retries exceeded with url: /materials/core/?deprecated=False&_fields=calc_types&material_ids=mp-1111621&_limit=1000 (Caused by ResponseError('too many 429 error responses'))
cannot unpack non-iterable NoneType object
cannot unpack non-iterable NoneType object
cannot unpack non-iterable NoneType object
cannot unpack non-iterable NoneType object
cannot unpack non-iterable NoneType object
cannot unpack non-iterable NoneType object
HTTPSConnectionPool(host='api.materialsproject.org', port=443): Max retries exceeded with url: /materials/tasks/?_fields=last_updated%2Ctask_id&task_ids=mp-1927755&_limit=333 (Caused by ResponseError('too many 429 error responses'))
cannot unpack non-iterable NoneType object
HTTPSConnectionPool(host='api.materialsproject.org', port=443): Max retries exceeded with url: /materials/core/?deprecated=False&_fields=calc_types&material_ids=mp-1112861&_limit=1000 (Caused by ResponseError('too many 429 error responses'))
cannot unpack non-iterable NoneType object
cannot unpack non-iterable NoneType object
HTTPSConnectionPool(host='api.materialsproject.org', port=443): Max retries exceeded with url: /materials/core/?deprecated=False&_fields=calc_types&material_ids=mp-1111658&_limit=1000 (Caused by ResponseError('too many 429 error responses'))
cannot unpack non-iterable NoneType object
HTTPSConnectionPool(host='api.materialsproject.org', port=443): Max retries exceeded with url: /materials/core/?deprecated=False&_fields=calc_types&material_ids=mp-1112836&_limit=1000 (Caused by ResponseError('too many 429 error responses'))
cannot unpack non-iterable NoneType object
HTTPSConnectionPool(host='api.materialsproject.org', port=443): Max retries exceeded with url: /materials/core/?deprecated=False&_fields=calc_types&material_ids=mp-14292&_limit=1000 (Caused by ResponseError('too many 429 error responses'))
cannot unpack non-iterable NoneType object
cannot unpack non-iterable NoneType object
cannot unpack non-iterable NoneType object
cannot unpack non-iterable NoneType object
cannot unpack non-iterable NoneType object
cannot unpack non-iterable NoneType object
HTTPSConnectionPool(host='api.materialsproject.org', port=443): Max retries exceeded with url: /materials/tasks/?_fields=last_updated%2Ctask_id&task_ids=mp-1429018&_limit=334 (Caused by ResponseError('too many 429 error responses'))
cannot unpack non-iterable NoneType object
HTTPSConnectionPool(host='api.materialsproject.org', port=443): Max retries exceeded with url: /materials/core/?deprecated=False&_fields=calc_types&material_ids=mp-1111719&_limit=1000 (Caused by ResponseError('too many 429 error responses'))
cannot unpack non-iterable NoneType object
cannot unpack non-iterable NoneType object
HTTPSConnectionPool(host='api.materialsproject.org', port=443): Max retries exceeded with url: /materials/tasks/?_fields=last_updated%2Ctask_id&task_ids=mp-677883&_limit=250 (Caused by ResponseError('too many 429 error responses'))
cannot unpack non-iterable NoneType object
HTTPSConnectionPool(host='api.materialsproject.org', port=443): Max retries exceeded with url: /materials/core/?deprecated=False&_fields=calc_types&material_ids=mp-1111715&_limit=1000 (Caused by ResponseError('too many 429 error responses'))
cannot unpack non-iterable NoneType object
HTTPSConnectionPool(host='api.materialsproject.org', port=443): Max retries exceeded with url: /materials/core/?deprecated=False&_fields=calc_types&material_ids=mp-1112792&_limit=1000 (Caused by ResponseError('too many 429 error responses'))
cannot unpack non-iterable NoneType object
cannot unpack non-iterable NoneType object
cannot unpack non-iterable NoneType object
cannot unpack non-iterable NoneType object
cannot unpack non-iterable NoneType object
cannot unpack non-iterable NoneType object
HTTPSConnectionPool(host='api.materialsproject.org', port=443): Max retries exceeded with url: /materials/core/?deprecated=False&_fields=calc_types&material_ids=mp-1112895&_limit=1000 (Caused by ResponseError('too many 429 error responses'))
cannot unpack non-iterable NoneType object
HTTPSConnectionPool(host='api.materialsproject.org', port=443): Max retries exceeded with url: /materials/core/?deprecated=False&_fields=calc_types&material_ids=mp-19059&_limit=1000 (Caused by ResponseError('too many 429 error responses'))
cannot unpack non-iterable NoneType object
HTTPSConnectionPool(host='api.materialsproject.org', port=443): Max retries exceeded with url: /materials/core/?deprecated=False&_fields=calc_types&material_ids=mp-1111721&_limit=1000 (Caused by ResponseError('too many 429 error responses'))
cannot unpack non-iterable NoneType object
cannot unpack non-iterable NoneType object
cannot unpack non-iterable NoneType object
cannot unpack non-iterable NoneType object
cannot unpack non-iterable NoneType object
HTTPSConnectionPool(host='api.materialsproject.org', port=443): Max retries exceeded with url: /materials/core/?deprecated=False&_fields=calc_types&material_ids=mp-1111720&_limit=1000 (Caused by ResponseError('too many 429 error responses'))
cannot unpack non-iterable NoneType object
HTTPSConnectionPool(host='api.materialsproject.org', port=443): Max retries exceeded with url: /materials/core/?deprecated=False&_fields=calc_types&material_ids=mp-18904&_limit=1000 (Caused by ResponseError('too many 429 error responses'))
HTTPSConnectionPool(host='api.materialsproject.org', port=443): Max retries exceeded with url: /materials/tasks/?_fields=last_updated%2Ctask_id&task_ids=mp-1113865&_limit=334 (Caused by ResponseError('too many 429 error responses'))
cannot unpack non-iterable NoneType object
cannot unpack non-iterable NoneType object
cannot unpack non-iterable NoneType object
cannot unpack non-iterable NoneType object
cannot unpack non-iterable NoneType object
cannot unpack non-iterable NoneType object
cannot unpack non-iterable NoneType object
cannot unpack non-iterable NoneType object
cannot unpack non-iterable NoneType object
cannot unpack non-iterable NoneType object
cannot unpack non-iterable NoneType object
HTTPSConnectionPool(host='api.materialsproject.org', port=443): Max retries exceeded with url: /materials/tasks/?_fields=last_updated%2Ctask_id&task_ids=mp-2222456%2Cmp-1786766%2Cmp-1935231&_limit=200 (Caused by ResponseError('too many 429 error responses'))
cannot unpack non-iterable NoneType object
HTTPSConnectionPool(host='api.materialsproject.org', port=443): Max retries exceeded with url: /materials/core/?deprecated=False&_fields=calc_types&material_ids=mp-1112907&_limit=1000 (Caused by ResponseError('too many 429 error responses'))
cannot unpack non-iterable NoneType object
cannot unpack non-iterable NoneType object
cannot unpack non-iterable NoneType object
cannot unpack non-iterable NoneType object
HTTPSConnectionPool(host='api.materialsproject.org', port=443): Max retries exceeded with url: /materials/core/?deprecated=False&_fields=calc_types&material_ids=mp-1112916&_limit=1000 (Caused by ResponseError('too many 429 error responses'))
cannot unpack non-iterable NoneType object
HTTPSConnectionPool(host='api.materialsproject.org', port=443): Max retries exceeded with url: /materials/core/?deprecated=False&_fields=calc_types&material_ids=mp-1111683&_limit=1000 (Caused by ResponseError('too many 429 error responses'))
cannot unpack non-iterable NoneType object
HTTPSConnectionPool(host='api.materialsproject.org', port=443): Max retries exceeded with url: /materials/core/?deprecated=False&_fields=calc_types&material_ids=mp-19258&_limit=1000 (Caused by ResponseError('too many 429 error responses'))
cannot unpack non-iterable NoneType object
cannot unpack non-iterable NoneType object
cannot unpack non-iterable NoneType object
cannot unpack non-iterable NoneType object
cannot unpack non-iterable NoneType object
cannot unpack non-iterable NoneType object
cannot unpack non-iterable NoneType object
cannot unpack non-iterable NoneType object
cannot unpack non-iterable NoneType object
HTTPSConnectionPool(host='api.materialsproject.org', port=443): Max retries exceeded with url: /materials/tasks/?_fields=last_updated%2Ctask_id&task_ids=mp-795999&_limit=200 (Caused by ResponseError('too many 429 error responses'))
cannot unpack non-iterable NoneType object
HTTPSConnectionPool(host='api.materialsproject.org', port=443): Max retries exceeded with url: /materials/core/?deprecated=False&_fields=calc_types&material_ids=mp-1111678&_limit=1000 (Caused by ResponseError('too many 429 error responses'))
cannot unpack non-iterable NoneType object
HTTPSConnectionPool(host='api.materialsproject.org', port=443): Max retries exceeded with url: /materials/core/?deprecated=False&_fields=calc_types&material_ids=mp-1112871&_limit=1000 (Caused by ResponseError('too many 429 error responses'))
cannot unpack non-iterable NoneType object
cannot unpack non-iterable NoneType object
cannot unpack non-iterable NoneType object
cannot unpack non-iterable NoneType object
cannot unpack non-iterable NoneType object
cannot unpack non-iterable NoneType object
cannot unpack non-iterable NoneType object
cannot unpack non-iterable NoneType object
HTTPSConnectionPool(host='api.materialsproject.org', port=443): Max retries exceeded with url: /materials/tasks/?_fields=last_updated%2Ctask_id&task_ids=mp-663826&_limit=200 (Caused by ResponseError('too many 429 error responses'))
HTTPSConnectionPool(host='api.materialsproject.org', port=443): Max retries exceeded with url: /materials/tasks/?_fields=last_updated%2Ctask_id&task_ids=mp-914796&_limit=334 (Caused by ResponseError('too many 429 error responses'))
cannot unpack non-iterable NoneType object
HTTPSConnectionPool(host='api.materialsproject.org', port=443): Max retries exceeded with url: /materials/core/?deprecated=False&_fields=calc_types&material_ids=mp-1111717&_limit=1000 (Caused by ResponseError('too many 429 error responses'))
cannot unpack non-iterable NoneType object
HTTPSConnectionPool(host='api.materialsproject.org', port=443): Max retries exceeded with url: /materials/core/?deprecated=False&_fields=calc_types&material_ids=mp-1112904&_limit=1000 (Caused by ResponseError('too many 429 error responses'))
cannot unpack non-iterable NoneType object
cannot unpack non-iterable NoneType object
cannot unpack non-iterable NoneType object
cannot unpack non-iterable NoneType object
cannot unpack non-iterable NoneType object
cannot unpack non-iterable NoneType object
cannot unpack non-iterable NoneType object
HTTPSConnectionPool(host='api.materialsproject.org', port=443): Max retries exceeded with url: /materials/core/?deprecated=False&_fields=calc_types&material_ids=mp-1111725&_limit=1000 (Caused by ResponseError('too many 429 error responses'))
HTTPSConnectionPool(host='api.materialsproject.org', port=443): Max retries exceeded with url: /materials/tasks/?_fields=last_updated%2Ctask_id&task_ids=mp-1112879&_limit=334 (Caused by ResponseError('too many 429 error responses'))
cannot unpack non-iterable NoneType object
cannot unpack non-iterable NoneType object
cannot unpack non-iterable NoneType object
cannot unpack non-iterable NoneType object
HTTPSConnectionPool(host='api.materialsproject.org', port=443): Max retries exceeded with url: /materials/tasks/?_fields=last_updated%2Ctask_id&task_ids=mp-662402&_limit=334 (Caused by ResponseError('too many 429 error responses'))
HTTPSConnectionPool(host='api.materialsproject.org', port=443): Max retries exceeded with url: /materials/tasks/?_fields=last_updated%2Ctask_id&task_ids=mp-1113204&_limit=334 (Caused by ResponseError('too many 429 error responses'))
HTTPSConnectionPool(host='api.materialsproject.org', port=443): Max retries exceeded with url: /materials/tasks/?_fields=last_updated%2Ctask_id&task_ids=mp-1111737&_limit=334 (Caused by ResponseError('too many 429 error responses'))
cannot unpack non-iterable NoneType object
cannot unpack non-iterable NoneType object
cannot unpack non-iterable NoneType object
cannot unpack non-iterable NoneType object
cannot unpack non-iterable NoneType object
cannot unpack non-iterable NoneType object
HTTPSConnectionPool(host='api.materialsproject.org', port=443): Max retries exceeded with url: /materials/core/?deprecated=False&_fields=calc_types&material_ids=mp-21879&_limit=1000 (Caused by ResponseError('too many 429 error responses'))
cannot unpack non-iterable NoneType object
HTTPSConnectionPool(host='api.materialsproject.org', port=443): Max retries exceeded with url: /materials/core/?deprecated=False&_fields=calc_types&material_ids=mp-1111743&_limit=1000 (Caused by ResponseError('too many 429 error responses'))
cannot unpack non-iterable NoneType object
HTTPSConnectionPool(host='api.materialsproject.org', port=443): Max retries exceeded with url: /materials/core/?deprecated=False&_fields=calc_types&material_ids=mp-1112887&_limit=1000 (Caused by ResponseError('too many 429 error responses'))
cannot unpack non-iterable NoneType object
HTTPSConnectionPool(host='api.materialsproject.org', port=443): Max retries exceeded with url: /materials/tasks/?_fields=last_updated%2Ctask_id&task_ids=mp-2233239&_limit=1000 (Caused by ResponseError('too many 429 error responses'))
cannot unpack non-iterable NoneType object
HTTPSConnectionPool(host='api.materialsproject.org', port=443): Max retries exceeded with url: /materials/core/?deprecated=False&_fields=calc_types&material_ids=mp-1112897&_limit=1000 (Caused by ResponseError('too many 429 error responses'))
cannot unpack non-iterable NoneType object
HTTPSConnectionPool(host='api.materialsproject.org', port=443): Max retries exceeded with url: /materials/core/?deprecated=False&_fields=calc_types&material_ids=mp-1111734&_limit=1000 (Caused by ResponseError('too many 429 error responses'))
cannot unpack non-iterable NoneType object
cannot unpack non-iterable NoneType object
cannot unpack non-iterable NoneType object
cannot unpack non-iterable NoneType object
cannot unpack non-iterable NoneType object
cannot unpack non-iterable NoneType object
cannot unpack non-iterable NoneType object
HTTPSConnectionPool(host='api.materialsproject.org', port=443): Max retries exceeded with url: /materials/core/?deprecated=False&_fields=calc_types&material_ids=mp-20813&_limit=1000 (Caused by ResponseError('too many 429 error responses'))
HTTPSConnectionPool(host='api.materialsproject.org', port=443): Max retries exceeded with url: /materials/tasks/?_fields=last_updated%2Ctask_id&task_ids=mp-1111740&_limit=334 (Caused by ResponseError('too many 429 error responses'))
cannot unpack non-iterable NoneType object
HTTPSConnectionPool(host='api.materialsproject.org', port=443): Max retries exceeded with url: /materials/tasks/?_fields=last_updated%2Ctask_id&task_ids=mp-1113643&_limit=334 (Caused by ResponseError('too many 429 error responses'))
cannot unpack non-iterable NoneType object
cannot unpack non-iterable NoneType object
cannot unpack non-iterable NoneType object
cannot unpack non-iterable NoneType object
cannot unpack non-iterable NoneType object
HTTPSConnectionPool(host='api.materialsproject.org', port=443): Max retries exceeded with url: /materials/core/?deprecated=False&_fields=calc_types&material_ids=mp-1111820&_limit=1000 (Caused by ResponseError('too many 429 error responses'))
cannot unpack non-iterable NoneType object
HTTPSConnectionPool(host='api.materialsproject.org', port=443): Max retries exceeded with url: /materials/core/?deprecated=False&_fields=calc_types&material_ids=mp-1112945&_limit=1000 (Caused by ResponseError('too many 429 error responses'))
cannot unpack non-iterable NoneType object
HTTPSConnectionPool(host='api.materialsproject.org', port=443): Max retries exceeded with url: /materials/core/?deprecated=False&_fields=calc_types&material_ids=mp-20966&_limit=1000 (Caused by ResponseError('too many 429 error responses'))
cannot unpack non-iterable NoneType object
cannot unpack non-iterable NoneType object
cannot unpack non-iterable NoneType object
cannot unpack non-iterable NoneType object
cannot unpack non-iterable NoneType object
cannot unpack non-iterable NoneType object
cannot unpack non-iterable NoneType object
cannot unpack non-iterable NoneType object
HTTPSConnectionPool(host='api.materialsproject.org', port=443): Max retries exceeded with url: /materials/tasks/?_fields=last_updated%2Ctask_id&task_ids=mp-1430743&_limit=200 (Caused by ResponseError('too many 429 error responses'))
cannot unpack non-iterable NoneType object
cannot unpack non-iterable NoneType object
HTTPSConnectionPool(host='api.materialsproject.org', port=443): Max retries exceeded with url: /materials/tasks/?_fields=last_updated%2Ctask_id&task_ids=mp-1114082&_limit=334 (Caused by ResponseError('too many 429 error responses'))
HTTPSConnectionPool(host='api.materialsproject.org', port=443): Max retries exceeded with url: /materials/tasks/?_fields=last_updated%2Ctask_id&task_ids=mp-1111796&_limit=334 (Caused by ResponseError('too many 429 error responses'))
cannot unpack non-iterable NoneType object
HTTPSConnectionPool(host='api.materialsproject.org', port=443): Max retries exceeded with url: /materials/core/?deprecated=False&_fields=calc_types&material_ids=mp-22441&_limit=1000 (Caused by ResponseError('too many 429 error responses'))
cannot unpack non-iterable NoneType object
cannot unpack non-iterable NoneType object
cannot unpack non-iterable NoneType object
cannot unpack non-iterable NoneType object
cannot unpack non-iterable NoneType object
cannot unpack non-iterable NoneType object
cannot unpack non-iterable NoneType object
cannot unpack non-iterable NoneType object
cannot unpack non-iterable NoneType object
cannot unpack non-iterable NoneType object
cannot unpack non-iterable NoneType object
HTTPSConnectionPool(host='api.materialsproject.org', port=443): Max retries exceeded with url: /materials/tasks/?_fields=last_updated%2Ctask_id&task_ids=mp-1113178&_limit=334 (Caused by ResponseError('too many 429 error responses'))
HTTPSConnectionPool(host='api.materialsproject.org', port=443): Max retries exceeded with url: /materials/tasks/?_fields=last_updated%2Ctask_id&task_ids=mp-1395039&_limit=333 (Caused by ResponseError('too many 429 error responses'))
cannot unpack non-iterable NoneType object
HTTPSConnectionPool(host='api.materialsproject.org', port=443): Max retries exceeded with url: /materials/core/?deprecated=False&_fields=calc_types&material_ids=mp-23108&_limit=1000 (Caused by ResponseError('too many 429 error responses'))
cannot unpack non-iterable NoneType object
cannot unpack non-iterable NoneType object
cannot unpack non-iterable NoneType object
cannot unpack non-iterable NoneType object
cannot unpack non-iterable NoneType object
cannot unpack non-iterable NoneType object
HTTPSConnectionPool(host='api.materialsproject.org', port=443): Max retries exceeded with url: /materials/tasks/?_fields=last_updated%2Ctask_id&task_ids=mp-1111742&_limit=334 (Caused by ResponseError('too many 429 error responses'))
HTTPSConnectionPool(host='api.materialsproject.org', port=443): Max retries exceeded with url: /materials/tasks/?_fields=last_updated%2Ctask_id&task_ids=mp-660164&_limit=200 (Caused by ResponseError('too many 429 error responses'))
cannot unpack non-iterable NoneType object
HTTPSConnectionPool(host='api.materialsproject.org', port=443): Max retries exceeded with url: /materials/core/?deprecated=False&_fields=calc_types&material_ids=mp-1112940&_limit=1000 (Caused by ResponseError('too many 429 error responses'))
cannot unpack non-iterable NoneType object
cannot unpack non-iterable NoneType object
cannot unpack non-iterable NoneType object
cannot unpack non-iterable NoneType object
cannot unpack non-iterable NoneType object
cannot unpack non-iterable NoneType object
cannot unpack non-iterable NoneType object
HTTPSConnectionPool(host='api.materialsproject.org', port=443): Max retries exceeded with url: /materials/tasks/?_fields=last_updated%2Ctask_id&task_ids=mp-1114069&_limit=334 (Caused by ResponseError('too many 429 error responses'))
cannot unpack non-iterable NoneType object
cannot unpack non-iterable NoneType object
cannot unpack non-iterable NoneType object
cannot unpack non-iterable NoneType object
HTTPSConnectionPool(host='api.materialsproject.org', port=443): Max retries exceeded with url: /materials/core/?deprecated=False&_fields=calc_types&material_ids=mp-1111791&_limit=1000 (Caused by ResponseError('too many 429 error responses'))
cannot unpack non-iterable NoneType object
HTTPSConnectionPool(host='api.materialsproject.org', port=443): Max retries exceeded with url: /materials/core/?deprecated=False&_fields=calc_types&material_ids=mp-505576&_limit=1000 (Caused by ResponseError('too many 429 error responses'))
HTTPSConnectionPool(host='api.materialsproject.org', port=443): Max retries exceeded with url: /materials/tasks/?_fields=last_updated%2Ctask_id&task_ids=mp-1113107&_limit=334 (Caused by ResponseError('too many 429 error responses'))
cannot unpack non-iterable NoneType object
cannot unpack non-iterable NoneType object
cannot unpack non-iterable NoneType object
HTTPSConnectionPool(host='api.materialsproject.org', port=443): Max retries exceeded with url: /materials/core/?deprecated=False&_fields=calc_types&material_ids=mp-1112926&_limit=1000 (Caused by ResponseError('too many 429 error responses'))
HTTPSConnectionPool(host='api.materialsproject.org', port=443): Max retries exceeded with url: /materials/tasks/?_fields=last_updated%2Ctask_id&task_ids=mp-726555&_limit=167 (Caused by ResponseError('too many 429 error responses'))
HTTPSConnectionPool(host='api.materialsproject.org', port=443): Max retries exceeded with url: /materials/tasks/?_fields=last_updated%2Ctask_id&task_ids=mp-1111770&_limit=334 (Caused by ResponseError('too many 429 error responses'))
cannot unpack non-iterable NoneType object
cannot unpack non-iterable NoneType object
cannot unpack non-iterable NoneType object
HTTPSConnectionPool(host='api.materialsproject.org', port=443): Max retries exceeded with url: /materials/tasks/?_fields=last_updated%2Ctask_id&task_ids=mp-1113189&_limit=334 (Caused by ResponseError('too many 429 error responses'))
HTTPSConnectionPool(host='api.materialsproject.org', port=443): Max retries exceeded with url: /materials/tasks/?_fields=last_updated%2Ctask_id&task_ids=mp-905739%2Cmp-1295898%2Cmp-1280341%2Cmp-1299270%2Cmp-1284847%2Cmp-1297102%2Cmp-1281557&_limit=200 (Caused by ResponseError('too many 429 error responses'))
HTTPSConnectionPool(host='api.materialsproject.org', port=443): Max retries exceeded with url: /materials/tasks/?_fields=last_updated%2Ctask_id&task_ids=mp-1111788&_limit=334 (Caused by ResponseError('too many 429 error responses'))
cannot unpack non-iterable NoneType object
cannot unpack non-iterable NoneType object
cannot unpack non-iterable NoneType object
cannot unpack non-iterable NoneType object
cannot unpack non-iterable NoneType object
cannot unpack non-iterable NoneType object
cannot unpack non-iterable NoneType object
cannot unpack non-iterable NoneType object
HTTPSConnectionPool(host='api.materialsproject.org', port=443): Max retries exceeded with url: /materials/core/?deprecated=False&_fields=calc_types&material_ids=mp-1111781&_limit=1000 (Caused by ResponseError('too many 429 error responses'))
cannot unpack non-iterable NoneType object
cannot unpack non-iterable NoneType object
cannot unpack non-iterable NoneType object
cannot unpack non-iterable NoneType object
HTTPSConnectionPool(host='api.materialsproject.org', port=443): Max retries exceeded with url: /materials/core/?deprecated=False&_fields=calc_types&material_ids=mp-1111837&_limit=1000 (Caused by ResponseError('too many 429 error responses'))
HTTPSConnectionPool(host='api.materialsproject.org', port=443): Max retries exceeded with url: /materials/tasks/?_fields=last_updated%2Ctask_id&task_ids=mp-1415758&_limit=200 (Caused by ResponseError('too many 429 error responses'))
cannot unpack non-iterable NoneType object
cannot unpack non-iterable NoneType object
HTTPSConnectionPool(host='api.materialsproject.org', port=443): Max retries exceeded with url: /materials/tasks/?_fields=last_updated%2Ctask_id&task_ids=mp-1113841&_limit=334 (Caused by ResponseError('too many 429 error responses'))
HTTPSConnectionPool(host='api.materialsproject.org', port=443): Max retries exceeded with url: /materials/tasks/?_fields=last_updated%2Ctask_id&task_ids=mp-1389960&_limit=333 (Caused by ResponseError('too many 429 error responses'))
cannot unpack non-iterable NoneType object
HTTPSConnectionPool(host='api.materialsproject.org', port=443): Max retries exceeded with url: /materials/core/?deprecated=False&_fields=calc_types&material_ids=mp-550579&_limit=1000 (Caused by ResponseError('too many 429 error responses'))
cannot unpack non-iterable NoneType object
cannot unpack non-iterable NoneType object
HTTPSConnectionPool(host='api.materialsproject.org', port=443): Max retries exceeded with url: /materials/tasks/?_fields=last_updated%2Ctask_id&task_ids=mp-2265945&_limit=200 (Caused by ResponseError('too many 429 error responses'))
cannot unpack non-iterable NoneType object
cannot unpack non-iterable NoneType object
cannot unpack non-iterable NoneType object
HTTPSConnectionPool(host='api.materialsproject.org', port=443): Max retries exceeded with url: /materials/core/?deprecated=False&_fields=calc_types&material_ids=mp-1113061&_limit=1000 (Caused by ResponseError('too many 429 error responses'))
HTTPSConnectionPool(host='api.materialsproject.org', port=443): Max retries exceeded with url: /materials/tasks/?_fields=last_updated%2Ctask_id&task_ids=mp-1111871&_limit=334 (Caused by ResponseError('too many 429 error responses'))
cannot unpack non-iterable NoneType object
HTTPSConnectionPool(host='api.materialsproject.org', port=443): Max retries exceeded with url: /materials/core/?deprecated=False&_fields=calc_types&material_ids=mp-554168&_limit=1000 (Caused by ResponseError('too many 429 error responses'))
cannot unpack non-iterable NoneType object
cannot unpack non-iterable NoneType object
cannot unpack non-iterable NoneType object
cannot unpack non-iterable NoneType object
cannot unpack non-iterable NoneType object
HTTPSConnectionPool(host='api.materialsproject.org', port=443): Max retries exceeded with url: /materials/tasks/?_fields=last_updated%2Ctask_id&task_ids=mp-1820287&_limit=333 (Caused by ResponseError('too many 429 error responses'))
HTTPSConnectionPool(host='api.materialsproject.org', port=443): Max retries exceeded with url: /materials/tasks/?_fields=last_updated%2Ctask_id&task_ids=mp-1405785&_limit=333 (Caused by ResponseError('too many 429 error responses'))
cannot unpack non-iterable NoneType object
HTTPSConnectionPool(host='api.materialsproject.org', port=443): Max retries exceeded with url: /materials/core/?deprecated=False&_fields=calc_types&material_ids=mp-556264&_limit=1000 (Caused by ResponseError('too many 429 error responses'))
cannot unpack non-iterable NoneType object
cannot unpack non-iterable NoneType object
cannot unpack non-iterable NoneType object
cannot unpack non-iterable NoneType object
cannot unpack non-iterable NoneType object
cannot unpack non-iterable NoneType object
cannot unpack non-iterable NoneType object
HTTPSConnectionPool(host='api.materialsproject.org', port=443): Max retries exceeded with url: /materials/tasks/?_fields=last_updated%2Ctask_id&task_ids=mp-1111827&_limit=334 (Caused by ResponseError('too many 429 error responses'))
cannot unpack non-iterable NoneType object
cannot unpack non-iterable NoneType object
cannot unpack non-iterable NoneType object
HTTPSConnectionPool(host='api.materialsproject.org', port=443): Max retries exceeded with url: /materials/core/?deprecated=False&_fields=calc_types&material_ids=mp-1111839&_limit=1000 (Caused by ResponseError('too many 429 error responses'))
cannot unpack non-iterable NoneType object
HTTPSConnectionPool(host='api.materialsproject.org', port=443): Max retries exceeded with url: /materials/core/?deprecated=False&_fields=calc_types&material_ids=mp-556757&_limit=1000 (Caused by ResponseError('too many 429 error responses'))
HTTPSConnectionPool(host='api.materialsproject.org', port=443): Max retries exceeded with url: /materials/tasks/?_fields=last_updated%2Ctask_id&task_ids=mp-1113225&_limit=334 (Caused by ResponseError('too many 429 error responses'))
cannot unpack non-iterable NoneType object
HTTPSConnectionPool(host='api.materialsproject.org', port=443): Max retries exceeded with url: /materials/core/?deprecated=False&_fields=calc_types&material_ids=mp-1111851&_limit=1000 (Caused by ResponseError('too many 429 error responses'))
HTTPSConnectionPool(host='api.materialsproject.org', port=443): Max retries exceeded with url: /materials/tasks/?_fields=last_updated%2Ctask_id&task_ids=mp-1113813&_limit=334 (Caused by ResponseError('too many 429 error responses'))
cannot unpack non-iterable NoneType object
HTTPSConnectionPool(host='api.materialsproject.org', port=443): Max retries exceeded with url: /materials/core/?deprecated=False&_fields=calc_types&material_ids=mp-556353&_limit=1000 (Caused by ResponseError('too many 429 error responses'))
cannot unpack non-iterable NoneType object
cannot unpack non-iterable NoneType object
cannot unpack non-iterable NoneType object
cannot unpack non-iterable NoneType object
cannot unpack non-iterable NoneType object
cannot unpack non-iterable NoneType object
cannot unpack non-iterable NoneType object
HTTPSConnectionPool(host='api.materialsproject.org', port=443): Max retries exceeded with url: /materials/core/?deprecated=False&_fields=calc_types&material_ids=mp-1111921&_limit=1000 (Caused by ResponseError('too many 429 error responses'))
cannot unpack non-iterable NoneType object
HTTPSConnectionPool(host='api.materialsproject.org', port=443): Max retries exceeded with url: /materials/core/?deprecated=False&_fields=calc_types&material_ids=mp-1113016&_limit=1000 (Caused by ResponseError('too many 429 error responses'))
cannot unpack non-iterable NoneType object
cannot unpack non-iterable NoneType object
HTTPSConnectionPool(host='api.materialsproject.org', port=443): Max retries exceeded with url: /materials/core/?deprecated=False&_fields=calc_types&material_ids=mp-1111847&_limit=1000 (Caused by ResponseError('too many 429 error responses'))
cannot unpack non-iterable NoneType object
HTTPSConnectionPool(host='api.materialsproject.org', port=443): Max retries exceeded with url: /materials/core/?deprecated=False&_fields=calc_types&material_ids=mp-1113045&_limit=1000 (Caused by ResponseError('too many 429 error responses'))
cannot unpack non-iterable NoneType object
HTTPSConnectionPool(host='api.materialsproject.org', port=443): Max retries exceeded with url: /materials/core/?deprecated=False&_fields=calc_types&material_ids=mp-545603&_limit=1000 (Caused by ResponseError('too many 429 error responses'))
cannot unpack non-iterable NoneType object
cannot unpack non-iterable NoneType object
cannot unpack non-iterable NoneType object
cannot unpack non-iterable NoneType object
cannot unpack non-iterable NoneType object
cannot unpack non-iterable NoneType object
cannot unpack non-iterable NoneType object
HTTPSConnectionPool(host='api.materialsproject.org', port=443): Max retries exceeded with url: /materials/core/?deprecated=False&_fields=calc_types&material_ids=mp-1111923&_limit=1000 (Caused by ResponseError('too many 429 error responses'))
HTTPSConnectionPool(host='api.materialsproject.org', port=443): Max retries exceeded with url: /materials/tasks/?_fields=last_updated%2Ctask_id&task_ids=mp-1273061%2Cmp-1272636%2Cmp-1288131%2Cmp-1283725&_limit=200 (Caused by ResponseError('too many 429 error responses'))
cannot unpack non-iterable NoneType object
HTTPSConnectionPool(host='api.materialsproject.org', port=443): Max retries exceeded with url: /materials/core/?deprecated=False&_fields=calc_types&material_ids=mp-1113040&_limit=1000 (Caused by ResponseError('too many 429 error responses'))
cannot unpack non-iterable NoneType object
cannot unpack non-iterable NoneType object
cannot unpack non-iterable NoneType object
HTTPSConnectionPool(host='api.materialsproject.org', port=443): Max retries exceeded with url: /materials/core/?deprecated=False&_fields=calc_types&material_ids=mp-1113091&_limit=1000 (Caused by ResponseError('too many 429 error responses'))
HTTPSConnectionPool(host='api.materialsproject.org', port=443): Max retries exceeded with url: /materials/tasks/?_fields=last_updated%2Ctask_id&task_ids=mp-1111873&_limit=334 (Caused by ResponseError('too many 429 error responses'))
HTTPSConnectionPool(host='api.materialsproject.org', port=443): Max retries exceeded with url: /materials/tasks/?_fields=last_updated%2Ctask_id&task_ids=mp-1420753&_limit=500 (Caused by ResponseError('too many 429 error responses'))
cannot unpack non-iterable NoneType object
cannot unpack non-iterable NoneType object
cannot unpack non-iterable NoneType object
cannot unpack non-iterable NoneType object
cannot unpack non-iterable NoneType object
cannot unpack non-iterable NoneType object
HTTPSConnectionPool(host='api.materialsproject.org', port=443): Max retries exceeded with url: /materials/core/?deprecated=False&_fields=calc_types&material_ids=mp-551702&_limit=1000 (Caused by ResponseError('too many 429 error responses'))
cannot unpack non-iterable NoneType object
HTTPSConnectionPool(host='api.materialsproject.org', port=443): Max retries exceeded with url: /materials/core/?deprecated=False&_fields=calc_types&material_ids=mp-1111834&_limit=1000 (Caused by ResponseError('too many 429 error responses'))
cannot unpack non-iterable NoneType object
HTTPSConnectionPool(host='api.materialsproject.org', port=443): Max retries exceeded with url: /materials/core/?deprecated=False&_fields=calc_types&material_ids=mp-1113039&_limit=1000 (Caused by ResponseError('too many 429 error responses'))
cannot unpack non-iterable NoneType object
cannot unpack non-iterable NoneType object
cannot unpack non-iterable NoneType object
cannot unpack non-iterable NoneType object
cannot unpack non-iterable NoneType object
cannot unpack non-iterable NoneType object
cannot unpack non-iterable NoneType object
HTTPSConnectionPool(host='api.materialsproject.org', port=443): Max retries exceeded with url: /materials/tasks/?_fields=last_updated%2Ctask_id&task_ids=mp-1395258&_limit=333 (Caused by ResponseError('too many 429 error responses'))
HTTPSConnectionPool(host='api.materialsproject.org', port=443): Max retries exceeded with url: /materials/tasks/?_fields=last_updated%2Ctask_id&task_ids=mp-1420887&_limit=334 (Caused by ResponseError('too many 429 error responses'))
cannot unpack non-iterable NoneType object
cannot unpack non-iterable NoneType object
cannot unpack non-iterable NoneType object
cannot unpack non-iterable NoneType object
cannot unpack non-iterable NoneType object
cannot unpack non-iterable NoneType object
HTTPSConnectionPool(host='api.materialsproject.org', port=443): Max retries exceeded with url: /materials/core/?deprecated=False&_fields=calc_types&material_ids=mp-560956&_limit=1000 (Caused by ResponseError('too many 429 error responses'))
HTTPSConnectionPool(host='api.materialsproject.org', port=443): Max retries exceeded with url: /materials/tasks/?_fields=last_updated%2Ctask_id&task_ids=mp-1113138&_limit=334 (Caused by ResponseError('too many 429 error responses'))
cannot unpack non-iterable NoneType object
HTTPSConnectionPool(host='api.materialsproject.org', port=443): Max retries exceeded with url: /materials/core/?deprecated=False&_fields=calc_types&material_ids=mp-1111935&_limit=1000 (Caused by ResponseError('too many 429 error responses'))
cannot unpack non-iterable NoneType object
cannot unpack non-iterable NoneType object
HTTPSConnectionPool(host='api.materialsproject.org', port=443): Max retries exceeded with url: /materials/core/?deprecated=False&_fields=calc_types&material_ids=mp-1113101&_limit=1000 (Caused by ResponseError('too many 429 error responses'))
cannot unpack non-iterable NoneType object
HTTPSConnectionPool(host='api.materialsproject.org', port=443): Max retries exceeded with url: /materials/core/?deprecated=False&_fields=calc_types&material_ids=mp-1111927&_limit=1000 (Caused by ResponseError('too many 429 error responses'))
HTTPSConnectionPool(host='api.materialsproject.org', port=443): Max retries exceeded with url: /materials/tasks/?_fields=last_updated%2Ctask_id&task_ids=mp-659890&_limit=200 (Caused by ResponseError('too many 429 error responses'))
cannot unpack non-iterable NoneType object
cannot unpack non-iterable NoneType object
HTTPSConnectionPool(host='api.materialsproject.org', port=443): Max retries exceeded with url: /materials/tasks/?_fields=last_updated%2Ctask_id&task_ids=mp-1113104&_limit=334 (Caused by ResponseError('too many 429 error responses'))
cannot unpack non-iterable NoneType object
HTTPSConnectionPool(host='api.materialsproject.org', port=443): Max retries exceeded with url: /materials/core/?deprecated=False&_fields=calc_types&material_ids=mp-560037&_limit=1000 (Caused by ResponseError('too many 429 error responses'))
HTTPSConnectionPool(host='api.materialsproject.org', port=443): Max retries exceeded with url: /materials/tasks/?_fields=last_updated%2Ctask_id&task_ids=mp-1112239&_limit=334 (Caused by ResponseError('too many 429 error responses'))
cannot unpack non-iterable NoneType object
HTTPSConnectionPool(host='api.materialsproject.org', port=443): Max retries exceeded with url: /materials/core/?deprecated=False&_fields=calc_types&material_ids=mp-1113099&_limit=1000 (Caused by ResponseError('too many 429 error responses'))
cannot unpack non-iterable NoneType object
HTTPSConnectionPool(host='api.materialsproject.org', port=443): Max retries exceeded with url: /materials/core/?deprecated=False&_fields=calc_types&material_ids=mp-1111952&_limit=1000 (Caused by ResponseError('too many 429 error responses'))
cannot unpack non-iterable NoneType object
HTTPSConnectionPool(host='api.materialsproject.org', port=443): Max retries exceeded with url: /materials/core/?deprecated=False&_fields=calc_types&material_ids=mp-559454&_limit=1000 (Caused by ResponseError('too many 429 error responses'))
cannot unpack non-iterable NoneType object
cannot unpack non-iterable NoneType object
cannot unpack non-iterable NoneType object
cannot unpack non-iterable NoneType object
cannot unpack non-iterable NoneType object
cannot unpack non-iterable NoneType object
HTTPSConnectionPool(host='api.materialsproject.org', port=443): Max retries exceeded with url: /materials/core/?deprecated=False&_fields=calc_types&material_ids=mp-570379&_limit=1000 (Caused by ResponseError('too many 429 error responses'))
cannot unpack non-iterable NoneType object
HTTPSConnectionPool(host='api.materialsproject.org', port=443): Max retries exceeded with url: /materials/core/?deprecated=False&_fields=calc_types&material_ids=mp-1113137&_limit=1000 (Caused by ResponseError('too many 429 error responses'))
cannot unpack non-iterable NoneType object
cannot unpack non-iterable NoneType object
cannot unpack non-iterable NoneType object
cannot unpack non-iterable NoneType object
cannot unpack non-iterable NoneType object
cannot unpack non-iterable NoneType object
HTTPSConnectionPool(host='api.materialsproject.org', port=443): Max retries exceeded with url: /materials/core/?deprecated=False&_fields=calc_types&material_ids=mp-567628&_limit=1000 (Caused by ResponseError('too many 429 error responses'))
cannot unpack non-iterable NoneType object
cannot unpack non-iterable NoneType object
cannot unpack non-iterable NoneType object
cannot unpack non-iterable NoneType object
cannot unpack non-iterable NoneType object
cannot unpack non-iterable NoneType object
cannot unpack non-iterable NoneType object
cannot unpack non-iterable NoneType object
cannot unpack non-iterable NoneType object
cannot unpack non-iterable NoneType object
cannot unpack non-iterable NoneType object
cannot unpack non-iterable NoneType object
cannot unpack non-iterable NoneType object
cannot unpack non-iterable NoneType object
cannot unpack non-iterable NoneType object
cannot unpack non-iterable NoneType object
cannot unpack non-iterable NoneType object
cannot unpack non-iterable NoneType object
cannot unpack non-iterable NoneType object
cannot unpack non-iterable NoneType object
cannot unpack non-iterable NoneType object
cannot unpack non-iterable NoneType object
cannot unpack non-iterable NoneType object
cannot unpack non-iterable NoneType object
cannot unpack non-iterable NoneType object
cannot unpack non-iterable NoneType object
cannot unpack non-iterable NoneType object
cannot unpack non-iterable NoneType object
cannot unpack non-iterable NoneType object
cannot unpack non-iterable NoneType object
cannot unpack non-iterable NoneType object
cannot unpack non-iterable NoneType object
cannot unpack non-iterable NoneType object
cannot unpack non-iterable NoneType object
cannot unpack non-iterable NoneType object
cannot unpack non-iterable NoneType object
cannot unpack non-iterable NoneType object
cannot unpack non-iterable NoneType object
cannot unpack non-iterable NoneType object
cannot unpack non-iterable NoneType object
cannot unpack non-iterable NoneType object
cannot unpack non-iterable NoneType object
cannot unpack non-iterable NoneType object
cannot unpack non-iterable NoneType object
cannot unpack non-iterable NoneType object
cannot unpack non-iterable NoneType object
cannot unpack non-iterable NoneType object
cannot unpack non-iterable NoneType object
cannot unpack non-iterable NoneType object
cannot unpack non-iterable NoneType object
cannot unpack non-iterable NoneType object
cannot unpack non-iterable NoneType object
cannot unpack non-iterable NoneType object
cannot unpack non-iterable NoneType object
cannot unpack non-iterable NoneType object
cannot unpack non-iterable NoneType object
cannot unpack non-iterable NoneType object
cannot unpack non-iterable NoneType object
cannot unpack non-iterable NoneType object
cannot unpack non-iterable NoneType object
cannot unpack non-iterable NoneType object
cannot unpack non-iterable NoneType object
cannot unpack non-iterable NoneType object
cannot unpack non-iterable NoneType object
cannot unpack non-iterable NoneType object
cannot unpack non-iterable NoneType object
cannot unpack non-iterable NoneType object
cannot unpack non-iterable NoneType object
cannot unpack non-iterable NoneType object
cannot unpack non-iterable NoneType object
cannot unpack non-iterable NoneType object
cannot unpack non-iterable NoneType object
cannot unpack non-iterable NoneType object
cannot unpack non-iterable NoneType object
cannot unpack non-iterable NoneType object
cannot unpack non-iterable NoneType object
cannot unpack non-iterable NoneType object
cannot unpack non-iterable NoneType object
cannot unpack non-iterable NoneType object
cannot unpack non-iterable NoneType object
cannot unpack non-iterable NoneType object
cannot unpack non-iterable NoneType object
cannot unpack non-iterable NoneType object
cannot unpack non-iterable NoneType object
cannot unpack non-iterable NoneType object
cannot unpack non-iterable NoneType object
cannot unpack non-iterable NoneType object
cannot unpack non-iterable NoneType object
cannot unpack non-iterable NoneType object
cannot unpack non-iterable NoneType object
cannot unpack non-iterable NoneType object
cannot unpack non-iterable NoneType object
cannot unpack non-iterable NoneType object
cannot unpack non-iterable NoneType object
cannot unpack non-iterable NoneType object
cannot unpack non-iterable NoneType object
cannot unpack non-iterable NoneType object
cannot unpack non-iterable NoneType object
cannot unpack non-iterable NoneType object
cannot unpack non-iterable NoneType object
cannot unpack non-iterable NoneType object
cannot unpack non-iterable NoneType object
cannot unpack non-iterable NoneType object
cannot unpack non-iterable NoneType object
cannot unpack non-iterable NoneType object
cannot unpack non-iterable NoneType object
cannot unpack non-iterable NoneType object
cannot unpack non-iterable NoneType object
cannot unpack non-iterable NoneType object
cannot unpack non-iterable NoneType object
cannot unpack non-iterable NoneType object
cannot unpack non-iterable NoneType object
cannot unpack non-iterable NoneType object
cannot unpack non-iterable NoneType object
cannot unpack non-iterable NoneType object
cannot unpack non-iterable NoneType object
cannot unpack non-iterable NoneType object
cannot unpack non-iterable NoneType object
cannot unpack non-iterable NoneType object
cannot unpack non-iterable NoneType object
cannot unpack non-iterable NoneType object
cannot unpack non-iterable NoneType object
cannot unpack non-iterable NoneType object
cannot unpack non-iterable NoneType object
cannot unpack non-iterable NoneType object
cannot unpack non-iterable NoneType object
cannot unpack non-iterable NoneType object
cannot unpack non-iterable NoneType object
cannot unpack non-iterable NoneType object
cannot unpack non-iterable NoneType object
cannot unpack non-iterable NoneType object
cannot unpack non-iterable NoneType object
cannot unpack non-iterable NoneType object
cannot unpack non-iterable NoneType object
cannot unpack non-iterable NoneType object
cannot unpack non-iterable NoneType object
cannot unpack non-iterable NoneType object
cannot unpack non-iterable NoneType object
cannot unpack non-iterable NoneType object
cannot unpack non-iterable NoneType object
cannot unpack non-iterable NoneType object
cannot unpack non-iterable NoneType object
cannot unpack non-iterable NoneType object
cannot unpack non-iterable NoneType object
cannot unpack non-iterable NoneType object
cannot unpack non-iterable NoneType object
cannot unpack non-iterable NoneType object
cannot unpack non-iterable NoneType object
cannot unpack non-iterable NoneType object
cannot unpack non-iterable NoneType object
cannot unpack non-iterable NoneType object
cannot unpack non-iterable NoneType object
cannot unpack non-iterable NoneType object
cannot unpack non-iterable NoneType object
cannot unpack non-iterable NoneType object
cannot unpack non-iterable NoneType object
cannot unpack non-iterable NoneType object
cannot unpack non-iterable NoneType object
cannot unpack non-iterable NoneType object
cannot unpack non-iterable NoneType object
cannot unpack non-iterable NoneType object
cannot unpack non-iterable NoneType object
cannot unpack non-iterable NoneType object
cannot unpack non-iterable NoneType object
cannot unpack non-iterable NoneType object
cannot unpack non-iterable NoneType object
cannot unpack non-iterable NoneType object
cannot unpack non-iterable NoneType object
cannot unpack non-iterable NoneType object
cannot unpack non-iterable NoneType object
cannot unpack non-iterable NoneType object
cannot unpack non-iterable NoneType object
cannot unpack non-iterable NoneType object
cannot unpack non-iterable NoneType object
cannot unpack non-iterable NoneType object
cannot unpack non-iterable NoneType object
cannot unpack non-iterable NoneType object
cannot unpack non-iterable NoneType object
cannot unpack non-iterable NoneType object
cannot unpack non-iterable NoneType object
cannot unpack non-iterable NoneType object
cannot unpack non-iterable NoneType object
cannot unpack non-iterable NoneType object
cannot unpack non-iterable NoneType object
cannot unpack non-iterable NoneType object
cannot unpack non-iterable NoneType object
cannot unpack non-iterable NoneType object
cannot unpack non-iterable NoneType object
cannot unpack non-iterable NoneType object
cannot unpack non-iterable NoneType object
cannot unpack non-iterable NoneType object
cannot unpack non-iterable NoneType object
cannot unpack non-iterable NoneType object
cannot unpack non-iterable NoneType object
cannot unpack non-iterable NoneType object
cannot unpack non-iterable NoneType object
cannot unpack non-iterable NoneType object
cannot unpack non-iterable NoneType object
cannot unpack non-iterable NoneType object
cannot unpack non-iterable NoneType object
cannot unpack non-iterable NoneType object
cannot unpack non-iterable NoneType object
cannot unpack non-iterable NoneType object
cannot unpack non-iterable NoneType object
cannot unpack non-iterable NoneType object
cannot unpack non-iterable NoneType object
cannot unpack non-iterable NoneType object
cannot unpack non-iterable NoneType object
cannot unpack non-iterable NoneType object
cannot unpack non-iterable NoneType object
cannot unpack non-iterable NoneType object
cannot unpack non-iterable NoneType object
cannot unpack non-iterable NoneType object
cannot unpack non-iterable NoneType object
cannot unpack non-iterable NoneType object
cannot unpack non-iterable NoneType object
cannot unpack non-iterable NoneType object
cannot unpack non-iterable NoneType object
cannot unpack non-iterable NoneType object
cannot unpack non-iterable NoneType object
cannot unpack non-iterable NoneType object
cannot unpack non-iterable NoneType object
cannot unpack non-iterable NoneType object
cannot unpack non-iterable NoneType object
cannot unpack non-iterable NoneType object
cannot unpack non-iterable NoneType object
cannot unpack non-iterable NoneType object
cannot unpack non-iterable NoneType object
cannot unpack non-iterable NoneType object
cannot unpack non-iterable NoneType object
cannot unpack non-iterable NoneType object
cannot unpack non-iterable NoneType object
cannot unpack non-iterable NoneType object
cannot unpack non-iterable NoneType object
cannot unpack non-iterable NoneType object
cannot unpack non-iterable NoneType object
cannot unpack non-iterable NoneType object
cannot unpack non-iterable NoneType object
cannot unpack non-iterable NoneType object
cannot unpack non-iterable NoneType object
cannot unpack non-iterable NoneType object
cannot unpack non-iterable NoneType object
cannot unpack non-iterable NoneType object
cannot unpack non-iterable NoneType object
cannot unpack non-iterable NoneType object
cannot unpack non-iterable NoneType object
cannot unpack non-iterable NoneType object
cannot unpack non-iterable NoneType object
cannot unpack non-iterable NoneType object
cannot unpack non-iterable NoneType object
cannot unpack non-iterable NoneType object
cannot unpack non-iterable NoneType object
cannot unpack non-iterable NoneType object
cannot unpack non-iterable NoneType object
cannot unpack non-iterable NoneType object
cannot unpack non-iterable NoneType object
cannot unpack non-iterable NoneType object
cannot unpack non-iterable NoneType object
cannot unpack non-iterable NoneType object
cannot unpack non-iterable NoneType object
cannot unpack non-iterable NoneType object
cannot unpack non-iterable NoneType object
cannot unpack non-iterable NoneType object
cannot unpack non-iterable NoneType object
cannot unpack non-iterable NoneType object
cannot unpack non-iterable NoneType object
cannot unpack non-iterable NoneType object
cannot unpack non-iterable NoneType object
cannot unpack non-iterable NoneType object
cannot unpack non-iterable NoneType object
cannot unpack non-iterable NoneType object
cannot unpack non-iterable NoneType object
cannot unpack non-iterable NoneType object
cannot unpack non-iterable NoneType object
cannot unpack non-iterable NoneType object
cannot unpack non-iterable NoneType object
cannot unpack non-iterable NoneType object
cannot unpack non-iterable NoneType object
cannot unpack non-iterable NoneType object
cannot unpack non-iterable NoneType object
cannot unpack non-iterable NoneType object
cannot unpack non-iterable NoneType object
cannot unpack non-iterable NoneType object
cannot unpack non-iterable NoneType object
cannot unpack non-iterable NoneType object
cannot unpack non-iterable NoneType object
cannot unpack non-iterable NoneType object
cannot unpack non-iterable NoneType object
cannot unpack non-iterable NoneType object
cannot unpack non-iterable NoneType object
cannot unpack non-iterable NoneType object
cannot unpack non-iterable NoneType object
cannot unpack non-iterable NoneType object
cannot unpack non-iterable NoneType object
cannot unpack non-iterable NoneType object
cannot unpack non-iterable NoneType object
cannot unpack non-iterable NoneType object
cannot unpack non-iterable NoneType object
cannot unpack non-iterable NoneType object
cannot unpack non-iterable NoneType object
cannot unpack non-iterable NoneType object
cannot unpack non-iterable NoneType object
cannot unpack non-iterable NoneType object
cannot unpack non-iterable NoneType object
cannot unpack non-iterable NoneType object
cannot unpack non-iterable NoneType object
cannot unpack non-iterable NoneType object
cannot unpack non-iterable NoneType object
cannot unpack non-iterable NoneType object
cannot unpack non-iterable NoneType object
cannot unpack non-iterable NoneType object
cannot unpack non-iterable NoneType object
cannot unpack non-iterable NoneType object
cannot unpack non-iterable NoneType object
cannot unpack non-iterable NoneType object
cannot unpack non-iterable NoneType object
cannot unpack non-iterable NoneType object
cannot unpack non-iterable NoneType object
cannot unpack non-iterable NoneType object
cannot unpack non-iterable NoneType object
cannot unpack non-iterable NoneType object
cannot unpack non-iterable NoneType object
cannot unpack non-iterable NoneType object
cannot unpack non-iterable NoneType object
cannot unpack non-iterable NoneType object
cannot unpack non-iterable NoneType object
cannot unpack non-iterable NoneType object
cannot unpack non-iterable NoneType object
cannot unpack non-iterable NoneType object
cannot unpack non-iterable NoneType object
cannot unpack non-iterable NoneType object
cannot unpack non-iterable NoneType object
cannot unpack non-iterable NoneType object
cannot unpack non-iterable NoneType object
cannot unpack non-iterable NoneType object
cannot unpack non-iterable NoneType object
cannot unpack non-iterable NoneType object
cannot unpack non-iterable NoneType object
cannot unpack non-iterable NoneType object
cannot unpack non-iterable NoneType object
cannot unpack non-iterable NoneType object
cannot unpack non-iterable NoneType object
cannot unpack non-iterable NoneType object
cannot unpack non-iterable NoneType object
cannot unpack non-iterable NoneType object
cannot unpack non-iterable NoneType object
cannot unpack non-iterable NoneType object
cannot unpack non-iterable NoneType object
cannot unpack non-iterable NoneType object
cannot unpack non-iterable NoneType object
cannot unpack non-iterable NoneType object
cannot unpack non-iterable NoneType object
cannot unpack non-iterable NoneType object
cannot unpack non-iterable NoneType object
cannot unpack non-iterable NoneType object
cannot unpack non-iterable NoneType object
cannot unpack non-iterable NoneType object
cannot unpack non-iterable NoneType object
cannot unpack non-iterable NoneType object
cannot unpack non-iterable NoneType object
cannot unpack non-iterable NoneType object
cannot unpack non-iterable NoneType object

Done. Next steps:
  1. PYTHONPATH=. python scripts/convert_chgcar_dir_to_pkl_dir.py --input data/rocksalt_raw --output ./data/rocksalt_pkl --workers 4
  2. python src/test_from_config.py -cd configs/charge3net/ -cn test_chgcar_inputs.yaml input_dir=./data/rocksalt_pkl nnodes=1 nprocs=1 data.train_workers=0 data.val_workers=0
Initializing on rank 0 with environment {'master_port': '29500', 'master_addr': 'localhost', 'world_size': 1, 'group_rank': 0}
[2026-06-01 18:18:47,324][hydra.experimental.callbacks.LogJobReturnCallback][ERROR] - 
Traceback (most recent call last):
  File "/users/5/huan2984/.conda/envs/dmc/lib/python3.11/site-packages/hydra/core/utils.py", line 186, in run_job
    ret.return_value = task_function(task_cfg)
                       ^^^^^^^^^^^^^^^^^^^^^^^
  File "/users/5/huan2984/projects/charge_density/charge3net/src/test_from_config.py", line 53, in test_from_config
    mp.spawn(test, args=(cfg, env), nprocs=cfg.nprocs)
  File "/users/5/huan2984/.conda/envs/dmc/lib/python3.11/site-packages/torch/multiprocessing/spawn.py", line 364, in spawn
    return start_processes(fn, args, nprocs, join, daemon, start_method="spawn")
           ^^^^^^^^^^^^^^^^^^^^^^^^^^^^^^^^^^^^^^^^^^^^^^^^^^^^^^^^^^^^^^^^^^^^^
  File "/users/5/huan2984/.conda/envs/dmc/lib/python3.11/site-packages/torch/multiprocessing/spawn.py", line 320, in start_processes
    while not context.join():
              ^^^^^^^^^^^^^^
  File "/users/5/huan2984/.conda/envs/dmc/lib/python3.11/site-packages/torch/multiprocessing/spawn.py", line 220, in join
    raise ProcessRaisedException(msg, error_index, failed_process.pid)
torch.multiprocessing.spawn.ProcessRaisedException: 

-- Process 0 terminated with the following error:
Traceback (most recent call last):
  File "/users/5/huan2984/.conda/envs/dmc/lib/python3.11/site-packages/hydra/_internal/instantiate/_instantiate2.py", line 92, in _call_target
    return _target_(*args, **kwargs)
           ^^^^^^^^^^^^^^^^^^^^^^^^^
  File "/users/5/huan2984/projects/charge_density/charge3net/src/charge3net/data/dataset.py", line 88, in __init__
    dataset = DensityData(self.data_root)
              ^^^^^^^^^^^^^^^^^^^^^^^^^^^
  File "/users/5/huan2984/projects/charge_density/charge3net/src/charge3net/data/dataset.py", line 246, in __init__
    raise ValueError("Did not find dataset at path %s", datapath)
ValueError: ('Did not find dataset at path %s', './data/rocksalt_pkl/filelist.txt')

The above exception was the direct cause of the following exception:

Traceback (most recent call last):
  File "/users/5/huan2984/.conda/envs/dmc/lib/python3.11/site-packages/torch/multiprocessing/spawn.py", line 95, in _wrap
    fn(i, *args)
  File "/users/5/huan2984/projects/charge_density/charge3net/src/test.py", line 34, in test
    datamodule = instantiate(cfg.data)
                 ^^^^^^^^^^^^^^^^^^^^^
  File "/users/5/huan2984/.conda/envs/dmc/lib/python3.11/site-packages/hydra/_internal/instantiate/_instantiate2.py", line 226, in instantiate
    return instantiate_node(
           ^^^^^^^^^^^^^^^^^
  File "/users/5/huan2984/.conda/envs/dmc/lib/python3.11/site-packages/hydra/_internal/instantiate/_instantiate2.py", line 347, in instantiate_node
    return _call_target(_target_, partial, args, kwargs, full_key)
           ^^^^^^^^^^^^^^^^^^^^^^^^^^^^^^^^^^^^^^^^^^^^^^^^^^^^^^^
  File "/users/5/huan2984/.conda/envs/dmc/lib/python3.11/site-packages/hydra/_internal/instantiate/_instantiate2.py", line 97, in _call_target
    raise InstantiationException(msg) from e
hydra.errors.InstantiationException: Error in call to target 'src.charge3net.data.dataset.DensityDatamodule':
ValueError('Did not find dataset at path %s', './data/rocksalt_pkl/filelist.txt')
full_key: data

